consumer_id,age,gender,occupation,province_city,months_observed,engagement_score,financial_health_score,category_diversity_avg,category_diversity_max,transaction_count_monthly_avg,transaction_count_total,active_days_avg,online_spend_ratio_avg,spend_to_income_ratio_avg,credit_utilization_avg,spending_volatility_avg,engagement_segment_mode,financial_health_segment_mode,recency_days,uses_POS,uses_E_commerce,uses_Mobile_App,uses_QR_Payment,uses_Recurring_Payment,num_channels_used,eng_quartile
KH00100010,27,Nam,Kỹ sư sản xuất,Đồng Nai,12,78.29166666666667,70.61666666666666,14.0,14,243.5,2922,30.333333333333332,0.1672506132064452,0.59155,0.15510833333333332,0.9194638004687573,Tương tác cao,Ổn định,-1,1,1,1,1,1,5,Q3
KH00100045,62,Nữ,Chuyên viên sinh lý vận động,Nghệ An,12,77.425,68.48333333333333,13.833333333333334,14,122.33333333333333,1468,29.416666666666668,0.19160152983570874,0.6245833333333334,0.14314166666666667,1.4446941506545683,Tương tác cao,Ổn định,-1,1,1,1,1,1,5,Q2
KH00100050,81,Nữ,Nhà thiết kế dệt may,Cần Thơ,12,78.7,60.958333333333336,13.75,14,122.33333333333333,1468,29.666666666666668,0.21624688018743152,0.7925166666666668,0.299525,1.3591256607229483,Tương tác cao,Cần theo dõi,-1,1,1,1,1,1,5,Q3
KH00100085,32,Nữ,Nhà địa vật lý,Thành phố Hồ Chí Minh,12,80.44166666666666,67.51666666666667,14.0,14,182.33333333333334,2188,30.083333333333332,0.2199867093647635,0.658675,0.16621666666666665,1.2903391170158962,Tương tác cao,Ổn định,-1,1,1,1,1,1,5,Q4 (High)
KH00100090,18,Nam,Kỹ sư hóa học,Tuyên Quang,2,49.25,67.85,3.5,4,6.0,12,1.0,0.8608831819260898,0.51925,0.161,0.8092470540779033,Tương tác trung bình,Ổn định,90,1,1,1,0,1,4,Q1 (Low)
KH00100125,48,Nữ,Chuyên viên trắc địa,An Giang,12,82.10000000000001,64.30833333333334,14.0,14,304.5833333333333,3655,30.416666666666668,0.2422232593936751,0.7729416666666666,0.16637500000000002,1.448805073614521,Tương tác rất cao,Ổn định,-1,1,1,1,1,1,5,Q4 (High)
KH00100130,46,Nữ,Chuyên viên phân tích rủi ro,Thành phố Hồ Chí Minh,12,80.875,68.625,14.0,14,304.5833333333333,3655,30.416666666666668,0.2174438980735065,0.5279916666666667,0.20562500000000003,1.8255700010466605,Tương tác rất cao,Ổn định,-1,1,1,1,1,1,5,Q4 (High)
KH00100165,63,Nữ,Nhân viên cứu trợ quốc tế,Đồng Nai,2,32.75,56.85,3.0,4,5.0,10,1.0,0.3607761115858533,0.7908999999999999,0.1845,0.8836212026763299,Tương tác thấp,Có dấu hiệu căng thẳng tài chính,29,1,1,1,0,1,4,Q1 (Low)
KH00100170,63,Nữ,Nhà khoa học thính học,Sơn La,12,73.77499999999999,68.33333333333333,12.916666666666666,14,61.583333333333336,739,24.916666666666668,0.21444600850963091,0.7397416666666666,0.20545,1.2916675353221658,Tương tác cao,Ổn định,-1,1,1,1,1,1,5,Q1 (Low)
KH00100205,22,Nữ,Nhà thủy văn học,Hà Tĩnh,1,49.6,55.7,4.0,4,9.0,9,2.0,0.7817206070225697,0.8359,0.1846,0.408628733327846,Tương tác trung bình,Cần theo dõi,9,1,1,1,0,1,4,Q1 (Low)
KH00100210,31,Nam,Kỹ sư trắc địa,Thanh Hóa,12,81.51666666666667,70.74166666666666,14.0,14,243.41666666666666,2921,30.25,0.2332832631727291,0.5285916666666667,0.12480833333333334,1.7528720022723074,Tương tác rất cao,Ổn định,-1,1,1,1,1,1,5,Q4 (High)
KH00100245,52,Nữ,Kỹ sư y sinh,Đồng Tháp,12,78.25,70.01666666666667,13.833333333333334,14,122.66666666666667,1472,29.25,0.21081466207345423,0.6547916666666667,0.131525,1.2393031365689742,Tương tác cao,Ổn định,-1,1,1,1,1,1,5,Q3
KH00100250,78,Nữ,Giáo viên trung học,Thành phố Hồ Chí Minh,12,76.65833333333333,66.86666666666666,14.0,14,122.0,1464,29.416666666666668,0.1700365288009167,0.6429833333333334,0.19492500000000001,1.456949368349237,Tương tác cao,Ổn định,-1,1,1,1,1,1,5,Q2
KH00100285,57,Nam,Chuyên viên giám sát xây dựng,Tây Ninh,12,75.46666666666667,67.86666666666666,13.833333333333334,14,122.16666666666667,1466,29.583333333333332,0.15216062615701356,0.7062666666666667,0.16108333333333333,1.473338841321399,Tương tác cao,Ổn định,-1,1,1,1,1,1,5,Q2
KH00100290,29,Nữ,Giáo viên tiếng anh,Hà Tĩnh,12,76.075,64.44166666666666,13.583333333333334,14,61.416666666666664,737,25.75,0.23405495994060133,0.7464583333333333,0.19038333333333332,1.6862331335235972,Tương tác cao,Ổn định,-1,1,1,1,1,1,5,Q2
KH00100325,46,Nữ,Quản lý trung tâm giải trí,Phú Thọ,12,81.31666666666666,72.34166666666667,14.0,14,365.1666666666667,4382,30.416666666666668,0.22619924477895,0.5088166666666667,0.13440833333333332,1.2728765839343887,Tương tác rất cao,Ổn định,-1,1,1,1,1,1,5,Q4 (High)
KH00100330,34,Nam,Nhà sản xuất truyền hình,Khánh Hòa,12,78.65833333333333,69.01666666666667,14.0,14,244.25,2931,30.333333333333332,0.17516355133837944,0.6924166666666666,0.16903333333333334,0.8762964232454147,Tương tác cao,Ổn định,-1,1,1,1,1,1,5,Q3
KH00100365,52,Nam,Thanh tra công trình di tích,Hà Nội,1,48.6,57.8,5.0,5,12.0,12,2.0,0.8767764298093588,0.7773,0.2207,0.4975071491011784,Tương tác trung bình,Cần theo dõi,119,1,1,1,1,1,5,Q1 (Low)
KH00100370,44,Nam,Cán bộ ứng phó khẩn cấp,Tây Ninh,12,76.79166666666667,61.75833333333333,13.833333333333334,14,122.25,1467,29.416666666666668,0.17857338579436952,0.8486583333333333,0.25548333333333334,1.6537335275600418,Tương tác cao,Cần theo dõi,-1,1,1,1,1,1,5,Q2
KH00100405,20,Nam,Kế toán công chứng,Thành phố Hồ Chí Minh,12,76.08333333333333,70.26666666666667,13.25,14,61.333333333333336,736,24.25,0.2527562231877975,0.6476166666666666,0.16578333333333334,0.9691257404045661,Tương tác cao,Ổn định,-1,1,1,1,1,1,5,Q2
KH00100410,53,Nữ,Kế toán công tài chính công,Thành phố Hồ Chí Minh,12,78.71666666666667,66.45,13.833333333333334,14,182.91666666666666,2195,30.25,0.1900479397043555,0.6462333333333333,0.17455,1.8696316169393075,Tương tác cao,Ổn định,-1,1,1,1,1,1,5,Q3
KH00100445,56,Nữ,Nghiên cứu viên lâm sàng,Ninh Bình,12,79.575,64.31666666666666,14.0,14,182.66666666666666,2192,30.166666666666668,0.20338009310331198,0.8140666666666667,0.17730833333333332,1.4025695097226485,Tương tác cao,Ổn định,-1,1,1,1,1,1,5,Q3
KH00100450,28,Nữ,Giáo viên trung học,An Giang,12,82.85833333333333,63.824999999999996,13.916666666666666,14,182.58333333333334,2191,29.916666666666668,0.2737319916928352,0.7698916666666666,0.21844166666666665,1.4073569538168804,Tương tác rất cao,Ổn định,-1,1,1,1,1,1,5,Q4 (High)
KH00100485,78,Nữ,Lập trình viên ứng dụng,Vĩnh Long,12,79.68333333333334,68.325,13.916666666666666,14,242.41666666666666,2909,30.333333333333332,0.19877430819007177,0.6377916666666666,0.1950333333333333,1.41839830766612,Tương tác cao,Ổn định,-1,1,1,1,1,1,5,Q3
KH00100490,44,Nữ,Chuyên viên trị liệu bằng làm vườn,Đồng Nai,12,77.75833333333334,62.76666666666667,13.333333333333334,14,61.5,738,25.75,0.2753224108056866,0.8517666666666667,0.22224999999999998,1.4054353087630613,Tương tác cao,Ổn định,-1,1,1,1,1,1,5,Q2
KH00100525,51,Nam,Chuyên viên tư vấn quan hệ công chúng,Bắc Ninh,12,75.75,67.575,13.916666666666666,14,122.08333333333333,1465,29.083333333333332,0.158649352283297,0.6687916666666668,0.20945,1.4037662659560841,Tương tác cao,Ổn định,-1,1,1,1,1,1,5,Q2
KH00100530,67,Nam,Kỹ sư điều khiển và tự động hóa,Quảng Trị,12,78.03333333333333,70.41666666666667,14.0,14,182.33333333333334,2188,30.083333333333332,0.17270708077057265,0.5812083333333333,0.1421,1.477880466618088,Tương tác cao,Ổn định,-1,1,1,1,1,1,5,Q2
KH00100565,65,Nữ,Cán bộ quản lý thị trường,Hà Nội,12,77.15833333333333,69.77499999999999,13.583333333333334,14,121.83333333333333,1462,29.25,0.1932331580127745,0.5803416666666666,0.16695833333333332,1.4212484063561346,Tương tác cao,Ổn định,-1,1,1,1,1,1,5,Q2
KH00100570,50,Nam,Nhà khảo cổ học,Thái Nguyên,12,79.075,57.725,13.75,14,182.66666666666666,2192,30.0,0.20262457824096378,1.044875,0.28949166666666665,1.4304800128479116,Tương tác cao,Ổn định,-1,1,1,1,1,1,5,Q3
KH00100605,35,Nữ,Chuyên viên khảo sát công trình,Thành phố Hồ Chí Minh,12,73.74166666666666,67.85833333333333,13.166666666666666,14,61.25,735,24.5,0.2109152848132768,0.559875,0.18219166666666667,1.511623580041922,Tương tác cao,Ổn định,-1,1,1,1,1,1,5,Q1 (Low)
KH00100610,48,Nữ,Nhà thiết kế triển lãm,Thành phố Hồ Chí Minh,12,83.54166666666667,64.27499999999999,14.0,14,364.8333333333333,4378,30.416666666666668,0.27112955006535894,0.6572,0.2572583333333333,1.509818312971621,Tương tác rất cao,Ổn định,-1,1,1,1,1,1,5,Q4 (High)
KH00100645,59,Nữ,Nhà tâm lý học pháp y,An Giang,12,72.98333333333333,68.625,13.416666666666666,14,61.75,741,25.25,0.18142682443739044,0.6271166666666667,0.17123333333333335,1.442515342829237,Tương tác cao,Ổn định,-1,1,1,1,1,1,5,Q1 (Low)
KH00100650,84,Nữ,Kỹ sư hàng không,Hưng Yên,1,47.4,72.7,2.0,2,7.0,7,2.0,0.5426124303942867,0.5594,0.1426,0.6299032616895269,Tương tác trung bình,Ổn định,248,1,1,1,0,0,3,Q1 (Low)
KH00100685,61,Nam,Nhà khoa học nghiên cứu toán học,Thanh Hóa,1,46.1,74.4,6.0,6,12.0,12,2.0,0.3885701909093721,0.4708,0.0976,0.6777644291074743,Tương tác trung bình,Ổn định,188,1,1,1,0,0,3,Q1 (Low)
KH00100690,64,Nữ,Kỹ sư bảo trì,Huế,12,80.05833333333334,70.54166666666667,13.75,14,183.16666666666666,2198,30.333333333333332,0.21983022159140667,0.4918,0.17581666666666665,1.696715987503623,Tương tác rất cao,Ổn định,-1,1,1,1,1,1,5,Q4 (High)
KH00100725,41,Nữ,Nhà môi giới bảo hiểm,Bắc Ninh,12,78.44166666666666,65.30833333333334,13.166666666666666,14,60.833333333333336,730,25.416666666666668,0.2977605442658429,0.6927083333333334,0.22295833333333334,1.3118412126777992,Tương tác cao,Ổn định,-1,1,1,1,1,1,5,Q3
KH00100730,36,Nữ,Nhà khoa học nghiên cứu khoa học tự nhiên,Sơn La,12,78.40833333333333,69.15833333333333,14.0,14,365.0,4380,30.416666666666668,0.16828570162304754,0.6521916666666666,0.1421,2.0663560330574184,Tương tác cao,Ổn định,-1,1,1,1,1,1,5,Q3
KH00100765,61,Nữ,Chuyên viên giám sát xây dựng,Huế,12,76.19166666666666,59.26666666666667,13.916666666666666,14,122.16666666666667,1466,29.0,0.16729843730213556,0.8038833333333333,0.3148166666666667,1.6676016064944028,Tương tác cao,Ổn định,-1,1,1,1,1,1,5,Q2
KH00100770,59,Nam,Nhà văn khoa học,Phú Thọ,12,72.575,65.375,13.583333333333334,14,61.416666666666664,737,25.916666666666668,0.16067143335966796,0.7947416666666666,0.190975,1.216803344213768,Tương tác cao,Ổn định,-1,1,1,1,1,1,5,Q1 (Low)
KH00100805,57,Nam,Giáo viên dạy nhạc,Thành phố Hồ Chí Minh,12,76.58333333333333,67.96666666666667,13.5,14,122.08333333333333,1465,29.583333333333332,0.18303599533733958,0.69805,0.16480833333333333,1.3079002042947965,Tương tác cao,Ổn định,-1,1,1,1,1,1,5,Q2
KH00100810,63,Nam,Nhà tâm lý học pháp y,Nghệ An,12,75.98333333333333,68.38333333333334,13.416666666666666,14,121.91666666666667,1463,29.166666666666668,0.17593912145650595,0.6053000000000001,0.22870000000000001,1.2998553944411222,Tương tác cao,Ổn định,-1,1,1,1,1,1,5,Q2
KH00100845,58,Nam,Kỹ sư cơ khí,Tây Ninh,12,77.66666666666667,70.26666666666667,13.833333333333334,14,182.25,2187,30.0,0.17173759244724754,0.5482333333333334,0.16935,1.4834880392315772,Tương tác cao,Ổn định,-1,1,1,1,1,1,5,Q2
KH00100850,89,Nam,Bác sĩ tâm thần,Thành phố Hồ Chí Minh,12,76.99166666666666,75.24166666666666,13.666666666666666,14,183.0,2196,30.0,0.1628132382804585,0.40515833333333334,0.12045833333333333,1.4544723242884923,Tương tác cao,Ổn định,-1,1,1,1,1,1,5,Q2
KH00100885,49,Nam,Chuyên viên dựng phim,Hưng Yên,12,83.60833333333333,68.2,14.0,14,182.41666666666666,2189,30.416666666666668,0.28241754193770213,0.6087083333333333,0.14018333333333333,2.051028838414277,Tương tác rất cao,Ổn định,-1,1,1,1,1,1,5,Q4 (High)
KH00100890,65,Nữ,Kỹ sư xây dựng dân dụng,Tây Ninh,12,72.85833333333333,68.44166666666666,13.083333333333334,14,61.5,738,25.166666666666668,0.1879368007148338,0.7204666666666667,0.14889166666666667,1.5806481874842546,Tương tác cao,Ổn định,-1,1,1,1,1,1,5,Q1 (Low)
KH00100925,36,Nữ,Họa sĩ,Đồng Nai,12,82.01666666666667,63.00833333333333,14.0,14,364.25,4371,30.416666666666668,0.2402831491756111,0.8156333333333333,0.22771666666666668,1.3659829725543078,Tương tác rất cao,Ổn định,-1,1,1,1,1,1,5,Q4 (High)
KH00100930,42,Nữ,Chuyên viên tư vấn môi trường,Thanh Hóa,12,81.35833333333333,63.75833333333333,14.0,14,183.08333333333334,2197,30.416666666666668,0.23660044688986723,0.808925,0.22247499999999998,1.5732729933011722,Tương tác rất cao,Ổn định,-1,1,1,1,1,1,5,Q4 (High)
KH00100965,23,Nữ,Chuyên viên phân tích địa chấn,Hải Phòng,12,79.14166666666667,67.26666666666667,14.0,14,182.5,2190,30.083333333333332,0.19518234850521624,0.5778,0.19205833333333333,1.796197055288058,Tương tác cao,Ổn định,-1,1,1,1,1,1,5,Q3
KH00100970,38,Nam,Chuyên viên trị liệu bằng làm vườn,Thành phố Hồ Chí Minh,12,77.44166666666668,67.71666666666667,13.916666666666666,14,122.66666666666667,1472,29.0,0.19045287051209855,0.7447416666666666,0.17125833333333332,0.9189870996328094,Tương tác cao,Ổn định,-1,1,1,1,1,1,5,Q2
KH00101005,42,Nam,Cán bộ quan hệ sắc tộc,Lào Cai,12,77.31666666666666,64.34166666666667,13.666666666666666,14,122.41666666666667,1469,29.416666666666668,0.19493003396417993,0.8931999999999999,0.20315833333333333,0.8879898896887378,Tương tác cao,Ổn định,-1,1,1,1,1,1,5,Q2
KH00101010,38,Nam,Chuyên viên hoạch định quảng cáo,Bắc Ninh,12,80.90833333333333,63.75,14.0,14,304.0,3648,30.416666666666668,0.21836771451058182,0.6910416666666667,0.19904166666666667,2.9156175319135405,Tương tác rất cao,Ổn định,-1,1,1,1,1,1,5,Q4 (High)
KH00101045,36,Nữ,Chuyên viên trị liệu âm nhạc,Hà Nội,12,81.97500000000001,65.7,14.0,14,303.5833333333333,3643,30.416666666666668,0.23981245787774494,0.68965,0.17364166666666667,1.512095056707314,Tương tác rất cao,Ổn định,-1,1,1,1,1,1,5,Q4 (High)
KH00101050,57,Nữ,Nhà khoa học sinh lý,Đồng Nai,12,78.125,71.45833333333333,14.0,14,182.83333333333334,2194,30.416666666666668,0.173196663586875,0.5254916666666667,0.1422,1.634197203568365,Tương tác cao,Ổn định,-1,1,1,1,1,1,5,Q2
KH00101085,52,Nữ,Giáo viên tiểu học,Thành phố Hồ Chí Minh,12,77.76666666666667,67.09166666666667,14.0,14,182.83333333333334,2194,30.083333333333332,0.17098515778138637,0.7088833333333334,0.17231666666666667,1.554371966783471,Tương tác cao,Ổn định,-1,1,1,1,1,1,5,Q2
KH00101090,50,Nữ,Chuyên viên dinh dưỡng vật nuôi,Thành phố Hồ Chí Minh,12,79.13333333333334,64.75,13.916666666666666,14,183.25,2199,30.0,0.19912738258776871,0.7406583333333333,0.22927499999999998,1.4164778290388276,Tương tác cao,Ổn định,-1,1,1,1,1,1,5,Q3
KH00101125,34,Nam,Chuyên viên thẩm định bồi thường,Đồng Nai,12,78.14166666666667,68.47500000000001,14.0,14,121.91666666666667,1463,29.333333333333332,0.20019535330747318,0.6428916666666666,0.19233333333333333,0.9234030197687292,Tương tác cao,Ổn định,-1,1,1,1,1,1,5,Q2
KH00101130,61,Nam,Bác sĩ đa khoa,Quảng Trị,12,79.50833333333334,72.77499999999999,13.916666666666666,14,182.41666666666666,2189,30.0,0.2055214885522236,0.4094,0.14655833333333332,1.6267150602804799,Tương tác cao,Ổn định,-1,1,1,1,1,1,5,Q3
KH00101165,51,Nam,Bác sĩ chuyên khoa bàn chân,Lâm Đồng,12,80.38333333333334,75.68333333333334,13.833333333333334,14,183.33333333333334,2200,30.333333333333332,0.22331796309331667,0.39176666666666665,0.09400000000000001,1.4891206506156822,Tương tác cao,Ổn định,-1,1,1,1,1,1,5,Q4 (High)
KH00101170,66,Nữ,Nhà vật lý y khoa,Lào Cai,12,80.01666666666667,66.10000000000001,13.916666666666666,14,182.66666666666666,2192,30.083333333333332,0.2142426655686592,0.7302583333333333,0.18400833333333333,1.3864983759300815,Tương tác cao,Ổn định,-1,1,1,1,1,1,5,Q4 (High)
KH00101205,27,Nam,Giảng viên đại học,Lai Châu,12,81.325,71.49166666666666,14.0,14,243.5,2922,30.333333333333332,0.2290723932063454,0.4628916666666667,0.09754166666666668,2.458198700734039,Tương tác cao,Ổn định,-1,1,1,1,1,1,5,Q4 (High)
KH00101210,44,Nam,Nhân viên giao dịch,Thành phố Hồ Chí Minh,12,79.53333333333333,64.35000000000001,14.0,14,182.91666666666666,2195,30.333333333333332,0.20130713106223966,0.7579166666666667,0.266225,0.9172403361076316,Tương tác cao,Ổn định,-1,1,1,1,1,1,5,Q3
KH00101245,69,Nữ,Chuyên viên trị liệu nghề nghiệp,Huế,12,79.5,67.675,13.916666666666666,14,243.5,2922,30.333333333333332,0.19504143928668852,0.7227750000000001,0.16015833333333332,1.5614184412814793,Tương tác cao,Ổn định,-1,1,1,1,1,1,5,Q3
KH00101250,48,Nữ,Giám đốc tiếp thị,Khánh Hòa,12,75.5,77.21666666666667,13.75,14,121.83333333333333,1462,29.333333333333332,0.15449436197420616,0.3526583333333333,0.08084166666666666,1.5358148065385606,Tương tác cao,Ổn định,-1,1,1,1,1,1,5,Q2
KH00101285,69,Nam,Giám đốc vận hành,Thành phố Hồ Chí Minh,12,71.8,80.825,13.0,14,61.166666666666664,734,25.916666666666668,0.16336433354037186,0.30088333333333334,0.06183333333333333,1.1910489058183755,Tương tác cao,Khỏe mạnh,-1,1,1,1,1,1,5,Q1 (Low)
KH00101290,47,Nam,Nhà giao dịch hợp đồng tương lai,Thành phố Hồ Chí Minh,12,74.95833333333333,72.80833333333334,13.666666666666666,14,61.416666666666664,737,24.75,0.21480969259033833,0.5004333333333334,0.13729166666666667,1.0042317486083085,Tương tác cao,Ổn định,-1,1,1,1,1,1,5,Q2
KH00101325,16,Nam,Kế toán viên tài chính công,Khánh Hòa,12,78.71666666666667,65.28333333333333,14.0,14,182.5,2190,29.75,0.18813873748857748,0.653025,0.18810833333333332,2.005131279604512,Tương tác cao,Ổn định,-1,1,1,1,1,1,5,Q3
KH00101330,26,Nam,Kỹ sư điện,Khánh Hòa,12,78.95833333333333,74.45833333333333,13.916666666666666,14,243.0,2916,30.333333333333332,0.18606513755564594,0.5040083333333333,0.10163333333333334,0.89737084648526,Tương tác cao,Ổn định,-1,1,1,1,1,1,5,Q3
KH00101365,51,Nam,Chuyên viên làm vườn thương mại,Hưng Yên,12,80.11666666666666,63.40833333333333,13.666666666666666,14,183.0,2196,30.0,0.22521811365123426,0.7529666666666667,0.27394999999999997,1.4055541141219765,Tương tác cao,Ổn định,-1,1,1,1,1,1,5,Q4 (High)
KH00101370,29,Nam,Cán bộ bình đẳng và đa dạng,Hà Nội,12,75.36666666666666,62.78333333333333,13.5,14,61.166666666666664,734,24.583333333333332,0.23147294241040153,0.903075,0.27074166666666666,0.8943812219500641,Tương tác cao,Ổn định,-1,1,1,1,1,1,5,Q2
KH00101405,76,Nam,Chuyên viên tư vấn hưu trí,Nghệ An,12,79.52499999999999,68.18333333333334,13.916666666666666,14,182.66666666666666,2192,30.0,0.20675339664793999,0.6783250000000001,0.14760833333333334,1.412935255960439,Tương tác cao,Ổn định,-1,1,1,1,1,1,5,Q3
KH00101410,48,Nữ,Chuyên viên thu mua công nghiệp,Bắc Ninh,12,78.875,67.44166666666666,13.833333333333334,14,183.0,2196,30.0,0.1953298045681621,0.7326583333333333,0.14725,1.6343634756688685,Tương tác cao,Ổn định,-1,1,1,1,1,1,5,Q3
KH00101445,33,Nữ,Chuyên viên ngân hàng đầu tư vận hành,Nghệ An,12,70.35000000000001,74.41666666666667,13.583333333333334,14,61.083333333333336,733,25.416666666666668,0.12211014984823133,0.492025,0.15819166666666667,1.2546565141848345,Tương tác cao,Ổn định,-1,1,1,1,1,1,5,Q1 (Low)
KH00101450,57,Nữ,Kỹ sư đóng tàu,Cần Thơ,12,71.23333333333333,70.85833333333333,12.916666666666666,14,61.083333333333336,733,24.583333333333332,0.16861828515504174,0.5864833333333334,0.13501666666666667,1.2786172458607912,Tương tác cao,Ổn định,-1,1,1,1,1,1,5,Q1 (Low)
KH00101485,41,Nữ,Nhà di truyền học phân tử,Phú Thọ,12,74.89999999999999,61.958333333333336,13.666666666666666,14,62.083333333333336,745,25.416666666666668,0.20854411574398737,0.8690666666666668,0.29789166666666667,1.2177068817675074,Tương tác cao,Ổn định,-1,1,1,1,1,1,5,Q2
KH00101490,36,Nam,Chuyên viên vệ sinh lao động,Hà Nội,12,79.31666666666666,71.27499999999999,13.916666666666666,14,183.08333333333334,2197,30.166666666666668,0.19999981719124635,0.5643333333333334,0.17889166666666667,0.8832191060605793,Tương tác cao,Ổn định,-1,1,1,1,1,1,5,Q3
KH00101525,62,Nam,Chuyên viên trị liệu nghề nghiệp,Hải Phòng,12,73.04166666666667,67.75833333333334,13.0,14,62.0,744,25.75,0.19086497664534782,0.73355,0.16845833333333335,1.3822176297496205,Tương tác cao,Ổn định,-1,1,1,1,1,1,5,Q1 (Low)
KH00101530,63,Nữ,Chuyên viên trị liệu thảo dược,Hải Phòng,12,73.80833333333334,65.35000000000001,13.5,14,61.75,741,25.583333333333332,0.1896815982832409,0.7595333333333333,0.22615,1.471501965469156,Tương tác cao,Ổn định,-1,1,1,1,1,1,5,Q1 (Low)
KH00101565,60,Nữ,Nhà vật lý y khoa,Thành phố Hồ Chí Minh,12,77.55833333333334,66.675,13.833333333333334,14,183.0,2196,29.916666666666668,0.1691249768353371,0.733425,0.15698333333333334,1.6978294233987141,Tương tác cao,Ổn định,-1,1,1,1,1,1,5,Q2
KH00101570,57,Nữ,Chuyên viên giám sát xây dựng,Khánh Hòa,12,73.5,62.9,13.416666666666666,14,61.5,738,25.416666666666668,0.19050832328316125,0.7943583333333333,0.25535,1.543744815475649,Tương tác cao,Ổn định,-1,1,1,1,1,1,5,Q1 (Low)
KH00101605,40,Nữ,Nhà tâm lý học giáo dục,Đồng Nai,12,79.85000000000001,62.43333333333334,14.0,14,243.66666666666666,2924,30.416666666666668,0.19961663486510203,0.7171666666666666,0.251875,2.3590113273582456,Tương tác cao,Ổn định,-1,1,1,1,1,1,5,Q3
KH00101610,61,Nam,Quản trị viên cơ sở dữ liệu,Thành phố Hồ Chí Minh,1,55.3,60.3,5.0,5,10.0,10,2.0,0.6771615939243573,0.6821,0.2553,0.61028674937331,Tương tác trung bình,Ổn định,8,1,1,1,0,0,3,Q1 (Low)
KH00101645,24,Nam,Chuyên viên tư vấn hưu trí,Thanh Hóa,12,83.55833333333334,60.85,14.0,14,364.75,4377,30.416666666666668,0.2712349604975289,0.8357,0.292025,1.0240148952545656,Tương tác rất cao,Ổn định,-1,1,1,1,1,1,5,Q4 (High)
KH00101650,60,Nữ,Kỹ sư cơ khí,Tây Ninh,12,75.90833333333333,67.38333333333334,13.75,14,122.5,1470,28.75,0.16654332584595127,0.6447833333333334,0.22243333333333334,1.7670907012994184,Tương tác cao,Ổn định,-1,1,1,1,1,1,5,Q2
KH00101685,58,Nam,Nhà khoa học phát triển sản phẩm,Lạng Sơn,12,78.25,70.19166666666666,13.666666666666666,14,242.91666666666666,2915,30.333333333333332,0.1776308671745923,0.5770166666666666,0.2086916666666667,1.2686373128937956,Tương tác cao,Ổn định,-1,1,1,1,1,1,5,Q3
KH00101690,29,Nam,Cán bộ phát triển nghệ thuật,Hà Nội,12,79.425,65.45833333333333,14.0,14,243.58333333333334,2923,30.416666666666668,0.19059422349371613,0.7346666666666666,0.27274166666666666,0.8980234097232964,Tương tác cao,Ổn định,-1,1,1,1,1,1,5,Q3
KH00101725,33,Nữ,Nhà tâm lý học giáo dục,Cao Bằng,12,80.86666666666666,71.02499999999999,14.0,14,182.58333333333334,2191,30.166666666666668,0.22846402768447496,0.578175,0.12203333333333333,1.264594742354977,Tương tác rất cao,Ổn định,-1,1,1,1,1,1,5,Q4 (High)
KH00101730,44,Nữ,Chuyên viên thẩm định bảo hiểm,Thành phố Hồ Chí Minh,12,78.76666666666667,68.69166666666666,14.0,14,304.3333333333333,3652,30.333333333333332,0.17630072753928674,0.5754333333333334,0.14460833333333334,2.017952159921778,Tương tác cao,Ổn định,-1,1,1,1,1,1,5,Q3
KH00101765,72,Nam,Chuyên viên gây quỹ từ thiện,Quảng Trị,12,76.02499999999999,62.925000000000004,13.583333333333334,14,122.16666666666667,1466,29.5,0.16868746848517,0.8093583333333334,0.17747499999999997,1.9025830884303974,Tương tác cao,Ổn định,-1,1,1,1,1,1,5,Q2
KH00101770,94,Nữ,Kỹ thuật viên kế toán,Thái Nguyên,12,72.95,62.225,13.25,14,61.5,738,26.166666666666668,0.17711879320040078,0.7792666666666667,0.29269166666666663,1.4365108334148504,Tương tác cao,Ổn định,-1,1,1,1,1,1,5,Q1 (Low)
KH00101805,25,Nam,Chuyên viên quản lý đất đai,Đà Nẵng,12,80.70833333333333,68.425,14.0,14,304.1666666666667,3650,30.416666666666668,0.2140501499439171,0.5038666666666667,0.13381666666666667,3.6049658409206398,Tương tác cao,Ổn định,-1,1,1,1,1,1,5,Q4 (High)
KH00101810,48,Nam,Người phụ trách bảo tàng,Thái Nguyên,12,79.47500000000001,61.75,14.0,14,242.58333333333334,2911,30.416666666666668,0.191986060293589,0.876925,0.2060833333333333,2.091281229547301,Tương tác cao,Ổn định,-1,1,1,1,1,1,5,Q3
KH00101845,35,Nữ,Kỹ thuật viên phòng thí nghiệm giảng dạy,Thành phố Hồ Chí Minh,12,74.89999999999999,62.86666666666667,12.916666666666666,14,60.833333333333336,730,24.416666666666668,0.24195656172316607,0.8278666666666666,0.22224999999999998,1.3435149751280748,Tương tác cao,Ổn định,-1,1,1,1,1,1,5,Q2
KH00101850,62,Nữ,Chuyên viên châm cứu,Hà Tĩnh,12,78.97500000000001,62.791666666666664,13.916666666666666,14,183.16666666666666,2198,29.916666666666668,0.1966753767048701,0.7548,0.251875,1.54390187538979,Tương tác cao,Ổn định,-1,1,1,1,1,1,5,Q3
KH00101885,88,Nam,Kỹ sư vật liệu,Thanh Hóa,12,76.39166666666667,69.25833333333334,13.583333333333334,14,61.333333333333336,736,25.083333333333332,0.24509709897107046,0.6224666666666666,0.125425,1.492466804731379,Tương tác cao,Ổn định,-1,1,1,1,1,1,5,Q2
KH00101890,53,Nữ,Chuyên viên quy hoạch giao thông,Hưng Yên,12,71.59166666666667,65.02499999999999,13.083333333333334,14,61.0,732,25.666666666666668,0.16140212041393479,0.8167,0.16655,1.5414496013897663,Tương tác cao,Ổn định,-1,1,1,1,1,1,5,Q1 (Low)
KH00101925,23,Nữ,Cán bộ trại giam,Đắk Lắk,12,80.10000000000001,60.041666666666664,14.0,14,303.8333333333333,3646,30.416666666666668,0.2021493645748588,0.77285,0.25705,2.5626544432116867,Tương tác cao,Cần theo dõi,-1,1,1,1,1,1,5,Q4 (High)
KH00101930,51,Nam,Biên tập viên hiệu đính,Ninh Bình,12,72.86666666666666,63.775,13.083333333333334,14,61.416666666666664,737,24.75,0.19541130963434986,0.9024583333333333,0.22000833333333333,1.277943975464595,Tương tác cao,Ổn định,-1,1,1,1,1,1,5,Q1 (Low)
KH00101965,32,Nam,Cán bộ triển lãm bảo tàng,Cao Bằng,12,78.10833333333333,53.44166666666666,13.916666666666666,14,122.25,1467,29.0,0.205829188278334,1.0269000000000001,0.3632416666666667,2.1051957603433498,Tương tác cao,Cần theo dõi,-1,1,1,1,1,1,5,Q2
KH00101970,70,Nữ,Chuyên viên tư vấn nông nghiệp,Sơn La,12,77.91666666666667,65.06666666666666,13.833333333333334,14,182.91666666666666,2195,30.25,0.1745127674558525,0.6609916666666668,0.22550833333333334,2.1656645044461174,Tương tác cao,Ổn định,-1,1,1,1,1,1,5,Q2
KH00102005,81,Nam,Quản lý lâm nghiệp,Cà Mau,1,37.7,63.5,5.0,5,9.0,9,2.0,0.3998554951493951,0.6735,0.1628,0.8059151215585951,Tương tác thấp,Ổn định,143,1,1,0,1,0,3,Q1 (Low)
KH00102010,53,Nữ,Cán bộ tổ chức từ thiện,Đồng Tháp,12,74.77499999999999,59.74166666666667,13.083333333333334,14,61.666666666666664,740,25.166666666666668,0.22416611707452094,0.9113333333333333,0.27692500000000003,1.3487391767284072,Tương tác cao,Ổn định,-1,1,1,1,1,1,5,Q2
KH00102045,39,Nữ,Thầy thuốc đông y,Thành phố Hồ Chí Minh,12,81.14166666666667,65.93333333333334,13.916666666666666,14,182.91666666666666,2195,29.833333333333332,0.23955590329618395,0.744025,0.208875,1.2424532761808023,Tương tác rất cao,Ổn định,-1,1,1,1,1,1,5,Q4 (High)
KH00102050,52,Nam,Kỹ sư cơ khí,Hải Phòng,12,78.56666666666666,70.025,14.0,14,183.41666666666666,2201,30.083333333333332,0.1828509330340022,0.5803083333333333,0.15746666666666667,1.47699364934482,Tương tác cao,Ổn định,-1,1,1,1,1,1,5,Q3
KH00102085,71,Nữ,Chuyên viên thu mua công nghiệp,An Giang,1,48.1,65.4,5.0,5,10.0,10,2.0,0.7697464672875232,0.6514,0.1436,0.5099633253833495,Tương tác trung bình,Ổn định,110,1,1,1,1,1,5,Q1 (Low)
KH00102090,21,Nữ,Trình dược viên,Đồng Nai,12,79.95833333333333,63.26666666666667,14.0,14,244.08333333333334,2929,30.166666666666668,0.20384660699468896,0.7581083333333334,0.15608333333333332,1.9995474927660657,Tương tác cao,Ổn định,-1,1,1,1,1,1,5,Q4 (High)
KH00102125,60,Nữ,Kiến trúc sư cảnh quan,Thành phố Hồ Chí Minh,12,78.98333333333333,73.325,13.916666666666666,14,243.91666666666666,2927,30.416666666666668,0.18306703251338186,0.458675,0.11837500000000001,1.6897353987574546,Tương tác cao,Ổn định,-1,1,1,1,1,1,5,Q3
KH00102130,59,Nam,Cán bộ quản chế,Hà Tĩnh,12,78.34166666666667,63.74166666666667,13.833333333333334,14,183.25,2199,29.916666666666668,0.1846996108649894,0.8832333333333334,0.17977500000000002,1.7580666502407478,Tương tác cao,Ổn định,-1,1,1,1,1,1,5,Q3
KH00102165,80,Nam,Giáo viên mầm non,Hải Phòng,12,72.59166666666667,62.40833333333333,13.0,14,61.583333333333336,739,25.5,0.18230176308309,0.8224333333333332,0.31609166666666666,1.3382546836107474,Tương tác cao,Cần theo dõi,-1,1,1,1,1,1,5,Q1 (Low)
KH00102170,74,Nam,Chuyên viên tổ chức sự kiện,Tuyên Quang,12,78.69166666666666,64.80833333333334,14.0,14,183.16666666666666,2198,30.083333333333332,0.18682504451318369,0.7083749999999999,0.207,1.490554621057654,Tương tác cao,Ổn định,-1,1,1,1,1,1,5,Q3
KH00102205,39,Nam,Điều dưỡng nhi khoa,Vĩnh Long,12,79.71666666666667,67.01666666666667,13.916666666666666,14,122.33333333333333,1468,28.833333333333332,0.2371787170540379,0.6619333333333334,0.15950833333333334,1.8721412869823872,Tương tác cao,Ổn định,-1,1,1,1,1,1,5,Q3
KH00102210,96,Nam,Chuyên viên phục chế đồ gỗ,Quảng Trị,12,73.5,63.51666666666667,13.083333333333334,14,61.25,735,25.833333333333332,0.19473385115315245,0.8773333333333334,0.17903333333333335,1.5145094826035452,Tương tác cao,Ổn định,-1,1,1,1,1,1,5,Q1 (Low)
KH00102245,64,Nam,Nhà khoa học thính học,Bắc Ninh,12,79.575,71.875,13.916666666666666,14,244.25,2931,30.416666666666668,0.1959822269900944,0.509425,0.14515,1.3832479267975184,Tương tác cao,Ổn định,-1,1,1,1,1,1,5,Q3
KH00102250,33,Nam,Chuyên viên khảo sát thủy văn,Hưng Yên,12,79.3,66.53333333333333,14.0,14,122.41666666666667,1469,29.083333333333332,0.22440764402583735,0.6740750000000001,0.21568333333333334,1.7133568049887913,Tương tác cao,Ổn định,-1,1,1,1,1,1,5,Q3
KH00102285,33,Nam,Chuyên viên giám định rủi ro bảo hiểm,Lâm Đồng,12,73.05833333333334,65.14999999999999,13.25,14,61.583333333333336,739,25.25,0.19078180572967918,0.919025,0.20888333333333334,0.87122429390539,Tương tác cao,Ổn định,-1,1,1,1,1,1,5,Q1 (Low)
KH00102290,27,Nam,Chuyên viên trắc địa,Quảng Ninh,12,79.53333333333333,63.88333333333333,13.916666666666666,14,183.08333333333334,2197,30.333333333333332,0.20292363700466876,0.8139083333333333,0.23205833333333334,0.9194138367915095,Tương tác cao,Ổn định,-1,1,1,1,1,1,5,Q3
KH00102325,64,Nam,Nhà sản xuất phát thanh,Cần Thơ,12,77.95,65.875,13.833333333333334,14,122.25,1467,29.5,0.2000090552680468,0.6886416666666667,0.17206666666666667,1.3809902621121923,Tương tác cao,Ổn định,-1,1,1,1,1,1,5,Q2
KH00102330,61,Nam,Kế toán công tài chính công,Thành phố Hồ Chí Minh,12,76.33333333333333,67.425,13.916666666666666,14,182.5,2190,30.333333333333332,0.14060852871193288,0.656575,0.13366666666666668,2.1971809212238873,Tương tác cao,Ổn định,-1,1,1,1,1,1,5,Q2
KH00102365,26,Nữ,Cán bộ trại giam,Thành phố Hồ Chí Minh,12,77.175,61.44166666666666,13.25,14,61.833333333333336,742,25.666666666666668,0.26558705072352434,0.7799416666666666,0.30185,1.268763389566186,Tương tác cao,Ổn định,-1,1,1,1,1,1,5,Q2
KH00102370,74,Nam,Cán bộ quản lý thị trường,Nghệ An,12,77.55,71.04166666666667,13.916666666666666,14,121.83333333333333,1462,29.5,0.19008994528795323,0.5449833333333333,0.121375,1.4403258425806091,Tương tác cao,Ổn định,-1,1,1,1,1,1,5,Q2
KH00102405,32,Nữ,Nhà tâm lý học tư vấn,Đắk Lắk,12,83.27499999999999,63.64166666666667,14.0,14,243.91666666666666,2927,30.416666666666668,0.2673837196383639,0.7476166666666666,0.22181666666666666,1.418365177806775,Tương tác rất cao,Ổn định,-1,1,1,1,1,1,5,Q4 (High)
KH00102410,42,Nam,Kỹ thuật viên kế toán,Lâm Đồng,12,79.08333333333333,71.01666666666667,13.916666666666666,14,182.91666666666666,2195,30.083333333333332,0.19495351082173484,0.59035,0.14130833333333334,0.9349295380580701,Tương tác cao,Ổn định,-1,1,1,1,1,1,5,Q3
KH00102445,43,Nữ,Nhà thiết kế đồ gỗ,Thành phố Hồ Chí Minh,12,81.76666666666667,65.18333333333334,14.0,14,364.3333333333333,4372,30.333333333333332,0.23591447135705632,0.7171,0.18614166666666665,1.5486236156796005,Tương tác rất cao,Ổn định,-1,1,1,1,1,1,5,Q4 (High)
KH00102450,56,Nữ,Lập trình viên đa phương tiện,Hà Nội,12,77.25833333333334,71.71666666666667,13.916666666666666,14,182.91666666666666,2195,30.166666666666668,0.15845946798794677,0.4753083333333333,0.18678333333333333,1.4477147609856142,Tương tác cao,Ổn định,-1,1,1,1,1,1,5,Q2
KH00102485,25,Nữ,Quản lý công viên giải trí,Nghệ An,12,78.91666666666667,69.48333333333333,13.666666666666666,14,61.583333333333336,739,24.166666666666668,0.30376830333739396,0.624425,0.14564166666666667,1.0109309170472027,Tương tác rất cao,Ổn định,-1,1,1,1,1,1,5,Q3
KH00102490,74,Nữ,Chuyên viên thuế cấp cao,Hà Nội,1,54.6,65.5,4.0,4,8.0,8,2.0,0.8244236891421002,0.5951,0.1848,0.6219245264281286,Tương tác trung bình,Ổn định,276,1,1,1,1,1,5,Q1 (Low)
KH00102525,80,Nữ,Dược sĩ bệnh viện,Đà Nẵng,12,77.58333333333333,70.36666666666666,13.75,14,122.5,1470,29.5,0.1966729966189871,0.5466166666666666,0.14305833333333332,1.736982934688337,Tương tác cao,Ổn định,-1,1,1,1,1,1,5,Q2
KH00102530,40,Nam,Điều phối viên tình nguyện,Hưng Yên,12,79.05,67.26666666666667,14.0,14,243.0,2916,30.416666666666668,0.1837415494625474,0.7536999999999999,0.15194166666666667,0.8779079824127921,Tương tác cao,Ổn định,-1,1,1,1,1,1,5,Q3
KH00102565,23,Nam,Kỹ sư điện tử,Lào Cai,12,81.02499999999999,69.43333333333334,14.0,14,364.5,4374,30.416666666666668,0.22047793528871948,0.4939166666666666,0.11914166666666666,2.3898943708465943,Tương tác cao,Ổn định,-1,1,1,1,1,1,5,Q4 (High)
KH00102570,46,Nữ,Bác sĩ giải phẫu bệnh,Tuyên Quang,12,80.25,73.63333333333334,14.0,14,122.25,1467,29.75,0.23921354800597502,0.42451666666666665,0.16010833333333332,1.2700514396222256,Tương tác rất cao,Ổn định,-1,1,1,1,1,1,5,Q4 (High)
KH00102605,93,Nữ,Nhà tâm lý học thể thao,Lâm Đồng,12,77.31666666666666,70.23333333333333,13.916666666666666,14,122.33333333333333,1468,29.333333333333332,0.18696733899695062,0.5089666666666667,0.1857,1.4963071308369946,Tương tác cao,Ổn định,-1,1,1,1,1,1,5,Q2
KH00102610,49,Nữ,Chuyên viên nhân sự,Lạng Sơn,12,78.39166666666667,68.51666666666667,13.25,14,61.916666666666664,743,25.916666666666668,0.2875436548302246,0.64965,0.14373333333333332,1.2902383666917012,Tương tác cao,Ổn định,-1,1,1,1,1,1,5,Q3
KH00102645,41,Nam,Kỹ thuật viên sản xuất bia,Đồng Tháp,12,79.15833333333333,68.33333333333333,14.0,14,243.33333333333334,2920,30.416666666666668,0.18502890879952302,0.749025,0.15432500000000002,0.8363364797550502,Tương tác cao,Ổn định,-1,1,1,1,1,1,5,Q3
KH00102650,50,Nam,Nhà luyện kim,Lâm Đồng,12,81.60000000000001,61.666666666666664,14.0,14,243.83333333333334,2926,30.416666666666668,0.2346330535283481,0.7970916666666666,0.2780666666666667,1.7568170180744318,Tương tác rất cao,Ổn định,-1,1,1,1,1,1,5,Q4 (High)
KH00102685,27,Nam,Dược sĩ cộng đồng,Ninh Bình,12,79.925,71.79166666666667,14.0,14,243.66666666666666,2924,30.333333333333332,0.20080014589685583,0.5820083333333333,0.12671666666666667,0.895282513412993,Tương tác cao,Ổn định,-1,1,1,1,1,1,5,Q4 (High)
KH00102690,45,Nam,Nhà luyện kim,Lâm Đồng,12,78.03333333333335,66.0,13.666666666666666,14,122.66666666666667,1472,29.416666666666668,0.20754971293658306,0.7204,0.2278416666666667,0.911357014655234,Tương tác cao,Ổn định,-1,1,1,1,1,1,5,Q2
KH00102725,44,Nam,Quản lý tour du lịch,Hà Nội,12,75.95833333333333,70.25833333333334,13.583333333333334,14,61.583333333333336,739,25.166666666666668,0.23595955967798707,0.6135333333333334,0.170825,1.4043367000470839,Tương tác cao,Ổn định,-1,1,1,1,1,1,5,Q2
KH00102730,35,Nữ,Nhân viên cấp cứu,Cà Mau,12,83.09166666666667,55.74166666666667,14.0,14,304.1666666666667,3650,30.416666666666668,0.2625553909981246,1.0567,0.21735000000000002,1.2251494099804499,Tương tác rất cao,Cần theo dõi,-1,1,1,1,1,1,5,Q4 (High)
KH00102765,27,Nữ,Chuyên viên chăm sóc cây,Đà Nẵng,12,83.16666666666667,69.58333333333333,14.0,14,244.41666666666666,2933,30.25,0.2659854199909047,0.6048,0.13264166666666666,1.3611735753993852,Tương tác rất cao,Ổn định,-1,1,1,1,1,1,5,Q4 (High)
KH00102770,86,Nữ,Phi công hàng không,Đồng Nai,12,78.63333333333334,72.10833333333333,13.833333333333334,14,182.91666666666666,2195,30.333333333333332,0.18829398171939551,0.4784,0.11880833333333334,1.7804439041932607,Tương tác cao,Ổn định,-1,1,1,1,1,1,5,Q3
KH00102805,49,Nữ,Chuyên viên quản lý khách hàng quảng cáo,Hà Nội,12,80.45,68.53333333333333,14.0,14,121.66666666666667,1460,29.166666666666668,0.24866323146186198,0.6060833333333333,0.182325,1.3026491812798975,Tương tác rất cao,Ổn định,-1,1,1,1,1,1,5,Q4 (High)
KH00102810,33,Nữ,Chuyên viên kính thuốc,Đà Nẵng,12,80.24166666666666,64.41666666666667,14.0,14,122.41666666666667,1469,29.25,0.2440184788041568,0.7127416666666667,0.2718916666666667,1.288086546203912,Tương tác cao,Ổn định,-1,1,1,1,1,1,5,Q4 (High)
KH00102845,27,Nam,Kỹ sư khoan,Đà Nẵng,12,81.72500000000001,69.04166666666667,14.0,14,243.41666666666666,2921,30.416666666666668,0.2365339257567376,0.5655583333333333,0.11767499999999999,1.9602755883327132,Tương tác rất cao,Ổn định,-1,1,1,1,1,1,5,Q4 (High)
KH00102850,26,Nữ,Nhà thiết kế sản phẩm công nghiệp,Đồng Tháp,12,82.69166666666666,63.824999999999996,14.0,14,304.4166666666667,3653,30.416666666666668,0.254645047680469,0.7668666666666667,0.2209,1.3947805905867048,Tương tác rất cao,Ổn định,-1,1,1,1,1,1,5,Q4 (High)
KH00102885,28,Nữ,Kỹ sư sản xuất,Lâm Đồng,12,80.99166666666666,73.90833333333333,13.916666666666666,14,183.0,2196,30.083333333333332,0.23445152321025975,0.4797833333333334,0.10525833333333334,1.2406018429328112,Tương tác rất cao,Ổn định,-1,1,1,1,1,1,5,Q4 (High)
KH00102890,40,Nữ,Kỹ sư điều khiển và tự động hóa,Huế,12,76.99166666666666,70.14166666666667,13.916666666666666,14,182.75,2193,30.083333333333332,0.15442609617453731,0.6463083333333334,0.17276666666666665,2.2938171613207,Tương tác cao,Ổn định,-1,1,1,1,1,1,5,Q2
KH00102925,78,Nam,Chuyên viên phôi học lâm sàng,Hải Phòng,12,81.60833333333333,65.44166666666666,13.666666666666666,14,122.41666666666667,1469,29.666666666666668,0.27703817935439773,0.7679916666666666,0.18125,1.9387103027654964,Tương tác cao,Ổn định,-1,1,1,1,1,1,5,Q4 (High)
KH00102930,54,Nam,Điều dưỡng nhi khoa,Ninh Bình,12,78.60833333333333,62.25833333333333,13.75,14,182.91666666666666,2195,30.166666666666668,0.19045807883922408,0.8034,0.25009166666666666,1.5087775943471768,Tương tác cao,Ổn định,-1,1,1,1,1,1,5,Q3
KH00102965,58,Nữ,Nhà sản xuất phát thanh,Quảng Ngãi,12,78.64999999999999,59.458333333333336,13.75,14,182.91666666666666,2195,30.25,0.19106685333130882,0.9122583333333334,0.32908333333333334,1.3129391847107998,Tương tác cao,Cần theo dõi,-1,1,1,1,1,1,5,Q3
KH00102970,54,Nữ,Lập trình viên ứng dụng,Nghệ An,12,79.77499999999999,72.16666666666667,14.0,14,243.08333333333334,2917,30.416666666666668,0.19671097186336653,0.5164166666666666,0.14031666666666667,1.3721470716713633,Tương tác cao,Ổn định,-1,1,1,1,1,1,5,Q3
KH00103005,67,Nữ,Cán bộ chính quyền địa phương,Hà Nội,12,71.98333333333333,63.300000000000004,12.916666666666666,14,61.0,732,25.666666666666668,0.17503808271232216,0.902625,0.23059166666666667,1.4402120791133306,Tương tác cao,Cần theo dõi,-1,1,1,1,1,1,5,Q1 (Low)
KH00103010,33,Nữ,Giám đốc chiến lược,Tây Ninh,12,82.50833333333334,76.075,14.0,14,243.25,2919,30.416666666666668,0.25171322823121994,0.3744,0.08345000000000001,1.399595073049239,Tương tác rất cao,Ổn định,-1,1,1,1,1,1,5,Q4 (High)
KH00103045,43,Nữ,Biên tập viên hiệu đính,Vĩnh Long,12,82.0,64.175,14.0,14,304.8333333333333,3658,30.416666666666668,0.24066113773872957,0.7693083333333334,0.20669166666666663,1.4554607766721865,Tương tác rất cao,Ổn định,-1,1,1,1,1,1,5,Q4 (High)
KH00103050,46,Nam,Chuyên viên chỉnh thị,Lào Cai,12,78.79166666666667,67.66666666666667,14.0,14,182.75,2193,30.25,0.18627426957433169,0.7403749999999999,0.14666666666666667,0.9059348317795103,Tương tác cao,Ổn định,-1,1,1,1,1,1,5,Q3
KH00103085,42,Nam,Nhà trị liệu tâm lý trẻ em,Khánh Hòa,12,82.94166666666666,64.50833333333334,14.0,14,304.0833333333333,3649,30.416666666666668,0.259047789611376,0.7163583333333333,0.16598333333333334,2.049230170248684,Tương tác rất cao,Ổn định,-1,1,1,1,1,1,5,Q4 (High)
KH00103090,43,Nam,Nhà biên soạn từ điển,Điện Biên,12,79.55,64.66666666666667,14.0,14,182.91666666666666,2195,30.333333333333332,0.2019332730553168,0.673025,0.20305833333333334,2.648193196350845,Tương tác cao,Cần theo dõi,-1,1,1,1,1,1,5,Q3
KH00103125,40,Nam,Nhà thiết kế triển lãm,Thành phố Hồ Chí Minh,12,81.80833333333334,62.833333333333336,14.0,14,304.1666666666667,3650,30.416666666666668,0.23613361135769748,0.7174333333333333,0.2389416666666667,2.042917179899779,Tương tác rất cao,Ổn định,-1,1,1,1,1,1,5,Q4 (High)
KH00103130,44,Nữ,Biên tập viên hiệu đính báo chí,Hải Phòng,12,78.7,66.375,14.0,14,364.0833333333333,4369,30.416666666666668,0.17402360877511902,0.6539666666666667,0.15094166666666667,2.0444100547206996,Tương tác cao,Ổn định,-1,1,1,1,1,1,5,Q3
KH00103165,62,Nam,Kỹ thuật viên sản xuất bia,Thành phố Hồ Chí Minh,12,78.16666666666667,65.3,13.666666666666666,14,122.0,1464,29.583333333333332,0.21045888410712119,0.6942916666666666,0.24475,1.7091266768034934,Tương tác cao,Ổn định,-1,1,1,1,1,1,5,Q2
KH00103170,67,Nam,Giám đốc vận hành,Thành phố Hồ Chí Minh,12,77.39999999999999,77.83333333333333,13.666666666666666,14,122.08333333333333,1465,29.25,0.19638303230623214,0.3532916666666666,0.08676666666666666,1.3296667316310098,Tương tác cao,Ổn định,-1,1,1,1,1,1,5,Q2
KH00103205,59,Nam,Nhà khoa học địa chất,Thành phố Hồ Chí Minh,12,78.60833333333333,73.53333333333333,13.75,14,183.0,2196,29.916666666666668,0.19306586009658191,0.44985,0.1549,1.35915516678404,Tương tác cao,Ổn định,-1,1,1,1,1,1,5,Q3
KH00103210,44,Nữ,Giám đốc vận hành,Điện Biên,12,77.925,73.675,14.0,14,182.41666666666666,2189,30.333333333333332,0.16976181489082698,0.45565833333333333,0.12265833333333333,1.7754366985608527,Tương tác cao,Ổn định,-1,1,1,1,1,1,5,Q2
KH00103245,48,Nữ,Chuyên viên tư vấn môi trường,Đồng Tháp,12,79.96666666666667,60.949999999999996,14.0,14,366.0,4392,30.416666666666668,0.19929188457780236,0.7389583333333333,0.265025,2.2577665408018275,Tương tác rất cao,Ổn định,-1,1,1,1,1,1,5,Q4 (High)
KH00103250,20,Nam,Chuyên viên thông tin hướng nghiệp,Phú Thọ,12,83.38333333333334,62.76666666666667,14.0,14,364.5833333333333,4375,30.333333333333332,0.268299180283158,0.8123166666666667,0.2289,1.0259166378466535,Tương tác rất cao,Ổn định,-1,1,1,1,1,1,5,Q4 (High)
KH00103285,59,Nam,Biên tập viên đặt bài,Hà Nội,12,77.61666666666666,68.86666666666666,14.0,14,182.33333333333334,2188,29.833333333333332,0.1668150830837861,0.594225,0.1398,1.7530560359556084,Tương tác cao,Ổn định,-1,1,1,1,1,1,5,Q2
KH00103290,66,Nữ,Nhà di truyền tế bào học,Khánh Hòa,12,80.91666666666667,66.66666666666667,13.916666666666666,14,182.66666666666666,2192,29.916666666666668,0.2341831272074517,0.7088166666666668,0.1621,1.6026330595777674,Tương tác cao,Ổn định,-1,1,1,1,1,1,5,Q4 (High)
KH00103325,58,Nam,Chuyên viên viết nội dung quảng cáo,Thanh Hóa,12,77.27499999999999,63.23333333333333,14.0,14,182.83333333333334,2194,30.416666666666668,0.15511116524953994,0.8023583333333333,0.25525,1.8015031889780184,Tương tác cao,Ổn định,-1,1,1,1,1,1,5,Q2
KH00103330,53,Nữ,Chuyên viên pháp lý được cấp chứng chỉ,Tây Ninh,12,78.23333333333333,66.99166666666666,13.666666666666666,14,122.0,1464,29.416666666666668,0.2119642021439184,0.6804583333333333,0.21384166666666668,1.4425519978659078,Tương tác cao,Ổn định,-1,1,1,1,1,1,5,Q3
KH00103365,53,Nam,Công chức diện đào tạo nhanh,Tây Ninh,12,74.31666666666666,61.15,13.25,14,61.416666666666664,737,25.083333333333332,0.21452246450607312,0.8961916666666667,0.24808333333333332,1.2647848347096133,Tương tác cao,Ổn định,0,1,1,1,1,1,5,Q1 (Low)
KH00103370,58,Nữ,Người dẫn chương trình phát sóng,Hưng Yên,12,73.375,63.53333333333333,13.25,14,61.25,735,25.416666666666668,0.19135805196175262,0.7586083333333332,0.218975,1.6145098331777563,Tương tác cao,Ổn định,-1,1,1,1,1,1,5,Q1 (Low)
KH00103405,38,Nam,Quản lý trung tâm thể hình,Cà Mau,12,81.26666666666667,63.275,14.0,14,183.0,2196,30.333333333333332,0.23712737934692493,0.7989916666666668,0.23656666666666668,1.798639580094408,Tương tác rất cao,Ổn định,-1,1,1,1,1,1,5,Q4 (High)
KH00103410,59,Nam,Nhân viên phát triển cộng đồng,Hải Phòng,12,76.7,62.81666666666666,13.416666666666666,14,122.08333333333333,1465,29.416666666666668,0.18818660942340962,0.9416083333333334,0.2298083333333333,1.2242524504056755,Tương tác cao,Ổn định,-1,1,1,1,1,1,5,Q2
KH00103445,64,Nam,Nhà địa chất hiện trường,Quảng Ngãi,12,74.8,67.19166666666666,13.25,14,61.166666666666664,734,25.5,0.22411868372966368,0.69385,0.17998333333333336,1.420502785890058,Tương tác cao,Ổn định,-1,1,1,1,1,1,5,Q2
KH00103450,92,Nữ,Chuyên viên trưng bày bán lẻ,Phú Thọ,12,77.21666666666667,67.84166666666667,13.75,14,122.25,1467,29.25,0.18928927244738344,0.6375583333333333,0.17383333333333337,1.5136382832262563,Tương tác cao,Ổn định,-1,1,1,1,1,1,5,Q2
KH00103485,27,Nữ,Nhân viên xe cứu thương,Đồng Tháp,12,80.35833333333333,60.74166666666667,14.0,14,122.08333333333333,1465,29.833333333333332,0.2410546757489307,0.8876,0.22144166666666668,1.4136696467835028,Tương tác rất cao,Ổn định,-1,1,1,1,1,1,5,Q4 (High)
KH00103490,29,Nữ,Nhà trị liệu tâm lý,Lạng Sơn,12,79.18333333333334,60.625,13.916666666666666,14,243.41666666666666,2921,30.333333333333332,0.1885130306993208,0.91,0.21698333333333333,2.4606180872062193,Tương tác cao,Cần theo dõi,-1,1,1,1,1,1,5,Q3
KH00103525,47,Nam,Chuyên viên vệ sinh lao động,Hà Nội,12,72.35000000000001,62.93333333333334,13.666666666666666,14,61.5,738,25.333333333333332,0.16018468179016485,1.1463666666666665,0.27666666666666667,1.7818478161756104,Tương tác cao,Ổn định,-1,1,1,1,1,1,5,Q1 (Low)
KH00103530,51,Nam,Người dẫn chương trình phát sóng,Nghệ An,12,79.27499999999999,60.833333333333336,13.916666666666666,14,122.16666666666667,1466,29.166666666666668,0.22698908271683826,0.8703916666666668,0.23981666666666668,1.649382660203375,Tương tác cao,Cần theo dõi,-1,1,1,1,1,1,5,Q3
KH00103565,38,Nam,Chủ nhiệm ánh sáng trường quay,An Giang,12,79.29166666666667,67.91666666666667,14.0,14,243.33333333333334,2920,30.416666666666668,0.1883184695627991,0.701375,0.176725,0.9436087022658889,Tương tác cao,Ổn định,-1,1,1,1,1,1,5,Q3
KH00103570,25,Nữ,Trợ lý phát thanh,Vĩnh Long,12,73.75,56.25833333333333,13.083333333333334,14,61.5,738,25.333333333333332,0.20416785557278375,0.8829916666666667,0.2056083333333333,2.0225029753611854,Tương tác cao,Cần theo dõi,-1,1,1,1,1,1,5,Q1 (Low)
KH00103605,39,Nữ,Cán bộ đào tạo và phát triển,Thành phố Hồ Chí Minh,12,80.51666666666667,60.574999999999996,14.0,14,183.16666666666666,2198,29.916666666666668,0.22280979602834708,0.85025,0.26371666666666665,1.439921354912839,Tương tác rất cao,Ổn định,-1,1,1,1,1,1,5,Q4 (High)
KH00103610,27,Nữ,Chuyên viên phân tích địa chấn,Vĩnh Long,12,72.575,68.10000000000001,13.25,14,61.666666666666664,740,26.583333333333332,0.16782106369998648,0.788425,0.18024166666666666,1.3553774715064806,Tương tác cao,Ổn định,-1,1,1,1,1,1,5,Q1 (Low)
KH00103645,65,Nữ,Chuyên viên tư vấn tâm lý,Vĩnh Long,12,75.85000000000001,69.02499999999999,13.666666666666666,14,122.5,1470,29.25,0.16449393150252414,0.6439833333333334,0.15585000000000002,1.3903447773170223,Tương tác cao,Ổn định,-1,1,1,1,1,1,5,Q2
KH00103650,67,Nam,Thủ thư thư viện công cộng,Quảng Ngãi,12,71.99166666666666,66.21666666666667,13.166666666666666,14,61.333333333333336,736,24.25,0.17649305092525916,0.8143583333333333,0.229175,1.5645649523636578,Tương tác cao,Ổn định,-1,1,1,1,1,1,5,Q1 (Low)
KH00103685,82,Nam,Chuyên viên nhân sự,Hưng Yên,1,50.0,58.7,6.0,6,12.0,12,2.0,0.6651660005450086,0.7711,0.1824,0.680670161981653,Tương tác trung bình,Cần theo dõi,111,1,1,1,1,1,5,Q1 (Low)
KH00103690,47,Nữ,Biên tập viên chuyên đề tạp chí,Thành phố Hồ Chí Minh,12,81.04166666666667,65.54166666666667,14.0,14,243.91666666666666,2927,30.416666666666668,0.22298756486371488,0.7308166666666667,0.15045,1.9740330427104178,Tương tác rất cao,Ổn định,-1,1,1,1,1,1,5,Q4 (High)
KH00103725,55,Nam,Chuyên viên tư vấn làm vườn,Thành phố Hồ Chí Minh,12,72.83333333333333,69.79166666666667,13.166666666666666,14,61.583333333333336,739,25.25,0.18953199813960206,0.6302666666666666,0.14859166666666665,1.3134032673454141,Tương tác cao,Ổn định,-1,1,1,1,1,1,5,Q1 (Low)
KH00103730,45,Nữ,Chuyên viên thu mua bán lẻ,Thanh Hóa,12,74.71666666666667,67.11666666666666,13.416666666666666,14,61.166666666666664,734,25.0,0.21886823325602178,0.6991416666666667,0.19535,2.0969582169397274,Tương tác cao,Ổn định,-1,1,1,1,1,1,5,Q1 (Low)
KH00103765,41,Nữ,Kỹ sư hàng không,Tuyên Quang,12,79.01666666666667,66.02499999999999,14.0,14,183.41666666666666,2201,30.25,0.1910087512100058,0.6301166666666667,0.21772500000000003,2.0119642896234518,Tương tác cao,Ổn định,-1,1,1,1,1,1,5,Q3
KH00103770,30,Nam,Cán bộ giáo dục bảo tàng,Thành phố Hồ Chí Minh,12,75.19166666666666,58.725,13.583333333333334,14,61.333333333333336,736,25.833333333333332,0.21840649651068933,0.9560166666666666,0.20756666666666668,1.5517643080081946,Tương tác cao,Ổn định,-1,1,1,1,1,1,5,Q2
KH00103805,65,Nam,Nhà khoa học nghiên cứu y học,Hải Phòng,12,75.23333333333333,66.9,13.833333333333334,14,122.5,1470,29.75,0.14618845729553429,0.646125,0.153175,2.0354452437860906,Tương tác cao,Ổn định,-1,1,1,1,1,1,5,Q2
KH00103810,47,Nữ,Nhà độc chất học,Đồng Tháp,12,82.64166666666667,63.46666666666667,14.0,14,303.1666666666667,3638,30.416666666666668,0.2530811263602381,0.7803249999999999,0.20945833333333333,1.3776736260294065,Tương tác rất cao,Ổn định,-1,1,1,1,1,1,5,Q4 (High)
KH00103845,54,Nam,Chuyên viên quy hoạch đô thị,Phú Thọ,12,79.075,62.61666666666667,13.833333333333334,14,182.91666666666666,2195,30.166666666666668,0.1984158878105856,0.8950333333333335,0.23015,1.4952907917621865,Tương tác cao,Ổn định,-1,1,1,1,1,1,5,Q3
KH00103850,22,Nữ,Nhà khoa học nghiên cứu toán học,Sơn La,12,82.48333333333333,69.64999999999999,14.0,14,243.0,2916,30.25,0.2530264008713264,0.5249750000000001,0.13109166666666666,2.3740670509819095,Tương tác rất cao,Ổn định,-1,1,1,1,1,1,5,Q4 (High)
KH00103885,75,Nam,Nhà thiết kế trang sức,Tây Ninh,12,73.64999999999999,67.88333333333334,13.5,14,61.333333333333336,736,25.666666666666668,0.1904856295415197,0.6698416666666667,0.15784166666666666,1.5236587751048887,Tương tác cao,Ổn định,0,1,1,1,1,1,5,Q1 (Low)
KH00103890,33,Nam,Quản lý khách sạn,Thái Nguyên,12,72.5,68.34166666666667,13.416666666666666,14,61.416666666666664,737,25.916666666666668,0.1669447920279393,0.6239083333333334,0.20188333333333333,1.603393143522462,Tương tác cao,Ổn định,-1,1,1,1,1,1,5,Q1 (Low)
KH00103925,86,Nữ,Chuyên viên chăm sóc cây,Quảng Ninh,12,76.55,66.88333333333334,13.666666666666666,14,121.91666666666667,1463,29.583333333333332,0.17644311605803611,0.6955333333333332,0.18905833333333333,1.3736415031460194,Tương tác cao,Ổn định,-1,1,1,1,1,1,5,Q2
KH00103930,60,Nữ,Chuyên viên tư vấn làm vườn,Lâm Đồng,1,12.8,76.8,2.0,2,7.0,7,2.0,0.0,0.5881,0.1385,0.6558292673627972,Tương tác thấp,Ổn định,361,1,0,0,1,0,2,Q1 (Low)
KH00103965,77,Nữ,Giảng viên giáo dục thường xuyên,Cần Thơ,1,45.4,70.8,7.0,7,11.0,11,2.0,0.4864608043059081,0.5053,0.1379,0.8141620220749275,Tương tác trung bình,Ổn định,241,1,1,1,1,1,5,Q1 (Low)
KH00103970,49,Nữ,Quản lý hồ sơ,Bắc Ninh,12,84.31666666666666,70.89999999999999,14.0,14,183.25,2199,30.25,0.29696293798589346,0.5234833333333334,0.13367500000000002,1.4587812743882707,Tương tác rất cao,Ổn định,-1,1,1,1,1,1,5,Q4 (High)
KH00104005,40,Nam,Bác sĩ bệnh viện,Hưng Yên,12,81.35833333333333,71.78333333333333,14.0,14,304.0,3648,30.416666666666668,0.22767604950745413,0.4763916666666666,0.143675,1.6555498851102646,Tương tác rất cao,Ổn định,-1,1,1,1,1,1,5,Q4 (High)
KH00104010,85,Nam,Kỹ sư vận hành phát sóng,Đồng Nai,12,76.85833333333333,68.95,13.583333333333334,14,122.08333333333333,1465,29.333333333333332,0.18688570319890144,0.5582333333333334,0.21919166666666667,1.70188983791219,Tương tác cao,Ổn định,-1,1,1,1,1,1,5,Q2
KH00104045,61,Nam,Chuyên viên công nghệ màu sắc,An Giang,12,76.70833333333333,63.94166666666666,13.416666666666666,14,122.66666666666667,1472,28.75,0.1947235004470008,0.7726833333333333,0.25743333333333335,1.2925035408039893,Tương tác cao,Ổn định,-1,1,1,1,1,1,5,Q2
KH00104050,81,Nam,Quản trị viên giáo dục,Đà Nẵng,12,80.81666666666666,59.76666666666667,14.0,14,183.58333333333334,2203,30.0,0.22884952324479454,0.7899333333333334,0.30968333333333337,1.6183199051370885,Tương tác cao,Cần theo dõi,-1,1,1,1,1,1,5,Q4 (High)
KH00104085,21,Nữ,Kỹ sư ô tô,Lào Cai,12,78.175,65.45833333333333,13.583333333333334,14,61.666666666666664,740,24.75,0.2861335074426639,0.6872333333333334,0.16515,0.9850154087802299,Tương tác cao,Ổn định,-1,1,1,1,1,1,5,Q3
KH00104090,42,Nam,Chuyên viên y tế môi trường,Hà Nội,12,79.64999999999999,64.95833333333333,14.0,14,183.25,2199,30.25,0.204477961136857,0.750175,0.26864166666666667,0.8969736572088296,Tương tác cao,Ổn định,-1,1,1,1,1,1,5,Q3
KH00104125,30,Nữ,Quản lý nhà hát,Phú Thọ,12,79.7,67.18333333333334,14.0,14,182.25,2187,30.083333333333332,0.20575977404498255,0.5809833333333333,0.22005,1.4175732321888013,Tương tác rất cao,Ổn định,-1,1,1,1,1,1,5,Q3
KH00104130,50,Nữ,Nhà thiết kế trang sức,Lào Cai,12,74.04166666666667,63.4,12.916666666666666,14,61.916666666666664,743,25.416666666666668,0.21611642541781043,0.8599166666666666,0.3434083333333333,1.2240982386735944,Tương tác cao,Ổn định,-1,1,1,1,1,1,5,Q1 (Low)
KH00104165,33,Nữ,Kiểm soát viên tài chính,Thành phố Hồ Chí Minh,12,80.59166666666667,66.23333333333333,14.0,14,365.1666666666667,4382,30.416666666666668,0.21149304822917428,0.6380583333333333,0.17134166666666664,2.5023028545235126,Tương tác cao,Ổn định,-1,1,1,1,1,1,5,Q4 (High)
KH00104170,58,Nữ,Quản lý tổng đài,Sơn La,12,77.65833333333333,69.45833333333333,13.833333333333334,14,182.91666666666666,2195,30.0,0.17085308618993336,0.624575,0.13680833333333334,1.4731510976396633,Tương tác cao,Ổn định,-1,1,1,1,1,1,5,Q2
KH00104205,49,Nữ,Chuyên viên kính thuốc,Đà Nẵng,12,78.60833333333333,62.60833333333333,13.75,14,122.08333333333333,1465,29.75,0.21451015230781315,0.7214999999999999,0.16820833333333332,2.334879025735742,Tương tác cao,Ổn định,-1,1,1,1,1,1,5,Q3
KH00104210,71,Nữ,Chuyên viên chăm sóc bàn chân,Thành phố Hồ Chí Minh,12,79.825,70.15833333333333,13.916666666666666,14,183.0,2196,30.25,0.2106946873329286,0.5921333333333334,0.119475,1.5208159787347484,Tương tác cao,Ổn định,-1,1,1,1,1,1,5,Q3
KH00104245,45,Nam,Chuyên viên nghiên cứu xã hội,Lâm Đồng,12,80.43333333333334,63.1,14.0,14,183.08333333333334,2197,30.416666666666668,0.21794147122194238,0.8139249999999999,0.17203333333333334,2.043134840359611,Tương tác rất cao,Ổn định,-1,1,1,1,1,1,5,Q4 (High)
KH00104250,64,Nữ,Nhà địa chất hiện trường,Bắc Ninh,12,77.11666666666666,66.75,13.833333333333334,14,122.25,1467,29.25,0.18579192796378396,0.7162333333333333,0.17450833333333335,1.3613519600647839,Tương tác cao,Ổn định,-1,1,1,1,1,1,5,Q2
KH00104285,53,Nữ,Chuyên viên tư vấn thuế,Đồng Nai,12,77.8,64.85833333333333,13.916666666666666,14,182.66666666666666,2192,29.833333333333332,0.17241491837841103,0.8005833333333333,0.17845,1.431561927591524,Tương tác cao,Ổn định,-1,1,1,1,1,1,5,Q2
KH00104290,34,Nữ,Chuyên viên tư vấn môi trường,Thành phố Hồ Chí Minh,12,82.97500000000001,69.34166666666667,14.0,14,365.4166666666667,4385,30.416666666666668,0.25952421716115454,0.580125,0.14890833333333334,1.3763741759202492,Tương tác rất cao,Ổn định,-1,1,1,1,1,1,5,Q4 (High)
KH00104325,60,Nam,Trợ lý sản xuất phát thanh,Thành phố Hồ Chí Minh,12,77.27499999999999,64.95,13.416666666666666,14,122.16666666666667,1466,29.416666666666668,0.20085475136574338,0.8588416666666667,0.1753,1.2175846689129717,Tương tác cao,Ổn định,-1,1,1,1,1,1,5,Q2
KH00104330,80,Nam,Dược sĩ cộng đồng,Lào Cai,1,48.3,75.2,5.0,5,10.0,10,2.0,0.4184706249674767,0.4718,0.1006,0.5763558135282361,Tương tác trung bình,Ổn định,245,1,1,0,1,0,3,Q1 (Low)
KH00104365,36,Nam,Nhà giao dịch tài chính,Sơn La,12,80.93333333333334,72.25,14.0,14,243.41666666666666,2921,30.416666666666668,0.2211892016858641,0.48823333333333335,0.11440833333333333,1.7083620275638653,Tương tác cao,Ổn định,-1,1,1,1,1,1,5,Q4 (High)
KH00104370,70,Nam,Kỹ sư sản xuất,Đồng Tháp,12,78.825,70.79166666666667,13.833333333333334,14,183.16666666666666,2198,30.0,0.19372578916432803,0.5354166666666667,0.11081666666666667,1.7722740609329308,Tương tác cao,Ổn định,-1,1,1,1,1,1,5,Q3
KH00104405,35,Nữ,Chuyên viên pháp chế,Thanh Hóa,12,79.44166666666666,64.7,14.0,14,364.8333333333333,4378,30.416666666666668,0.1885380745112116,0.7509833333333332,0.18957500000000002,1.854955529776715,Tương tác cao,Ổn định,-1,1,1,1,1,1,5,Q3
KH00104410,59,Nữ,Dược sĩ bệnh viện,Hưng Yên,12,74.72500000000001,70.79166666666667,13.333333333333334,14,61.583333333333336,739,25.083333333333332,0.23490359355523827,0.5485916666666667,0.1087,1.6281686415773304,Tương tác cao,Ổn định,0,1,1,1,1,1,5,Q1 (Low)
KH00104445,37,Nam,Nhà khoa học thính học,Đà Nẵng,12,75.18333333333334,68.99166666666666,13.583333333333334,14,61.583333333333336,739,25.583333333333332,0.22564792331826355,0.53395,0.14805833333333332,2.1187798735906056,Tương tác cao,Ổn định,-1,1,1,1,1,1,5,Q2
KH00104450,29,Nữ,Nhà thống kê,Thành phố Hồ Chí Minh,12,82.8,69.05833333333334,14.0,14,303.75,3645,30.416666666666668,0.2563311458837026,0.606325,0.14826666666666666,1.3617675487918166,Tương tác rất cao,Ổn định,-1,1,1,1,1,1,5,Q4 (High)
KH00104485,47,Nam,Cán bộ hành chính địa phương,Cà Mau,12,77.77499999999999,62.324999999999996,13.916666666666666,14,122.16666666666667,1466,29.25,0.19660747869647102,0.8877166666666666,0.25067500000000004,0.8853420385000672,Tương tác cao,Ổn định,-1,1,1,1,1,1,5,Q2
KH00104490,52,Nữ,Kỹ sư y sinh,Hải Phòng,1,49.3,68.8,7.0,7,10.0,10,2.0,0.5698901901502348,0.5862,0.113,0.8440503389376623,Tương tác trung bình,Ổn định,87,1,0,1,1,1,4,Q1 (Low)
KH00104525,25,Nam,Nhà biên soạn từ điển,Đồng Tháp,12,74.77499999999999,61.73333333333333,13.333333333333334,14,61.916666666666664,743,23.25,0.23271329079821554,0.8855083333333335,0.2657916666666667,1.9182311467406326,Tương tác cao,Cần theo dõi,-1,1,1,1,1,1,5,Q2
KH00104530,72,Nam,Sĩ quan hậu cần quân đội,Hà Nội,12,72.325,66.39166666666667,13.333333333333334,14,61.5,738,24.833333333333332,0.17528215030984118,0.68745,0.23743333333333336,1.5490609034642135,Tương tác cao,Ổn định,-1,1,1,1,1,1,5,Q1 (Low)
KH00104565,63,Nam,Quản trị viên cơ sở dữ liệu,Khánh Hòa,12,76.40833333333333,66.69166666666666,13.916666666666666,14,121.75,1461,29.416666666666668,0.16883522751326896,0.724025,0.15965,1.5011987339266097,Tương tác cao,Ổn định,-1,1,1,1,1,1,5,Q2
KH00104570,70,Nữ,Chuyên viên nghiên cứu viễn thông,Thành phố Hồ Chí Minh,12,79.26666666666667,66.10000000000001,13.916666666666666,14,243.5,2922,30.416666666666668,0.18904886255589157,0.747575,0.1705,1.4007635834195575,Tương tác cao,Ổn định,-1,1,1,1,1,1,5,Q3
KH00104605,36,Nam,Nhà tâm lý học pháp y,Điện Biên,12,79.70833333333333,67.48333333333333,14.0,14,183.08333333333334,2197,30.083333333333332,0.20546587626529544,0.67645,0.17226666666666668,0.9454523059025209,Tương tác cao,Ổn định,-1,1,1,1,1,1,5,Q3
KH00104610,63,Nữ,Nhà khoa học nghiên cứu y học,Lào Cai,1,54.6,74.7,4.0,4,8.0,8,2.0,0.6737727593842574,0.4552,0.1129,0.3122025971173781,Tương tác trung bình,Ổn định,62,1,1,1,1,0,4,Q1 (Low)
KH00104645,37,Nam,Nhân viên y tế cộng đồng,Nghệ An,12,77.54166666666667,60.041666666666664,13.416666666666666,14,61.25,735,26.083333333333332,0.2641797735453008,0.9050833333333334,0.25195833333333334,1.7010497849970594,Tương tác cao,Cần theo dõi,-1,1,1,1,1,1,5,Q2
KH00104650,21,Nam,Chuyên viên công nghệ dệt may,An Giang,12,82.90833333333333,67.83333333333333,14.0,14,303.8333333333333,3646,30.333333333333332,0.25882495164835345,0.6347416666666666,0.14281666666666668,1.0577092162161257,Tương tác rất cao,Ổn định,-1,1,1,1,1,1,5,Q4 (High)
KH00104685,57,Nam,Cán bộ quản lý thị trường,Lâm Đồng,1,46.4,69.6,5.0,5,9.0,9,2.0,0.5071802559256121,0.5749,0.1172,0.6300398067970423,Tương tác trung bình,Ổn định,232,1,1,1,0,0,3,Q1 (Low)
KH00104690,68,Nữ,Nhà tâm lý học giáo dục,Đồng Tháp,12,71.46666666666667,67.36666666666666,13.0,14,61.416666666666664,737,25.5,0.16624509955363784,0.6483916666666666,0.22848333333333334,1.7774629151203456,Tương tác cao,Ổn định,-1,1,1,1,1,1,5,Q1 (Low)
KH00104725,41,Nam,Chuyên viên nghiên cứu chương trình,Đồng Nai,12,80.5,61.93333333333334,14.0,14,242.75,2913,30.416666666666668,0.2129313448624536,0.8386833333333333,0.26735000000000003,2.3478465526295778,Tương tác cao,Ổn định,-1,1,1,1,1,1,5,Q4 (High)
KH00104730,21,Nữ,Nhà tâm lý học tư vấn,Huế,12,81.13333333333334,65.875,14.0,14,244.25,2931,30.333333333333332,0.2251200349101733,0.6200583333333334,0.13835,2.6145839861491087,Tương tác cao,Ổn định,-1,1,1,1,1,1,5,Q4 (High)
KH00104765,44,Nam,Nhà địa chất hiện trường,Đồng Nai,12,82.175,64.81666666666666,14.0,14,304.6666666666667,3656,30.416666666666668,0.24418558904665863,0.6691166666666666,0.19931666666666667,2.1965943140773185,Tương tác cao,Ổn định,-1,1,1,1,1,1,5,Q4 (High)
KH00104770,72,Nữ,Nhà khoa học y sinh,Hà Nội,12,77.54166666666667,70.96666666666667,13.916666666666666,14,182.58333333333334,2191,30.083333333333332,0.16581079442488653,0.5322416666666666,0.1628,1.4582535236005505,Tương tác cao,Ổn định,-1,1,1,1,1,1,5,Q2
KH00104805,28,Nam,Chuyên viên viết nội dung quảng cáo,Điện Biên,12,81.09166666666667,67.14999999999999,14.0,14,182.83333333333334,2194,30.083333333333332,0.23442575309848349,0.64805,0.19124166666666667,1.8793083628803726,Tương tác rất cao,Ổn định,-1,1,1,1,1,1,5,Q4 (High)
KH00104810,31,Nam,Chánh văn phòng,Tây Ninh,12,77.625,65.98333333333333,14.0,14,121.66666666666667,1460,29.416666666666668,0.18980570496069285,0.7647749999999999,0.16225,0.9827180529456278,Tương tác cao,Ổn định,-1,1,1,1,1,1,5,Q2
KH00104845,61,Nữ,Họa sĩ,Đồng Nai,12,77.72500000000001,69.94166666666666,13.75,14,182.91666666666666,2195,30.166666666666668,0.17273931455444866,0.6869999999999999,0.13859166666666667,1.3316896982138526,Tương tác cao,Ổn định,-1,1,1,1,1,1,5,Q2
KH00104850,19,Nam,Kỹ sư viễn thông,Phú Thọ,12,80.95833333333333,67.73333333333333,14.0,14,182.5,2190,29.916666666666668,0.23900332957740045,0.5813083333333333,0.11974166666666668,2.879602805432709,Tương tác cao,Ổn định,-1,1,1,1,1,1,5,Q4 (High)
KH00104885,29,Nam,Kỹ sư sản xuất,Gia Lai,12,78.14999999999999,67.76666666666667,13.833333333333334,14,122.33333333333333,1468,29.666666666666668,0.20353321815114922,0.651875,0.18186666666666665,1.6710348052160937,Tương tác cao,Ổn định,-1,1,1,1,1,1,5,Q2
KH00104890,60,Nữ,Kỹ sư khai thác mỏ,Đắk Lắk,12,72.36666666666666,71.64999999999999,13.083333333333334,14,61.5,738,25.0,0.17795362727102418,0.533625,0.136725,1.29899549396922,Tương tác cao,Ổn định,-1,1,1,1,1,1,5,Q1 (Low)
KH00104925,47,Nam,Trợ lý sản xuất truyền hình,Cần Thơ,12,80.97500000000001,59.05833333333334,14.0,14,302.3333333333333,3628,30.333333333333332,0.2208432495241457,0.9329666666666666,0.20326666666666668,2.5244478339020024,Tương tác cao,Cần theo dõi,-1,1,1,1,1,1,5,Q4 (High)
KH00104930,35,Nam,Chuyên viên trắc địa,Đắk Lắk,12,79.91666666666667,66.45833333333333,14.0,14,243.16666666666666,2918,30.416666666666668,0.20063482313578107,0.7647583333333333,0.16520833333333332,1.5556158407352072,Tương tác cao,Ổn định,-1,1,1,1,1,1,5,Q3
KH00104965,84,Nữ,Nhà hóa sinh lâm sàng,Nghệ An,12,76.26666666666667,62.76666666666667,13.25,14,61.5,738,25.083333333333332,0.25449888886908234,0.836875,0.1734416666666667,1.4878811065173165,Tương tác cao,Ổn định,-1,1,1,1,1,1,5,Q2
KH00104970,54,Nữ,Nhà khoa học lâm sàng miễn dịch di truyền,Thanh Hóa,12,77.85000000000001,68.64166666666667,13.916666666666666,14,122.25,1467,29.25,0.1967775384865885,0.6083583333333333,0.15739166666666668,1.4671867035478086,Tương tác cao,Ổn định,-1,1,1,1,1,1,5,Q2
KH00105005,65,Nữ,Chuyên viên tư vấn tài chính,Nghệ An,12,78.58333333333333,69.8,13.916666666666666,14,243.25,2919,30.333333333333332,0.17684197561219697,0.56595,0.19110000000000002,1.3564178461439251,Tương tác cao,Ổn định,-1,1,1,1,1,1,5,Q3
KH00105010,53,Nam,Kỹ sư đóng tàu,Thành phố Hồ Chí Minh,12,80.75,71.96666666666667,13.916666666666666,14,243.5,2922,30.25,0.2204824528983035,0.4490416666666666,0.1461083333333333,1.7234868751905463,Tương tác cao,Ổn định,-1,1,1,1,1,1,5,Q4 (High)
KH00105045,68,Nam,Nhà di truyền tế bào học,Cần Thơ,12,77.89166666666667,65.36666666666666,14.0,14,182.5,2190,30.333333333333332,0.16888395052933713,0.7646416666666666,0.15734166666666669,1.7723592819553635,Tương tác cao,Ổn định,-1,1,1,1,1,1,5,Q2
KH00105050,30,Nữ,Thư ký y khoa,Hà Tĩnh,12,79.40833333333333,55.125,13.916666666666666,14,182.91666666666666,2195,30.25,0.20143080548142492,1.0240833333333332,0.225,2.0790646529994636,Tương tác cao,Cần theo dõi,-1,1,1,1,1,1,5,Q3
KH00105085,79,Nam,Kế toán công tài chính công,Phú Thọ,12,77.45833333333333,69.02499999999999,13.583333333333334,14,121.83333333333333,1462,29.083333333333332,0.20047745455109037,0.6681499999999999,0.174775,1.3502456917636296,Tương tác cao,Ổn định,-1,1,1,1,1,1,5,Q2
KH00105090,50,Nữ,Lập trình viên hệ thống,Phú Thọ,12,81.61666666666666,69.15833333333333,14.0,14,303.6666666666667,3644,30.416666666666668,0.2323500171605363,0.5579333333333333,0.17720833333333333,1.4160075546244364,Tương tác rất cao,Ổn định,-1,1,1,1,1,1,5,Q4 (High)
KH00105125,24,Nữ,Bác sĩ bệnh viện,Thành phố Hồ Chí Minh,12,80.49166666666666,73.24166666666666,14.0,14,304.5,3654,30.25,0.21191103212696646,0.3722083333333333,0.09688333333333334,2.2206158593750787,Tương tác rất cao,Ổn định,-1,1,1,1,1,1,5,Q4 (High)
KH00105130,31,Nam,Quản lý bối cảnh quay,Tây Ninh,12,80.73333333333333,68.45,14.0,14,182.75,2193,30.0,0.229293216111898,0.5852416666666667,0.12945833333333334,1.8592043361435906,Tương tác rất cao,Ổn định,-1,1,1,1,1,1,5,Q4 (High)
KH00105165,59,Nam,Điều dưỡng sức khỏe tâm thần,Điện Biên,12,79.03333333333333,61.333333333333336,13.416666666666666,14,122.25,1467,29.916666666666668,0.23083408875934652,0.9116583333333333,0.30377499999999996,1.3707662443429183,Tương tác cao,Cần theo dõi,-1,1,1,1,1,1,5,Q3
KH00105170,91,Nữ,Nhà khoa học thính học,Hà Nội,12,79.88333333333334,76.00833333333334,13.75,14,182.91666666666666,2195,30.083333333333332,0.21809275578226986,0.4236166666666667,0.089025,1.4544185246064254,Tương tác cao,Ổn định,-1,1,1,1,1,1,5,Q3
KH00105205,19,Nam,Nhân viên giao nhận vận tải,Lâm Đồng,12,82.73333333333333,63.19166666666666,13.916666666666666,14,123.08333333333333,1477,29.083333333333332,0.3020315556864391,0.7780166666666667,0.18315833333333334,1.0351551347637564,Tương tác rất cao,Ổn định,-1,1,1,1,1,1,5,Q4 (High)
KH00105210,24,Nam,Chuyên viên tư vấn hướng nghiệp,Thái Nguyên,1,56.5,62.3,6.0,6,15.0,15,2.0,0.9006184969373532,0.6673,0.2117,0.6685059254904442,Tương tác trung bình,Ổn định,71,1,1,1,1,0,4,Q1 (Low)
KH00105245,45,Nữ,Lính cứu hỏa,Tây Ninh,12,82.93333333333334,67.825,14.0,14,364.25,4371,30.416666666666668,0.2583789211459175,0.639525,0.18264166666666667,1.300673914263452,Tương tác rất cao,Ổn định,-1,1,1,1,1,1,5,Q4 (High)
KH00105250,42,Nam,Điều dưỡng sức khỏe tâm thần,Hưng Yên,12,78.48333333333333,65.10833333333333,14.0,14,182.91666666666666,2195,29.916666666666668,0.18444617744356626,0.7793916666666667,0.20501666666666665,0.9450369626389019,Tương tác cao,Ổn định,-1,1,1,1,1,1,5,Q3
KH00105285,50,Nữ,Kỹ sư khoan,Lào Cai,12,80.13333333333334,70.28333333333333,14.0,14,244.33333333333334,2932,30.416666666666668,0.20414364747169778,0.5749416666666667,0.145925,1.543138870631742,Tương tác cao,Ổn định,-1,1,1,1,1,1,5,Q4 (High)
KH00105290,30,Nam,Chuyên viên trị liệu kịch nghệ,Đồng Tháp,12,82.78333333333333,65.43333333333334,14.0,14,242.75,2913,30.333333333333332,0.25862482888493316,0.642675,0.14590833333333333,2.2547943189762307,Tương tác rất cao,Ổn định,-1,1,1,1,1,1,5,Q4 (High)
KH00105325,79,Nam,Kế toán viên công chứng,Lạng Sơn,1,36.8,63.0,6.0,6,11.0,11,2.0,0.3416560604926256,0.684,0.2101,0.7907115799111621,Tương tác thấp,Ổn định,107,1,0,1,1,0,3,Q1 (Low)
KH00105330,34,Nữ,Thủ thư thư viện công cộng,Hải Phòng,12,82.16666666666667,64.27499999999999,14.0,14,182.75,2193,30.166666666666668,0.255055202797009,0.8111166666666666,0.17785833333333334,1.3656711046045518,Tương tác rất cao,Ổn định,-1,1,1,1,1,1,5,Q4 (High)
KH00105365,36,Nam,Nhân viên cấp cứu,Thái Nguyên,12,81.41666666666667,57.78333333333333,14.0,14,304.3333333333333,3652,30.416666666666668,0.22826702346300218,0.8916666666666666,0.34084166666666665,2.376823091637838,Tương tác rất cao,Cần theo dõi,-1,1,1,1,1,1,5,Q4 (High)
KH00105370,30,Nam,Chuyên viên dựng phim,Lai Châu,12,77.91666666666667,61.975,14.0,14,122.33333333333333,1468,29.333333333333332,0.19692455059157343,0.8078083333333334,0.28485,0.9197457055361072,Tương tác cao,Ổn định,-1,1,1,1,1,1,5,Q2
KH00105405,65,Nam,Nhà thiết kế đồ gỗ,Hà Nội,12,79.56666666666666,65.23333333333333,13.833333333333334,14,243.75,2925,30.416666666666668,0.19821238399171318,0.6872333333333334,0.26065,1.4230616636340427,Tương tác cao,Ổn định,-1,1,1,1,1,1,5,Q3
KH00105410,55,Nữ,Chuyên viên công nghệ màu sắc,Hà Nội,12,74.26666666666667,68.59166666666667,13.25,14,61.666666666666664,740,25.833333333333332,0.20805392245660684,0.6875916666666667,0.17445833333333335,1.2849431099530133,Tương tác cao,Ổn định,-1,1,1,1,1,1,5,Q1 (Low)
KH00105445,46,Nữ,Chuyên viên nghiên cứu xã hội,Quảng Ninh,12,78.16666666666667,62.083333333333336,14.0,14,304.5,3654,30.333333333333332,0.16555598762359905,0.693025,0.276725,2.0814425051191017,Tương tác cao,Ổn định,-1,1,1,1,1,1,5,Q2
KH00105450,57,Nữ,Luật sư tư vấn,Hà Nội,1,51.1,75.6,7.0,7,11.0,11,2.0,0.6627978496513272,0.3861,0.1001,0.8080322292360357,Tương tác trung bình,Ổn định,296,1,1,1,1,0,4,Q1 (Low)
KH00105485,80,Nữ,Chuyên viên sinh lý vận động,Lâm Đồng,12,76.56666666666668,61.775,13.416666666666666,14,122.25,1467,29.333333333333332,0.18474564140220784,0.8314833333333334,0.290875,1.7611505863925456,Tương tác cao,Ổn định,-1,1,1,1,1,1,5,Q2
KH00105490,33,Nữ,Kiểm lâm,Thành phố Hồ Chí Minh,12,81.39999999999999,69.89999999999999,13.916666666666666,14,121.58333333333333,1459,29.666666666666668,0.2650294367993797,0.601875,0.11758333333333333,1.3183030837142538,Tương tác rất cao,Ổn định,-1,1,1,1,1,1,5,Q4 (High)
KH00105525,34,Nữ,Nhà khảo cổ học,Thanh Hóa,12,77.04166666666667,61.50833333333333,13.916666666666666,14,183.08333333333334,2197,30.0,0.15819067921852611,0.8499,0.2551333333333333,1.7130683604886972,Tương tác cao,Ổn định,-1,1,1,1,1,1,5,Q2
KH00105530,35,Nữ,Quản lý công ty du lịch,Hưng Yên,12,76.25,71.76666666666667,13.916666666666666,14,122.66666666666667,1472,29.0,0.1669652169302186,0.5604,0.11444166666666666,1.5651625859843596,Tương tác cao,Ổn định,-1,1,1,1,1,1,5,Q2
KH00105565,86,Nam,Kỹ sư năng lượng,Đà Nẵng,1,48.0,75.0,5.0,5,10.0,10,2.0,0.6069387823297467,0.4,0.0906,0.9162376940591718,Tương tác trung bình,Ổn định,353,1,1,1,0,0,3,Q1 (Low)
KH00105570,57,Nam,Kỹ sư hóa học,Cần Thơ,12,72.35833333333333,69.18333333333334,13.333333333333334,14,61.666666666666664,740,25.333333333333332,0.18130776591984954,0.6895416666666666,0.161725,1.31361541052024,Tương tác cao,Ổn định,0,1,1,1,1,1,5,Q1 (Low)
KH00105605,45,Nữ,Nhà khoa học biển,Cần Thơ,12,82.075,68.64999999999999,14.0,14,303.9166666666667,3647,30.416666666666668,0.24196605379392666,0.5668666666666667,0.16949999999999998,1.4914655522761004,Tương tác rất cao,Ổn định,-1,1,1,1,1,1,5,Q4 (High)
KH00105610,56,Nam,Nghệ sĩ,Hà Nội,12,75.86666666666666,65.70833333333333,13.666666666666666,14,61.5,738,24.833333333333332,0.23360742547082358,0.8511833333333333,0.2621833333333333,1.2385918782696788,Tương tác cao,Ổn định,-1,1,1,1,1,1,5,Q2
KH00105645,26,Nữ,Giảng viên công nghệ thông tin,Quảng Ninh,12,79.53333333333333,66.28333333333333,14.0,14,243.5,2922,30.333333333333332,0.1941592811572116,0.62745,0.22549166666666667,1.8917543332273794,Tương tác cao,Ổn định,-1,1,1,1,1,1,5,Q3
KH00105650,69,Nam,Nhân viên giao dịch,Phú Thọ,12,77.35833333333333,56.083333333333336,13.416666666666666,14,122.41666666666667,1469,29.333333333333332,0.20110670366512098,1.0102833333333334,0.204075,1.338387077923717,Tương tác cao,Cần theo dõi,-1,1,1,1,1,1,5,Q2
KH00105685,23,Nam,Kỹ sư vật liệu,Phú Thọ,12,80.28333333333333,69.35833333333333,14.0,14,303.6666666666667,3644,30.25,0.20763915137028532,0.5329916666666666,0.11853333333333334,2.10806355944233,Tương tác cao,Ổn định,-1,1,1,1,1,1,5,Q4 (High)
KH00105690,80,Nữ,Chuyên viên khảo sát khoáng sản,Lâm Đồng,12,78.54166666666667,61.50833333333333,13.75,14,183.58333333333334,2203,30.083333333333332,0.1918474201079422,0.8923083333333333,0.22911666666666666,1.6085844139911656,Tương tác cao,Ổn định,-1,1,1,1,1,1,5,Q3
KH00105725,53,Nam,Luật sư sáng chế,Nghệ An,12,73.64999999999999,71.52499999999999,12.833333333333334,14,61.916666666666664,743,25.333333333333332,0.21168105195130496,0.637325,0.13983333333333334,1.4967878886047545,Tương tác cao,Ổn định,-1,1,1,1,1,1,5,Q1 (Low)
KH00105730,42,Nam,Chuyên viên giám định tổn thất công chứng,Hà Nội,12,78.96666666666667,70.10833333333333,13.833333333333334,14,243.5,2922,30.333333333333332,0.18667963514322827,0.5960333333333333,0.15493333333333334,0.9679772757790571,Tương tác cao,Ổn định,-1,1,1,1,1,1,5,Q3
KH00105765,36,Nữ,Kỹ thuật viên phòng thí nghiệm,Thanh Hóa,12,78.56666666666666,62.11666666666667,13.833333333333334,14,122.25,1467,29.5,0.2148538257492,0.9545416666666666,0.2629333333333333,1.7852613554939711,Tương tác cao,Ổn định,-1,1,1,1,1,1,5,Q3
KH00105770,52,Nữ,Dược sĩ bệnh viện,Quảng Ngãi,1,46.0,69.2,4.0,4,8.0,8,2.0,0.8094899736163125,0.5491,0.1954,0.3097776580361638,Tương tác trung bình,Ổn định,292,1,1,1,0,1,4,Q1 (Low)
KH00105805,40,Nam,Trợ lý phát thanh,Tuyên Quang,12,78.48333333333333,63.18333333333334,14.0,14,182.83333333333334,2194,30.416666666666668,0.17993088012318115,0.8029666666666667,0.271725,0.9552535139072348,Tương tác cao,Ổn định,-1,1,1,1,1,1,5,Q3
KH00105810,39,Nam,Nhà thiết kế nội thất,Tây Ninh,12,75.05,64.23333333333333,13.25,14,61.666666666666664,740,25.75,0.23732389309412907,0.8386583333333334,0.1787,1.6499387810333859,Tương tác cao,Ổn định,-1,1,1,1,1,1,5,Q2
KH00105845,65,Nữ,Nhà văn khoa học,Hà Nội,12,72.43333333333334,61.48333333333333,13.083333333333334,14,61.583333333333336,739,25.5,0.17796045091852974,0.898075,0.19926666666666668,1.3326929292204424,Tương tác cao,Ổn định,-1,1,1,1,1,1,5,Q1 (Low)
KH00105850,51,Nữ,Kỹ thuật viên y tế,Đồng Tháp,12,75.52499999999999,63.43333333333334,12.916666666666666,14,61.666666666666664,740,25.25,0.2454567840102445,0.7924416666666666,0.26987500000000003,1.3776045206341276,Tương tác cao,Ổn định,-1,1,1,1,1,1,5,Q2
KH00105885,55,Nữ,Chuyên viên thẩm định bảo hiểm,Tuyên Quang,12,78.10833333333333,68.51666666666667,13.75,14,182.5,2190,30.25,0.18044024194383948,0.6717583333333333,0.153925,1.4484925123442585,Tương tác cao,Ổn định,-1,1,1,1,1,1,5,Q2
KH00105890,37,Nam,Kỹ sư phát thanh truyền hình,Cần Thơ,12,72.31666666666666,74.06666666666666,13.0,14,61.25,735,24.75,0.18823522757066133,0.5302416666666666,0.10561666666666665,0.8006418283137515,Tương tác cao,Ổn định,-1,1,1,1,1,1,5,Q1 (Low)
KH00105925,33,Nam,Giám đốc chiến lược,Vĩnh Long,12,83.21666666666667,73.2,14.0,14,243.58333333333334,2923,30.25,0.2683842525909838,0.39809999999999995,0.14743333333333333,1.8839138289454016,Tương tác rất cao,Ổn định,-1,1,1,1,1,1,5,Q4 (High)
KH00105930,28,Nam,Cán bộ thủy sản,An Giang,12,78.175,63.050000000000004,14.0,14,182.75,2193,30.166666666666668,0.17534144586178424,0.8563666666666667,0.23413333333333333,0.9414319584122017,Tương tác cao,Ổn định,-1,1,1,1,1,1,5,Q3
KH00105965,76,Nữ,Kỹ sư cấp thoát nước,Đồng Nai,1,47.4,68.0,5.0,5,8.0,8,2.0,0.8419011091982828,0.5616,0.1176,1.0653750374246778,Tương tác trung bình,Ổn định,180,1,1,0,1,0,3,Q1 (Low)
KH00105970,79,Nữ,Kỹ sư vật liệu,Đồng Nai,12,72.74166666666666,72.00833333333334,13.0,14,61.833333333333336,742,25.25,0.18872159088269216,0.5767166666666667,0.12710000000000002,1.39430660943039,Tương tác cao,Ổn định,-1,1,1,1,1,1,5,Q1 (Low)
KH00106005,17,Nam,Chuyên viên khảo sát bất động sản,Thành phố Hồ Chí Minh,12,82.91666666666667,66.325,14.0,14,303.5833333333333,3643,30.416666666666668,0.25892041437389485,0.693275,0.153425,1.3858384209788939,Tương tác rất cao,Ổn định,-1,1,1,1,1,1,5,Q4 (High)
KH00106010,81,Nữ,Kỹ thuật viên kế toán,Đồng Nai,12,75.60833333333333,68.40833333333333,13.333333333333334,14,61.833333333333336,742,26.166666666666668,0.22672577708999841,0.6161,0.12578333333333333,1.48985133593592,Tương tác cao,Ổn định,-1,1,1,1,1,1,5,Q2
KH00106045,57,Nam,Kỹ sư kết cấu,Lào Cai,12,73.35000000000001,67.55833333333334,13.083333333333334,14,61.5,738,24.916666666666668,0.2011147681046084,0.7120666666666667,0.2157083333333333,1.3181279879395,Tương tác cao,Ổn định,-1,1,1,1,1,1,5,Q1 (Low)
KH00106050,52,Nam,Kỹ sư viễn thông,Gia Lai,12,72.89999999999999,68.54166666666667,13.0,14,61.833333333333336,742,25.916666666666668,0.18545987416337703,0.6744499999999999,0.19974999999999998,1.308087346723644,Tương tác cao,Ổn định,-1,1,1,1,1,1,5,Q1 (Low)
KH00106085,60,Nam,Chuyên viên phân tích rủi ro,Quảng Ngãi,1,54.1,65.3,6.0,6,10.0,10,2.0,0.8810587913766217,0.577,0.2298,0.8290936473344064,Tương tác trung bình,Ổn định,341,1,1,1,1,0,4,Q1 (Low)
KH00106090,43,Nữ,Giáo viên tiếng anh,Cần Thơ,12,80.39166666666667,65.55833333333334,13.916666666666666,14,122.41666666666667,1469,29.25,0.2490987235963713,0.6684166666666668,0.19828333333333334,1.458075568102011,Tương tác rất cao,Ổn định,-1,1,1,1,1,1,5,Q4 (High)
KH00106125,48,Nữ,Giáo viên mầm non,Quảng Trị,12,80.38333333333334,57.449999999999996,14.0,14,304.0833333333333,3649,30.416666666666668,0.20844549267647583,0.8377666666666667,0.3326,2.1401698228731516,Tương tác cao,Cần theo dõi,-1,1,1,1,1,1,5,Q4 (High)
KH00106130,83,Nữ,Chánh văn phòng,Thanh Hóa,1,57.3,56.3,5.0,5,11.0,11,2.0,0.8594935171692262,0.7676,0.2962,0.417977560560732,Tương tác trung bình,Cần theo dõi,307,1,0,1,1,1,4,Q1 (Low)
KH00106165,68,Nữ,Nhà báo tạp chí,Thành phố Hồ Chí Minh,12,71.71666666666667,68.59166666666667,13.25,14,62.0,744,25.916666666666668,0.1549854407768297,0.6434083333333334,0.17680833333333335,1.347338633858617,Tương tác cao,Ổn định,-1,1,1,1,1,1,5,Q1 (Low)
KH00106170,21,Nam,Kế toán công tài chính công,Hải Phòng,12,80.14999999999999,65.63333333333334,14.0,14,363.6666666666667,4364,30.333333333333332,0.20351871031914626,0.6543583333333333,0.174575,2.4201124437416444,Tương tác rất cao,Ổn định,-1,1,1,1,1,1,5,Q4 (High)
KH00106205,58,Nam,Nhân viên phát triển cộng đồng,Lào Cai,1,56.8,60.8,6.0,6,7.0,7,1.0,0.676931977481587,0.6868,0.21,0.7870876666855412,Tương tác trung bình,Ổn định,335,1,1,1,0,0,3,Q1 (Low)
KH00106210,68,Nữ,Thư ký pháp lý,Huế,1,53.8,54.5,5.0,5,12.0,12,2.0,0.7057443670369673,0.8473,0.2316,0.8902349077439645,Tương tác trung bình,Cần theo dõi,6,1,1,1,1,0,4,Q1 (Low)
KH00106245,36,Nam,Bác sĩ đo mắt,Nghệ An,12,80.81666666666666,72.86666666666666,13.916666666666666,14,122.41666666666667,1469,29.333333333333332,0.2568412922465011,0.43517500000000003,0.12319166666666666,1.7918996043651358,Tương tác rất cao,Ổn định,-1,1,1,1,1,1,5,Q4 (High)
KH00106250,64,Nữ,Luật sư tranh tụng,Phú Thọ,12,78.10833333333333,74.54166666666667,13.75,14,243.0,2916,30.25,0.17369071726497054,0.39543333333333336,0.13641666666666666,1.8377489347435028,Tương tác cao,Ổn định,-1,1,1,1,1,1,5,Q2
KH00106285,58,Nam,Luật sư,Ninh Bình,1,49.6,74.8,6.0,6,11.0,11,2.0,0.7552145872275108,0.3756,0.1083,0.7885102382682994,Tương tác trung bình,Ổn định,292,1,1,1,1,0,4,Q1 (Low)
KH00106290,54,Nam,Nhà thiết kế trang sức,Ninh Bình,12,79.28333333333333,64.02499999999999,13.583333333333334,14,182.75,2193,30.166666666666668,0.21100456615890995,0.7532333333333333,0.22585833333333336,1.532251866734317,Tương tác cao,Ổn định,-1,1,1,1,1,1,5,Q3
KH00106325,58,Nam,Nhà tâm lý học lâm sàng,Hưng Yên,12,80.05,68.15833333333333,13.916666666666666,14,183.33333333333334,2200,30.166666666666668,0.21500914562848905,0.7020333333333334,0.157125,1.4179448228879428,Tương tác cao,Ổn định,-1,1,1,1,1,1,5,Q4 (High)
KH00106330,55,Nam,Chuyên viên dựng phim,Thanh Hóa,1,50.0,64.5,6.0,6,12.0,12,2.0,0.8871884041309804,0.6365,0.1631,0.5870112620510589,Tương tác trung bình,Ổn định,259,1,1,1,0,1,4,Q1 (Low)
KH00106365,87,Nam,Chuyên viên trang điểm,Thành phố Hồ Chí Minh,12,79.39999999999999,65.33333333333333,13.916666666666666,14,183.0,2196,30.083333333333332,0.20243695995997937,0.7037416666666667,0.21071666666666666,1.5211021680760315,Tương tác cao,Ổn định,-1,1,1,1,1,1,5,Q3
KH00106370,58,Nữ,Kỹ sư phần mềm,Hải Phòng,1,40.5,71.4,5.0,5,11.0,11,2.0,0.4434001001502253,0.4902,0.1829,0.5031256448929673,Tương tác trung bình,Ổn định,116,1,1,1,1,1,5,Q1 (Low)
KH00106405,37,Nam,Bác sĩ ung bướu,Cà Mau,12,72.825,73.30833333333332,12.75,14,61.5,738,25.166666666666668,0.19725520819796108,0.5436833333333333,0.12905,0.760960385089331,Tương tác cao,Ổn định,-1,1,1,1,1,1,5,Q1 (Low)
KH00106410,44,Nữ,Chuyên viên giám định tổn thất công chứng,Đồng Tháp,12,83.05,67.325,14.0,14,364.5,4374,30.333333333333332,0.2615677113294283,0.7002333333333333,0.14666666666666667,1.376559310080413,Tương tác rất cao,Ổn định,-1,1,1,1,1,1,5,Q4 (High)
KH00106445,73,Nữ,Nhân viên cứu trợ quốc tế,Đà Nẵng,12,71.875,62.71666666666667,13.0,14,61.083333333333336,733,25.25,0.17248581289990353,0.881825,0.24632500000000002,1.2263835890127857,Tương tác cao,Ổn định,-1,1,1,1,1,1,5,Q1 (Low)
KH00106450,55,Nam,Chuyên viên thu mua bán lẻ,Hưng Yên,12,77.26666666666667,65.22500000000001,13.916666666666666,14,182.58333333333334,2191,30.083333333333332,0.16184506661494955,0.735125,0.16679166666666667,1.8469330272840976,Tương tác cao,Ổn định,-1,1,1,1,1,1,5,Q2
KH00106485,36,Nữ,Chuyên viên nghiên cứu chính trị,Gia Lai,12,79.0,64.03333333333333,14.0,14,365.0833333333333,4381,30.416666666666668,0.17976449645193057,0.7750833333333333,0.18538333333333334,1.7543810019160537,Tương tác cao,Ổn định,-1,1,1,1,1,1,5,Q3
KH00106490,74,Nữ,Cán bộ thông tin,Cần Thơ,1,17.4,63.4,5.0,5,8.0,8,2.0,0.0,0.7414,0.2537,0.8529006795025609,Tương tác thấp,Ổn định,25,1,0,0,1,0,2,Q1 (Low)
KH00106525,50,Nam,Nghệ nhân thổi thủy tinh,Thành phố Hồ Chí Minh,12,72.175,65.65833333333333,13.0,14,61.833333333333336,742,24.5,0.18072389409336487,0.7925583333333334,0.21835833333333332,0.8628953766543078,Tương tác cao,Ổn định,-1,1,1,1,1,1,5,Q1 (Low)
KH00106530,72,Nam,Tiếp viên hàng không,Đồng Nai,12,74.34166666666667,64.31666666666666,13.666666666666666,14,121.91666666666667,1463,29.166666666666668,0.13584698747989019,0.863025,0.18758333333333335,1.9196144817899568,Tương tác cao,Ổn định,-1,1,1,1,1,1,5,Q1 (Low)
KH00106565,21,Nam,Nhà giao dịch hợp đồng tương lai,Gia Lai,12,80.05,66.55833333333334,14.0,14,305.0833333333333,3661,30.333333333333332,0.20185724913279113,0.61205,0.14051666666666668,2.559576325170671,Tương tác cao,Ổn định,-1,1,1,1,1,1,5,Q4 (High)
KH00106570,16,Nữ,Giảng viên đại học,Thành phố Hồ Chí Minh,12,77.55833333333334,72.56666666666666,13.583333333333334,14,61.666666666666664,740,24.583333333333332,0.27358538744430316,0.43851666666666667,0.16128333333333333,1.0300685494508302,Tương tác cao,Ổn định,-1,1,1,1,1,1,5,Q2
KH00106605,89,Nữ,Chuyên viên chăm sóc bàn chân,Hải Phòng,12,79.84166666666667,67.8,13.916666666666666,14,182.58333333333334,2191,30.333333333333332,0.20967686745468292,0.63095,0.14135833333333334,1.6329280844818779,Tương tác cao,Ổn định,-1,1,1,1,1,1,5,Q3
KH00106610,63,Nam,Nhà địa chất công trình,Thành phố Hồ Chí Minh,12,78.2,70.11666666666666,13.75,14,122.16666666666667,1466,28.5,0.2138740821437826,0.572775,0.13709166666666667,1.69973002121229,Tương tác cao,Ổn định,-1,1,1,1,1,1,5,Q3
KH00106645,46,Nam,Nhà độc chất học,Bắc Ninh,12,78.075,68.08333333333333,14.0,14,243.08333333333334,2917,30.333333333333332,0.16492615694408774,0.7144750000000001,0.163475,0.9569664430378132,Tương tác cao,Ổn định,-1,1,1,1,1,1,5,Q2
KH00106650,29,Nữ,Quản lý công viên giải trí,Thành phố Hồ Chí Minh,12,80.41666666666667,69.85833333333333,14.0,14,182.58333333333334,2191,30.0,0.2220972505951091,0.6054166666666666,0.12169166666666666,1.421481498253212,Tương tác rất cao,Ổn định,-1,1,1,1,1,1,5,Q4 (High)
KH00106685,35,Nam,Quản lý hoạt động ngoài trời,Cần Thơ,12,78.25,72.575,14.0,14,122.16666666666667,1466,29.416666666666668,0.2016480504584155,0.5565333333333333,0.12689166666666665,0.8930402549462809,Tương tác cao,Ổn định,-1,1,1,1,1,1,5,Q3
KH00106690,90,Nữ,Nhà thiết kế dệt may,Lào Cai,12,74.675,66.31666666666666,13.166666666666666,14,61.25,735,25.333333333333332,0.22196125083327958,0.7898999999999999,0.21594166666666667,1.1798146646135426,Tương tác cao,Ổn định,0,1,1,1,1,1,5,Q1 (Low)
KH00106725,65,Nam,Thủ thư học thuật,Đắk Lắk,12,78.80833333333334,63.86666666666667,13.75,14,243.25,2919,30.25,0.18641653957160942,0.7897416666666667,0.22283333333333333,1.5735048311306148,Tương tác cao,Ổn định,-1,1,1,1,1,1,5,Q3
KH00106730,67,Nam,Chuyên viên phôi học lâm sàng,Tuyên Quang,12,71.73333333333333,69.325,13.0,14,61.166666666666664,734,26.083333333333332,0.16127103727749337,0.6321333333333333,0.18300000000000002,1.2224309178784134,Tương tác cao,Ổn định,-1,1,1,1,1,1,5,Q1 (Low)
KH00106765,65,Nam,Người hướng dẫn học tập,Thành phố Hồ Chí Minh,12,78.91666666666667,63.416666666666664,14.0,14,182.91666666666666,2195,30.083333333333332,0.1922665592088855,0.7416083333333333,0.2543916666666667,1.6242415180091874,Tương tác cao,Ổn định,-1,1,1,1,1,1,5,Q3
KH00106770,51,Nữ,Nhà di truyền tế bào học,Hà Nội,12,79.58333333333333,64.49166666666666,13.916666666666666,14,242.91666666666666,2915,30.333333333333332,0.19698239011743224,0.7229833333333334,0.2790416666666667,1.4130914681766427,Tương tác cao,Ổn định,-1,1,1,1,1,1,5,Q3
KH00106805,31,Nữ,Chuyên viên dựng phim,Đồng Tháp,12,80.175,66.28333333333333,14.0,14,365.0833333333333,4381,30.416666666666668,0.203472521766927,0.6863083333333333,0.17808333333333334,1.805874842141997,Tương tác cao,Ổn định,-1,1,1,1,1,1,5,Q4 (High)
KH00106810,43,Nam,Chuyên viên khảo sát khoáng sản,Lào Cai,12,74.09166666666667,47.166666666666664,13.166666666666666,14,61.666666666666664,740,25.916666666666668,0.2238494141130651,1.0324833333333332,0.3616,2.130698029145309,Tương tác cao,Có dấu hiệu căng thẳng tài chính,-1,1,1,1,1,1,5,Q1 (Low)
KH00106845,36,Nam,Nhà hóa sinh lâm sàng,Cà Mau,12,79.2,58.94166666666666,14.0,14,182.41666666666666,2189,30.333333333333332,0.19449096733555446,0.9448,0.3753166666666667,0.9155699514290424,Tương tác cao,Ổn định,-1,1,1,1,1,1,5,Q3
KH00106850,53,Nam,Chuyên viên nghiên cứu chính trị,Đồng Nai,12,78.35833333333333,58.21666666666667,13.416666666666666,14,61.833333333333336,742,25.916666666666668,0.2846471169801607,0.9571833333333334,0.37761666666666666,1.4705688145757196,Tương tác cao,Cần theo dõi,-1,1,1,1,1,1,5,Q3
KH00106885,58,Nữ,Kỹ sư bảo trì,Lâm Đồng,12,76.15,71.98333333333333,13.75,14,122.33333333333333,1468,29.416666666666668,0.16825321408853422,0.5347333333333334,0.151,1.5708597339927923,Tương tác cao,Ổn định,-1,1,1,1,1,1,5,Q2
KH00106890,23,Nữ,Trợ lý sản xuất truyền hình,Đồng Nai,1,44.7,60.6,7.0,7,13.0,13,2.0,0.4614522142882268,0.7286,0.1541,0.7763036060429355,Tương tác trung bình,Ổn định,205,1,1,1,1,0,4,Q1 (Low)
KH00106925,43,Nam,Nhà khoa học nghiên cứu khoa học tự nhiên,Đồng Nai,12,80.43333333333334,66.38333333333334,13.833333333333334,14,122.25,1467,29.75,0.24971562640847825,0.7169666666666666,0.214225,1.7972531808149317,Tương tác cao,Ổn định,-1,1,1,1,1,1,5,Q4 (High)
KH00106930,58,Nữ,Nhà khoa học nghiên cứu y học,Cà Mau,12,75.43333333333332,71.41666666666667,13.666666666666666,14,121.83333333333333,1462,29.333333333333332,0.15566061936880213,0.6225833333333334,0.139675,1.375161613726447,Tương tác cao,Ổn định,-1,1,1,1,1,1,5,Q2
KH00106965,61,Nam,Sĩ quan huấn luyện quân đội,Phú Thọ,12,79.58333333333333,62.46666666666667,14.0,14,243.25,2919,30.333333333333332,0.1946236208228442,0.9403916666666667,0.18596666666666664,1.725315108664167,Tương tác cao,Ổn định,-1,1,1,1,1,1,5,Q3
KH00106970,70,Nữ,Chuyên viên ngân hàng đầu tư doanh nghiệp,Lâm Đồng,12,78.43333333333334,66.55833333333334,13.916666666666666,14,122.08333333333333,1465,29.583333333333332,0.2063966222000495,0.7007,0.147825,1.8986740409952496,Tương tác cao,Ổn định,-1,1,1,1,1,1,5,Q3
KH00107005,53,Nam,Kỹ sư vật liệu,Tuyên Quang,12,74.30833333333334,73.86666666666666,13.166666666666666,14,61.583333333333336,739,25.333333333333332,0.21859263091621703,0.48491666666666666,0.10585,1.3980856395214847,Tương tác cao,Ổn định,-1,1,1,1,1,1,5,Q1 (Low)
KH00107010,82,Nam,Kỹ sư năng lượng,Đắk Lắk,12,75.11666666666666,68.425,13.916666666666666,14,121.75,1461,29.166666666666668,0.1426945421956498,0.5765,0.2245,1.5605773887004906,Tương tác cao,Ổn định,-1,1,1,1,1,1,5,Q2
KH00107045,57,Nam,Thư ký y khoa,Quảng Ninh,12,72.23333333333333,64.26666666666667,13.25,14,61.583333333333336,739,26.166666666666668,0.16375494527735437,0.8060416666666667,0.23488333333333333,1.3343365804526737,Tương tác cao,Ổn định,-1,1,1,1,1,1,5,Q1 (Low)
KH00107050,47,Nam,Chuyên viên nghiên cứu thị trường,Khánh Hòa,12,76.65833333333333,63.43333333333334,13.5,14,61.583333333333336,739,26.083333333333332,0.25229474408133995,0.9191666666666668,0.20724166666666666,1.4556105753568394,Tương tác cao,Ổn định,-1,1,1,1,1,1,5,Q2
KH00107085,49,Nữ,Nhà vật lý y tế,Lâm Đồng,12,82.98333333333333,64.3,14.0,14,364.5,4374,30.416666666666668,0.2597673744122511,0.7513166666666667,0.2227083333333333,1.7942648221951902,Tương tác rất cao,Ổn định,-1,1,1,1,1,1,5,Q4 (High)
KH00107090,56,Nam,Chuyên viên quan hệ công chúng,Quảng Trị,12,74.60000000000001,63.00833333333333,13.0,14,61.083333333333336,733,25.25,0.2246853592406017,0.8156,0.2502166666666667,1.3315410684027358,Tương tác cao,Ổn định,-1,1,1,1,1,1,5,Q1 (Low)
KH00107125,29,Nam,Chuyên viên quy hoạch giao thông,Quảng Ngãi,12,78.45,64.73333333333333,13.916666666666666,14,122.25,1467,29.916666666666668,0.20489815643798281,0.8265333333333333,0.22799166666666668,0.9225856099360349,Tương tác cao,Ổn định,-1,1,1,1,1,1,5,Q3
KH00107130,58,Nữ,Nhà khoa học y sinh,Thành phố Hồ Chí Minh,12,77.85833333333333,69.03333333333333,13.833333333333334,14,122.25,1467,29.5,0.20106480241817903,0.579425,0.15895833333333334,1.745642419401909,Tương tác cao,Ổn định,-1,1,1,1,1,1,5,Q2
KH00107165,22,Nam,Quản lý công ty du lịch,Đồng Nai,12,81.19166666666666,66.58333333333333,14.0,14,304.6666666666667,3656,30.25,0.22577862130234272,0.5734166666666667,0.15540833333333334,2.330646264117694,Tương tác rất cao,Ổn định,-1,1,1,1,1,1,5,Q4 (High)
KH00107170,62,Nữ,Nhà sản xuất phát thanh,Đà Nẵng,12,78.72500000000001,62.5,13.916666666666666,14,243.91666666666666,2927,30.416666666666668,0.179911344883764,0.8368083333333334,0.21016666666666664,1.7220330359327718,Tương tác cao,Ổn định,-1,1,1,1,1,1,5,Q3
KH00107205,26,Nam,Kỹ sư y sinh,Lâm Đồng,12,80.7,68.81666666666666,14.0,14,243.33333333333334,2920,30.416666666666668,0.2166247947314852,0.5373249999999999,0.17775833333333332,2.2509532070999865,Tương tác rất cao,Ổn định,-1,1,1,1,1,1,5,Q4 (High)
KH00107210,46,Nam,Cán bộ quản lý thị trường,Đồng Tháp,12,77.64999999999999,72.26666666666667,13.916666666666666,14,183.08333333333334,2197,29.916666666666668,0.168631835504812,0.5346916666666667,0.15305,0.9136778272010716,Tương tác cao,Ổn định,-1,1,1,1,1,1,5,Q2
KH00107245,53,Nam,Phó giáo sư,Sơn La,12,71.80833333333334,68.60833333333333,12.583333333333334,13,61.166666666666664,734,25.25,0.17905880305466285,0.6140083333333334,0.21714999999999998,1.2875054154739534,Tương tác cao,Ổn định,-1,1,1,1,1,1,5,Q1 (Low)
KH00107250,30,Nữ,Chuyên viên kinh doanh công nghệ thông tin,Sơn La,12,81.11666666666666,61.083333333333336,13.916666666666666,14,243.83333333333334,2926,30.416666666666668,0.2270087263376098,0.8717916666666666,0.18045,1.9896362415026978,Tương tác cao,Ổn định,-1,1,1,1,1,1,5,Q4 (High)
KH00107285,51,Nữ,Lập trình viên hệ thống,Cao Bằng,12,77.39999999999999,66.24166666666666,13.333333333333334,14,122.0,1464,28.666666666666668,0.21080226887897777,0.6551,0.21472500000000003,1.5197030701085108,Tương tác cao,Ổn định,-1,1,1,1,1,1,5,Q2
KH00107290,19,Nữ,Người phụ trách bảo tàng,Thành phố Hồ Chí Minh,12,80.79166666666667,67.05833333333332,14.0,14,183.5,2202,29.333333333333332,0.23311859699381957,0.6094916666666667,0.136225,2.5498266882818648,Tương tác cao,Ổn định,-1,1,1,1,1,1,5,Q4 (High)
KH00107325,31,Nữ,Kỹ sư điện tử,Nghệ An,12,79.19166666666666,67.50833333333334,14.0,14,365.0,4380,30.416666666666668,0.18395887716406945,0.57355,0.185075,2.1115570321789825,Tương tác cao,Ổn định,-1,1,1,1,1,1,5,Q3
KH00107330,16,Nữ,Giáo viên trung học,Đồng Nai,12,81.6,65.00833333333334,14.0,14,305.3333333333333,3664,30.333333333333332,0.2325352084671589,0.6469833333333334,0.18084166666666668,2.22773509673773,Tương tác cao,Ổn định,-1,1,1,1,1,1,5,Q4 (High)
KH00107365,55,Nam,Kỹ sư xây dựng tư vấn,Thành phố Hồ Chí Minh,12,71.8,70.675,13.0,14,61.166666666666664,734,24.833333333333332,0.17399890380262104,0.6043916666666667,0.19779999999999998,1.3674738445334318,Tương tác cao,Ổn định,-1,1,1,1,1,1,5,Q1 (Low)
KH00107370,80,Nam,Quản lý trung tâm thể hình,Ninh Bình,1,49.1,67.1,6.0,6,9.0,9,2.0,0.6049361537084551,0.5937,0.1301,0.8081087458967683,Tương tác trung bình,Ổn định,236,1,1,0,1,0,3,Q1 (Low)
KH00107405,30,Nam,Chuyên viên tư vấn tài chính,Vĩnh Long,12,75.25833333333334,67.825,13.166666666666666,14,61.416666666666664,737,25.5,0.2323892961038794,0.7620999999999999,0.19465833333333335,0.8154879833249908,Tương tác cao,Ổn định,-1,1,1,1,1,1,5,Q2
KH00107410,39,Nữ,Nhà thầu,Thành phố Hồ Chí Minh,12,82.84166666666667,65.51666666666667,14.0,14,363.8333333333333,4366,30.416666666666668,0.25685562408108326,0.7696166666666667,0.17141666666666666,1.276709810833785,Tương tác rất cao,Ổn định,-1,1,1,1,1,1,5,Q4 (High)
KH00107445,28,Nữ,Kỹ sư vật liệu,Hải Phòng,12,70.91666666666667,72.5,13.0,14,60.916666666666664,731,26.083333333333332,0.14801204509365753,0.5193416666666667,0.15033333333333335,1.3085593558930162,Tương tác cao,Ổn định,-1,1,1,1,1,1,5,Q1 (Low)
KH00107450,37,Nữ,Kỹ sư y sinh,Ninh Bình,12,82.38333333333334,67.53333333333333,14.0,14,243.5,2922,30.416666666666668,0.25001617360729284,0.59795,0.17986666666666665,1.7293614043381649,Tương tác rất cao,Ổn định,-1,1,1,1,1,1,5,Q4 (High)
KH00107485,91,Nam,Chuyên viên thu mua công nghiệp,Hưng Yên,12,72.5,67.29166666666667,13.333333333333334,14,61.333333333333336,736,25.583333333333332,0.169132538348534,0.7016083333333333,0.20579999999999998,1.1934717597990832,Tương tác cao,Ổn định,-1,1,1,1,1,1,5,Q1 (Low)
KH00107490,52,Nam,Nhà tâm lý học tư vấn,Thái Nguyên,12,72.64999999999999,67.72500000000001,13.166666666666666,14,61.25,735,24.583333333333332,0.18450435822909317,0.7396916666666667,0.166375,1.351345002648926,Tương tác cao,Ổn định,-1,1,1,1,1,1,5,Q1 (Low)
KH00107525,26,Nữ,Chuyên viên trưng bày sản phẩm,Thái Nguyên,12,76.93333333333334,65.80833333333334,13.75,14,122.5,1470,29.416666666666668,0.1826198922411629,0.7961583333333334,0.15948333333333334,1.804369027765108,Tương tác cao,Ổn định,-1,1,1,1,1,1,5,Q2
KH00107530,45,Nam,Giảng viên công nghệ thông tin,Đồng Tháp,12,73.925,74.55833333333334,13.5,14,61.416666666666664,737,25.083333333333332,0.19709585457866788,0.492825,0.11118333333333334,0.8832811856110996,Tương tác cao,Ổn định,-1,1,1,1,1,1,5,Q1 (Low)
KH00107565,56,Nam,Quản lý tổng đài,Nghệ An,12,71.23333333333333,60.56666666666666,13.0,14,61.083333333333336,733,24.416666666666668,0.1629324062370362,0.9484583333333333,0.2664083333333333,1.4226842483917583,Tương tác cao,Ổn định,-1,1,1,1,1,1,5,Q1 (Low)
KH00107570,63,Nữ,Quản lý sản xuất,Thanh Hóa,12,72.54166666666667,68.27499999999999,13.0,14,61.5,738,25.75,0.18053397902141324,0.6564583333333333,0.15874166666666667,1.4957501504839732,Tương tác cao,Ổn định,-1,1,1,1,1,1,5,Q1 (Low)
KH00107605,54,Nam,Biên tập viên chuyên đề tạp chí,Thành phố Hồ Chí Minh,12,78.7,63.69166666666667,13.75,14,243.41666666666666,2921,30.333333333333332,0.18417333393402988,0.77725,0.21125833333333333,2.1038635171683184,Tương tác cao,Ổn định,-1,1,1,1,1,1,5,Q3
KH00107610,59,Nữ,Cán bộ giáo dục bảo tàng,Khánh Hòa,12,74.6,58.36666666666667,12.75,14,61.75,741,24.833333333333332,0.2379680221956588,0.9525666666666667,0.26948333333333335,1.4553699164391884,Tương tác cao,Ổn định,-1,1,1,1,1,1,5,Q1 (Low)
KH00107645,42,Nữ,Chuyên viên trắc địa,Đồng Tháp,12,74.72500000000001,64.65833333333333,13.583333333333334,14,121.66666666666667,1460,29.333333333333332,0.1452446042848819,0.6982916666666666,0.23771666666666666,1.6811000543033316,Tương tác cao,Ổn định,-1,1,1,1,1,1,5,Q1 (Low)
KH00107650,35,Nữ,Kỹ sư kết cấu,Đồng Nai,12,82.18333333333334,72.05,14.0,14,365.0,4380,30.416666666666668,0.24384806238038825,0.5049750000000001,0.10965833333333334,1.404175093794355,Tương tác rất cao,Ổn định,-1,1,1,1,1,1,5,Q4 (High)
KH00107685,50,Nữ,Chuyên viên cây xanh cảnh quan,Đà Nẵng,12,79.06666666666666,61.541666666666664,14.0,14,243.16666666666666,2918,30.416666666666668,0.18389345497855983,0.791125,0.23034999999999997,2.0169630840076547,Tương tác cao,Cần theo dõi,-1,1,1,1,1,1,5,Q3
KH00107690,57,Nam,Nhà văn khoa học,Thanh Hóa,12,75.925,64.75833333333334,13.416666666666666,14,122.08333333333333,1465,29.5,0.17242938866702492,0.792875,0.17505,2.3172621236806576,Tương tác cao,Ổn định,-1,1,1,1,1,1,5,Q2
KH00107725,22,Nam,Thủ thư thư viện công cộng,An Giang,12,82.35000000000001,62.34166666666667,14.0,14,182.83333333333334,2194,29.916666666666668,0.26014752636994115,0.7300916666666667,0.20126666666666668,2.349604855038629,Tương tác rất cao,Cần theo dõi,-1,1,1,1,1,1,5,Q4 (High)
KH00107730,36,Nữ,Chuyên viên nắn chỉnh xương,Thành phố Hồ Chí Minh,12,80.72500000000001,67.96666666666667,14.0,14,304.25,3651,30.416666666666668,0.21498221511227178,0.626425,0.131475,1.664651935500127,Tương tác rất cao,Ổn định,-1,1,1,1,1,1,5,Q4 (High)
KH00107765,26,Nam,Cán bộ hành chính địa phương,Cà Mau,12,79.19166666666666,61.4,13.916666666666666,14,122.41666666666667,1469,29.75,0.22127819320310338,1.0063833333333334,0.19761666666666666,0.9522088770615981,Tương tác cao,Cần theo dõi,-1,1,1,1,1,1,5,Q3
KH00107770,46,Nam,Chuyên viên công nghệ dệt may,Sơn La,12,79.25,68.63333333333334,13.916666666666666,14,183.0,2196,30.25,0.19849338646555506,0.7066916666666666,0.14985,0.9154632442587277,Tương tác cao,Ổn định,-1,1,1,1,1,1,5,Q3
KH00107805,23,Nữ,Giáo viên mầm non,Cần Thơ,12,84.18333333333332,63.25833333333333,14.0,14,243.58333333333334,2923,30.25,0.2873374710383955,0.82705,0.16415,1.038230251111454,Tương tác rất cao,Ổn định,-1,1,1,1,1,1,5,Q4 (High)
KH00107810,23,Nam,Biên tập viên đặt bài,Thành phố Hồ Chí Minh,1,48.8,69.7,5.0,5,14.0,14,2.0,0.6338521801876095,0.5184,0.2099,0.4483077019362196,Tương tác trung bình,Ổn định,27,1,1,1,1,0,4,Q1 (Low)
KH00107845,36,Nam,Phóng viên ảnh,Sơn La,12,81.625,65.375,14.0,14,304.4166666666667,3653,30.416666666666668,0.23316034435131316,0.657525,0.15805,2.2241934951651676,Tương tác rất cao,Ổn định,-1,1,1,1,1,1,5,Q4 (High)
KH00107850,48,Nữ,Nhân viên cứu trợ quốc tế,Lâm Đồng,12,78.55,57.5,14.0,14,305.0,3660,30.416666666666668,0.17143033580427466,0.8414,0.32675000000000004,2.1766104571760256,Tương tác cao,Cần theo dõi,-1,1,1,1,1,1,5,Q3
KH00107885,45,Nữ,Nhà khoa học thính học,Thành phố Hồ Chí Minh,12,82.45833333333333,72.7,14.0,14,364.3333333333333,4372,30.416666666666668,0.24944241272149334,0.4694416666666667,0.12708333333333333,1.380299540012043,Tương tác rất cao,Ổn định,-1,1,1,1,1,1,5,Q4 (High)
KH00107890,23,Nam,Chuyên viên viết nội dung quảng cáo,Hà Nội,1,50.5,65.1,5.0,5,9.0,9,2.0,0.7208388611082763,0.6088,0.219,0.5875034069286643,Tương tác trung bình,Ổn định,255,1,1,1,1,0,4,Q1 (Low)
KH00107925,33,Nam,Nhà thiết kế bối cảnh,Hà Tĩnh,12,79.96666666666667,61.86666666666667,13.916666666666666,14,182.41666666666666,2189,30.416666666666668,0.21415962218867365,0.7602333333333333,0.29759166666666664,1.9135805737387812,Tương tác cao,Ổn định,-1,1,1,1,1,1,5,Q4 (High)
KH00107930,85,Nữ,Quản lý thu mua,Tây Ninh,12,76.58333333333333,65.69166666666666,13.333333333333334,14,61.5,738,25.75,0.2501823212835941,0.7221583333333333,0.16048333333333334,1.742200573465895,Tương tác cao,Ổn định,-1,1,1,1,1,1,5,Q2
KH00107965,85,Nam,Thư ký luật sư tranh tụng,Hải Phòng,12,77.10000000000001,71.39999999999999,13.833333333333334,14,122.33333333333333,1468,29.083333333333332,0.18529466112610934,0.5380333333333334,0.13538333333333333,1.8424659623878092,Tương tác cao,Ổn định,-1,1,1,1,1,1,5,Q2
KH00107970,61,Nữ,Chuyên viên trang điểm,Quảng Trị,12,81.19166666666666,61.53333333333333,13.916666666666666,14,243.5,2922,30.416666666666668,0.22820758819554263,0.887375,0.19691666666666666,1.5800748844074892,Tương tác rất cao,Ổn định,-1,1,1,1,1,1,5,Q4 (High)
KH00108005,56,Nam,Giáo viên tiếng anh,Hà Tĩnh,12,70.575,61.925000000000004,13.0,14,61.583333333333336,739,24.833333333333332,0.148254292371552,0.9266916666666667,0.23795833333333336,1.4321177727009147,Tương tác cao,Ổn định,-1,1,1,1,1,1,5,Q1 (Low)
KH00108010,63,Nam,Quản lý trường quay,Hưng Yên,12,72.48333333333333,65.4,13.083333333333334,14,60.75,729,25.0,0.18305561859069697,0.6707333333333333,0.2586583333333333,1.459478278152468,Tương tác cao,Ổn định,-1,1,1,1,1,1,5,Q1 (Low)
KH00108045,27,Nam,Nhà khoa học nghiên cứu toán học,Đồng Tháp,12,81.40833333333333,70.68333333333334,14.0,14,304.5,3654,30.416666666666668,0.22844297532603478,0.5058666666666667,0.11852499999999999,2.208195274637256,Tương tác cao,Ổn định,-1,1,1,1,1,1,5,Q4 (High)
KH00108050,32,Nữ,Người quay phim,Đồng Nai,12,79.63333333333334,64.125,14.0,14,364.5833333333333,4375,30.333333333333332,0.1934702108836954,0.653975,0.23586666666666667,2.0211173004669445,Tương tác cao,Ổn định,-1,1,1,1,1,1,5,Q3
KH00108085,47,Nam,Nhân viên tư vấn hỗ trợ,Điện Biên,12,81.175,60.0,14.0,14,242.41666666666666,2909,30.416666666666668,0.22523411672231464,0.9348666666666667,0.2292,2.395890363747703,Tương tác rất cao,Cần theo dõi,-1,1,1,1,1,1,5,Q4 (High)
KH00108090,68,Nữ,Chuyên viên xử lý bồi thường bảo hiểm,An Giang,12,76.14999999999999,66.77499999999999,13.833333333333334,14,122.08333333333333,1465,29.166666666666668,0.16650832253089196,0.7073833333333334,0.20062499999999997,1.2934870187201315,Tương tác cao,Ổn định,-1,1,1,1,1,1,5,Q2
KH00108125,27,Nam,Chuyên viên phục chế đồ gỗ,Vĩnh Long,12,77.46666666666667,65.78333333333333,14.0,14,121.83333333333333,1462,29.166666666666668,0.18750041909891815,0.621175,0.20080833333333334,1.9843320152789141,Tương tác cao,Ổn định,-1,1,1,1,1,1,5,Q2
KH00108130,63,Nam,Nhà khoa học y sinh,Hải Phòng,12,73.375,75.18333333333334,13.416666666666666,14,61.5,738,25.833333333333332,0.18554046064907057,0.47300000000000003,0.10459166666666665,1.1320534702816172,Tương tác cao,Ổn định,-1,1,1,1,1,1,5,Q1 (Low)
KH00108165,27,Nữ,Kỹ sư hệ thống sản xuất,Cần Thơ,12,80.11666666666666,68.53333333333333,13.916666666666666,14,122.66666666666667,1472,29.583333333333332,0.24177044388635174,0.5865,0.121075,1.5955954602763114,Tương tác cao,Ổn định,-1,1,1,1,1,1,5,Q4 (High)
KH00108170,50,Nữ,Thủ thư thư viện công cộng,Điện Biên,12,82.48333333333333,59.324999999999996,14.0,14,304.1666666666667,3650,30.416666666666668,0.25053414100997934,0.9146666666666666,0.30512500000000004,1.3099855565108374,Tương tác rất cao,Ổn định,-1,1,1,1,1,1,5,Q4 (High)
KH00108205,35,Nam,Quản lý di sản,An Giang,12,81.35833333333333,68.22500000000001,14.0,14,243.41666666666666,2921,30.416666666666668,0.228245261552019,0.5724916666666667,0.137425,2.1131219664940817,Tương tác cao,Ổn định,-1,1,1,1,1,1,5,Q4 (High)
KH00108210,25,Nam,Chuyên viên trắc địa,Thành phố Hồ Chí Minh,12,77.66666666666667,59.40833333333333,13.0,14,61.5,738,25.166666666666668,0.29648272696662625,0.83825,0.31131666666666663,2.116992083957061,Tương tác rất cao,Cần theo dõi,-1,1,1,1,1,1,5,Q2
KH00108245,50,Nam,Chuyên viên biên tập nội dung,Thành phố Hồ Chí Minh,12,73.25,63.574999999999996,13.166666666666666,14,61.166666666666664,734,25.916666666666668,0.19058428181707068,0.9011583333333334,0.27735,1.8194584934513685,Tương tác cao,Ổn định,-1,1,1,1,1,1,5,Q1 (Low)
KH00108250,88,Nữ,Chuyên viên giám định rủi ro bảo hiểm,Cao Bằng,12,77.21666666666667,62.50833333333333,13.75,14,122.58333333333333,1471,29.25,0.19097745460521698,0.9153416666666666,0.2839083333333334,1.507610600313584,Tương tác cao,Ổn định,-1,1,1,1,1,1,5,Q2
KH00108285,94,Nam,Quản lý cơ sở vật chất,Vĩnh Long,12,77.93333333333334,71.08333333333333,13.916666666666666,14,243.66666666666666,2924,30.333333333333332,0.16388200327670907,0.560825,0.13939166666666666,1.6852355488940862,Tương tác cao,Ổn định,-1,1,1,1,1,1,5,Q2
KH00108290,71,Nam,Nhà chọn giống cây trồng,Hà Nội,12,77.01666666666667,65.02499999999999,14.0,14,122.16666666666667,1466,29.166666666666668,0.17906406746446235,0.7976333333333333,0.19799166666666668,1.8444187350130097,Tương tác cao,Ổn định,-1,1,1,1,1,1,5,Q2
KH00108325,44,Nữ,Công chức hành chính,Phú Thọ,12,78.00833333333334,65.48333333333333,13.083333333333334,14,61.583333333333336,739,26.083333333333332,0.2867138311993804,0.8227416666666666,0.17875833333333335,1.3333507399749556,Tương tác cao,Ổn định,-1,1,1,1,1,1,5,Q2
KH00108330,66,Nam,Nhà địa chất công trình,Lào Cai,12,74.05,64.19166666666666,13.25,14,61.416666666666664,737,25.333333333333332,0.2066392627506092,0.833025,0.24205,1.347011100915602,Tương tác cao,Ổn định,-1,1,1,1,1,1,5,Q1 (Low)
KH00108365,15,Nam,Quản lý cơ sở vật chất,Đồng Nai,12,83.52499999999999,66.29166666666667,14.0,14,243.5,2922,30.333333333333332,0.2731231152093457,0.6736749999999999,0.19862500000000002,0.9990211528847418,Tương tác rất cao,Ổn định,-1,1,1,1,1,1,5,Q4 (High)
KH00108370,29,Nam,Chuyên viên trị liệu nghề nghiệp,Bắc Ninh,12,73.93333333333334,61.14166666666667,13.083333333333334,14,61.5,738,24.833333333333332,0.21238364210391877,0.816275,0.23464166666666667,1.34391471256197,Tương tác cao,Ổn định,-1,1,1,1,1,1,5,Q1 (Low)
KH00108405,52,Nam,Kỹ thuật viên chẩn đoán hình ảnh,Đồng Tháp,12,78.325,65.49166666666666,13.75,14,183.16666666666666,2198,30.0,0.18584543505042472,0.71,0.20004999999999998,1.5613724056202212,Tương tác cao,Ổn định,-1,1,1,1,1,1,5,Q3
KH00108410,33,Nữ,Kỹ sư dầu khí,Thành phố Hồ Chí Minh,12,82.47500000000001,70.68333333333332,14.0,14,365.25,4383,30.416666666666668,0.24932959454267287,0.554975,0.15821666666666667,1.2540475623073937,Tương tác rất cao,Ổn định,-1,1,1,1,1,1,5,Q4 (High)
KH00108445,70,Nữ,Chuyên viên phục chế bảo tàng,Hà Nội,12,75.71666666666667,69.64999999999999,13.083333333333334,14,61.916666666666664,743,25.916666666666668,0.24102500416933267,0.634975,0.14189166666666667,1.527071124845991,Tương tác cao,Ổn định,-1,1,1,1,1,1,5,Q2
KH00108450,49,Nữ,Chuyên viên phân tích tình báo,Hà Nội,12,81.50833333333334,70.40833333333333,14.0,14,303.4166666666667,3641,30.416666666666668,0.23025590928136486,0.5385749999999999,0.13940833333333333,1.4368826095512996,Tương tác rất cao,Ổn định,-1,1,1,1,1,1,5,Q4 (High)
KH00108485,69,Nam,Kế toán viên tài chính công,Hà Nội,12,78.25,71.05,13.666666666666666,14,122.25,1467,29.166666666666668,0.21421340989033713,0.519375,0.1272,1.6626910106974782,Tương tác cao,Ổn định,-1,1,1,1,1,1,5,Q3
KH00108490,35,Nữ,Quản trị viên tổ chức từ thiện,Đắk Lắk,12,82.20833333333333,60.333333333333336,14.0,14,183.33333333333334,2200,30.083333333333332,0.2559666635887596,0.8313416666666665,0.2719333333333333,1.4372962329221963,Tương tác rất cao,Cần theo dõi,-1,1,1,1,1,1,5,Q4 (High)
KH00108525,44,Nam,Bác sĩ đa khoa,Đồng Nai,12,78.71666666666667,70.90833333333335,13.916666666666666,14,121.91666666666667,1463,29.833333333333332,0.2107834136506593,0.47868333333333335,0.159325,2.0312623094386386,Tương tác cao,Ổn định,-1,1,1,1,1,1,5,Q3
KH00108530,36,Nữ,Chuyên viên kính thuốc,Phú Thọ,12,82.73333333333333,65.43333333333334,14.0,14,303.6666666666667,3644,30.416666666666668,0.25469200718463886,0.6823333333333333,0.22978333333333334,1.3238204538215732,Tương tác rất cao,Ổn định,-1,1,1,1,1,1,5,Q4 (High)
KH00108565,17,Nam,Chuyên viên khảo sát nông thôn,Cần Thơ,12,78.65833333333333,60.65,14.0,14,182.5,2190,30.0,0.18709259869243478,0.835025,0.22980833333333336,2.848632088567254,Tương tác cao,Ổn định,-1,1,1,1,1,1,5,Q3
KH00108570,54,Nam,Quản trị viên giáo dục,Hà Nội,12,76.55833333333334,67.25833333333334,13.416666666666666,14,122.25,1467,29.083333333333332,0.18750448086967944,0.6257,0.19203333333333336,1.5276006784119611,Tương tác cao,Ổn định,-1,1,1,1,1,1,5,Q2
KH00108605,46,Nữ,Cán bộ quan hệ sắc tộc,Đồng Nai,12,79.41666666666667,63.65,14.0,14,303.8333333333333,3646,30.416666666666668,0.1882293897141635,0.7973750000000001,0.18853333333333333,1.8743346028602048,Tương tác cao,Ổn định,-1,1,1,1,1,1,5,Q3
KH00108610,44,Nữ,Giáo viên mầm non,Đồng Tháp,12,76.99166666666666,66.18333333333334,13.916666666666666,14,122.41666666666667,1469,29.416666666666668,0.18004539619815194,0.6888500000000001,0.17280833333333334,1.7255745644823184,Tương tác cao,Ổn định,-1,1,1,1,1,1,5,Q2
KH00108645,68,Nam,Bác sĩ đa khoa,Thành phố Hồ Chí Minh,12,76.55,75.05833333333334,13.916666666666666,14,121.66666666666667,1460,29.583333333333332,0.1704609686968915,0.4142333333333333,0.09635,1.6166345106194993,Tương tác cao,Ổn định,-1,1,1,1,1,1,5,Q2
KH00108650,91,Nữ,Cán bộ ứng phó khẩn cấp,Thành phố Hồ Chí Minh,12,75.29166666666667,67.64999999999999,13.416666666666666,14,61.666666666666664,740,25.166666666666668,0.22801691991077166,0.7339666666666668,0.19340833333333332,1.2449674642352313,Tương tác cao,Ổn định,0,1,1,1,1,1,5,Q2
KH00108685,71,Nam,Lập trình viên đa phương tiện,Cần Thơ,12,76.2,71.375,13.5,14,121.5,1458,28.666666666666668,0.1830281250824138,0.5149666666666667,0.12436666666666667,1.6069962131638693,Tương tác cao,Ổn định,-1,1,1,1,1,1,5,Q2
KH00108690,50,Nam,Lập trình viên đa phương tiện,Hà Nội,12,79.51666666666667,68.89999999999999,13.916666666666666,14,183.25,2199,30.083333333333332,0.2052623261420292,0.5772916666666666,0.15275000000000002,1.6797789622945878,Tương tác cao,Ổn định,-1,1,1,1,1,1,5,Q3
KH00108725,54,Nam,Quản lý di sản,Bắc Ninh,12,79.44166666666666,67.27499999999999,13.75,14,183.16666666666666,2198,30.166666666666668,0.20736685789287712,0.737175,0.15900833333333333,1.6319858500438382,Tương tác cao,Ổn định,-1,1,1,1,1,1,5,Q3
KH00108730,35,Nữ,Điều dưỡng khuyết tật học tập,Sơn La,12,82.14166666666667,61.975,14.0,14,364.9166666666667,4379,30.416666666666668,0.24270619982131403,0.8446250000000001,0.1745,1.955464546844209,Tương tác rất cao,Ổn định,-1,1,1,1,1,1,5,Q4 (High)
KH00108765,20,Nữ,Nhà thiết kế gốm sứ,Đà Nẵng,12,83.25,65.46666666666667,14.0,14,364.6666666666667,4376,30.416666666666668,0.2649664730464983,0.7480583333333333,0.15564166666666665,1.0822111013293805,Tương tác rất cao,Ổn định,-1,1,1,1,1,1,5,Q4 (High)
KH00108770,64,Nữ,Giáo viên tiếng anh,Thành phố Hồ Chí Minh,1,55.3,65.0,4.0,4,10.0,10,2.0,0.8204882496325103,0.6165,0.2441,0.3612883449132348,Tương tác trung bình,Ổn định,93,1,1,0,1,0,3,Q1 (Low)
KH00108805,39,Nam,Cán bộ quản lý thị trường,Đắk Lắk,12,78.84166666666667,74.26666666666667,13.916666666666666,14,122.33333333333333,1468,29.583333333333332,0.21438643686494693,0.5032916666666667,0.13325,0.792534857214544,Tương tác cao,Ổn định,-1,1,1,1,1,1,5,Q3
KH00108810,33,Nam,Kiểm soát viên tài chính,Cần Thơ,12,73.55833333333334,58.074999999999996,13.25,14,61.5,738,25.333333333333332,0.19485870865209465,0.859975,0.3124166666666667,1.6274041411921256,Tương tác cao,Ổn định,-1,1,1,1,1,1,5,Q1 (Low)
KH00108845,50,Nữ,Chuyên viên trị liệu thảo dược,Thái Nguyên,12,82.64166666666667,62.09166666666667,14.0,14,304.0,3648,30.416666666666668,0.25313252087049204,0.8157916666666667,0.26614166666666667,1.3244634175282217,Tương tác rất cao,Ổn định,-1,1,1,1,1,1,5,Q4 (High)
KH00108850,50,Nam,Chuyên viên kính thuốc,Thành phố Hồ Chí Minh,12,75.73333333333333,68.55,13.916666666666666,14,182.66666666666666,2192,30.166666666666668,0.12885097584729086,0.6393666666666666,0.1434,1.6412519400640389,Tương tác cao,Ổn định,-1,1,1,1,1,1,5,Q2
KH00108885,78,Nam,Cán bộ giáo dục bảo tàng,Bắc Ninh,12,75.89166666666667,59.26666666666667,13.583333333333334,14,122.66666666666667,1472,29.083333333333332,0.17014490091866577,0.9644,0.34912499999999996,1.2526706196971116,Tương tác cao,Cần theo dõi,-1,1,1,1,1,1,5,Q2
KH00108890,72,Nữ,Nhà thiết kế gốm sứ,Hải Phòng,12,79.23333333333333,66.14999999999999,13.916666666666666,14,243.58333333333334,2923,30.416666666666668,0.1891762828953735,0.7437416666666667,0.16396666666666668,1.668385571648546,Tương tác cao,Ổn định,-1,1,1,1,1,1,5,Q3
KH00108925,36,Nam,Kỹ thuật viên phân tích mẫu khoan,Thành phố Hồ Chí Minh,12,82.35833333333333,64.30833333333332,14.0,14,182.41666666666666,2189,30.25,0.25876155148117874,0.6608083333333333,0.21271666666666667,2.320686749668863,Tương tác cao,Ổn định,-1,1,1,1,1,1,5,Q4 (High)
KH00108930,93,Nam,Nhà thiết kế triển lãm,An Giang,12,74.075,62.458333333333336,13.333333333333334,14,61.25,735,25.166666666666668,0.207670108018938,0.86315,0.19658333333333333,1.571639430121368,Tương tác cao,Ổn định,-1,1,1,1,1,1,5,Q1 (Low)
KH00108965,49,Nam,Cảnh sát,Đắk Lắk,12,81.675,64.76666666666667,14.0,14,303.9166666666667,3647,30.416666666666668,0.233713904363926,0.6451,0.1602,2.5075894210141056,Tương tác rất cao,Ổn định,-1,1,1,1,1,1,5,Q4 (High)
KH00108970,44,Nữ,Chuyên viên nghiên cứu công đoàn,Hà Nội,12,82.0,64.35833333333333,14.0,14,243.83333333333334,2926,30.416666666666668,0.24201290681132362,0.6625916666666667,0.25048333333333334,2.0520703113321135,Tương tác rất cao,Ổn định,-1,1,1,1,1,1,5,Q4 (High)
KH00109005,92,Nam,Chuyên viên thu mua bán lẻ,Đắk Lắk,12,73.79166666666667,66.77499999999999,13.0,14,61.416666666666664,737,24.833333333333332,0.21597853277777615,0.74295,0.2060833333333333,1.3024788580101159,Tương tác cao,Ổn định,-1,1,1,1,1,1,5,Q1 (Low)
KH00109010,53,Nam,Kỹ thuật viên kế toán,Hà Nội,12,78.54166666666667,70.10000000000001,13.916666666666666,14,243.33333333333334,2920,30.25,0.17641229236436629,0.6468333333333334,0.13143333333333332,1.5390687610650409,Tương tác cao,Ổn định,-1,1,1,1,1,1,5,Q3
KH00109045,34,Nam,Nhà trị liệu tâm lý qua chuyển động,Vĩnh Long,12,79.21666666666667,61.73333333333333,14.0,14,243.5,2922,30.333333333333332,0.18646894786152005,0.888575,0.28309999999999996,0.929013239732225,Tương tác cao,Ổn định,-1,1,1,1,1,1,5,Q3
KH00109050,62,Nữ,Đạo diễn sân khấu,Thành phố Hồ Chí Minh,1,57.2,55.9,7.0,7,10.0,10,2.0,0.8590528567063855,0.7046,0.2823,1.3206937514898924,Tương tác trung bình,Cần theo dõi,311,1,1,1,1,0,4,Q1 (Low)
KH00109085,58,Nam,Cán bộ quản lý chất thải,Quảng Ninh,12,78.21666666666667,63.833333333333336,14.0,14,182.75,2193,30.25,0.17480084252691455,0.7571083333333334,0.16956666666666667,2.2788052765073585,Tương tác cao,Ổn định,-1,1,1,1,1,1,5,Q3
KH00109090,77,Nam,Nhà thiết kế web,Cao Bằng,12,79.875,62.475,13.916666666666666,14,183.08333333333334,2197,30.166666666666668,0.21133503155807964,0.8160833333333333,0.24089166666666664,1.5674380014598521,Tương tác cao,Ổn định,-1,1,1,1,1,1,5,Q3
KH00109125,72,Nam,Điều dưỡng sức khỏe tâm thần,Quảng Ninh,12,78.44166666666666,61.84166666666667,13.75,14,121.75,1461,29.333333333333332,0.21364447239934167,0.820375,0.25855,1.7076997321080603,Tương tác cao,Ổn định,-1,1,1,1,1,1,5,Q3
KH00109130,47,Nữ,Nhà nghiên cứu bò sát,An Giang,12,79.26666666666667,67.58333333333333,14.0,14,243.91666666666666,2927,30.166666666666668,0.19018641470003736,0.6704916666666666,0.138475,1.85512547973601,Tương tác cao,Ổn định,-1,1,1,1,1,1,5,Q3
KH00109165,51,Nam,Chuyên viên thẩm định bồi thường,Quảng Trị,12,75.14166666666667,66.875,13.666666666666666,14,122.0,1464,29.75,0.14660352704103155,0.736225,0.16519999999999999,1.329932215661627,Tương tác cao,Ổn định,-1,1,1,1,1,1,5,Q2
KH00109170,46,Nam,Quản lý trung tâm thông tin du lịch,Đồng Nai,12,78.75,71.86666666666666,14.0,14,243.33333333333334,2920,30.416666666666668,0.17652444634953143,0.5432083333333333,0.14390833333333333,0.9437183178261486,Tương tác cao,Ổn định,-1,1,1,1,1,1,5,Q3
KH00109205,59,Nam,Kỹ thuật viên xạ trị,Thành phố Hồ Chí Minh,12,76.03333333333333,70.8,13.583333333333334,14,122.0,1464,29.75,0.16747705362976995,0.5984333333333334,0.12046666666666667,1.3017976049853976,Tương tác cao,Ổn định,-1,1,1,1,1,1,5,Q2
KH00109210,38,Nữ,Nhà môi giới bảo hiểm,Lâm Đồng,12,78.15833333333333,64.56666666666666,14.0,14,364.8333333333333,4378,30.416666666666668,0.1632186361050191,0.7161,0.181925,1.969253187252327,Tương tác cao,Ổn định,-1,1,1,1,1,1,5,Q2
KH00109245,35,Nam,Nhà thiết kế trang sức,Lào Cai,12,81.89999999999999,65.04166666666667,14.0,14,183.16666666666666,2198,30.25,0.2503967665283597,0.6702666666666667,0.13975833333333335,2.490499394847094,Tương tác rất cao,Ổn định,-1,1,1,1,1,1,5,Q4 (High)
KH00109250,63,Nữ,Nhà khoa học sinh lý,Cà Mau,12,73.88333333333334,68.38333333333333,13.083333333333334,14,61.416666666666664,737,25.0,0.21154088820322858,0.706925,0.17854166666666668,1.2524483115420881,Tương tác cao,Ổn định,-1,1,1,1,1,1,5,Q1 (Low)
KH00109285,46,Nữ,Chuyên viên phân tích đầu tư,Hưng Yên,12,79.675,67.425,14.0,14,304.5,3654,30.333333333333332,0.19418159890121042,0.5357999999999999,0.177975,2.534608486018851,Tương tác cao,Ổn định,-1,1,1,1,1,1,5,Q3
KH00109290,55,Nam,Chuyên viên giám định rủi ro bảo hiểm,Lâm Đồng,12,77.45,66.01666666666667,13.833333333333334,14,243.58333333333334,2923,30.25,0.1576992046317561,0.7027083333333334,0.23010833333333333,1.2974602705261187,Tương tác cao,Ổn định,-1,1,1,1,1,1,5,Q2
KH00109325,54,Nữ,Lập trình viên hệ thống,Thành phố Hồ Chí Minh,12,79.45,65.89999999999999,13.916666666666666,14,244.08333333333334,2929,30.416666666666668,0.19317031214676925,0.7470166666666667,0.15713333333333332,1.5168485365745799,Tương tác cao,Ổn định,-1,1,1,1,1,1,5,Q3
KH00109330,59,Nữ,Luật sư,Thành phố Hồ Chí Minh,12,74.25833333333334,76.39999999999999,13.25,14,61.416666666666664,737,25.416666666666668,0.20805655876878346,0.3948833333333333,0.10429166666666667,1.3094313736392684,Tương tác cao,Ổn định,-1,1,1,1,1,1,5,Q1 (Low)
KH00109365,62,Nam,Quản lý trung tâm thông tin du lịch,Cà Mau,12,78.55,68.80833333333334,13.916666666666666,14,121.25,1455,29.166666666666668,0.2136276838506054,0.6675083333333333,0.16219166666666665,1.7533494182355398,Tương tác cao,Ổn định,-1,1,1,1,1,1,5,Q3
KH00109370,51,Nam,Giáo viên giáo dục đặc biệt,Thái Nguyên,12,79.02499999999999,62.9,13.916666666666666,14,181.91666666666666,2183,30.25,0.19382082626680774,0.8097583333333334,0.25639166666666663,1.3319438453672396,Tương tác cao,Ổn định,-1,1,1,1,1,1,5,Q3
KH00109405,53,Nam,Nhà thiết kế sản phẩm,Đà Nẵng,12,74.16666666666667,57.55833333333334,13.166666666666666,14,61.416666666666664,737,25.166666666666668,0.21579433518342114,1.0900166666666666,0.24785833333333332,1.4123786237729277,Tương tác cao,Ổn định,-1,1,1,1,1,1,5,Q1 (Low)
KH00109410,56,Nữ,Thủ thư học thuật,Thanh Hóa,12,77.76666666666667,65.73333333333333,13.916666666666666,14,122.08333333333333,1465,29.583333333333332,0.1927351595673077,0.7328083333333333,0.169,1.6146472828379856,Tương tác cao,Ổn định,-1,1,1,1,1,1,5,Q2
KH00109445,45,Nam,Kỹ sư khai thác mỏ,Huế,12,80.3,69.91666666666667,14.0,14,243.16666666666666,2918,30.166666666666668,0.21038957846573383,0.6060833333333333,0.13268333333333335,2.0988861999922253,Tương tác cao,Ổn định,-1,1,1,1,1,1,5,Q4 (High)
KH00109450,38,Nam,Chuyên viên thuế cấp cao,Sơn La,12,73.65833333333333,66.95,13.083333333333334,14,61.666666666666664,740,25.75,0.19959523461370146,0.7868583333333333,0.19036666666666668,0.8242949273789529,Tương tác cao,Ổn định,-1,1,1,1,1,1,5,Q1 (Low)
KH00109485,77,Nam,Chuyên viên làm vườn thương mại,Lào Cai,1,52.4,68.3,5.0,5,11.0,11,2.0,0.797418491039962,0.5838,0.1283,0.6181845046026817,Tương tác trung bình,Ổn định,330,1,1,1,1,0,4,Q1 (Low)
KH00109490,56,Nữ,Nhà khoa học sinh lý,Hải Phòng,12,77.30833333333334,68.35000000000001,13.916666666666666,14,182.41666666666666,2189,30.25,0.16011680209813786,0.6010333333333333,0.16263333333333332,1.73511980318172,Tương tác cao,Ổn định,-1,1,1,1,1,1,5,Q2
KH00109525,85,Nữ,Chuyên viên khảo sát công trình,Hưng Yên,12,77.05,65.79166666666667,13.833333333333334,14,122.41666666666667,1469,29.083333333333332,0.1850476184548613,0.76405,0.20085833333333333,1.3067811623134509,Tương tác cao,Ổn định,-1,1,1,1,1,1,5,Q2
KH00109530,34,Nữ,Luật sư tranh tụng,Nghệ An,12,78.45833333333333,72.20833333333333,13.916666666666666,14,182.91666666666666,2195,30.333333333333332,0.18137079066777237,0.52935,0.10984166666666667,1.8064004917745358,Tương tác cao,Ổn định,-1,1,1,1,1,1,5,Q3
KH00109565,54,Nam,Giám đốc chiến lược,Đắk Lắk,12,70.95833333333333,74.71666666666667,13.083333333333334,14,61.25,735,25.583333333333332,0.15038623629047113,0.4393666666666666,0.13944166666666666,1.6124518372124992,Tương tác cao,Ổn định,-1,1,1,1,1,1,5,Q1 (Low)
KH00109570,90,Nam,Quản lý sân khấu,Thành phố Hồ Chí Minh,12,74.775,69.75,13.916666666666666,14,121.66666666666667,1460,29.25,0.13653123164506428,0.57095,0.18484166666666668,1.6660202169499494,Tương tác cao,Ổn định,-1,1,1,1,1,1,5,Q2
KH00109605,74,Nữ,Nhà tâm lý học thể thao,Nghệ An,12,75.825,64.53333333333333,13.333333333333334,14,61.583333333333336,739,25.25,0.24640374102349735,0.8580583333333333,0.29389166666666666,1.2721550390082341,Tương tác cao,Ổn định,-1,1,1,1,1,1,5,Q2
KH00109610,25,Nữ,Chuyên viên khảo sát công trình,Nghệ An,12,80.45833333333333,62.74166666666667,14.0,14,304.5833333333333,3655,30.333333333333332,0.2102128359035368,0.7365333333333334,0.18148333333333333,2.142105290902339,Tương tác cao,Ổn định,-1,1,1,1,1,1,5,Q4 (High)
KH00109645,23,Nữ,Nhà khoa học địa chất,Bắc Ninh,12,81.48333333333333,69.4,14.0,14,182.75,2193,29.583333333333332,0.24722392333278578,0.5268833333333333,0.11998333333333333,2.275633921305426,Tương tác rất cao,Ổn định,-1,1,1,1,1,1,5,Q4 (High)
KH00109650,32,Nam,Kỹ sư đóng tàu,Lâm Đồng,12,79.40833333333333,71.79166666666667,14.0,14,243.75,2925,30.416666666666668,0.19036785334763318,0.512325,0.18951666666666667,0.9181241210948089,Tương tác cao,Ổn định,-1,1,1,1,1,1,5,Q3
KH00109685,37,Nữ,Kiểm lâm,Hưng Yên,12,78.725,62.125,14.0,14,244.16666666666666,2930,30.416666666666668,0.1758591287313925,0.8322250000000001,0.21561666666666668,1.8115837990363122,Tương tác cao,Ổn định,-1,1,1,1,1,1,5,Q3
KH00109690,31,Nữ,Chuyên viên công nghệ chăn nuôi,Hà Nội,12,79.55833333333334,62.74166666666667,14.0,14,243.25,2919,30.333333333333332,0.19353559167060563,0.7361166666666668,0.2347,2.0556704052225543,Tương tác cao,Ổn định,-1,1,1,1,1,1,5,Q3
KH00109725,80,Nam,Nhà thiết kế đồ gỗ,Nghệ An,1,54.4,64.0,5.0,5,9.0,9,2.0,0.7323777238130939,0.6811,0.1494,0.6722291386732181,Tương tác trung bình,Ổn định,65,1,1,1,1,1,5,Q1 (Low)
KH00109730,29,Nữ,Chuyên viên thẩm định bồi thường,Huế,12,75.10000000000001,64.69166666666666,12.5,14,61.0,732,24.75,0.251034385523376,0.7940166666666667,0.19165,1.1925278953603742,Tương tác cao,Ổn định,-1,1,1,1,1,1,5,Q2
KH00109765,52,Nữ,Nhà thiết kế sản phẩm công nghiệp,Phú Thọ,12,79.26666666666667,64.48333333333333,13.833333333333334,14,242.41666666666666,2909,30.333333333333332,0.19277266707533233,0.8436916666666666,0.20136666666666667,1.3188149435893857,Tương tác cao,Ổn định,-1,1,1,1,1,1,5,Q3
KH00109770,30,Nữ,Nhà biên soạn từ điển,Lâm Đồng,12,77.68333333333334,61.74166666666667,13.916666666666666,14,243.25,2919,30.333333333333332,0.15907257397313315,0.7515666666666667,0.2711166666666667,2.0694891644438758,Tương tác cao,Ổn định,-1,1,1,1,1,1,5,Q2
KH00109805,49,Nam,Nghệ nhân thổi thủy tinh,Khánh Hòa,12,78.74166666666666,64.69166666666666,14.0,14,183.16666666666666,2198,30.416666666666668,0.1843432837907413,0.8017083333333334,0.20166666666666666,0.9392622937722296,Tương tác cao,Ổn định,-1,1,1,1,1,1,5,Q3
KH00109810,23,Nữ,Sĩ quan kỹ thuật quân đội,Thành phố Hồ Chí Minh,1,56.7,64.6,5.0,5,8.0,8,2.0,0.8973738175563934,0.6025,0.1334,1.1884914264361088,Tương tác trung bình,Ổn định,334,1,1,1,1,1,5,Q1 (Low)
KH00109845,58,Nam,Cán bộ bảo tồn thiên nhiên,Thành phố Hồ Chí Minh,12,76.25,66.44166666666666,13.666666666666666,14,61.25,735,26.5,0.2320166566045745,0.63295,0.22995833333333335,1.4550283630089913,Tương tác cao,Ổn định,-1,1,1,1,1,1,5,Q2
KH00109850,41,Nữ,Chuyên viên viết nội dung quảng cáo,Thành phố Hồ Chí Minh,12,79.425,66.05833333333334,14.0,14,182.58333333333334,2191,30.166666666666668,0.20051016896176477,0.7036250000000001,0.16573333333333332,1.7963946851240464,Tương tác cao,Ổn định,-1,1,1,1,1,1,5,Q3
KH00109885,62,Nữ,Giảng viên giáo dục thường xuyên,Hưng Yên,12,78.08333333333333,72.88333333333334,13.583333333333334,14,122.41666666666667,1469,29.416666666666668,0.2102145915673069,0.49920000000000003,0.10339166666666666,1.5303547047289932,Tương tác cao,Ổn định,-1,1,1,1,1,1,5,Q2
KH00109890,31,Nam,Trợ lý phát thanh,Đồng Nai,12,80.18333333333332,59.51666666666667,14.0,14,304.1666666666667,3650,30.416666666666668,0.2037433114298974,0.9511916666666668,0.20795,2.6060755909010287,Tương tác cao,Cần theo dõi,-1,1,1,1,1,1,5,Q4 (High)
KH00109925,26,Nam,Thầy thuốc đông y,Gia Lai,12,80.825,61.9,14.0,14,303.1666666666667,3638,30.416666666666668,0.21653399458367908,0.8130833333333333,0.246375,1.8169015680701646,Tương tác cao,Ổn định,-1,1,1,1,1,1,5,Q4 (High)
KH00109930,52,Nam,Nhà thiết kế sản phẩm công nghiệp,Nghệ An,12,79.90833333333333,62.40833333333333,13.75,14,122.16666666666667,1466,29.416666666666668,0.24260217145288268,0.8266583333333334,0.25371666666666665,1.4509306470732684,Tương tác cao,Ổn định,-1,1,1,1,1,1,5,Q3
KH00109965,37,Nữ,Chuyên viên hoạt hình,Đắk Lắk,12,81.78333333333333,64.70833333333333,14.0,14,183.25,2199,30.0,0.24835047971051347,0.7858583333333332,0.1662,1.3569444801417685,Tương tác rất cao,Ổn định,-1,1,1,1,1,1,5,Q4 (High)
KH00109970,85,Nữ,Quản trị viên tổ chức từ thiện,Ninh Bình,12,77.71666666666667,56.525,13.416666666666666,14,121.83333333333333,1462,28.916666666666668,0.21259185695763985,0.9610083333333334,0.2997166666666667,1.6227089962836556,Tương tác cao,Ổn định,-1,1,1,1,1,1,5,Q2
KH00110005,71,Nữ,Kỹ sư bảo trì,Quảng Ngãi,12,81.21666666666667,70.1,13.75,14,182.75,2193,30.416666666666668,0.2418902426659804,0.5491416666666666,0.1236,1.7866304982509815,Tương tác rất cao,Ổn định,-1,1,1,1,1,1,5,Q4 (High)
KH00110010,43,Nữ,Người dẫn chương trình phát sóng,Thành phố Hồ Chí Minh,12,77.95833333333333,65.19166666666666,13.583333333333334,14,61.833333333333336,742,25.666666666666668,0.271174296715939,0.656275,0.2609666666666667,1.3291897074849026,Tương tác cao,Ổn định,-1,1,1,1,1,1,5,Q2
KH00110045,37,Nam,Quản trị viên,Vĩnh Long,12,78.79166666666667,67.71666666666667,13.916666666666666,14,182.83333333333334,2194,30.083333333333332,0.19121503831540435,0.6806749999999999,0.20315000000000003,0.9596873022170801,Tương tác cao,Ổn định,-1,1,1,1,1,1,5,Q3
KH00110050,50,Nữ,Quản lý môi trường,Đồng Tháp,12,75.96666666666667,70.35833333333333,13.666666666666666,14,61.333333333333336,736,25.416666666666668,0.23106540983255072,0.6437,0.13655833333333334,1.1532948656811433,Tương tác cao,Ổn định,-1,1,1,1,1,1,5,Q2
KH00110085,92,Nữ,Quản lý sản phẩm,Đà Nẵng,12,78.93333333333334,65.72500000000001,13.916666666666666,14,121.91666666666667,1463,29.25,0.21901051492576232,0.6886916666666667,0.17348333333333332,1.662316198287562,Tương tác cao,Ổn định,-1,1,1,1,1,1,5,Q3
KH00110090,47,Nữ,Chuyên viên khảo sát mỏ,Quảng Ngãi,12,78.925,63.5,14.0,14,182.58333333333334,2191,30.166666666666668,0.18969331265974124,0.859625,0.17348333333333332,2.1349634790394236,Tương tác cao,Ổn định,-1,1,1,1,1,1,5,Q3
KH00110125,72,Nam,Đạo diễn sân khấu,Đồng Nai,12,76.80833333333334,66.3,13.916666666666666,14,182.75,2193,30.166666666666668,0.15031060861385503,0.6262166666666666,0.226075,1.5615834044098171,Tương tác cao,Ổn định,-1,1,1,1,1,1,5,Q2
KH00110130,57,Nữ,Nhà khoa học thính học,Hưng Yên,12,75.625,69.75,13.666666666666666,14,122.0,1464,29.75,0.15751827085312062,0.5863333333333333,0.13544166666666665,1.586621309324606,Tương tác cao,Ổn định,-1,1,1,1,1,1,5,Q2
KH00110165,89,Nữ,Quản lý mỏ đá,Cần Thơ,12,80.51666666666667,67.69166666666666,14.0,14,182.66666666666666,2192,30.333333333333332,0.22147001922706178,0.6473,0.15081666666666668,1.6648545218232107,Tương tác rất cao,Ổn định,-1,1,1,1,1,1,5,Q4 (High)
KH00110170,34,Nữ,Trợ lý chính trị gia,Đà Nẵng,12,80.14999999999999,57.39166666666667,14.0,14,183.41666666666666,2201,30.25,0.21490407132905795,1.0197333333333334,0.24219166666666667,2.207541400501737,Tương tác cao,Ổn định,-1,1,1,1,1,1,5,Q4 (High)
KH00110205,40,Nữ,Biên tập viên hiệu đính,Lai Châu,12,81.73333333333333,64.40833333333333,14.0,14,242.75,2913,30.25,0.2382106246593194,0.7573083333333334,0.15675833333333333,1.575657450272675,Tương tác rất cao,Ổn định,-1,1,1,1,1,1,5,Q4 (High)
KH00110210,53,Nữ,Kỹ sư khai thác mỏ,Hà Nội,12,76.03333333333333,72.14999999999999,13.75,14,121.33333333333333,1456,28.833333333333332,0.16995787737816337,0.5192666666666667,0.1722,1.7674388093334825,Tương tác cao,Ổn định,-1,1,1,1,1,1,5,Q2
KH00110245,24,Nam,Chuyên viên thông tin hướng nghiệp,Cần Thơ,1,53.1,68.9,5.0,5,12.0,12,2.0,0.7341660603949135,0.5598,0.1488,0.6756407270515558,Tương tác trung bình,Ổn định,282,1,1,1,1,1,5,Q1 (Low)
KH00110250,55,Nam,Chuyên viên vẽ bản đồ,Hà Nội,12,80.46666666666667,68.47500000000001,13.916666666666666,14,243.41666666666666,2921,30.416666666666668,0.21371606613132446,0.6584333333333333,0.13718333333333332,1.4114234512208388,Tương tác cao,Ổn định,-1,1,1,1,1,1,5,Q4 (High)
KH00110285,51,Nữ,Quản lý bán lẻ,Hải Phòng,2,49.25,60.9,4.0,5,4.5,9,1.0,0.869526958867723,0.6298,0.2142,1.131881584551481,Tương tác trung bình,Cần theo dõi,59,1,1,0,1,0,3,Q1 (Low)
KH00110290,37,Nữ,Lập trình viên đa phương tiện,Ninh Bình,12,82.18333333333334,72.71666666666667,14.0,14,182.33333333333334,2188,30.25,0.2534502440575617,0.5121749999999999,0.10426666666666666,1.3077602587719372,Tương tác rất cao,Ổn định,-1,1,1,1,1,1,5,Q4 (High)
KH00110325,75,Nam,Kỹ sư y sinh,Quảng Ninh,12,79.8,70.39999999999999,13.916666666666666,14,243.83333333333334,2926,30.416666666666668,0.1999613873888871,0.5177416666666667,0.19471666666666668,1.448672603820645,Tương tác cao,Ổn định,-1,1,1,1,1,1,5,Q3
KH00110330,45,Nam,Nhà thiết kế gốm sứ,Hưng Yên,12,81.39166666666667,61.09166666666667,14.0,14,304.5833333333333,3655,30.333333333333332,0.22911511222291214,0.8171583333333334,0.18983333333333333,2.5164992523524767,Tương tác rất cao,Cần theo dõi,-1,1,1,1,1,1,5,Q4 (High)
KH00110365,33,Nam,Cán bộ quản chế,Thành phố Hồ Chí Minh,12,78.21666666666667,61.28333333333333,14.0,14,182.5,2190,30.166666666666668,0.1765949933873423,0.7901833333333332,0.3103916666666667,2.0901241082532827,Tương tác cao,Ổn định,-1,1,1,1,1,1,5,Q3
KH00110370,38,Nam,Kỹ sư dầu khí,Hà Nội,12,73.59166666666667,71.675,13.25,14,61.666666666666664,740,25.25,0.20203383946104234,0.6057416666666667,0.132,0.8862615850957959,Tương tác cao,Ổn định,-1,1,1,1,1,1,5,Q1 (Low)
KH00110405,32,Nữ,Chuyên viên trị liệu âm nhạc,Tây Ninh,12,77.11666666666666,64.36666666666666,13.916666666666666,14,122.16666666666667,1466,28.916666666666668,0.18697666122991666,0.71895,0.14520833333333333,1.9520785115044055,Tương tác cao,Ổn định,-1,1,1,1,1,1,5,Q2
KH00110410,34,Nữ,Cán bộ giáo dục cộng đồng,Cần Thơ,12,71.09166666666667,60.56666666666667,13.166666666666666,14,61.5,738,25.5,0.15084509918623876,0.8998583333333333,0.3554166666666667,1.328479326690274,Tương tác cao,Ổn định,-1,1,1,1,1,1,5,Q1 (Low)
KH00110445,86,Nữ,Giáo viên tiểu học,Thanh Hóa,12,73.075,67.2,13.25,14,61.416666666666664,737,25.333333333333332,0.1896876068038178,0.6926583333333333,0.178675,1.4730051604818584,Tương tác cao,Ổn định,-1,1,1,1,1,1,5,Q1 (Low)
KH00110450,75,Nữ,Chuyên viên lưu trữ,Thái Nguyên,12,78.36666666666666,63.90833333333333,13.833333333333334,14,182.91666666666666,2195,30.25,0.1846460958130671,0.800925,0.20754166666666665,1.5978049253926878,Tương tác cao,Ổn định,-1,1,1,1,1,1,5,Q3
KH00110485,66,Nữ,Người dẫn chương trình phát sóng,Lâm Đồng,12,73.96666666666667,42.31666666666666,13.416666666666666,14,61.583333333333336,739,25.583333333333332,0.1966616206647218,1.1686666666666667,0.42945833333333333,1.516432769131007,Tương tác cao,Cần theo dõi,0,1,1,1,1,1,5,Q1 (Low)
KH00110490,67,Nam,Thư ký luật sư tranh tụng,Sơn La,12,79.89999999999999,69.44166666666666,13.75,14,182.91666666666666,2195,29.916666666666668,0.21876597219142632,0.5479999999999999,0.20603333333333332,1.51075789431557,Tương tác cao,Ổn định,-1,1,1,1,1,1,5,Q3
KH00110525,71,Nữ,Kỹ sư sản xuất,Ninh Bình,12,80.65833333333333,72.01666666666667,13.916666666666666,14,243.33333333333334,2920,30.333333333333332,0.21748409384797393,0.50615,0.11066666666666668,1.64806340943776,Tương tác rất cao,Ổn định,-1,1,1,1,1,1,5,Q4 (High)
KH00110530,48,Nữ,Nhà khoa học thính học,Cà Mau,12,77.78333333333333,71.64166666666667,13.916666666666666,14,122.25,1467,29.5,0.19398807792723216,0.4878833333333333,0.149625,1.9203489770345694,Tương tác cao,Ổn định,-1,1,1,1,1,1,5,Q2
KH00110565,59,Nam,Quản lý sản xuất,An Giang,12,75.65833333333333,67.225,13.416666666666666,14,61.583333333333336,739,25.916666666666668,0.23021978896679104,0.6627333333333333,0.14414166666666667,1.5595765981265772,Tương tác cao,Ổn định,-1,1,1,1,1,1,5,Q2
KH00110570,76,Nam,Chuyên viên an toàn lao động,Thành phố Hồ Chí Minh,12,80.22500000000001,63.425000000000004,14.0,14,242.91666666666666,2915,30.333333333333332,0.2069094127979988,0.7348833333333333,0.227075,1.6871308220701018,Tương tác cao,Ổn định,-1,1,1,1,1,1,5,Q4 (High)
KH00110605,31,Nam,Nhân viên giao dịch,Hưng Yên,12,79.50833333333334,63.55833333333334,14.0,14,243.5,2922,30.333333333333332,0.19259130817586254,0.8726583333333333,0.219275,0.8952564791724503,Tương tác cao,Ổn định,-1,1,1,1,1,1,5,Q3
KH00110610,43,Nam,Nhân viên cứu trợ,Thành phố Hồ Chí Minh,12,81.23333333333333,66.575,14.0,14,243.08333333333334,2917,30.416666666666668,0.22688530497484014,0.6721916666666666,0.13965,2.083933749663346,Tương tác rất cao,Ổn định,-1,1,1,1,1,1,5,Q4 (High)
KH00110645,37,Nữ,Nhà khoa học nghiên cứu khoa học sự sống,Thành phố Hồ Chí Minh,12,81.27499999999999,73.875,14.0,14,243.58333333333334,2923,30.333333333333332,0.2280181939663726,0.3953,0.11423333333333334,2.3068770211268563,Tương tác rất cao,Ổn định,-1,1,1,1,1,1,5,Q4 (High)
KH00110650,54,Nam,Bác sĩ thú y,Thanh Hóa,1,54.5,71.4,5.0,5,8.0,8,2.0,0.7330844185411165,0.5102,0.1057,0.7185811190807445,Tương tác trung bình,Ổn định,310,1,1,1,1,0,4,Q1 (Low)
KH00110685,41,Nữ,Luật sư tranh tụng,Thành phố Hồ Chí Minh,12,72.0,74.23333333333333,13.5,14,61.583333333333336,739,26.083333333333332,0.15568073597809637,0.522425,0.10831666666666667,1.4940755602098588,Tương tác cao,Ổn định,-1,1,1,1,1,1,5,Q1 (Low)
KH00110690,25,Nữ,Nhà khoa học dữ liệu,Hà Nội,12,70.85000000000001,71.60833333333333,13.416666666666666,14,61.666666666666664,740,25.5,0.13701578987653987,0.5512333333333334,0.11099999999999999,1.6421432159836113,Tương tác cao,Ổn định,-1,1,1,1,1,1,5,Q1 (Low)
KH00110725,47,Nam,Nhà khoa học biển,Bắc Ninh,12,79.39999999999999,68.93333333333334,13.916666666666666,14,243.33333333333334,2920,30.416666666666668,0.19340736416146276,0.5634750000000001,0.18189999999999998,1.7175652435422564,Tương tác cao,Ổn định,-1,1,1,1,1,1,5,Q3
KH00110730,59,Nữ,Cán bộ thử nghiệm hiện trường,Quảng Ngãi,1,53.9,63.6,5.0,5,10.0,10,2.0,0.531532724049817,0.6708,0.2073,0.4770459252475233,Tương tác trung bình,Ổn định,127,1,0,1,1,1,4,Q1 (Low)
KH00110765,22,Nam,Cảnh sát,Lạng Sơn,1,58.4,61.3,5.0,5,15.0,15,2.0,0.7168696467838416,0.7479,0.1474,0.5047211267971106,Tương tác trung bình,Ổn định,127,1,1,1,1,1,5,Q1 (Low)
KH00110770,58,Nữ,Quản trị viên cơ sở dữ liệu,Lạng Sơn,12,79.15833333333333,63.56666666666666,13.75,14,182.16666666666666,2186,30.333333333333332,0.20120499597336972,0.82645,0.18230833333333332,1.692305369568486,Tương tác cao,Ổn định,-1,1,1,1,1,1,5,Q3
KH00110805,48,Nữ,Giáo viên giáo dục đặc biệt,Tây Ninh,12,77.54166666666667,66.05833333333334,13.916666666666666,14,243.41666666666666,2921,30.333333333333332,0.1571201295309678,0.6573583333333334,0.21564166666666665,1.8564784691559064,Tương tác cao,Ổn định,-1,1,1,1,1,1,5,Q2
KH00110810,27,Nam,Chuyên viên mua quảng cáo,An Giang,12,82.22500000000001,63.30833333333333,14.0,14,304.25,3651,30.416666666666668,0.24436806391578458,0.7554666666666666,0.1512,2.226045835614832,Tương tác rất cao,Ổn định,-1,1,1,1,1,1,5,Q4 (High)
KH00110845,86,Nữ,Cán bộ triển lãm bảo tàng,Khánh Hòa,12,71.27499999999999,65.09166666666667,13.0,14,61.416666666666664,737,25.75,0.15351275826936778,0.8296083333333334,0.16422499999999998,1.3170859628245657,Tương tác cao,Ổn định,-1,1,1,1,1,1,5,Q1 (Low)
KH00110850,42,Nam,Chuyên viên truyền thông sức khỏe,Cần Thơ,12,80.18333333333334,62.175000000000004,14.0,14,243.66666666666666,2924,30.25,0.2064637391080768,0.8629583333333333,0.1773,2.625280628440041,Tương tác cao,Ổn định,-1,1,1,1,1,1,5,Q4 (High)
KH00110885,39,Nữ,Chuyên viên làm vườn thương mại,An Giang,12,83.375,68.925,14.0,14,182.5,2190,30.166666666666668,0.27796231493599605,0.5578500000000001,0.17679999999999998,1.5018222469298077,Tương tác rất cao,Ổn định,-1,1,1,1,1,1,5,Q4 (High)
KH00110890,38,Nữ,Nhà khoa học thính học,Lào Cai,12,73.53333333333333,69.14166666666667,13.666666666666666,14,61.333333333333336,736,25.5,0.18122358913766545,0.6333083333333334,0.13515833333333335,1.5749947291233892,Tương tác cao,Ổn định,-1,1,1,1,1,1,5,Q1 (Low)
KH00110925,93,Nam,Giáo viên tiếng anh,Hà Tĩnh,1,55.1,52.6,7.0,7,11.0,11,2.0,0.8807587016034415,0.8538,0.2286,0.9245106012577722,Tương tác trung bình,Cần theo dõi,283,1,1,1,1,0,4,Q1 (Low)
KH00110930,32,Nữ,Chuyên viên trắc địa,Thanh Hóa,12,82.30833333333334,64.40833333333333,14.0,14,304.75,3657,30.25,0.24716289830444957,0.7100416666666667,0.16059166666666666,2.1193392732917324,Tương tác rất cao,Ổn định,-1,1,1,1,1,1,5,Q4 (High)
KH00110965,54,Nữ,Kỹ thuật viên sản xuất bia,Hà Nội,12,78.14999999999999,68.50833333333334,14.0,14,182.66666666666666,2192,30.0,0.17526525342206567,0.6210166666666667,0.16216666666666668,1.4707767316231404,Tương tác cao,Ổn định,-1,1,1,1,1,1,5,Q2
KH00110970,22,Nam,Nhà tâm lý học giáo dục,Thành phố Hồ Chí Minh,12,75.35000000000001,64.95833333333333,13.166666666666666,14,61.333333333333336,736,24.916666666666668,0.23913808105949277,0.8163166666666667,0.25074166666666664,1.7031882585681046,Tương tác cao,Ổn định,-1,1,1,1,1,1,5,Q2
KH00111005,28,Nữ,Quản lý nông trại,Nghệ An,12,80.675,70.3,14.0,14,182.91666666666666,2195,30.25,0.2244086763269287,0.5820833333333334,0.13886666666666667,1.2984444717958967,Tương tác rất cao,Ổn định,-1,1,1,1,1,1,5,Q4 (High)
KH00111010,57,Nam,Kỹ sư cơ điện công trình,Huế,12,77.77499999999999,68.75,13.833333333333334,14,122.5,1470,29.25,0.1983028061090406,0.63125,0.157825,1.2971005275381715,Tương tác cao,Ổn định,-1,1,1,1,1,1,5,Q2
KH00111045,91,Nữ,Chuyên viên sinh lý vận động,Thái Nguyên,12,71.85000000000001,65.24166666666666,12.75,14,61.166666666666664,734,25.166666666666668,0.17666686301985737,0.733925,0.2499583333333333,1.2483821205801564,Tương tác cao,Ổn định,-1,1,1,1,1,1,5,Q1 (Low)
KH00111050,49,Nữ,Nhà địa chất công trình,Quảng Ninh,12,80.58333333333333,64.10833333333333,14.0,14,244.0,2928,30.25,0.21572909607587162,0.8192166666666667,0.20466666666666666,1.8985082156574122,Tương tác cao,Ổn định,-1,1,1,1,1,1,5,Q4 (High)
KH00111085,24,Nữ,Cán bộ quản lý thị trường,Vĩnh Long,1,50.5,73.2,6.0,6,13.0,13,2.0,0.6712204600792668,0.5112,0.1012,0.7037566300931937,Tương tác trung bình,Ổn định,320,1,1,1,1,1,5,Q1 (Low)
KH00111090,38,Nam,Nhà khoa học thính học,Hà Nội,12,77.825,73.49166666666666,13.75,14,122.5,1470,29.25,0.20312027111982678,0.5249333333333334,0.114275,0.9107606268351005,Tương tác cao,Ổn định,-1,1,1,1,1,1,5,Q2
KH00111125,49,Nữ,Quản lý nhà hàng thức ăn nhanh,Phú Thọ,12,72.36666666666666,66.95,13.5,14,61.583333333333336,739,25.333333333333332,0.1635873111500547,0.6684416666666667,0.14078333333333334,1.8011807470283017,Tương tác cao,Ổn định,-1,1,1,1,1,1,5,Q1 (Low)
KH00111130,55,Nữ,Chuyên viên phân tích hệ thống,Hải Phòng,12,79.25833333333334,66.64166666666667,13.75,14,183.33333333333334,2200,30.166666666666668,0.20359099899410482,0.688325,0.19983333333333334,1.478100828632382,Tương tác cao,Ổn định,-1,1,1,1,1,1,5,Q3
KH00111165,60,Nam,Chuyên viên tư vấn nông nghiệp,Đà Nẵng,12,79.19166666666666,65.10000000000001,13.833333333333334,14,183.33333333333334,2200,30.083333333333332,0.20016032039198453,0.6822833333333334,0.20318333333333335,1.7835319199865054,Tương tác cao,Ổn định,-1,1,1,1,1,1,5,Q3
KH00111170,54,Nữ,Nhà địa chất hiện trường,Lâm Đồng,12,74.83333333333333,62.63333333333333,13.583333333333334,14,122.33333333333333,1468,29.25,0.14876524887479006,0.7791666666666667,0.246375,1.4508942211135902,Tương tác cao,Ổn định,-1,1,1,1,1,1,5,Q2
KH00111205,46,Nam,Nhà thiết kế triển lãm,Đà Nẵng,12,79.14999999999999,64.25833333333334,14.0,14,244.0,2928,30.416666666666668,0.18497792869791221,0.7583166666666666,0.25015000000000004,0.9425004577813184,Tương tác cao,Ổn định,-1,1,1,1,1,1,5,Q3
KH00111210,56,Nữ,Quản lý kho,Hà Nội,1,47.8,70.0,3.0,3,7.0,7,2.0,0.7456195309399996,0.5743,0.1265,0.7184742339847139,Tương tác trung bình,Ổn định,267,1,1,1,0,0,3,Q1 (Low)
KH00111245,54,Nam,Chuyên viên vật lý trị liệu,Phú Thọ,12,76.76666666666667,66.00833333333334,13.833333333333334,14,121.91666666666667,1463,29.166666666666668,0.17905964302677743,0.7702833333333333,0.17605,1.4080364756475143,Tương tác cao,Ổn định,-1,1,1,1,1,1,5,Q2
KH00111250,35,Nữ,Cán bộ thử nghiệm hiện trường,Cần Thơ,12,74.93333333333334,65.175,13.333333333333334,14,60.833333333333336,730,24.833333333333332,0.2246675911809046,0.8328416666666666,0.25490833333333335,1.1486660356707568,Tương tác cao,Ổn định,-1,1,1,1,1,1,5,Q2
KH00111285,25,Nam,Chuyên viên hoạch định quảng cáo,Thành phố Hồ Chí Minh,12,75.53333333333335,64.35833333333333,13.5,14,61.416666666666664,737,25.833333333333332,0.22387063525749437,0.75095,0.20099166666666668,1.6344275922375076,Tương tác cao,Ổn định,-1,1,1,1,1,1,5,Q2
KH00111290,30,Nam,Bác sĩ phẫu thuật,Thành phố Hồ Chí Minh,12,80.46666666666667,75.60833333333333,14.0,14,182.58333333333334,2191,30.25,0.22074929097328702,0.3709,0.10254166666666666,1.831420018456983,Tương tác cao,Ổn định,-1,1,1,1,1,1,5,Q4 (High)
KH00111325,29,Nam,Nhà khoa học y sinh,Thành phố Hồ Chí Minh,12,80.52499999999999,73.84166666666667,14.0,14,122.16666666666667,1466,29.416666666666668,0.24721300549264938,0.4472666666666667,0.10293333333333334,1.8021093540055146,Tương tác cao,Ổn định,-1,1,1,1,1,1,5,Q4 (High)
KH00111330,84,Nam,Giáo viên trung học,Thành phố Hồ Chí Minh,12,78.50833333333334,63.775,13.833333333333334,14,182.66666666666666,2192,30.166666666666668,0.18701209355700252,0.7936583333333335,0.1688333333333333,1.6837706164651107,Tương tác cao,Ổn định,-1,1,1,1,1,1,5,Q3
KH00111365,64,Nam,Nhà báo phát thanh truyền hình,Hà Nội,2,47.5,67.25,3.5,4,4.5,9,1.0,0.649671160075302,0.66425,0.15095,0.9158538038895891,Tương tác trung bình,Cần theo dõi,243,1,1,0,1,1,4,Q1 (Low)
KH00111370,29,Nam,Chuyên viên pháp lý nhà đất,Ninh Bình,12,74.20833333333333,64.79166666666667,13.166666666666666,14,61.333333333333336,736,25.5,0.2142811256283562,0.826475,0.241725,0.8663194100069366,Tương tác cao,Ổn định,-1,1,1,1,1,1,5,Q1 (Low)
KH00111405,81,Nữ,Quản lý trường quay,Gia Lai,12,79.38333333333334,66.14166666666667,13.75,14,182.41666666666666,2189,30.0,0.20923981938294742,0.6752833333333333,0.16411666666666666,1.4741570291744477,Tương tác cao,Ổn định,-1,1,1,1,1,1,5,Q3
KH00111410,64,Nam,Nhà sản xuất phát thanh,Ninh Bình,12,77.60000000000001,63.875,13.75,14,121.75,1461,29.333333333333332,0.19903668029973579,0.7537333333333334,0.2748583333333333,1.5885119110169619,Tương tác cao,Ổn định,-1,1,1,1,1,1,5,Q2
KH00111445,68,Nam,Nhà thiết kế nội thất,Cần Thơ,12,77.425,64.89166666666667,13.833333333333334,14,121.66666666666667,1460,29.666666666666668,0.18864996018844782,0.758425,0.205825,1.6204373295112227,Tương tác cao,Ổn định,-1,1,1,1,1,1,5,Q2
KH00111450,20,Nam,Kỹ sư cơ điện công trình,Đà Nẵng,1,55.4,70.6,6.0,6,10.0,10,2.0,0.6032729597272534,0.4902,0.1346,1.027374836120602,Tương tác trung bình,Ổn định,339,1,1,1,0,0,3,Q1 (Low)
KH00111485,52,Nữ,Cán bộ quản chế,Thành phố Hồ Chí Minh,12,77.74166666666666,66.77499999999999,13.583333333333334,14,122.25,1467,29.416666666666668,0.20494689237885874,0.684825,0.16355833333333333,1.5895401449087057,Tương tác cao,Ổn định,-1,1,1,1,1,1,5,Q2
KH00111490,75,Nam,Kỹ sư mạng,Cần Thơ,12,73.16666666666667,71.48333333333333,13.166666666666666,14,61.75,741,23.75,0.20107251627047637,0.5142,0.15445,1.503360269263806,Tương tác cao,Ổn định,-1,1,1,1,1,1,5,Q1 (Low)
KH00111525,23,Nữ,Cán bộ bảo tồn công trình di tích,Đà Nẵng,12,82.59166666666667,62.258333333333326,14.0,14,183.25,2199,29.75,0.26658527830370776,0.9316749999999999,0.18559166666666668,0.9851188476540423,Tương tác rất cao,Ổn định,-1,1,1,1,1,1,5,Q4 (High)
KH00111530,66,Nữ,Nhà vật lý y khoa,Đồng Tháp,12,79.03333333333333,61.35,13.916666666666666,14,243.16666666666666,2918,30.333333333333332,0.18642912287630675,0.8356083333333334,0.28805,1.523953635106837,Tương tác cao,Ổn định,-1,1,1,1,1,1,5,Q3
KH00111565,64,Nam,Nhà sản xuất truyền hình,Lâm Đồng,12,77.81666666666666,63.25,13.833333333333334,14,122.5,1470,29.75,0.19730622486054095,0.9317333333333333,0.22105,1.5121311860984221,Tương tác cao,Ổn định,-1,1,1,1,1,1,5,Q2
KH00111570,65,Nữ,Họa sĩ minh họa,Cần Thơ,12,77.95833333333333,66.16666666666667,13.666666666666666,14,182.75,2193,30.166666666666668,0.18001260683872833,0.7384499999999999,0.17579999999999998,1.3570544022949729,Tương tác cao,Ổn định,-1,1,1,1,1,1,5,Q2
KH00111605,33,Nữ,Chuyên viên vật lý trị liệu,Ninh Bình,12,77.08333333333333,64.53333333333333,13.916666666666666,14,122.08333333333333,1465,29.5,0.1806103086974901,0.859625,0.17069166666666669,1.9344634569976524,Tương tác cao,Ổn định,-1,1,1,1,1,1,5,Q2
KH00111610,47,Nam,Chuyên viên trị liệu nghệ thuật,Đà Nẵng,12,78.85000000000001,62.49166666666667,14.0,14,182.41666666666666,2189,30.333333333333332,0.1883161078933513,0.9052250000000001,0.23991666666666664,1.8266036578091953,Tương tác cao,Ổn định,-1,1,1,1,1,1,5,Q3
KH00111645,25,Nam,Chuyên viên trị liệu bằng làm vườn,Gia Lai,12,83.825,63.50833333333333,13.916666666666666,14,183.0,2196,29.75,0.29384445809786114,0.7426583333333333,0.23651666666666668,1.0034445887039904,Tương tác rất cao,Ổn định,-1,1,1,1,1,1,5,Q4 (High)
KH00111650,34,Nữ,Nhà khoa học y sinh,Tuyên Quang,12,78.99166666666666,68.575,14.0,14,183.0,2196,30.25,0.19102415856331192,0.5964833333333334,0.16425,1.603913463101856,Tương tác cao,Ổn định,-1,1,1,1,1,1,5,Q3
KH00111685,80,Nữ,Cán bộ bình đẳng và đa dạng,Thanh Hóa,12,79.60000000000001,64.33333333333333,13.833333333333334,14,244.0,2928,30.333333333333332,0.19958356039850159,0.8666416666666666,0.17734166666666665,1.319119344482549,Tương tác cao,Ổn định,-1,1,1,1,1,1,5,Q3
KH00111690,22,Nữ,Chuyên viên dự toán xây dựng,Đồng Tháp,1,50.9,64.4,4.0,4,6.0,6,1.0,0.7540257648953301,0.6142,0.2125,0.5384973713648327,Tương tác trung bình,Ổn định,66,1,1,1,1,0,4,Q1 (Low)
KH00111725,42,Nam,Thư ký hành chính,Thành phố Hồ Chí Minh,12,79.00833333333334,64.10833333333333,14.0,14,244.25,2931,30.333333333333332,0.18246490000051704,0.7531500000000001,0.269525,0.9589165016822614,Tương tác cao,Ổn định,-1,1,1,1,1,1,5,Q3
KH00111730,56,Nam,Dược sĩ cộng đồng,Quảng Ninh,12,77.49166666666666,71.77499999999999,14.0,14,182.91666666666666,2195,30.083333333333332,0.16188800819541863,0.5160416666666666,0.11074166666666667,1.8508482224327063,Tương tác cao,Ổn định,-1,1,1,1,1,1,5,Q2
KH00111765,25,Nam,Thanh tra công trình di tích,Ninh Bình,12,83.10833333333333,57.975,14.0,14,304.3333333333333,3652,30.333333333333332,0.2632272842961257,0.8667666666666666,0.3096083333333333,2.2902785480943693,Tương tác rất cao,Cần theo dõi,-1,1,1,1,1,1,5,Q4 (High)
KH00111770,61,Nữ,Nhân viên phát triển cộng đồng,Bắc Ninh,12,78.91666666666667,66.43333333333334,13.916666666666666,14,122.0,1464,29.833333333333332,0.2158358985868898,0.6932583333333334,0.147575,1.8479021950741543,Tương tác cao,Ổn định,-1,1,1,1,1,1,5,Q3
KH00111805,60,Nữ,Chuyên viên vệ sinh lao động,Hà Nội,12,77.05833333333334,66.91666666666667,13.75,14,122.08333333333333,1465,29.416666666666668,0.185626877743275,0.6663166666666667,0.141875,1.7134791165145868,Tương tác cao,Ổn định,-1,1,1,1,1,1,5,Q2
KH00111810,39,Nam,Quản lý nông trại,Đồng Tháp,12,72.99166666666666,70.02499999999999,13.0,14,61.333333333333336,736,25.333333333333332,0.1928991794687778,0.5871583333333333,0.1698333333333333,0.9400988960141273,Tương tác cao,Ổn định,-1,1,1,1,1,1,5,Q1 (Low)
KH00111845,51,Nam,Nhân viên nghệ thuật cộng đồng,Hà Tĩnh,12,79.34166666666667,59.1,13.75,14,121.75,1461,29.916666666666668,0.22905076584544604,0.9671166666666666,0.2459916666666667,1.3619655956696546,Tương tác cao,Cần theo dõi,-1,1,1,1,1,1,5,Q3
KH00111850,43,Nam,Thư ký công ty,Hưng Yên,12,80.65833333333333,56.708333333333336,14.0,14,122.25,1467,29.333333333333332,0.25088569866686117,1.0020333333333333,0.22660833333333333,1.8751897490740461,Tương tác cao,Ổn định,-1,1,1,1,1,1,5,Q4 (High)
KH00111885,58,Nam,Chuyên viên viết nội dung quảng cáo,Lâm Đồng,1,46.7,66.4,5.0,5,9.0,9,2.0,0.5805401669769152,0.5727,0.1482,1.1508082956153838,Tương tác trung bình,Ổn định,238,1,0,1,1,1,4,Q1 (Low)
KH00111890,60,Nữ,Giám đốc tài chính,Hà Nội,12,79.88333333333334,76.35833333333333,13.916666666666666,14,243.25,2919,30.333333333333332,0.202644009267124,0.37307500000000005,0.09301666666666668,1.4781419937411824,Tương tác cao,Ổn định,-1,1,1,1,1,1,5,Q3
KH00111925,39,Nữ,Quản lý hậu cần và phân phối,Hải Phòng,12,82.94166666666666,69.64166666666667,14.0,14,182.91666666666666,2195,30.083333333333332,0.2711591957757897,0.5435666666666666,0.18611666666666668,1.3000310122216978,Tương tác rất cao,Ổn định,-1,1,1,1,1,1,5,Q4 (High)
KH00111930,53,Nam,Cán bộ giáo dục bảo tàng,Thành phố Hồ Chí Minh,12,81.575,60.208333333333336,14.0,14,243.91666666666666,2927,30.333333333333332,0.2346030626249498,0.9656250000000001,0.22040833333333332,1.9706515672983895,Tương tác rất cao,Cần theo dõi,-1,1,1,1,1,1,5,Q4 (High)
KH00111965,22,Nữ,Kỹ sư đóng tàu,Thành phố Hồ Chí Minh,12,72.55,66.59166666666667,13.666666666666666,14,61.75,741,24.833333333333332,0.1660175734722855,0.7669833333333332,0.21833333333333335,1.7382730870270218,Tương tác cao,Ổn định,-1,1,1,1,1,1,5,Q1 (Low)
KH00111970,26,Nam,Giảng viên giáo dục thường xuyên,An Giang,12,79.03333333333333,71.54166666666667,13.916666666666666,14,182.5,2190,30.333333333333332,0.19422281601915195,0.4656666666666667,0.12127500000000001,2.094911098421681,Tương tác cao,Ổn định,-1,1,1,1,1,1,5,Q3
KH00112005,44,Nam,Kỹ sư viễn thông,Đắk Lắk,12,78.58333333333333,75.22500000000001,13.916666666666666,14,183.25,2199,30.083333333333332,0.18579068121198747,0.4696416666666667,0.10238333333333333,0.9178745459206129,Tương tác cao,Ổn định,-1,1,1,1,1,1,5,Q3
KH00112010,41,Nam,Quản lý hệ thống thông tin,Huế,12,74.64166666666667,70.675,13.333333333333334,14,61.416666666666664,737,25.333333333333332,0.21710689914956313,0.6612916666666666,0.148475,0.8300927173469018,Tương tác cao,Ổn định,-1,1,1,1,1,1,5,Q1 (Low)
KH00112045,88,Nam,Sĩ quan huấn luyện quân đội,Thành phố Hồ Chí Minh,1,57.1,60.3,5.0,5,7.0,7,2.0,0.7004795937558774,0.6608,0.264,0.8182870954719667,Tương tác trung bình,Ổn định,152,1,1,1,0,0,3,Q1 (Low)
KH00112050,51,Nam,Nhà thiết kế triển lãm,Vĩnh Long,12,78.825,61.98333333333333,13.666666666666666,14,183.25,2199,30.25,0.19711251617550796,0.7855833333333333,0.23925,1.6409844399454216,Tương tác cao,Ổn định,-1,1,1,1,1,1,5,Q3
KH00112085,48,Nữ,Cán bộ quản lý thể thao,Thành phố Hồ Chí Minh,12,78.075,68.925,14.0,14,122.25,1467,29.666666666666668,0.1971358066605805,0.6541,0.13097499999999998,1.7128912910284253,Tương tác cao,Ổn định,-1,1,1,1,1,1,5,Q2
KH00112090,23,Nam,Nhà miễn dịch học,An Giang,12,81.91666666666667,63.300000000000004,14.0,14,365.5,4386,30.416666666666668,0.2382790228886823,0.7729333333333334,0.157525,2.164690966567577,Tương tác rất cao,Ổn định,-1,1,1,1,1,1,5,Q4 (High)
KH00112125,44,Nam,Chuyên viên trị liệu bằng làm vườn,Đồng Nai,12,77.98333333333333,65.55833333333334,13.916666666666666,14,122.41666666666667,1469,29.0,0.2014397174132585,0.709175,0.27334166666666665,0.880917861727455,Tương tác cao,Ổn định,-1,1,1,1,1,1,5,Q2
KH00112130,48,Nữ,Nhà sản xuất truyền hình,Cần Thơ,12,72.28333333333333,64.64166666666667,13.25,14,61.333333333333336,736,25.25,0.17391316833445317,0.8705083333333333,0.26790833333333336,1.160391225955523,Tương tác cao,Ổn định,-1,1,1,1,1,1,5,Q1 (Low)
KH00112165,38,Nam,Nhà địa chất hiện trường,Lai Châu,12,80.68333333333334,61.71666666666667,14.0,14,243.66666666666666,2924,30.416666666666668,0.21614966761143237,0.7988916666666667,0.21040833333333334,1.9235929082081995,Tương tác cao,Cần theo dõi,-1,1,1,1,1,1,5,Q4 (High)
KH00112170,21,Nam,Bác sĩ phẫu thuật,Thành phố Hồ Chí Minh,12,78.04166666666667,68.21666666666667,14.0,14,182.75,2193,29.75,0.17568466332918012,0.6550916666666667,0.15533333333333332,3.038598938216173,Tương tác cao,Ổn định,-1,1,1,1,1,1,5,Q2
KH00112205,46,Nam,Nhân viên pha chế cà phê,Nghệ An,12,82.41666666666667,50.824999999999996,14.0,14,182.75,2193,30.333333333333332,0.2591889080767004,1.0416583333333334,0.36860833333333337,1.9501705956906743,Tương tác rất cao,Cần theo dõi,-1,1,1,1,1,1,5,Q4 (High)
KH00112210,33,Nam,Thủ thư học thuật,Khánh Hòa,12,80.35833333333333,66.21666666666667,13.916666666666666,14,122.25,1467,29.583333333333332,0.25122400303184406,0.764875,0.18159999999999998,1.9908195880413544,Tương tác cao,Ổn định,-1,1,1,1,1,1,5,Q4 (High)
KH00112245,71,Nữ,Kỹ sư đóng tàu,Thành phố Hồ Chí Minh,12,79.00833333333334,71.95833333333333,14.0,14,182.41666666666666,2189,30.083333333333332,0.19311318905583377,0.46725833333333333,0.15754166666666666,1.8588061951802102,Tương tác cao,Ổn định,-1,1,1,1,1,1,5,Q3
KH00112250,54,Nam,Chuyên viên viết nội dung quảng cáo,An Giang,12,77.71666666666667,68.80833333333334,14.0,14,122.16666666666667,1466,29.416666666666668,0.19051741678828757,0.6441083333333334,0.141425,1.4398057329863276,Tương tác cao,Ổn định,-1,1,1,1,1,1,5,Q2
KH00112285,38,Nam,Nhà môi giới hàng không,An Giang,12,76.69166666666666,64.79166666666667,13.916666666666666,14,122.25,1467,29.833333333333332,0.17062529959017478,0.7561333333333332,0.25193333333333334,0.9700570215650277,Tương tác cao,Ổn định,-1,1,1,1,1,1,5,Q2
KH00112290,60,Nam,Quản lý dịch vụ ăn uống,Hải Phòng,12,74.0,66.45,13.166666666666666,14,61.416666666666664,737,25.083333333333332,0.20694273617827863,0.6560166666666667,0.25745833333333334,1.3906341552779005,Tương tác cao,Ổn định,-1,1,1,1,1,1,5,Q1 (Low)
KH00112325,40,Nữ,Điều dưỡng nhi khoa,Thành phố Hồ Chí Minh,12,79.43333333333334,66.72500000000001,14.0,14,244.16666666666666,2930,30.166666666666668,0.19200162747221924,0.5692166666666667,0.19653333333333334,2.3039906325482713,Tương tác cao,Ổn định,-1,1,1,1,1,1,5,Q3
KH00112330,51,Nam,Chuyên viên trị liệu nghề nghiệp,Thành phố Hồ Chí Minh,12,77.94166666666666,69.04166666666667,13.75,14,121.66666666666667,1460,29.416666666666668,0.2030091617091636,0.61335,0.136025,1.4497190128583641,Tương tác cao,Ổn định,-1,1,1,1,1,1,5,Q2
KH00112365,71,Nam,Bác sĩ tâm thần,Ninh Bình,12,71.375,70.10833333333333,12.916666666666666,14,61.166666666666664,734,25.916666666666668,0.15991887886632927,0.5234666666666666,0.16849166666666668,1.757504549576785,Tương tác cao,Ổn định,-1,1,1,1,1,1,5,Q1 (Low)
KH00112370,20,Nữ,Chuyên viên ngân hàng đầu tư vận hành,Sơn La,1,46.9,73.8,4.0,4,11.0,11,2.0,0.9240647903913058,0.4796,0.0999,0.4954288626023431,Tương tác trung bình,Ổn định,116,1,1,1,0,0,3,Q1 (Low)
KH00112405,63,Nam,Chuyên viên tư vấn nông nghiệp,Hà Nội,12,76.86666666666666,70.93333333333334,13.666666666666666,14,181.5,2178,29.916666666666668,0.16104913313002664,0.6171333333333333,0.14068333333333333,1.405496139272959,Tương tác cao,Ổn định,-1,1,1,1,1,1,5,Q2
KH00112410,63,Nữ,Giáo viên dạy nhạc,Đồng Nai,12,79.39166666666667,68.875,13.833333333333334,14,242.41666666666666,2909,30.416666666666668,0.19527933609030665,0.6572416666666666,0.17221666666666668,1.452806297412814,Tương tác cao,Ổn định,-1,1,1,1,1,1,5,Q3
KH00112445,58,Nữ,Kỹ sư khoan,Đà Nẵng,12,73.93333333333334,67.41666666666667,13.333333333333334,14,60.833333333333336,730,25.416666666666668,0.2025796232496343,0.5999916666666666,0.23413333333333333,1.4318191449206559,Tương tác cao,Ổn định,-1,1,1,1,1,1,5,Q1 (Low)
KH00112450,45,Nam,Chuyên viên di truyền tế bào lâm sàng,An Giang,12,74.25833333333334,65.86666666666666,13.416666666666666,14,61.416666666666664,737,24.666666666666668,0.21782290366234278,0.8251416666666667,0.1903,1.3200380323651133,Tương tác cao,Ổn định,-1,1,1,1,1,1,5,Q1 (Low)
KH00112485,20,Nữ,Chuyên viên pháp lý nhà đất,Quảng Trị,12,79.66666666666667,60.01666666666667,14.0,14,183.16666666666666,2198,30.083333333333332,0.2058551797463762,0.8413499999999999,0.32089166666666663,1.839361270186761,Tương tác cao,Cần theo dõi,-1,1,1,1,1,1,5,Q3
KH00112490,77,Nữ,Giám đốc tiếp thị,An Giang,12,76.22500000000001,78.33333333333333,13.583333333333334,14,121.91666666666667,1463,29.083333333333332,0.17578140213821358,0.32121666666666665,0.08231666666666666,1.5113180424811803,Tương tác cao,Ổn định,-1,1,1,1,1,1,5,Q2
KH00112525,74,Nam,Chuyên viên trị liệu nghề nghiệp,Nghệ An,12,79.05,65.45,13.916666666666666,14,122.33333333333333,1468,29.75,0.21775200144497078,0.6479750000000001,0.230675,1.6454820603743936,Tương tác cao,Ổn định,-1,1,1,1,1,1,5,Q3
KH00112530,81,Nữ,Chuyên viên quan hệ công chúng,Đồng Nai,12,79.31666666666666,67.52499999999999,14.0,14,242.91666666666666,2915,30.416666666666668,0.18938202848959795,0.6256416666666667,0.1909,1.7280228111552096,Tương tác cao,Ổn định,-1,1,1,1,1,1,5,Q3
KH00112565,84,Nữ,Nhà hóa sinh lâm sàng,Hà Nội,12,69.79166666666667,65.49166666666666,13.0,14,61.666666666666664,740,25.75,0.1256078028569553,0.8602666666666666,0.22874166666666665,1.7179270754985827,Tương tác cao,Ổn định,-1,1,1,1,1,1,5,Q1 (Low)
KH00112570,60,Nữ,Dược sĩ bệnh viện,Khánh Hòa,12,73.85000000000001,68.76666666666667,13.25,14,61.333333333333336,736,25.833333333333332,0.20109704768307976,0.6426999999999999,0.14971666666666666,1.7718120282176002,Tương tác cao,Ổn định,-1,1,1,1,1,1,5,Q1 (Low)
KH00112605,34,Nam,Nhà địa chất công trình,Đồng Nai,12,79.29166666666667,67.3,14.0,14,243.83333333333334,2926,30.416666666666668,0.18797172789113623,0.7075166666666667,0.2293166666666667,0.8896792077744532,Tương tác cao,Ổn định,-1,1,1,1,1,1,5,Q3
KH00112610,66,Nữ,Nhà tâm lý học nghề nghiệp,Đồng Tháp,12,80.175,66.33333333333333,13.916666666666666,14,243.58333333333334,2923,30.25,0.20938129855696005,0.7046833333333332,0.20203333333333331,1.3729361530386983,Tương tác cao,Ổn định,-1,1,1,1,1,1,5,Q4 (High)
KH00112645,48,Nữ,Nhà tâm lý học nghề nghiệp,Tây Ninh,12,80.10833333333333,66.375,14.0,14,243.75,2925,30.416666666666668,0.20397701475055632,0.6641,0.14530833333333334,2.8940560328365614,Tương tác cao,Ổn định,-1,1,1,1,1,1,5,Q4 (High)
KH00112650,21,Nữ,Kỹ sư sản xuất,Hà Nội,12,81.3,73.39166666666667,13.833333333333334,14,121.33333333333333,1456,28.416666666666668,0.27687783131043014,0.46313333333333334,0.10458333333333332,1.0064000510457467,Tương tác rất cao,Ổn định,-1,1,1,1,1,1,5,Q4 (High)
KH00112685,40,Nam,Kỹ sư dầu khí,Thanh Hóa,12,79.10000000000001,72.61666666666666,14.0,14,243.58333333333334,2923,30.416666666666668,0.18403450225514237,0.498375,0.1899666666666667,0.86566868651671,Tương tác cao,Ổn định,-1,1,1,1,1,1,5,Q3
KH00112690,42,Nữ,Chuyên viên tư vấn tài chính,Hà Nội,12,78.35000000000001,67.28333333333333,14.0,14,304.0833333333333,3649,30.416666666666668,0.16719777022785853,0.6089166666666667,0.19286666666666666,1.8059466685065457,Tương tác cao,Ổn định,-1,1,1,1,1,1,5,Q3
KH00112725,88,Nữ,Cán bộ bảo tồn thiên nhiên,Điện Biên,1,39.7,48.2,5.0,5,8.0,8,2.0,0.4436790260824034,0.9391,0.3782,1.109017516846448,Tương tác thấp,Cần theo dõi,266,1,1,0,1,0,3,Q1 (Low)
KH00112730,56,Nam,Sĩ quan huấn luyện quân đội,Thành phố Hồ Chí Minh,1,52.9,67.6,6.0,6,10.0,10,2.0,0.7638809058512472,0.5592,0.1888,0.6921635249219581,Tương tác trung bình,Ổn định,40,1,1,0,1,1,4,Q1 (Low)
KH00112765,33,Nam,Cán bộ xuất nhập cảnh,Thành phố Hồ Chí Minh,12,80.0,67.77499999999999,14.0,14,243.75,2925,30.333333333333332,0.2036572440875335,0.6366916666666667,0.23065,0.8909195081997677,Tương tác cao,Ổn định,-1,1,1,1,1,1,5,Q4 (High)
KH00112770,75,Nữ,Nhà địa chất thủy văn,Đồng Nai,12,72.00833333333334,67.64166666666667,12.666666666666666,14,61.5,738,25.333333333333332,0.18354369789314107,0.7831416666666667,0.16635833333333333,1.2308765447963674,Tương tác cao,Ổn định,-1,1,1,1,1,1,5,Q1 (Low)
KH00112805,30,Nữ,Trợ lý sản xuất truyền hình,Cần Thơ,12,78.49166666666666,61.208333333333336,13.916666666666666,14,303.8333333333333,3646,30.416666666666668,0.17249726494582973,0.9249666666666667,0.229425,2.191220784306459,Tương tác cao,Ổn định,-1,1,1,1,1,1,5,Q3
KH00112810,54,Nữ,Cán bộ quản lý chất thải,Thành phố Hồ Chí Minh,12,76.88333333333334,72.26666666666667,14.0,14,121.91666666666667,1463,29.5,0.17386732430623833,0.4916333333333333,0.13925,1.3690880478155947,Tương tác cao,Ổn định,-1,1,1,1,1,1,5,Q2
KH00112845,40,Nam,Chuyên viên nghiên cứu thị trường,Đồng Nai,12,79.38333333333334,63.49166666666667,14.0,14,243.25,2919,30.416666666666668,0.18984307353028881,0.8675916666666668,0.17742500000000003,1.7529870925238737,Tương tác cao,Ổn định,-1,1,1,1,1,1,5,Q3
KH00112850,93,Nam,Chuyên viên thẩm định bảo hiểm,Hà Nội,12,76.33333333333333,66.08333333333333,13.833333333333334,14,121.58333333333333,1459,28.833333333333332,0.1727167066118087,0.6644416666666667,0.18987500000000002,1.5170757411424294,Tương tác cao,Ổn định,-1,1,1,1,1,1,5,Q2
KH00112885,93,Nam,Quản lý dịch vụ y tế,Phú Thọ,12,78.88333333333334,67.72500000000001,13.916666666666666,14,182.75,2193,30.333333333333332,0.18991887488797868,0.6854916666666666,0.143675,1.5916423389607128,Tương tác cao,Ổn định,-1,1,1,1,1,1,5,Q3
KH00112890,41,Nam,Biên tập viên đặt bài,Đắk Lắk,12,79.27499999999999,65.30833333333334,14.0,14,243.5,2922,30.25,0.18841577470936563,0.7489833333333333,0.190125,1.582243495042331,Tương tác cao,Ổn định,-1,1,1,1,1,1,5,Q3
KH00112925,28,Nữ,Nhà giao dịch hợp đồng tương lai,Cần Thơ,12,77.55,72.375,14.0,14,121.83333333333333,1462,29.416666666666668,0.18736020338023074,0.49618333333333337,0.10791666666666666,1.3823527829782192,Tương tác cao,Ổn định,-1,1,1,1,1,1,5,Q2
KH00112930,45,Nam,Giáo viên tiếng anh,Hà Nội,12,78.95833333333333,68.98333333333333,14.0,14,122.33333333333333,1468,29.5,0.21479239152083074,0.6163666666666666,0.171625,1.5865376598927987,Tương tác cao,Ổn định,-1,1,1,1,1,1,5,Q3
KH00112965,59,Nữ,Chuyên viên pháp chế,Quảng Ngãi,1,47.4,64.2,5.0,5,8.0,8,2.0,0.6011671501518313,0.6737,0.1567,0.6848876664734853,Tương tác trung bình,Ổn định,171,1,1,0,1,0,3,Q1 (Low)
KH00112970,74,Nữ,Kỹ sư cơ điện công trình,Thành phố Hồ Chí Minh,12,79.05833333333334,70.52499999999999,13.916666666666666,14,182.5,2190,30.166666666666668,0.19568847717925783,0.5425416666666667,0.16641666666666666,1.4567924559992802,Tương tác cao,Ổn định,-1,1,1,1,1,1,5,Q3
KH00113005,91,Nữ,Kỹ sư hóa học,Hà Nội,12,78.23333333333333,69.44166666666666,13.916666666666666,14,183.0,2196,30.166666666666668,0.1796715039219671,0.5667916666666667,0.13488333333333333,1.7394254450933537,Tương tác cao,Ổn định,-1,1,1,1,1,1,5,Q3
KH00113010,34,Nữ,Giáo viên dạy nhạc,Thanh Hóa,12,81.54166666666667,61.85833333333333,13.916666666666666,14,122.41666666666667,1469,29.083333333333332,0.27178035401922823,0.7745833333333333,0.27358333333333335,1.3002669354289198,Tương tác rất cao,Ổn định,-1,1,1,1,1,1,5,Q4 (High)
KH00113045,34,Nam,Nhân viên tư vấn hỗ trợ,Vĩnh Long,12,74.63333333333334,64.20833333333333,13.166666666666666,14,61.5,738,24.833333333333332,0.22189791739786488,0.7744583333333334,0.22334166666666666,0.8557017012660979,Tương tác cao,Ổn định,-1,1,1,1,1,1,5,Q1 (Low)
KH00113050,95,Nữ,Kiểm soát viên tài chính,Thành phố Hồ Chí Minh,1,57.3,71.6,5.0,5,11.0,11,2.0,0.6629589280633947,0.544,0.1233,0.6983249682977326,Tương tác trung bình,Ổn định,307,1,1,1,1,1,5,Q1 (Low)
KH00113085,28,Nữ,Kỹ thuật viên chẩn đoán hình ảnh,Phú Thọ,12,81.60833333333333,65.75,14.0,14,122.0,1464,29.5,0.2704919024725339,0.71705,0.20808333333333331,1.2403509114270899,Tương tác rất cao,Ổn định,-1,1,1,1,1,1,5,Q4 (High)
KH00113090,65,Nam,Bác sĩ bệnh viện,Cần Thơ,12,75.70833333333333,68.85,13.916666666666666,14,121.75,1461,29.583333333333332,0.15365234522890328,0.5518416666666667,0.21926666666666664,2.0984236521139166,Tương tác cao,Ổn định,-1,1,1,1,1,1,5,Q2
KH00113125,55,Nam,Giáo viên dạy nhạc,Ninh Bình,12,79.80833333333334,63.43333333333334,13.916666666666666,14,243.91666666666666,2927,30.333333333333332,0.20136278977902586,0.8158,0.253425,1.3817269820982139,Tương tác rất cao,Ổn định,-1,1,1,1,1,1,5,Q3
KH00113130,30,Nam,Người bán sách,Cần Thơ,12,73.46666666666667,64.64166666666667,13.333333333333334,14,61.666666666666664,740,25.25,0.1927440925192724,0.9044249999999999,0.204,0.9235095582772636,Tương tác cao,Ổn định,-1,1,1,1,1,1,5,Q1 (Low)
KH00113165,94,Nữ,Nhà thủy văn học,Hưng Yên,12,77.16666666666667,58.31666666666666,13.916666666666666,14,183.16666666666666,2198,29.833333333333332,0.16135254733697504,0.9027166666666666,0.32350833333333334,2.073813369663848,Tương tác cao,Ổn định,-1,1,1,1,1,1,5,Q2
KH00113170,41,Nữ,Chuyên viên công nghệ dệt may,Lâm Đồng,12,82.04166666666667,62.458333333333336,13.916666666666666,14,182.5,2190,30.0,0.25684253527428913,0.868375,0.21271666666666667,1.770788998393475,Tương tác rất cao,Ổn định,-1,1,1,1,1,1,5,Q4 (High)
KH00113205,87,Nữ,Chuyên viên dự toán xây dựng,Thanh Hóa,12,76.175,64.80833333333334,13.916666666666666,14,122.08333333333333,1465,29.416666666666668,0.16347805799356704,0.69525,0.23475833333333332,1.7057343365445004,Tương tác cao,Cần theo dõi,-1,1,1,1,1,1,5,Q2
KH00113210,94,Nữ,Kỹ sư kinh doanh kỹ thuật,Hải Phòng,12,78.95833333333333,71.48333333333333,13.833333333333334,14,243.58333333333334,2923,30.333333333333332,0.187050189670556,0.5413666666666667,0.11303333333333333,1.7321184835721832,Tương tác cao,Ổn định,-1,1,1,1,1,1,5,Q3
KH00113245,48,Nữ,Bác sĩ phẫu thuật thần kinh,Vĩnh Long,12,78.60000000000001,72.61666666666666,14.0,14,122.41666666666667,1469,29.833333333333332,0.20626566094577856,0.45660833333333334,0.1565,1.8473893039136542,Tương tác cao,Ổn định,-1,1,1,1,1,1,5,Q3
KH00113250,37,Nữ,Chuyên viên cắt tỉa cây,Bắc Ninh,12,79.38333333333334,63.15,14.0,14,365.3333333333333,4384,30.416666666666668,0.18769264221576187,0.7604916666666667,0.2242333333333333,1.9667379136345693,Tương tác cao,Ổn định,-1,1,1,1,1,1,5,Q3
KH00113285,32,Nữ,Phi công hàng không,Hà Nội,12,82.24166666666666,73.33333333333333,14.0,14,242.41666666666666,2909,30.25,0.24859220869275,0.4276333333333333,0.15685000000000002,1.3317383891230434,Tương tác rất cao,Ổn định,-1,1,1,1,1,1,5,Q4 (High)
KH00113290,27,Nam,Kỹ thuật viên phòng thí nghiệm giảng dạy,Ninh Bình,12,81.3,63.083333333333336,14.0,14,122.25,1467,29.833333333333332,0.25888631438460624,0.9108166666666667,0.19185833333333335,1.5932192546590997,Tương tác rất cao,Ổn định,-1,1,1,1,1,1,5,Q4 (High)
KH00113325,48,Nam,Thanh tra công trình di tích,Thành phố Hồ Chí Minh,12,82.18333333333334,66.24166666666666,14.0,14,304.4166666666667,3653,30.416666666666668,0.24369191025606277,0.6840666666666667,0.17625833333333332,1.7656445608616274,Tương tác rất cao,Ổn định,-1,1,1,1,1,1,5,Q4 (High)
KH00113330,53,Nam,Lập trình viên đa phương tiện,Tây Ninh,12,79.72500000000001,71.31666666666666,13.916666666666666,14,183.16666666666666,2198,30.333333333333332,0.20878701074067388,0.5403833333333333,0.12665,1.6122481308419685,Tương tác cao,Ổn định,-1,1,1,1,1,1,5,Q3
KH00113365,52,Nữ,Phóng viên ảnh,An Giang,12,78.10000000000001,61.25,13.916666666666666,14,183.08333333333334,2197,30.166666666666668,0.17648009060685624,0.7930083333333333,0.28189166666666665,1.6984323913556318,Tương tác cao,Ổn định,-1,1,1,1,1,1,5,Q2
KH00113370,38,Nam,Chuyên viên an toàn lao động,Hải Phòng,12,73.21666666666667,61.550000000000004,13.416666666666666,14,61.833333333333336,742,26.083333333333332,0.17880335950434734,0.9387500000000001,0.26039166666666663,0.9743703217603824,Tương tác cao,Ổn định,-1,1,1,1,1,1,5,Q1 (Low)
KH00113405,28,Nữ,Cán bộ triển lãm bảo tàng,Nghệ An,12,83.76666666666667,62.708333333333336,14.0,14,182.75,2193,30.0,0.2892887762346767,0.77645,0.2320333333333333,1.4698924387653145,Tương tác rất cao,Cần theo dõi,-1,1,1,1,1,1,5,Q4 (High)
KH00113410,48,Nữ,Bác sĩ chuyên khoa bàn chân,Lào Cai,12,81.53333333333333,73.45833333333333,14.0,14,243.75,2925,30.416666666666668,0.23325060589831062,0.4355833333333334,0.11113333333333335,1.4830519560114996,Tương tác rất cao,Ổn định,-1,1,1,1,1,1,5,Q4 (High)
KH00113445,32,Nữ,Chuyên viên phục chế bảo tàng,Lâm Đồng,12,78.125,68.72500000000001,14.0,14,122.66666666666667,1472,29.416666666666668,0.19945191399952242,0.6427166666666667,0.13169166666666668,1.7814294370907013,Tương tác cao,Ổn định,-1,1,1,1,1,1,5,Q2
KH00113450,32,Nam,Chuyên viên trị liệu nghệ thuật,An Giang,12,80.19166666666666,64.95833333333333,14.0,14,304.1666666666667,3650,30.416666666666668,0.20419358482521918,0.660825,0.16588333333333335,2.384025203279366,Tương tác rất cao,Ổn định,-1,1,1,1,1,1,5,Q4 (High)
KH00113485,52,Nữ,Chuyên viên tư vấn tài chính,Thành phố Hồ Chí Minh,12,77.28333333333333,63.19166666666666,13.666666666666666,14,122.58333333333333,1471,29.333333333333332,0.1984842968334514,0.73325,0.2923,1.4798257965655681,Tương tác cao,Ổn định,-1,1,1,1,1,1,5,Q2
KH00113490,49,Nam,Chuyên viên hoạch định truyền thông,Lâm Đồng,12,80.73333333333333,62.76666666666667,14.0,14,122.58333333333333,1471,29.25,0.25167310719279495,0.7913083333333333,0.20475,1.8745301800476988,Tương tác cao,Cần theo dõi,-1,1,1,1,1,1,5,Q4 (High)
KH00113525,32,Nữ,Chuyên viên làm vườn thương mại,Thanh Hóa,12,82.125,64.45,13.916666666666666,14,121.58333333333333,1459,29.166666666666668,0.28367419362940144,0.7455916666666665,0.22085,1.2560553490265753,Tương tác rất cao,Ổn định,-1,1,1,1,1,1,5,Q4 (High)
KH00113530,66,Nữ,Kiểm soát viên không lưu,Đồng Tháp,1,43.0,56.5,6.0,6,9.0,9,2.0,0.4776249900643828,0.8122,0.1979,0.618215195163517,Tương tác trung bình,Cần theo dõi,231,1,1,1,1,0,4,Q1 (Low)
KH00113565,45,Nữ,Nhà thiết kế gốm sứ,Đà Nẵng,12,81.27499999999999,60.01666666666667,14.0,14,182.5,2190,30.333333333333332,0.23608163315149044,0.8998166666666667,0.32339999999999997,1.5471837150914685,Tương tác rất cao,Ổn định,-1,1,1,1,1,1,5,Q4 (High)
KH00113570,48,Nữ,Chuyên viên trắc địa,Lào Cai,12,80.61666666666666,66.29166666666667,14.0,14,183.41666666666666,2201,30.166666666666668,0.22356962498908262,0.7435499999999999,0.15333333333333332,1.9130589477098907,Tương tác cao,Ổn định,-1,1,1,1,1,1,5,Q4 (High)
KH00113605,67,Nữ,Kiến trúc sư,Ninh Bình,12,79.46666666666667,72.77499999999999,13.833333333333334,14,243.75,2925,30.25,0.19713625993801998,0.4624166666666667,0.11829166666666667,1.676765075693666,Tương tác cao,Ổn định,-1,1,1,1,1,1,5,Q3
KH00113610,23,Nữ,Chuyên viên kinh doanh công nghệ thông tin,Hà Nội,12,83.35833333333333,69.475,14.0,14,365.3333333333333,4384,30.416666666666668,0.26706305235160466,0.591875,0.126575,1.0402313285338984,Tương tác rất cao,Ổn định,-1,1,1,1,1,1,5,Q4 (High)
KH00113645,44,Nữ,Nhà giao dịch tài chính,Bắc Ninh,12,77.96666666666667,71.01666666666667,13.916666666666666,14,244.25,2931,30.416666666666668,0.16395934439394447,0.49866666666666665,0.11883333333333335,2.2341614012258018,Tương tác cao,Ổn định,-1,1,1,1,1,1,5,Q2
KH00113650,16,Nữ,Nhà trị liệu tâm lý trẻ em,Hà Nội,12,82.75833333333334,66.11666666666666,14.0,14,364.4166666666667,4373,30.416666666666668,0.25517459741665677,0.7398166666666667,0.14807499999999998,1.313518065467471,Tương tác rất cao,Ổn định,-1,1,1,1,1,1,5,Q4 (High)
KH00113685,24,Nữ,Nhà thiết kế bối cảnh,Hà Tĩnh,1,61.6,54.9,7.0,7,19.0,19,2.0,0.7770756838300173,0.8272,0.2158,0.9377610823230498,Tương tác cao,Cần theo dõi,307,1,1,1,0,0,3,Q1 (Low)
KH00113690,50,Nam,Luật sư,Thành phố Hồ Chí Minh,1,51.3,77.3,5.0,5,9.0,9,2.0,0.7168222771198139,0.3606,0.1096,0.8244494272147702,Tương tác trung bình,Ổn định,57,1,1,1,1,0,4,Q1 (Low)
KH00113725,23,Nữ,Chủ nhiệm ánh sáng trường quay,Ninh Bình,12,82.73333333333333,63.1,13.916666666666666,14,122.91666666666667,1475,28.5,0.3022976504385149,0.9301583333333333,0.19155,1.004505158165687,Tương tác rất cao,Ổn định,-1,1,1,1,1,1,5,Q4 (High)
KH00113730,56,Nữ,Nhà địa hóa học,Nghệ An,12,77.625,68.35833333333333,14.0,14,122.16666666666667,1466,28.833333333333332,0.1926520686282942,0.6551083333333333,0.1374,1.409334096011713,Tương tác cao,Ổn định,-1,1,1,1,1,1,5,Q2
KH00113765,51,Nam,Quản trị viên nghệ thuật,Cà Mau,12,73.23333333333333,60.333333333333336,12.833333333333334,14,61.333333333333336,736,25.75,0.19810917818592344,0.9391416666666667,0.3169416666666667,1.3432304736143441,Tương tác cao,Cần theo dõi,-1,1,1,1,1,1,5,Q1 (Low)
KH00113770,30,Nam,Chuyên viên tư vấn thuế,Thành phố Hồ Chí Minh,12,79.98333333333333,61.791666666666664,14.0,14,122.16666666666667,1466,29.083333333333332,0.24040818411193343,0.8109666666666667,0.25521666666666665,2.1695192478738616,Tương tác cao,Ổn định,-1,1,1,1,1,1,5,Q4 (High)
KH00113805,61,Nam,Kỹ sư khoan,Gia Lai,12,74.49166666666666,70.675,13.083333333333334,14,61.5,738,25.666666666666668,0.21670954360815695,0.5671916666666666,0.12073333333333332,1.6381856285822858,Tương tác cao,Ổn định,-1,1,1,1,1,1,5,Q1 (Low)
KH00113810,35,Nữ,Chuyên viên cây xanh cảnh quan,Hải Phòng,12,78.16666666666667,67.175,14.0,14,182.75,2193,30.166666666666668,0.1755159345962356,0.7145416666666667,0.16173333333333334,1.9094046741639514,Tương tác cao,Ổn định,-1,1,1,1,1,1,5,Q2
KH00113845,31,Nam,Chuyên viên công nghệ dệt may,Vĩnh Long,12,79.20833333333333,67.85833333333333,13.916666666666666,14,182.75,2193,30.333333333333332,0.19763608376449607,0.779875,0.15456666666666666,0.8773028377306152,Tương tác cao,Ổn định,-1,1,1,1,1,1,5,Q3
KH00113850,24,Nữ,Chuyên viên phân tích hệ thống,Phú Thọ,12,77.825,68.0,13.583333333333334,14,61.166666666666664,734,24.166666666666668,0.2797345288944005,0.6342916666666666,0.14810833333333334,1.0390520662647724,Tương tác cao,Ổn định,-1,1,1,1,1,1,5,Q2
KH00113885,32,Nam,Nhà khoa học thổ nhưỡng,Hưng Yên,12,79.09166666666667,70.40833333333333,13.916666666666666,14,182.83333333333334,2194,30.333333333333332,0.19499812920217688,0.5910916666666667,0.14529166666666668,0.9707527783718879,Tương tác cao,Ổn định,-1,1,1,1,1,1,5,Q3
KH00113890,66,Nam,Quản trị viên,Đồng Tháp,12,79.70833333333333,61.21666666666667,14.0,14,243.41666666666666,2921,30.416666666666668,0.19582390319631723,0.8487416666666667,0.24631666666666666,1.8606235584488753,Tương tác cao,Cần theo dõi,-1,1,1,1,1,1,5,Q3
KH00113925,63,Nữ,Vũ công,Gia Lai,1,59.2,59.1,6.0,6,12.0,12,2.0,0.6869175787252639,0.7419,0.2084,0.6134526227182028,Tương tác trung bình,Cần theo dõi,0,1,1,1,0,0,3,Q1 (Low)
KH00113930,23,Nữ,Giáo viên giáo dục đặc biệt,Thành phố Hồ Chí Minh,12,78.84166666666667,67.00833333333334,14.0,14,183.41666666666666,2201,30.166666666666668,0.18888262760336896,0.6715583333333334,0.20895833333333333,1.5940270332446618,Tương tác cao,Ổn định,-1,1,1,1,1,1,5,Q3
KH00113965,25,Nữ,Điều dưỡng nhi khoa,Lâm Đồng,12,75.79166666666667,52.73333333333333,13.916666666666666,14,62.083333333333336,745,24.833333333333332,0.22458933419304836,1.1702416666666666,0.2634166666666667,1.842129887126185,Tương tác cao,Ổn định,-1,1,1,1,1,1,5,Q2
KH00113970,47,Nữ,Kỹ sư ô tô,Thành phố Hồ Chí Minh,12,78.125,68.94166666666668,14.0,14,243.25,2919,30.333333333333332,0.16464693292762989,0.5247166666666666,0.20671666666666666,2.141703097359254,Tương tác cao,Ổn định,-1,1,1,1,1,1,5,Q2
KH00114005,37,Nữ,Kế toán công chứng,Hưng Yên,12,79.73333333333333,71.925,13.75,14,122.33333333333333,1468,29.416666666666668,0.2373960120470069,0.5237916666666667,0.143725,1.2018261596928728,Tương tác cao,Ổn định,-1,1,1,1,1,1,5,Q3
KH00114010,69,Nữ,Cán bộ giáo dục cộng đồng,Phú Thọ,12,80.91666666666667,62.275,13.916666666666666,14,243.08333333333334,2917,30.333333333333332,0.22376601350642178,0.7848833333333333,0.29518333333333335,1.446489848768821,Tương tác cao,Ổn định,-1,1,1,1,1,1,5,Q4 (High)
KH00114045,33,Nữ,Chuyên viên khảo sát khoáng sản,Hưng Yên,12,79.81666666666668,62.44166666666666,14.0,14,365.5,4386,30.416666666666668,0.19642417144875177,0.7739416666666666,0.19520833333333332,2.177332394913402,Tương tác cao,Ổn định,-1,1,1,1,1,1,5,Q3
KH00114050,30,Nam,Giảng viên công nghệ thông tin,Thái Nguyên,12,81.11666666666666,68.225,14.0,14,243.5,2922,30.333333333333332,0.22480153650289192,0.5693166666666666,0.14625833333333335,2.233365886161954,Tương tác cao,Ổn định,-1,1,1,1,1,1,5,Q4 (High)
KH00114085,30,Nữ,Chuyên viên dựng phim,Cần Thơ,12,81.80833333333334,61.291666666666664,14.0,14,304.5,3654,30.416666666666668,0.23625507966529272,0.8284416666666666,0.23677499999999999,1.5085369954248653,Tương tác rất cao,Cần theo dõi,-1,1,1,1,1,1,5,Q4 (High)
KH00114090,64,Nữ,Chuyên viên dựng phim,Hải Phòng,12,77.00833333333334,62.93333333333334,13.5,14,122.16666666666667,1466,29.666666666666668,0.1885096794751697,0.7390833333333333,0.28776666666666667,1.3980002915891312,Tương tác cao,Ổn định,-1,1,1,1,1,1,5,Q2
KH00114125,33,Nam,Nhà tâm lý học lâm sàng,Khánh Hòa,12,79.06666666666666,68.40833333333333,14.0,14,121.75,1461,28.75,0.22376434656606028,0.6797666666666666,0.17963333333333334,1.4337467465733102,Tương tác cao,Ổn định,-1,1,1,1,1,1,5,Q3
KH00114130,21,Nữ,Chuyên viên trị liệu thể thao,Đồng Nai,12,80.55,64.55833333333334,14.0,14,303.9166666666667,3647,30.333333333333332,0.21225916178186902,0.73915,0.14355833333333334,2.100909458720757,Tương tác cao,Ổn định,-1,1,1,1,1,1,5,Q4 (High)
KH00114165,72,Nữ,Quản lý phòng tranh,Đồng Nai,12,78.38333333333334,66.79166666666667,13.833333333333334,14,122.5,1470,29.666666666666668,0.20810526824666822,0.6263416666666667,0.23805833333333334,1.3365147775807928,Tương tác cao,Ổn định,-1,1,1,1,1,1,5,Q3
KH00114170,31,Nam,Chuyên viên tư vấn công nghệ thông tin,Nghệ An,12,76.81666666666666,62.85833333333333,14.0,14,121.83333333333333,1462,29.666666666666668,0.17306516388525936,0.86915,0.17465,2.225542055272069,Tương tác cao,Ổn định,-1,1,1,1,1,1,5,Q2
KH00114205,75,Nữ,Lập trình viên hệ thống,Huế,12,79.23333333333333,66.14999999999999,13.833333333333334,14,243.0,2916,30.25,0.19182976482017014,0.6557833333333333,0.21872499999999997,1.5930552156139388,Tương tác cao,Ổn định,-1,1,1,1,1,1,5,Q3
KH00114210,56,Nam,Bác sĩ bệnh viện,An Giang,1,48.4,77.0,5.0,5,12.0,12,2.0,0.7733072942287637,0.3623,0.0938,0.5426012401893108,Tương tác trung bình,Ổn định,290,1,1,0,1,0,3,Q1 (Low)
KH00114245,57,Nữ,Nhà địa chất hiện trường,Thành phố Hồ Chí Minh,12,76.33333333333333,67.25,13.833333333333334,14,122.0,1464,29.25,0.1684947871786677,0.7004583333333333,0.18711666666666668,1.750500935679755,Tương tác cao,Ổn định,-1,1,1,1,1,1,5,Q2
KH00114250,46,Nam,Luật sư tư vấn (Scotland),Tây Ninh,12,73.425,73.64999999999999,13.083333333333334,14,61.666666666666664,740,24.916666666666668,0.202138099533992,0.47655833333333336,0.16131666666666666,0.8306959667885533,Tương tác cao,Ổn định,-1,1,1,1,1,1,5,Q1 (Low)
KH00114285,52,Nam,Người dẫn chương trình phát sóng,Vĩnh Long,1,52.1,59.2,5.0,5,10.0,10,2.0,0.698011393117159,0.7293,0.2457,0.4594708164433316,Tương tác trung bình,Cần theo dõi,323,1,1,1,1,0,4,Q1 (Low)
KH00114290,73,Nữ,Quản lý trung tâm thể hình,Đồng Nai,12,76.94166666666668,67.43333333333334,13.75,14,122.25,1467,29.583333333333332,0.18271191713392687,0.640775,0.21489166666666668,1.3674699895982079,Tương tác cao,Ổn định,-1,1,1,1,1,1,5,Q2
KH00114325,65,Nam,Chuyên viên ngân hàng bán lẻ,Bắc Ninh,12,78.0,69.00833333333334,13.916666666666666,14,243.0,2916,30.25,0.16539539192151917,0.6116833333333334,0.21394166666666667,1.2821704066078734,Tương tác cao,Ổn định,-1,1,1,1,1,1,5,Q2
KH00114330,43,Nữ,Chuyên viên vật lý trị liệu,Khánh Hòa,12,81.31666666666666,66.55833333333334,14.0,14,303.1666666666667,3638,30.416666666666668,0.22721325637057546,0.6990999999999999,0.1401,1.5060818076373195,Tương tác rất cao,Ổn định,-1,1,1,1,1,1,5,Q4 (High)
KH00114365,42,Nam,Nhà báo,Tuyên Quang,12,82.39999999999999,63.208333333333336,14.0,14,304.3333333333333,3652,30.416666666666668,0.24811426937021594,0.7476416666666666,0.17079166666666667,2.2587827357274413,Tương tác rất cao,Ổn định,-1,1,1,1,1,1,5,Q4 (High)
KH00114370,59,Nam,Kỹ thuật viên chẩn đoán hình ảnh,Thành phố Hồ Chí Minh,12,72.79166666666667,65.72500000000001,13.166666666666666,14,61.166666666666664,734,25.333333333333332,0.18738690359249033,0.7532916666666667,0.16348333333333334,1.4179319249137219,Tương tác cao,Ổn định,-1,1,1,1,1,1,5,Q1 (Low)
KH00114405,25,Nam,Biên tập viên chuyên đề tạp chí,Cà Mau,12,80.53333333333333,61.975,14.0,14,182.25,2187,30.083333333333332,0.22257000364886328,0.8873583333333332,0.21290833333333334,2.334366540549231,Tương tác cao,Ổn định,-1,1,1,1,1,1,5,Q4 (High)
KH00114410,48,Nam,Người dẫn chương trình phát sóng,Quảng Ngãi,12,78.34166666666667,63.40833333333333,13.916666666666666,14,243.75,2925,30.333333333333332,0.17145901368508018,0.7798416666666667,0.27376666666666666,0.9529661324968529,Tương tác cao,Ổn định,-1,1,1,1,1,1,5,Q3
KH00114445,43,Nữ,Nhà kinh tế học,Nghệ An,12,71.14999999999999,64.10833333333333,13.5,14,61.666666666666664,740,24.75,0.14790757735199875,0.8756166666666667,0.21483333333333335,1.6462772156281351,Tương tác cao,Ổn định,-1,1,1,1,1,1,5,Q1 (Low)
KH00114450,53,Nam,Chuyên viên nhân sự,Hà Nội,12,78.5,65.08333333333333,13.75,14,182.16666666666666,2186,30.25,0.18788077065737732,0.7572166666666668,0.23165,1.5907178645256799,Tương tác cao,Ổn định,-1,1,1,1,1,1,5,Q3
KH00114485,31,Nữ,Giáo viên giáo dục người lớn,Cà Mau,12,72.29166666666667,62.65833333333333,13.416666666666666,14,61.416666666666664,737,25.25,0.16804100606123892,0.7378,0.17964166666666667,1.6928265095000852,Tương tác cao,Ổn định,-1,1,1,1,1,1,5,Q1 (Low)
KH00114490,53,Nữ,Nhà tâm lý học tư vấn,Tuyên Quang,12,77.27499999999999,67.98333333333333,13.666666666666666,14,182.83333333333334,2194,30.25,0.16611556148731707,0.7154083333333333,0.15035833333333334,1.3552053583087778,Tương tác cao,Ổn định,-1,1,1,1,1,1,5,Q2
KH00114525,82,Nam,Nhà thiết kế gốm sứ,Hà Nội,12,78.61666666666666,66.81666666666666,13.833333333333334,14,243.33333333333334,2920,30.416666666666668,0.1795794344116308,0.684225,0.1914583333333333,1.5532350534991017,Tương tác cao,Ổn định,-1,1,1,1,1,1,5,Q3
KH00114530,34,Nam,Chuyên viên nghiên cứu công đoàn,Phú Thọ,12,81.51666666666667,63.94166666666666,14.0,14,122.25,1467,29.333333333333332,0.2706608466914249,0.7410583333333333,0.19109166666666666,1.844894278685486,Tương tác cao,Ổn định,-1,1,1,1,1,1,5,Q4 (High)
KH00114565,56,Nam,Giảng viên giáo dục thường xuyên,Hà Nội,12,79.02499999999999,69.28333333333333,13.75,14,183.33333333333334,2200,30.25,0.197717815451549,0.57425,0.14401666666666665,1.7754835516646983,Tương tác cao,Ổn định,-1,1,1,1,1,1,5,Q3
KH00114570,39,Nam,Nhà thiết kế sản phẩm công nghiệp,Quảng Trị,12,74.39166666666667,65.74166666666666,13.083333333333334,14,61.416666666666664,737,26.5,0.2075022271733521,0.781875,0.21609166666666668,0.8606068666287389,Tương tác cao,Ổn định,-1,1,1,1,1,1,5,Q1 (Low)
KH00114605,76,Nữ,Kỹ sư xây dựng dân dụng,Quảng Ngãi,1,44.6,74.7,3.0,3,7.0,7,2.0,0.664103694271675,0.4376,0.1423,0.4102154507686369,Tương tác trung bình,Ổn định,320,1,1,1,0,1,4,Q1 (Low)
KH00114610,79,Nam,Biên tập viên hiệu đính,Hưng Yên,12,77.76666666666667,63.80833333333334,13.583333333333334,14,181.66666666666666,2180,30.166666666666668,0.17920314218263225,0.8436083333333334,0.18618333333333334,1.6172545997433814,Tương tác cao,Ổn định,-1,1,1,1,1,1,5,Q2
KH00114645,48,Nữ,Kỹ sư cấp thoát nước,Hà Nội,12,79.35000000000001,68.65,14.0,14,363.75,4365,30.416666666666668,0.1870914402218271,0.5689083333333333,0.17585833333333334,1.9189183630096014,Tương tác cao,Ổn định,-1,1,1,1,1,1,5,Q3
KH00114650,52,Nam,Chuyên viên dựng phim,Điện Biên,12,73.61666666666666,60.574999999999996,13.25,14,60.916666666666664,731,24.75,0.20445389635355463,0.8235833333333332,0.31029999999999996,1.5005182931089631,Tương tác cao,Ổn định,-1,1,1,1,1,1,5,Q1 (Low)
KH00114685,26,Nữ,Chuyên viên tư vấn hướng nghiệp bậc đại học,Thanh Hóa,12,72.7,64.075,13.416666666666666,14,61.916666666666664,743,24.833333333333332,0.1808425001765601,1.0706166666666668,0.22009166666666666,1.7357024795171914,Tương tác cao,Ổn định,-1,1,1,1,1,1,5,Q1 (Low)
KH00114690,91,Nữ,Nhà văn khoa học,Hà Nội,12,78.24166666666666,65.83333333333333,14.0,14,182.83333333333334,2194,30.166666666666668,0.17675197690256714,0.71165,0.17261666666666667,1.7132109613536157,Tương tác cao,Ổn định,-1,1,1,1,1,1,5,Q3
KH00114725,50,Nam,Chuyên viên di truyền tế bào lâm sàng,Thành phố Hồ Chí Minh,2,33.15,68.95,3.5,4,3.5,7,1.0,0.43187259667706596,0.52935,0.1129,1.1800207851378213,Tương tác thấp,Cần theo dõi,332,1,1,1,1,0,4,Q1 (Low)
KH00114730,67,Nữ,Chuyên viên trắc địa,Bắc Ninh,12,79.83333333333333,65.11666666666666,13.916666666666666,14,243.83333333333334,2926,30.416666666666668,0.2011703672447223,0.7891416666666666,0.18790833333333334,1.706016791791243,Tương tác cao,Ổn định,-1,1,1,1,1,1,5,Q3
KH00114765,58,Nữ,Chuyên viên tư vấn hưu trí,Hưng Yên,12,77.64999999999999,61.324999999999996,13.833333333333334,14,122.25,1467,29.333333333333332,0.1942744008954648,0.7842416666666666,0.273175,1.5646232291762043,Tương tác cao,Ổn định,-1,1,1,1,1,1,5,Q2
KH00114770,29,Nữ,Nhà khoa học nghiên cứu toán học,Thanh Hóa,12,79.65833333333333,69.65833333333333,14.0,14,182.16666666666666,2186,30.25,0.2050392770301579,0.585875,0.138075,1.8084154921621416,Tương tác cao,Ổn định,-1,1,1,1,1,1,5,Q3
KH00114805,22,Nữ,Nhà tâm lý học pháp y,Nghệ An,12,83.08333333333333,67.18333333333334,14.0,14,365.3333333333333,4384,30.416666666666668,0.26181317293948925,0.625925,0.16665,1.4136407915319238,Tương tác rất cao,Ổn định,-1,1,1,1,1,1,5,Q4 (High)
KH00114810,86,Nam,Trợ lý sản xuất truyền hình,Hà Nội,1,58.1,58.1,6.0,6,10.0,10,2.0,0.6213004144769682,0.7438,0.2586,0.4758860203045638,Tương tác trung bình,Cần theo dõi,215,1,1,1,1,0,4,Q1 (Low)
KH00114845,35,Nam,Kỹ sư công trường,Lai Châu,12,79.50833333333334,66.99166666666666,14.0,14,304.25,3651,30.416666666666668,0.19034918112116403,0.54415,0.19594166666666668,2.4595377186183236,Tương tác cao,Ổn định,-1,1,1,1,1,1,5,Q3
KH00114850,66,Nam,Kỹ sư sản xuất,Cần Thơ,12,70.10833333333333,74.46666666666667,13.0,14,61.333333333333336,736,25.083333333333332,0.13645760104317814,0.5080583333333334,0.10454999999999999,1.0652366086135265,Tương tác cao,Ổn định,-1,1,1,1,1,1,5,Q1 (Low)
KH00114885,87,Nam,Người phụ trách bảo tàng,Hà Nội,12,73.74166666666666,64.14999999999999,12.75,14,61.5,738,25.25,0.21543117585976682,0.8414666666666667,0.2898,1.257481927128706,Tương tác cao,Ổn định,-1,1,1,1,1,1,5,Q1 (Low)
KH00114890,34,Nữ,Điều dưỡng tâm thần,Đà Nẵng,12,77.90833333333333,66.075,14.0,14,183.41666666666666,2201,29.916666666666668,0.17127161224206577,0.7300583333333334,0.1634,1.5507822777965101,Tương tác cao,Ổn định,-1,1,1,1,1,1,5,Q2
KH00114925,39,Nam,Tiếp viên hàng không,Đà Nẵng,12,76.78333333333333,63.800000000000004,13.666666666666666,14,61.583333333333336,739,25.583333333333332,0.26523722864123145,0.9373916666666666,0.30083333333333334,1.2116440867185199,Tương tác cao,Ổn định,-1,1,1,1,1,1,5,Q2
KH00114930,59,Nữ,Chuyên viên quy hoạch giao thông,Ninh Bình,12,73.72500000000001,68.925,12.833333333333334,14,61.333333333333336,736,24.75,0.21326986280536184,0.6529583333333333,0.16540000000000002,1.468459648870981,Tương tác cao,Ổn định,-1,1,1,1,1,1,5,Q1 (Low)
KH00114965,66,Nữ,Kỹ sư khai thác mỏ,Nghệ An,12,79.2,69.55833333333334,13.833333333333334,14,243.66666666666666,2924,30.333333333333332,0.19140253294396956,0.627575,0.14660833333333334,1.3972315368840251,Tương tác cao,Ổn định,-1,1,1,1,1,1,5,Q3
KH00114970,33,Nam,Nhà hải dương học,Đồng Nai,12,79.66666666666667,63.199999999999996,14.0,14,182.66666666666666,2192,30.416666666666668,0.20305132589090694,0.8137500000000001,0.2561083333333333,0.9385092168605486,Tương tác cao,Ổn định,-1,1,1,1,1,1,5,Q3
KH00115005,59,Nữ,Chuyên viên dựng phim,Cần Thơ,12,77.53333333333333,66.075,13.583333333333334,14,183.5,2202,30.25,0.17505143311494345,0.8274166666666667,0.175175,1.3961223205553406,Tương tác cao,Ổn định,-1,1,1,1,1,1,5,Q2
KH00115010,79,Nữ,Chuyên viên ngân hàng đầu tư doanh nghiệp,Hải Phòng,12,75.65833333333333,72.875,13.833333333333334,14,122.08333333333333,1465,29.416666666666668,0.15574529356967903,0.5250333333333334,0.10146666666666666,1.3561014433063485,Tương tác cao,Ổn định,-1,1,1,1,1,1,5,Q2
KH00115045,32,Nữ,Chuyên viên nghiên cứu công đoàn,Hưng Yên,12,77.05,68.30833333333334,13.5,14,61.75,741,26.0,0.2524565425087125,0.6883500000000001,0.1679166666666667,1.107600140976061,Tương tác cao,Ổn định,-1,1,1,1,1,1,5,Q2
KH00115050,42,Nữ,Tổng giám đốc điều hành,Phú Thọ,12,82.88333333333334,76.03333333333333,14.0,14,363.0833333333333,4357,30.416666666666668,0.2576294977775273,0.3940333333333333,0.08692499999999999,1.2747383438463025,Tương tác rất cao,Ổn định,-1,1,1,1,1,1,5,Q4 (High)
KH00115085,29,Nữ,Chuyên viên tư vấn tâm lý,Đà Nẵng,12,79.71666666666667,63.65,14.0,14,304.4166666666667,3653,30.416666666666668,0.19478739634222153,0.7737416666666667,0.2085,2.486535060727295,Tương tác cao,Ổn định,-1,1,1,1,1,1,5,Q3
KH00115090,25,Nam,Nhà khoa học chất lượng nước,Thành phố Hồ Chí Minh,12,79.86666666666666,69.18333333333334,13.416666666666666,14,61.166666666666664,734,26.5,0.31115543248278577,0.5569833333333333,0.21038333333333334,1.761139413813015,Tương tác cao,Ổn định,-1,1,1,1,1,1,5,Q3
KH00115125,92,Nam,Nhà khoa học nghiên cứu toán học,Phú Thọ,12,78.35000000000001,70.8,13.916666666666666,14,182.08333333333334,2185,30.25,0.18126489768462292,0.5868833333333333,0.137425,1.8513347374261773,Tương tác cao,Ổn định,-1,1,1,1,1,1,5,Q3
KH00115130,19,Nam,Nhà địa hóa học,Ninh Bình,12,76.2,54.96666666666667,13.583333333333334,14,61.916666666666664,743,23.75,0.2647515458461507,1.0722416666666668,0.232325,2.371221208591407,Tương tác cao,Ổn định,-1,1,1,1,1,1,5,Q2
KH00115165,66,Nữ,Giáo sư danh dự,Đồng Tháp,12,74.05,70.89999999999999,13.0,14,61.166666666666664,734,25.166666666666668,0.21523153105793344,0.5463333333333333,0.13420833333333335,1.6468998674670259,Tương tác cao,Ổn định,-1,1,1,1,1,1,5,Q1 (Low)
KH00115170,36,Nữ,Kỹ sư hóa học,Hà Nội,12,81.61666666666666,73.94166666666666,14.0,14,243.33333333333334,2920,30.333333333333332,0.23534370405731928,0.47599166666666665,0.09775,1.2612303422222009,Tương tác rất cao,Ổn định,-1,1,1,1,1,1,5,Q4 (High)
KH00115205,32,Nữ,Chuyên viên dự toán xây dựng,Quảng Trị,12,79.11666666666666,62.725,14.0,14,183.33333333333334,2200,30.333333333333332,0.19433520634608747,0.8279583333333335,0.20995,1.9292661157810924,Tương tác cao,Ổn định,-1,1,1,1,1,1,5,Q3
KH00115210,35,Nữ,Quản lý sản xuất,Thành phố Hồ Chí Minh,12,80.68333333333334,67.15833333333333,14.0,14,243.33333333333334,2920,30.333333333333332,0.21687428217106808,0.5778416666666667,0.19076666666666667,2.647195979066486,Tương tác rất cao,Ổn định,-1,1,1,1,1,1,5,Q4 (High)
KH00115245,29,Nam,Chuyên viên sinh lý vận động,Thái Nguyên,12,79.95833333333333,60.425000000000004,13.833333333333334,14,121.91666666666667,1463,29.333333333333332,0.24244546420269353,0.8574833333333333,0.30296666666666666,1.9815313316940941,Tương tác cao,Cần theo dõi,-1,1,1,1,1,1,5,Q4 (High)
KH00115250,74,Nữ,Chuyên viên khảo sát bất động sản,Hà Nội,12,73.31666666666666,62.041666666666664,12.916666666666666,14,61.583333333333336,739,24.916666666666668,0.20200200483589362,0.8723000000000001,0.30546666666666666,1.357630314646989,Tương tác cao,Ổn định,-1,1,1,1,1,1,5,Q1 (Low)
KH00115285,57,Nữ,Nhà tâm lý học tư vấn,Lào Cai,12,80.60833333333333,70.09166666666667,13.916666666666666,14,243.66666666666666,2924,30.416666666666668,0.21735366934328915,0.6033916666666667,0.131725,1.5434437271451094,Tương tác cao,Ổn định,-1,1,1,1,1,1,5,Q4 (High)
KH00115290,41,Nữ,Luật sư sở hữu trí tuệ,Đồng Tháp,12,83.2,71.0,14.0,14,364.75,4377,30.416666666666668,0.264157007506244,0.4711083333333333,0.16573333333333332,1.5972206375085582,Tương tác rất cao,Ổn định,-1,1,1,1,1,1,5,Q4 (High)
KH00115325,21,Nữ,Nhà địa hóa học,Hà Nội,12,81.875,68.75833333333334,14.0,14,122.33333333333333,1468,28.666666666666668,0.27927111095932444,0.5996,0.14776666666666669,1.0337154551332703,Tương tác rất cao,Ổn định,-1,1,1,1,1,1,5,Q4 (High)
KH00115330,65,Nam,Chuyên viên nghiên cứu xã hội,Bắc Ninh,12,79.88333333333334,64.97500000000001,14.0,14,243.83333333333334,2926,30.416666666666668,0.19988734401102584,0.7509083333333333,0.18735,1.5874771241818006,Tương tác cao,Ổn định,-1,1,1,1,1,1,5,Q3
KH00115365,31,Nam,Nhân viên phát triển cộng đồng,Hà Nội,12,79.31666666666666,65.15833333333333,14.0,14,243.58333333333334,2923,30.333333333333332,0.18946878820838928,0.7914,0.21460833333333332,0.938962472997361,Tương tác cao,Ổn định,-1,1,1,1,1,1,5,Q3
KH00115370,57,Nam,Họa sĩ,Điện Biên,1,52.7,56.0,6.0,6,10.0,10,2.0,0.7455906151629578,0.7608,0.2598,0.7719283607091334,Tương tác trung bình,Cần theo dõi,223,1,1,1,1,1,5,Q1 (Low)
KH00115405,27,Nam,Chuyên viên tư vấn nông nghiệp,Đắk Lắk,12,79.25833333333334,65.63333333333334,14.0,14,243.91666666666666,2927,30.416666666666668,0.1877262360224183,0.8242249999999999,0.16725,0.9455019526399445,Tương tác cao,Ổn định,-1,1,1,1,1,1,5,Q3
KH00115410,66,Nam,Chuyên viên thuế cấp cao,Phú Thọ,12,76.45833333333333,64.96666666666667,13.083333333333334,14,61.25,735,24.666666666666668,0.2659157949210261,0.9208166666666666,0.20657499999999998,1.329990240479842,Tương tác cao,Ổn định,-1,1,1,1,1,1,5,Q2
KH00115445,30,Nữ,Nhà trị liệu tâm lý trẻ em,Lâm Đồng,12,79.18333333333334,58.01666666666667,13.833333333333334,14,122.16666666666667,1466,29.833333333333332,0.22347645356174325,0.8832749999999999,0.179125,1.9312686152949796,Tương tác cao,Ổn định,-1,1,1,1,1,1,5,Q3
KH00115450,43,Nữ,Chuyên viên khảo sát nông thôn,Lâm Đồng,12,82.15833333333333,69.44166666666666,14.0,14,303.5833333333333,3643,30.416666666666668,0.24458638823657583,0.587975,0.13475833333333334,1.4155402170069928,Tương tác rất cao,Ổn định,-1,1,1,1,1,1,5,Q4 (High)
KH00115485,64,Nữ,Quản lý quỹ hưu trí,Cần Thơ,12,78.45,69.95,14.0,14,243.0,2916,30.333333333333332,0.1718177949172424,0.595075,0.13899166666666665,1.8163932329594734,Tương tác cao,Ổn định,-1,1,1,1,1,1,5,Q3
KH00115490,46,Nữ,Quản lý quán bar,Hà Nội,12,81.03333333333333,67.25833333333334,14.0,14,243.0,2916,30.416666666666668,0.22376374402738752,0.6350916666666667,0.159925,1.5098219666398933,Tương tác rất cao,Ổn định,-1,1,1,1,1,1,5,Q4 (High)
KH00115525,30,Nữ,Giám đốc công nghệ,Cần Thơ,12,72.84166666666667,77.24166666666666,13.0,14,62.083333333333336,745,25.416666666666668,0.1864513196719216,0.42192499999999994,0.108825,1.1555005977676693,Tương tác cao,Khỏe mạnh,-1,1,1,1,1,1,5,Q1 (Low)
KH00115530,38,Nữ,Chuyên viên quy hoạch và phát triển,Đắk Lắk,12,82.43333333333334,64.86666666666666,14.0,14,182.66666666666666,2192,30.166666666666668,0.2608312474598348,0.7435666666666667,0.20655,1.3962427157291577,Tương tác rất cao,Ổn định,-1,1,1,1,1,1,5,Q4 (High)
KH00115565,71,Nữ,Phi công hàng không,Lạng Sơn,12,71.59166666666667,73.26666666666667,13.333333333333334,14,61.0,732,25.583333333333332,0.15225677238980093,0.5138083333333333,0.129,1.25814835965504,Tương tác cao,Ổn định,-1,1,1,1,1,1,5,Q1 (Low)
KH00115570,30,Nam,Chuyên viên quản lý khách hàng quảng cáo,Đồng Nai,12,73.24166666666666,68.30833333333334,13.25,14,61.75,741,25.416666666666668,0.19049309669328843,0.7097916666666667,0.23108333333333334,0.8753344729560973,Tương tác cao,Ổn định,-1,1,1,1,1,1,5,Q1 (Low)
KH00115605,84,Nữ,Lập trình viên hệ thống,Cần Thơ,1,53.7,72.9,5.0,5,9.0,9,2.0,0.7496809108081891,0.4632,0.1543,0.5406830662384137,Tương tác trung bình,Ổn định,66,1,1,1,1,1,5,Q1 (Low)
KH00115610,41,Nam,Biên tập viên chuyên đề tạp chí,Phú Thọ,12,79.375,64.06666666666666,13.833333333333334,14,182.41666666666666,2189,29.833333333333332,0.2056797309835405,0.7405083333333332,0.18750833333333336,1.9933731150780483,Tương tác cao,Ổn định,-1,1,1,1,1,1,5,Q3
KH00115645,50,Nam,Chuyên viên nhân sự,Đồng Tháp,1,48.0,62.4,5.0,5,10.0,10,2.0,0.8619234218894639,0.6562,0.2417,0.4731782292979807,Tương tác trung bình,Ổn định,234,1,1,1,1,1,5,Q1 (Low)
KH00115650,45,Nam,Cán bộ giáo dục môi trường,Hà Tĩnh,12,82.24166666666666,52.28333333333333,14.0,14,122.58333333333333,1471,29.0,0.2855943698200643,1.0644916666666668,0.32486666666666664,2.253978438984916,Tương tác rất cao,Cần theo dõi,-1,1,1,1,1,1,5,Q4 (High)
KH00115685,47,Nam,Lính cứu hỏa,Đắk Lắk,12,81.425,63.10833333333333,14.0,14,304.1666666666667,3650,30.416666666666668,0.22840329456879194,0.79405,0.1935083333333333,2.08245713298607,Tương tác rất cao,Ổn định,-1,1,1,1,1,1,5,Q4 (High)
KH00115690,30,Nữ,Kiểm soát viên tài chính,An Giang,12,79.25833333333334,62.699999999999996,14.0,14,365.3333333333333,4384,30.416666666666668,0.18489354674094152,0.8071666666666667,0.20701666666666665,2.005109391705235,Tương tác cao,Ổn định,-1,1,1,1,1,1,5,Q3
KH00115725,33,Nam,Chuyên viên quy hoạch đô thị,Ninh Bình,12,80.19166666666666,64.95,14.0,14,304.5833333333333,3655,30.416666666666668,0.20414137158999013,0.6483916666666666,0.21676666666666666,2.046668928375108,Tương tác cao,Ổn định,-1,1,1,1,1,1,5,Q4 (High)
KH00115730,28,Nữ,Kỹ thuật viên xạ trị,Tây Ninh,12,82.39999999999999,61.55833333333334,14.0,14,364.5833333333333,4375,30.416666666666668,0.2478046937834252,0.80505,0.27821666666666667,1.9115535486526791,Tương tác rất cao,Ổn định,-1,1,1,1,1,1,5,Q4 (High)
KH00115765,80,Nam,Kiến trúc sư cảnh quan,Hưng Yên,1,46.3,77.2,4.0,4,9.0,9,2.0,0.7387203374350289,0.3928,0.0943,0.6566315266116475,Tương tác trung bình,Ổn định,290,1,1,1,1,0,4,Q1 (Low)
KH00115770,64,Nam,Người bán sách,Đồng Nai,12,72.05833333333332,64.05833333333334,13.333333333333334,14,61.333333333333336,736,25.0,0.1688654020620497,0.7688416666666668,0.28655,1.2145010915920287,Tương tác cao,Ổn định,-1,1,1,1,1,1,5,Q1 (Low)
KH00115805,76,Nam,Nhà trị liệu tâm lý trẻ em,Lâm Đồng,12,76.75,64.01666666666667,13.583333333333334,14,121.5,1458,29.25,0.18556453628243694,0.7848333333333333,0.27899999999999997,1.4188072418553819,Tương tác cao,Ổn định,-1,1,1,1,1,1,5,Q2
KH00115810,88,Nam,Điều dưỡng khuyết tật học tập,Bắc Ninh,12,74.14999999999999,67.13333333333334,13.083333333333334,14,61.916666666666664,743,25.583333333333332,0.2099970328885048,0.7348833333333333,0.174975,1.3911185222561133,Tương tác cao,Ổn định,-1,1,1,1,1,1,5,Q1 (Low)
KH00115845,79,Nữ,Chuyên viên tư vấn quan hệ công chúng,Nghệ An,12,78.425,68.175,13.666666666666666,14,122.5,1470,29.083333333333332,0.21776313241072212,0.6500666666666667,0.13888333333333333,1.3283860898331867,Tương tác cao,Ổn định,-1,1,1,1,1,1,5,Q3
KH00115850,43,Nữ,Nhà dược lý học,Hưng Yên,12,82.59166666666667,65.99166666666666,14.0,14,183.5,2202,30.25,0.2636852359165163,0.6672833333333333,0.21885,1.4003616804483021,Tương tác rất cao,Ổn định,-1,1,1,1,1,1,5,Q4 (High)
KH00115885,44,Nam,Kỹ sư hóa học,Hà Nội,12,77.98333333333333,69.58333333333333,13.833333333333334,14,122.16666666666667,1466,29.916666666666668,0.19838286154511262,0.523925,0.1749666666666667,1.8504105155541823,Tương tác cao,Ổn định,-1,1,1,1,1,1,5,Q2
KH00115890,45,Nam,Chuyên viên dựng phim,Hà Nội,12,78.20833333333333,69.375,14.0,14,182.75,2193,30.0,0.1764693021054908,0.6252833333333333,0.17823333333333333,0.9161177903815885,Tương tác cao,Ổn định,-1,1,1,1,1,1,5,Q3
KH00115925,30,Nữ,Giảng viên công nghệ thông tin,Ninh Bình,12,82.125,72.50833333333334,14.0,14,363.5,4362,30.416666666666668,0.24250789533410955,0.5017333333333333,0.12895,1.26390023124936,Tương tác rất cao,Ổn định,-1,1,1,1,1,1,5,Q4 (High)
KH00115930,44,Nữ,Nhà khoa học nghiên cứu khoa học tự nhiên,Hà Nội,12,79.50833333333334,68.99166666666666,14.0,14,242.83333333333334,2914,30.416666666666668,0.19236523178344878,0.5754166666666667,0.117025,2.080094817610442,Tương tác cao,Ổn định,-1,1,1,1,1,1,5,Q3
KH00115965,63,Nữ,Biên tập viên chuyên đề tạp chí,Lạng Sơn,12,77.53333333333333,60.275,13.75,14,122.41666666666667,1469,28.916666666666668,0.19934327203060712,0.8809166666666667,0.20600833333333335,1.4523061180173036,Tương tác cao,Ổn định,-1,1,1,1,1,1,5,Q2
KH00115970,40,Nam,Chuyên viên nghiên cứu vận hành,Thành phố Hồ Chí Minh,12,80.8,68.15833333333333,14.0,14,304.75,3657,30.416666666666668,0.21624985161011268,0.6007833333333333,0.13779166666666667,1.955661126338975,Tương tác rất cao,Ổn định,-1,1,1,1,1,1,5,Q4 (High)
KH00116005,65,Nam,Kỹ sư mạng,Thành phố Hồ Chí Minh,12,78.16666666666667,74.06666666666666,13.416666666666666,14,122.58333333333333,1471,29.583333333333332,0.21770813121163038,0.4276416666666667,0.09470833333333332,1.849792143423487,Tương tác cao,Ổn định,-1,1,1,1,1,1,5,Q2
KH00116010,70,Nam,Nhân viên y tế cộng đồng,Thành phố Hồ Chí Minh,12,77.45,63.85833333333333,14.0,14,182.58333333333334,2191,30.333333333333332,0.16048355237362724,0.7500333333333334,0.23640000000000003,1.6674495699418106,Tương tác cao,Ổn định,-1,1,1,1,1,1,5,Q2
KH00116045,54,Nữ,Nhà sinh thái học,Hưng Yên,12,76.46666666666667,58.63333333333333,13.416666666666666,14,122.33333333333333,1468,29.0,0.1856971425710802,0.957325,0.33853333333333335,1.5269637905647493,Tương tác cao,Ổn định,-1,1,1,1,1,1,5,Q2
KH00116050,69,Nữ,Chuyên viên hoạch định quảng cáo,Vĩnh Long,12,76.43333333333334,60.35,13.916666666666666,14,122.25,1467,29.833333333333332,0.16528105848198968,0.8227583333333333,0.2755666666666667,2.011207401665921,Tương tác cao,Ổn định,-1,1,1,1,1,1,5,Q2
KH00116085,60,Nam,Chuyên viên dự toán xây dựng,Lâm Đồng,12,73.48333333333333,64.83333333333333,13.166666666666666,14,61.333333333333336,736,25.25,0.20059038022293532,0.8839833333333332,0.19978333333333334,1.4502341505497538,Tương tác cao,Ổn định,-1,1,1,1,1,1,5,Q1 (Low)
KH00116090,55,Nữ,Nhạc sĩ,Sơn La,12,78.64166666666667,57.85,13.916666666666666,14,122.25,1467,29.583333333333332,0.21397022542066313,1.0608166666666665,0.23886666666666667,1.7975007139964891,Tương tác cao,Ổn định,-1,1,1,1,1,1,5,Q3
KH00116125,57,Nữ,Chuyên viên xúc tiến bán hàng,Lào Cai,1,45.8,60.2,4.0,4,7.0,7,2.0,0.8520610275701728,0.7613,0.2025,0.4971777931858008,Tương tác trung bình,Ổn định,107,1,1,1,0,1,4,Q1 (Low)
KH00116130,85,Nữ,Nhà thiết kế sản phẩm,Thành phố Hồ Chí Minh,12,79.64166666666667,63.40833333333333,14.0,14,243.66666666666666,2924,30.333333333333332,0.19605705477434224,0.9393250000000001,0.2228416666666667,2.1009069938522877,Tương tác cao,Ổn định,-1,1,1,1,1,1,5,Q3
KH00116165,73,Nam,Kỹ sư kết cấu,Quảng Ninh,12,74.76666666666667,70.76666666666667,12.833333333333334,14,61.333333333333336,736,25.75,0.22975520357632004,0.5882916666666667,0.21259166666666665,1.218903240959704,Tương tác cao,Ổn định,-1,1,1,1,1,1,5,Q1 (Low)
KH00116170,74,Nam,Nhà trị liệu tâm lý trẻ em,Đà Nẵng,12,79.20833333333333,64.7,13.916666666666666,14,182.5,2190,30.416666666666668,0.1968915325747865,0.6669,0.21799166666666667,1.7769570213288688,Tương tác cao,Ổn định,-1,1,1,1,1,1,5,Q3
KH00116205,61,Nữ,Biên tập viên chuyên đề tạp chí,An Giang,12,73.33333333333333,64.5,12.916666666666666,14,61.166666666666664,734,25.916666666666668,0.19759502656809538,0.877025,0.21162499999999998,1.314099313559015,Tương tác cao,Ổn định,-1,1,1,1,1,1,5,Q1 (Low)
KH00116210,83,Nam,Chuyên viên khảo sát công trình,Hà Nội,12,79.81666666666668,67.14166666666667,14.0,14,243.91666666666666,2927,30.416666666666668,0.19829169344171718,0.6933250000000001,0.146325,1.6289509827942192,Tương tác cao,Ổn định,-1,1,1,1,1,1,5,Q3
KH00116245,26,Nữ,Nhà khảo cổ học,Hà Nội,12,80.30833333333334,69.03333333333333,13.833333333333334,14,122.58333333333333,1471,29.333333333333332,0.25021418469796813,0.6223416666666667,0.15050833333333333,1.3650695619825461,Tương tác rất cao,Ổn định,-1,1,1,1,1,1,5,Q4 (High)
KH00116250,60,Nam,Kỹ sư năng lượng,An Giang,12,78.60833333333333,69.71666666666667,13.916666666666666,14,243.75,2925,30.25,0.17889881988673884,0.5948083333333334,0.139075,1.6853325193332067,Tương tác cao,Ổn định,-1,1,1,1,1,1,5,Q3
KH00116285,64,Nam,Nhà khoa học thính học,Lâm Đồng,12,79.97500000000001,70.05,13.916666666666666,14,243.5,2922,30.333333333333332,0.2046104768941107,0.5415333333333333,0.12681666666666666,1.8184139956979524,Tương tác cao,Ổn định,-1,1,1,1,1,1,5,Q4 (High)
KH00116290,37,Nữ,Nhà thiết kế web,Sơn La,12,78.01666666666667,62.65833333333333,14.0,14,122.08333333333333,1465,29.666666666666668,0.19616758550413918,0.8583250000000001,0.19865833333333335,1.667758368418694,Tương tác cao,Ổn định,-1,1,1,1,1,1,5,Q2
KH00116325,49,Nữ,Cán bộ thủy sản,Vĩnh Long,12,82.90833333333333,60.050000000000004,13.916666666666666,14,244.0,2928,30.333333333333332,0.2630698479533723,0.86105,0.2835583333333333,1.4627297531002101,Tương tác rất cao,Cần theo dõi,-1,1,1,1,1,1,5,Q4 (High)
KH00116330,33,Nữ,Chuyên viên tư vấn tâm lý,Vĩnh Long,12,81.45,63.84166666666667,14.0,14,243.66666666666666,2924,30.416666666666668,0.2314104313487644,0.7749083333333333,0.194425,1.4302262325928128,Tương tác rất cao,Ổn định,-1,1,1,1,1,1,5,Q4 (High)
KH00116365,62,Nam,Quản lý tổng đài,Gia Lai,12,76.03333333333333,68.64999999999999,13.75,14,182.83333333333334,2194,30.083333333333332,0.14030235123964868,0.6993416666666666,0.14958333333333332,1.6036141518626736,Tương tác cao,Ổn định,-1,1,1,1,1,1,5,Q2
KH00116370,79,Nam,Giám đốc tiếp thị,Đắk Lắk,1,51.3,76.5,3.0,3,8.0,8,2.0,0.8075010310278742,0.3954,0.085,0.680212320801764,Tương tác trung bình,Ổn định,249,1,1,1,1,0,4,Q1 (Low)
KH00116405,62,Nữ,Chuyên viên thu mua công nghiệp,Hải Phòng,12,71.89166666666667,67.28333333333333,12.916666666666666,14,61.083333333333336,733,26.166666666666668,0.1665181649233747,0.71095,0.16487500000000002,1.4773170143577652,Tương tác cao,Ổn định,-1,1,1,1,1,1,5,Q1 (Low)
KH00116410,58,Nam,Sĩ quan hậu cần quân đội,Hà Nội,12,78.0,64.55,13.833333333333334,14,122.08333333333333,1465,29.75,0.2001513531818853,0.81635,0.18105833333333332,1.2976437287539535,Tương tác cao,Ổn định,-1,1,1,1,1,1,5,Q2
KH00116445,21,Nữ,Phi công hàng không,Lâm Đồng,1,44.5,73.5,5.0,5,15.0,15,2.0,0.3896595442035931,0.4535,0.09,1.0427673466387133,Tương tác trung bình,Ổn định,280,1,1,0,1,0,3,Q1 (Low)
KH00116450,59,Nữ,Chuyên viên trị liệu bằng làm vườn,Hải Phòng,12,71.80833333333332,62.81666666666666,13.0,14,61.833333333333336,742,25.666666666666668,0.16524234316845965,0.9318416666666667,0.23376666666666668,1.6085538178945713,Tương tác cao,Ổn định,-1,1,1,1,1,1,5,Q1 (Low)
KH00116485,71,Nữ,Vũ công,Thành phố Hồ Chí Minh,1,17.6,56.0,3.0,3,7.0,7,2.0,0.0,0.8405,0.1901,0.7569907250377726,Tương tác thấp,Cần theo dõi,169,1,0,0,1,0,2,Q1 (Low)
KH00116490,50,Nữ,Nhà thiết kế gốm sứ,Tây Ninh,12,78.5,65.14999999999999,13.916666666666666,14,182.75,2193,30.083333333333332,0.18561284252273458,0.72345,0.23299999999999998,1.6881628974248801,Tương tác cao,Ổn định,-1,1,1,1,1,1,5,Q3
KH00116525,75,Nữ,Kỹ sư đóng tàu,Hà Nội,12,80.09166666666667,67.05,13.75,14,243.66666666666666,2924,30.333333333333332,0.21253690556173113,0.6222666666666666,0.22424166666666667,1.5377761757726158,Tương tác cao,Ổn định,-1,1,1,1,1,1,5,Q4 (High)
KH00116530,40,Nam,Kỹ sư nông nghiệp,Lâm Đồng,12,78.875,74.55,13.916666666666666,14,182.91666666666666,2195,30.25,0.19151846706883324,0.4905916666666667,0.09999999999999999,0.9197038355151603,Tương tác cao,Ổn định,-1,1,1,1,1,1,5,Q3
KH00116565,58,Nam,Quản lý dịch vụ y tế,Phú Thọ,12,76.43333333333334,65.7,13.75,14,121.91666666666667,1463,29.333333333333332,0.17236844300371235,0.7936500000000001,0.22556666666666667,1.617740844081535,Tương tác cao,Ổn định,-1,1,1,1,1,1,5,Q2
KH00116570,44,Nam,Nhà tâm lý học thể thao,Cần Thơ,12,81.425,66.84166666666667,14.0,14,183.5,2202,30.333333333333332,0.2389741067562519,0.6298333333333334,0.14266666666666666,1.9525793816586499,Tương tác cao,Ổn định,-1,1,1,1,1,1,5,Q4 (High)
KH00116605,63,Nam,Nhà tâm lý học pháp y,Phú Thọ,1,29.1,72.3,6.0,6,10.0,10,2.0,0.1947547804906927,0.4814,0.1264,0.8993809692392257,Tương tác thấp,Ổn định,174,1,0,1,1,0,3,Q1 (Low)
KH00116610,45,Nam,Nhà thiết kế triển lãm,Đắk Lắk,12,80.93333333333334,62.5,14.0,14,304.5833333333333,3655,30.416666666666668,0.21872873177572852,0.7595000000000001,0.23074166666666665,1.8727990821470464,Tương tác cao,Ổn định,-1,1,1,1,1,1,5,Q4 (High)
KH00116645,71,Nam,Điều dưỡng nhi khoa,Khánh Hòa,1,47.8,57.9,5.0,5,9.0,9,2.0,0.732296571978328,0.7926,0.1864,0.5543072810508487,Tương tác trung bình,Cần theo dõi,198,1,1,1,1,0,4,Q1 (Low)
KH00116650,42,Nữ,Nhà giao dịch tài chính,Thanh Hóa,12,82.72500000000001,67.95,13.916666666666666,14,122.25,1467,29.583333333333332,0.2918473785662256,0.581375,0.19594999999999999,1.4131601658199047,Tương tác rất cao,Ổn định,-1,1,1,1,1,1,5,Q4 (High)
KH00116685,29,Nam,Nhà trị liệu tâm lý trẻ em,Thành phố Hồ Chí Minh,12,74.22500000000001,66.65833333333333,13.5,14,61.583333333333336,739,25.583333333333332,0.19951876370701305,0.7739166666666666,0.21961666666666665,1.3633567295854878,Tương tác cao,Ổn định,-1,1,1,1,1,1,5,Q1 (Low)
KH00116690,42,Nam,Chuyên viên phục chế bảo tàng,Thành phố Hồ Chí Minh,12,77.50833333333334,67.29166666666667,14.0,14,122.33333333333333,1468,29.666666666666668,0.18659904602664043,0.7536666666666667,0.15232500000000002,0.968953396646668,Tương tác cao,Ổn định,-1,1,1,1,1,1,5,Q2
KH00116725,19,Nam,Chuyên viên cắt tỉa cây,Khánh Hòa,1,48.1,63.3,5.0,5,10.0,10,2.0,0.6750705986881943,0.668,0.1924,0.5301231994574662,Tương tác trung bình,Ổn định,270,1,1,0,1,0,3,Q1 (Low)
KH00116730,48,Nam,Nhà khoa học y sinh,Thành phố Hồ Chí Minh,12,82.48333333333333,68.25833333333334,14.0,14,182.33333333333334,2188,30.25,0.2605823645015009,0.5701999999999999,0.14225000000000002,2.2262248907390108,Tương tác cao,Ổn định,-1,1,1,1,1,1,5,Q4 (High)
KH00116765,27,Nữ,Nhân viên phát triển cộng đồng,An Giang,12,78.05833333333334,60.675000000000004,13.25,14,62.0,744,24.416666666666668,0.2924566678087241,0.9603583333333333,0.28591666666666665,1.3119692461650776,Tương tác cao,Ổn định,-1,1,1,1,1,1,5,Q2
KH00116770,34,Nữ,Chuyên viên công nghệ màu sắc,Nghệ An,12,71.24166666666666,66.64999999999999,13.333333333333334,14,62.0,744,26.0,0.1471855873266635,0.849825,0.19505833333333333,1.4490453258070073,Tương tác cao,Ổn định,-1,1,1,1,1,1,5,Q1 (Low)
KH00116805,82,Nam,Nhà thiết kế sản phẩm công nghiệp,Quảng Ngãi,1,53.4,59.1,4.0,4,11.0,11,2.0,0.6926267987506946,0.728,0.2337,1.0718733913380187,Tương tác trung bình,Cần theo dõi,279,1,0,1,1,1,4,Q1 (Low)
KH00116810,45,Nam,Kỹ sư khoan,Hà Nội,12,78.125,69.45,13.916666666666666,14,243.33333333333334,2920,30.333333333333332,0.16759357130398847,0.5984333333333334,0.11799166666666666,2.8693469175451525,Tương tác cao,Ổn định,-1,1,1,1,1,1,5,Q2
KH00116845,58,Nam,Chuyên viên dự toán xây dựng,Đồng Nai,12,80.74166666666666,63.449999999999996,13.833333333333334,14,183.0,2196,30.333333333333332,0.230966921799007,0.7530083333333333,0.26669166666666666,1.436376846959039,Tương tác rất cao,Ổn định,-1,1,1,1,1,1,5,Q4 (High)
KH00116850,31,Nam,Chuyên viên trị liệu nghệ thuật,Quảng Ngãi,12,77.30833333333334,62.59166666666667,13.666666666666666,14,61.416666666666664,737,25.416666666666668,0.25927881680015535,0.9474083333333333,0.22700833333333334,1.575349190634139,Tương tác cao,Cần theo dõi,0,1,1,1,1,1,5,Q2
KH00116885,59,Nữ,Chuyên viên công nghệ kiến trúc,Nghệ An,12,78.5,63.166666666666664,13.75,14,122.16666666666667,1466,29.583333333333332,0.2132905847920701,0.77385,0.2564,1.5018481997697843,Tương tác cao,Ổn định,-1,1,1,1,1,1,5,Q3
KH00116890,66,Nữ,Luật sư sáng chế,Tuyên Quang,12,80.325,71.35833333333333,13.833333333333334,14,243.25,2919,30.333333333333332,0.21363770793828282,0.476825,0.18594166666666667,1.5479286839386044,Tương tác cao,Ổn định,-1,1,1,1,1,1,5,Q4 (High)
KH00116925,54,Nam,Nhà giao dịch cổ phiếu,Vĩnh Long,12,78.75833333333334,73.06666666666668,13.916666666666666,14,182.5,2190,30.083333333333332,0.1906222566186537,0.4845,0.10052499999999999,1.580839191383382,Tương tác cao,Ổn định,-1,1,1,1,1,1,5,Q3
KH00116930,35,Nam,Nhà khoa học địa chất,Thanh Hóa,12,81.96666666666667,66.73333333333333,14.0,14,304.3333333333333,3652,30.416666666666668,0.2398356770604054,0.6203333333333333,0.23979166666666665,2.705551301013729,Tương tác rất cao,Ổn định,-1,1,1,1,1,1,5,Q4 (High)
KH00116965,75,Nam,Chuyên viên phân tích hệ thống,Thành phố Hồ Chí Minh,12,80.40833333333333,70.18333333333334,14.0,14,183.16666666666666,2198,30.333333333333332,0.21880421208257841,0.5815416666666667,0.15884166666666666,1.8856781572242671,Tương tác cao,Ổn định,-1,1,1,1,1,1,5,Q4 (High)
KH00116970,30,Nam,Chuyên viên gây quỹ từ thiện,Thái Nguyên,12,78.91666666666667,62.65,13.833333333333334,14,122.25,1467,30.0,0.2161753170351616,0.8573666666666666,0.22177499999999997,0.9549421329945877,Tương tác cao,Ổn định,-1,1,1,1,1,1,5,Q3
KH00117005,79,Nam,Kỹ sư dầu khí,Cà Mau,12,76.84166666666667,71.84166666666667,14.0,14,182.75,2193,30.0,0.15109450751297435,0.5630000000000001,0.13950833333333332,1.5221077422959528,Tương tác cao,Ổn định,-1,1,1,1,1,1,5,Q2
KH00117010,67,Nữ,Nhà khoa học thổ nhưỡng,Quảng Ninh,12,76.96666666666667,70.11666666666666,13.5,14,61.5,738,26.25,0.2527688142758333,0.5858583333333334,0.13147499999999998,1.2994955989384362,Tương tác cao,Ổn định,-1,1,1,1,1,1,5,Q2
KH00117045,34,Nữ,Cán bộ trại giam,Bắc Ninh,12,82.70833333333333,64.22500000000001,14.0,14,183.25,2199,30.083333333333332,0.2653315686846177,0.8109083333333333,0.16218333333333332,1.3405324371688419,Tương tác rất cao,Ổn định,-1,1,1,1,1,1,5,Q4 (High)
KH00117050,27,Nam,Nhà kinh tế học,Cần Thơ,12,75.25833333333334,66.06666666666666,13.333333333333334,14,61.416666666666664,737,25.416666666666668,0.23074271988824147,0.8026416666666667,0.24514166666666667,0.8561665097493467,Tương tác cao,Ổn định,-1,1,1,1,1,1,5,Q2
KH00117085,36,Nữ,Chuyên viên viết nội dung quảng cáo,Đồng Tháp,12,83.24166666666666,68.04166666666667,14.0,14,303.6666666666667,3644,30.416666666666668,0.2647837459102093,0.6157916666666666,0.19885,1.3407134669642773,Tương tác rất cao,Ổn định,-1,1,1,1,1,1,5,Q4 (High)
KH00117090,29,Nam,Quản lý trường quay,Bắc Ninh,12,75.85833333333333,70.25,13.666666666666666,14,122.25,1467,29.583333333333332,0.16229505007767778,0.5973499999999999,0.2141666666666667,0.8086175681845442,Tương tác cao,Ổn định,-1,1,1,1,1,1,5,Q2
KH00117125,55,Nam,Giảng viên đại học,Huế,12,72.63333333333334,71.63333333333334,12.833333333333334,14,61.833333333333336,742,25.5,0.18704589793692203,0.5723166666666667,0.19571666666666665,1.2141442819928854,Tương tác cao,Ổn định,-1,1,1,1,1,1,5,Q1 (Low)
KH00117130,49,Nữ,Chuyên viên kinh doanh công nghệ thông tin,Thành phố Hồ Chí Minh,12,75.28333333333333,66.2,13.333333333333334,14,61.833333333333336,742,25.583333333333332,0.22447769696324923,0.7745583333333332,0.20872500000000002,1.556295456217936,Tương tác cao,Ổn định,-1,1,1,1,1,1,5,Q2
KH00117165,25,Nữ,Cán bộ triển lãm bảo tàng,Vĩnh Long,12,79.51666666666667,54.6,13.916666666666666,14,364.5,4374,30.416666666666668,0.19266565878602604,0.9771916666666667,0.35063333333333335,2.015803705582575,Tương tác cao,Cần theo dõi,-1,1,1,1,1,1,5,Q3
KH00117170,44,Nam,Nhân viên giao nhận vận tải,Thanh Hóa,12,79.54166666666667,62.46666666666667,14.0,14,243.33333333333334,2920,30.416666666666668,0.1933018352527199,0.8908083333333333,0.28554166666666664,0.8808307838576264,Tương tác cao,Ổn định,-1,1,1,1,1,1,5,Q3
KH00117205,68,Nữ,Nhà địa chất công trình,Quảng Ngãi,12,78.10000000000001,61.699999999999996,14.0,14,182.66666666666666,2192,30.166666666666668,0.1740380342792035,0.8798666666666667,0.20173333333333332,1.5033293014308822,Tương tác cao,Ổn định,-1,1,1,1,1,1,5,Q2
KH00117210,70,Nữ,Chuyên viên khảo sát thủy văn,Thành phố Hồ Chí Minh,12,76.75,65.56666666666666,13.416666666666666,14,61.25,735,26.25,0.2513147953600918,0.6823583333333333,0.24244166666666667,1.5005068967331654,Tương tác cao,Ổn định,-1,1,1,1,1,1,5,Q2
KH00117245,34,Nam,Luật sư sở hữu trí tuệ,Thành phố Hồ Chí Minh,12,81.11666666666666,74.73333333333333,14.0,14,243.91666666666666,2927,30.416666666666668,0.2227490669938126,0.3644083333333333,0.08236666666666666,2.1322368224535126,Tương tác cao,Ổn định,-1,1,1,1,1,1,5,Q4 (High)
KH00117250,23,Nam,Chuyên viên quan hệ công chúng,Đồng Nai,12,83.81666666666666,65.10000000000001,14.0,14,182.75,2193,30.333333333333332,0.286700183867593,0.7407416666666666,0.20028333333333334,1.0116966130807719,Tương tác rất cao,Ổn định,-1,1,1,1,1,1,5,Q4 (High)
KH00117285,59,Nữ,Kỹ sư công trường,Lâm Đồng,1,48.9,69.5,5.0,5,12.0,12,2.0,0.7967862603757099,0.5422,0.1714,0.554074144797991,Tương tác trung bình,Ổn định,325,1,1,1,1,1,5,Q1 (Low)
KH00117290,60,Nữ,Cán bộ quan hệ sắc tộc,Tuyên Quang,12,74.89999999999999,64.54166666666667,13.75,14,122.33333333333333,1468,29.75,0.1391343968238431,0.7485750000000001,0.21081666666666665,1.5726633145676354,Tương tác cao,Ổn định,-1,1,1,1,1,1,5,Q2
KH00117325,31,Nam,Bác sĩ chuyên khoa bàn chân,Vĩnh Long,12,79.47500000000001,73.72500000000001,13.916666666666666,14,183.08333333333334,2197,30.333333333333332,0.20251770405935043,0.48159166666666664,0.13536666666666666,0.9438366375305421,Tương tác cao,Ổn định,-1,1,1,1,1,1,5,Q3
KH00117330,42,Nam,Chuyên viên công nghệ dệt may,Cần Thơ,12,72.68333333333334,62.23333333333333,13.166666666666666,14,61.083333333333336,733,24.833333333333332,0.18909857753006246,0.8405666666666667,0.30015,0.9327153517699552,Tương tác cao,Ổn định,-1,1,1,1,1,1,5,Q1 (Low)
KH00117365,47,Nam,Chuyên viên trưng bày bán lẻ,Đồng Nai,12,80.61666666666666,67.125,14.0,14,304.4166666666667,3653,30.416666666666668,0.21299817020370213,0.6378416666666666,0.17000833333333332,2.009796278413161,Tương tác cao,Ổn định,-1,1,1,1,1,1,5,Q4 (High)
KH00117370,84,Nữ,Kỹ sư xây dựng thi công,Tuyên Quang,12,78.56666666666666,71.05,14.0,14,182.91666666666666,2195,30.0,0.18573261730250643,0.5560083333333333,0.130175,1.680870293014496,Tương tác cao,Ổn định,-1,1,1,1,1,1,5,Q3
KH00117405,90,Nữ,Chuyên viên trang điểm,Bắc Ninh,12,79.5,66.38333333333334,13.75,14,242.5,2910,30.25,0.20057827809962517,0.7196333333333333,0.1909833333333333,1.5799286058195434,Tương tác cao,Ổn định,-1,1,1,1,1,1,5,Q3
KH00117410,52,Nam,Chuyên viên quản lý khách hàng quảng cáo,Thành phố Hồ Chí Minh,1,54.6,66.9,5.0,5,12.0,12,2.0,0.6394476534588495,0.6188,0.1335,0.3898289314616843,Tương tác trung bình,Ổn định,97,1,1,1,0,1,4,Q1 (Low)
KH00117445,90,Nữ,Chuyên viên cắt tỉa cây,Hà Nội,1,38.4,66.0,5.0,5,9.0,9,2.0,0.2248066849588426,0.6087,0.2135,0.7454765214836149,Tương tác thấp,Ổn định,245,1,1,0,1,0,3,Q1 (Low)
KH00117450,35,Nữ,Kỹ sư năng lượng,An Giang,12,78.69166666666666,71.50833333333334,14.0,14,303.5,3642,30.416666666666668,0.1741103481517485,0.5074083333333334,0.11303333333333333,1.9009472856999086,Tương tác cao,Ổn định,-1,1,1,1,1,1,5,Q3
KH00117485,37,Nữ,Giáo viên tiếng anh,Thanh Hóa,12,83.33333333333333,62.65833333333333,14.0,14,364.0833333333333,4369,30.416666666666668,0.2666408236227391,0.8135833333333333,0.199025,1.4476525141864256,Tương tác rất cao,Ổn định,-1,1,1,1,1,1,5,Q4 (High)
KH00117490,29,Nữ,Chuyên viên thu mua công nghiệp,Thành phố Hồ Chí Minh,12,81.09166666666667,68.30833333333334,14.0,14,182.66666666666666,2192,29.916666666666668,0.23562724823338435,0.6206166666666667,0.15660833333333332,1.3487368357039315,Tương tác rất cao,Ổn định,-1,1,1,1,1,1,5,Q4 (High)
KH00117525,41,Nam,Trợ lý sản xuất truyền hình,Vĩnh Long,12,73.36666666666666,60.85833333333333,13.25,14,61.5,738,25.583333333333332,0.1918575345438712,0.7929833333333334,0.32185,0.9180449628788939,Tương tác cao,Ổn định,-1,1,1,1,1,1,5,Q1 (Low)
KH00117530,34,Nam,Nhà địa chấn học hiện trường,Thanh Hóa,12,76.94166666666666,57.824999999999996,13.5,14,61.166666666666664,734,25.75,0.25347177868386656,0.9441333333333334,0.28384166666666666,1.4073231844769216,Tương tác cao,Cần theo dõi,-1,1,1,1,1,1,5,Q2
KH00117565,27,Nam,Nhà tâm lý học thể thao,Hưng Yên,12,77.80833333333334,66.64166666666667,14.0,14,122.33333333333333,1468,29.75,0.19065802038744686,0.6719333333333334,0.19644166666666665,2.1828612505739393,Tương tác cao,Ổn định,-1,1,1,1,1,1,5,Q2
KH00117570,19,Nam,Kỹ sư trắc địa,Đắk Lắk,12,81.41666666666667,71.96666666666667,14.0,14,121.66666666666667,1460,29.25,0.2664999040036646,0.48095,0.14273333333333335,0.9957352086305967,Tương tác rất cao,Ổn định,-1,1,1,1,1,1,5,Q4 (High)
KH00117605,61,Nam,Kỹ sư ô tô,Lâm Đồng,12,76.55,69.64166666666667,13.833333333333334,14,122.16666666666667,1466,28.416666666666668,0.18112432451566648,0.538925,0.2096083333333333,1.434683020279464,Tương tác cao,Ổn định,-1,1,1,1,1,1,5,Q2
KH00117610,49,Nữ,Giáo viên giáo dục đặc biệt,Nghệ An,12,81.91666666666667,68.41666666666667,13.916666666666666,14,182.83333333333334,2194,29.833333333333332,0.25499479948628,0.6250333333333333,0.17923333333333333,1.266597726218734,Tương tác rất cao,Ổn định,-1,1,1,1,1,1,5,Q4 (High)
KH00117645,40,Nam,Nhạc sĩ,Đắk Lắk,12,81.31666666666666,65.35833333333333,14.0,14,304.5,3654,30.416666666666668,0.22666922153003163,0.692025,0.15210833333333332,2.1349870819007384,Tương tác rất cao,Ổn định,-1,1,1,1,1,1,5,Q4 (High)
KH00117650,73,Nam,Nhà thiết kế đa phương tiện,Đồng Tháp,12,76.89166666666667,64.16666666666667,13.583333333333334,14,122.0,1464,29.5,0.1856998506237295,0.77995,0.15706666666666666,1.4943896783473833,Tương tác cao,Ổn định,-1,1,1,1,1,1,5,Q2
KH00117685,23,Nam,Chuyên viên trị liệu dinh dưỡng,Huế,12,80.13333333333334,58.38333333333333,14.0,14,244.5,2934,30.083333333333332,0.20654978548915412,0.8193833333333332,0.2721166666666667,2.305339591174729,Tương tác cao,Cần theo dõi,-1,1,1,1,1,1,5,Q4 (High)
KH00117690,32,Nữ,Trình dược viên,Bắc Ninh,12,81.81666666666666,62.19166666666666,14.0,14,365.0,4380,30.333333333333332,0.23667396378239403,0.8217083333333334,0.21410833333333334,1.6454596839791886,Tương tác rất cao,Ổn định,-1,1,1,1,1,1,5,Q4 (High)
KH00117725,47,Nữ,Nhà khoa học phát triển sản phẩm,Thanh Hóa,12,76.38333333333334,74.48333333333333,13.75,14,121.58333333333333,1459,29.416666666666668,0.17363962481774564,0.4606166666666667,0.10964166666666668,1.6286905457801037,Tương tác cao,Ổn định,-1,1,1,1,1,1,5,Q2
KH00117730,78,Nam,Bác sĩ đa khoa,Thanh Hóa,12,76.93333333333334,71.54166666666667,13.5,14,122.58333333333333,1471,29.333333333333332,0.19098915036129038,0.47436666666666666,0.18374166666666666,1.6600831984982307,Tương tác cao,Ổn định,-1,1,1,1,1,1,5,Q2
KH00117765,69,Nữ,Kỹ sư khai thác mỏ,Lào Cai,12,78.23333333333333,70.18333333333334,13.833333333333334,14,243.33333333333334,2920,30.416666666666668,0.17219000740019338,0.5466416666666667,0.15345833333333334,2.0301068540303997,Tương tác cao,Ổn định,-1,1,1,1,1,1,5,Q3
KH00117770,61,Nữ,Nhà báo,Lạng Sơn,12,72.85000000000001,67.47500000000001,13.25,14,61.416666666666664,737,24.166666666666668,0.1925722163140731,0.70785,0.16439166666666666,1.5022917499670674,Tương tác cao,Ổn định,-1,1,1,1,1,1,5,Q1 (Low)
KH00117805,47,Nữ,Nhà sản xuất phát thanh,Thành phố Hồ Chí Minh,12,79.10833333333333,63.03333333333333,13.916666666666666,14,243.58333333333334,2923,30.416666666666668,0.18569635830560124,0.7596416666666667,0.2895666666666667,1.5802917558784026,Tương tác cao,Ổn định,-1,1,1,1,1,1,5,Q3
KH00117810,27,Nữ,Kỹ sư điện,Ninh Bình,12,82.84166666666667,70.15833333333333,14.0,14,365.4166666666667,4385,30.416666666666668,0.25688033809613736,0.5580333333333333,0.14710833333333334,1.378407491180754,Tương tác rất cao,Ổn định,-1,1,1,1,1,1,5,Q4 (High)
KH00117845,77,Nam,Nhà thiết kế bối cảnh phim,Cà Mau,12,72.45833333333333,49.800000000000004,12.833333333333334,14,61.666666666666664,740,25.416666666666668,0.18505712133410934,1.1770666666666667,0.3416666666666666,1.4686422480247767,Tương tác cao,Ổn định,-1,1,1,1,1,1,5,Q1 (Low)
KH00117850,34,Nam,Chuyên viên tư vấn tài chính,Phú Thọ,12,79.68333333333334,62.0,14.0,14,182.25,2187,30.25,0.205260408924034,0.8512583333333333,0.24025833333333332,1.8317814600075535,Tương tác cao,Ổn định,-1,1,1,1,1,1,5,Q3
KH00117885,49,Nữ,Kỹ sư vật liệu,Tuyên Quang,12,80.29166666666667,68.25833333333334,14.0,14,365.0,4380,30.416666666666668,0.20571338146355944,0.582,0.17419166666666666,1.8703881411801706,Tương tác cao,Ổn định,-1,1,1,1,1,1,5,Q4 (High)
KH00117890,89,Nữ,Chuyên viên dự toán xây dựng,Thành phố Hồ Chí Minh,1,49.9,57.9,4.0,4,10.0,10,2.0,0.6388065613177267,0.7678,0.2577,0.6337251985633412,Tương tác trung bình,Cần theo dõi,284,1,1,1,0,0,3,Q1 (Low)
KH00117925,48,Nữ,Kỹ sư khai thác mỏ,Vĩnh Long,12,80.09166666666665,69.27499999999999,14.0,14,243.16666666666666,2918,30.333333333333332,0.20443839483204265,0.5774333333333334,0.12585,1.7459824442476555,Tương tác rất cao,Ổn định,-1,1,1,1,1,1,5,Q4 (High)
KH00117930,39,Nam,Nhà khoa học nghiên cứu khoa học tự nhiên,Hải Phòng,12,78.10000000000001,67.89999999999999,14.0,14,122.66666666666667,1472,29.166666666666668,0.19977007305909358,0.5995833333333334,0.2348583333333333,0.9651827837140541,Tương tác cao,Ổn định,-1,1,1,1,1,1,5,Q2
KH00117965,50,Nam,Giáo viên dạy nhạc,Bắc Ninh,12,74.34166666666667,63.675000000000004,13.583333333333334,14,61.75,741,26.583333333333332,0.19436609731025278,0.8049249999999999,0.28604999999999997,1.5422799404707668,Tương tác cao,Ổn định,-1,1,1,1,1,1,5,Q1 (Low)
KH00117970,51,Nam,Nhà địa chấn học hiện trường,Bắc Ninh,12,77.2,58.40833333333333,13.833333333333334,14,122.25,1467,29.333333333333332,0.18610396289912523,0.9372583333333333,0.26358333333333334,1.4837726605386852,Tương tác cao,Cần theo dõi,-1,1,1,1,1,1,5,Q2
KH00118005,60,Nữ,Chuyên viên thuế cấp cao,Quảng Ngãi,12,77.11666666666666,65.05833333333334,13.916666666666666,14,122.0,1464,29.416666666666668,0.18140739032307138,0.8435083333333333,0.20541666666666666,1.287907625965704,Tương tác cao,Ổn định,-1,1,1,1,1,1,5,Q2
KH00118010,32,Nữ,Thanh tra thuế,Huế,12,78.44166666666666,67.90833333333333,14.0,14,364.9166666666667,4379,30.416666666666668,0.16858629069527883,0.6769250000000001,0.15025833333333335,2.014583683135103,Tương tác cao,Ổn định,-1,1,1,1,1,1,5,Q3
KH00118045,46,Nữ,Thủ thư thư viện công cộng,Hải Phòng,12,78.40833333333333,61.60833333333333,13.916666666666666,14,183.0,2196,30.25,0.18202854408018163,0.9375333333333332,0.3026583333333333,2.2115448556006707,Tương tác cao,Ổn định,-1,1,1,1,1,1,5,Q3
KH00118050,64,Nữ,Cán bộ trại giam,Hà Nội,12,77.14166666666667,64.69166666666666,13.5,14,122.25,1467,29.416666666666668,0.19411598942154576,0.8795999999999999,0.18965833333333335,1.3265143015638532,Tương tác cao,Ổn định,-1,1,1,1,1,1,5,Q2
KH00118085,25,Nữ,Giảng viên giáo dục thường xuyên,Đà Nẵng,12,82.34166666666667,65.925,14.0,14,305.0833333333333,3661,30.25,0.2480487593947109,0.5746166666666667,0.14711666666666667,2.9139335838877822,Tương tác cao,Ổn định,-1,1,1,1,1,1,5,Q4 (High)
KH00118090,68,Nam,Chuyên viên trị liệu âm nhạc,Cà Mau,12,72.73333333333333,67.96666666666667,13.416666666666666,14,61.416666666666664,737,25.5,0.17384396615630207,0.662625,0.18688333333333332,1.503710119086147,Tương tác cao,Ổn định,-1,1,1,1,1,1,5,Q1 (Low)
KH00118125,39,Nữ,Nhạc sĩ,Thành phố Hồ Chí Minh,12,82.21666666666667,63.74166666666667,14.0,14,304.25,3651,30.416666666666668,0.24450286321380346,0.7623000000000001,0.23860833333333334,1.3113391337241496,Tương tác rất cao,Ổn định,-1,1,1,1,1,1,5,Q4 (High)
KH00118130,57,Nữ,Chuyên viên xúc tiến bán hàng,Đà Nẵng,1,45.6,66.2,4.0,4,7.0,7,2.0,0.6005049400912559,0.6461,0.1499,0.3023918498812319,Tương tác trung bình,Ổn định,289,1,1,1,0,0,3,Q1 (Low)
KH00118165,20,Nữ,Nhà thiết kế đa phương tiện,Điện Biên,1,57.2,62.7,5.0,5,9.0,9,2.0,0.8073670297773823,0.6802,0.1867,0.8009939175476546,Tương tác trung bình,Ổn định,245,1,1,0,1,1,4,Q1 (Low)
KH00118170,68,Nữ,Chuyên viên nghiên cứu chương trình,Phú Thọ,12,77.7,63.525000000000006,13.666666666666666,14,243.25,2919,30.25,0.16808482120109536,0.7432083333333334,0.23195833333333335,1.6821417505867426,Tương tác cao,Ổn định,-1,1,1,1,1,1,5,Q2
KH00118205,45,Nữ,Kỹ sư cấp thoát nước,Hải Phòng,12,81.58333333333333,71.94166666666666,14.0,14,364.5833333333333,4375,30.416666666666668,0.2314882830107252,0.5170916666666666,0.11103333333333333,1.5741211828494295,Tương tác rất cao,Ổn định,-1,1,1,1,1,1,5,Q4 (High)
KH00118210,63,Nam,Kỹ thuật viên phòng thí nghiệm,Thành phố Hồ Chí Minh,12,76.925,68.79166666666667,13.666666666666666,14,122.08333333333333,1465,29.25,0.1865838246106923,0.5745166666666667,0.19569166666666668,1.5448463162514718,Tương tác cao,Ổn định,-1,1,1,1,1,1,5,Q2
KH00118245,46,Nam,Chuyên viên giám định tổn thất công chứng,Cần Thơ,12,78.11666666666666,65.8,13.916666666666666,14,122.25,1467,29.75,0.19955236728693312,0.7205499999999999,0.21030000000000001,0.9403655427797059,Tương tác cao,Ổn định,-1,1,1,1,1,1,5,Q2
KH00118250,71,Nữ,Kiến trúc sư,Vĩnh Long,1,45.3,77.3,3.0,3,11.0,11,2.0,0.7885645738638541,0.3854,0.0887,0.237724791371009,Tương tác trung bình,Ổn định,14,1,1,1,1,0,4,Q1 (Low)
KH00118285,59,Nữ,Cán bộ hành chính địa phương,An Giang,12,73.72500000000001,64.75833333333334,12.916666666666666,14,61.833333333333336,742,25.5,0.20777641786785925,0.8570333333333333,0.20762499999999998,1.351349747642652,Tương tác cao,Ổn định,-1,1,1,1,1,1,5,Q1 (Low)
KH00118290,77,Nữ,Kế toán viên công chứng,An Giang,12,72.20833333333333,67.85000000000001,13.083333333333334,14,61.833333333333336,742,25.0,0.17907298285321885,0.660075,0.24545000000000003,1.2439358656381405,Tương tác cao,Ổn định,-1,1,1,1,1,1,5,Q1 (Low)
KH00118325,55,Nam,Kỹ thuật viên chẩn đoán hình ảnh,Cà Mau,12,79.3,67.45,14.0,14,183.0,2196,30.166666666666668,0.19684748388523568,0.6210083333333333,0.18758333333333332,1.4584463423625331,Tương tác cao,Ổn định,-1,1,1,1,1,1,5,Q3
KH00118330,34,Nữ,Quản lý hệ thống thông tin,Hà Nội,12,78.78333333333333,67.675,14.0,14,183.0,2196,30.166666666666668,0.18634851772626504,0.6026916666666667,0.157275,2.028284613584131,Tương tác cao,Ổn định,-1,1,1,1,1,1,5,Q3
KH00118365,78,Nam,Giáo viên trung học,Lào Cai,12,77.88333333333334,62.60833333333333,13.833333333333334,14,183.33333333333334,2200,30.166666666666668,0.1743453946705271,0.8823249999999999,0.26014166666666666,1.2258457948146984,Tương tác cao,Ổn định,-1,1,1,1,1,1,5,Q2
KH00118370,62,Nam,Thư ký luật sư tranh tụng,Hưng Yên,12,72.58333333333333,73.43333333333332,13.0,14,61.5,738,25.166666666666668,0.18572121397202912,0.6483833333333334,0.13748333333333335,1.6816915746747727,Tương tác cao,Khỏe mạnh,-1,1,1,1,1,1,5,Q1 (Low)
KH00118405,44,Nam,Trợ lý chính trị gia,Khánh Hòa,12,73.99166666666666,64.175,13.5,14,61.916666666666664,743,25.5,0.20294400811942603,0.809025,0.24907500000000002,0.9876948991939988,Tương tác cao,Ổn định,0,1,1,1,1,1,5,Q1 (Low)
KH00118410,48,Nam,Chuyên viên làm vườn thương mại,Tuyên Quang,12,72.15833333333333,61.88333333333333,13.666666666666666,14,61.25,735,26.333333333333332,0.15279335648655915,0.8687916666666666,0.28202499999999997,1.6932951249279753,Tương tác cao,Ổn định,-1,1,1,1,1,1,5,Q1 (Low)
KH00118445,57,Nữ,Lập trình viên ứng dụng,Cần Thơ,12,78.625,64.3,13.583333333333334,14,122.08333333333333,1465,29.416666666666668,0.22198924234421993,0.6810999999999999,0.25028333333333336,1.6017066059207679,Tương tác cao,Ổn định,-1,1,1,1,1,1,5,Q3
KH00118450,78,Nam,Người quay phim truyền hình,Đắk Lắk,12,74.05,66.39999999999999,13.333333333333334,14,61.833333333333336,742,26.083333333333332,0.20283626443882832,0.7643416666666667,0.21654166666666666,1.1423241779629136,Tương tác cao,Ổn định,-1,1,1,1,1,1,5,Q1 (Low)
KH00118485,56,Nữ,Sĩ quan huấn luyện quân đội,Gia Lai,12,71.70833333333333,54.75833333333333,13.083333333333334,14,61.333333333333336,736,25.583333333333332,0.16365289115843398,1.0189000000000001,0.2614916666666667,1.276807788852577,Tương tác cao,Ổn định,-1,1,1,1,1,1,5,Q1 (Low)
KH00118490,42,Nữ,Giáo viên giáo dục đặc biệt,Lạng Sơn,12,79.74166666666666,65.05,14.0,14,363.5,4362,30.416666666666668,0.19472942673373397,0.7535249999999999,0.19274166666666667,1.8678081166429752,Tương tác cao,Ổn định,-1,1,1,1,1,1,5,Q3
KH00118525,39,Nữ,Nhà tâm lý học pháp y,Phú Thọ,12,78.88333333333334,68.80833333333332,14.0,14,364.6666666666667,4376,30.416666666666668,0.17775120447095671,0.5838666666666666,0.15764166666666668,2.011522107867637,Tương tác cao,Ổn định,-1,1,1,1,1,1,5,Q3
KH00118530,50,Nam,Chuyên viên kỹ xảo,Thái Nguyên,12,78.52499999999999,57.21666666666667,13.75,14,183.25,2199,30.166666666666668,0.19023166019995041,0.992775,0.21551666666666666,2.2487644182805604,Tương tác cao,Ổn định,-1,1,1,1,1,1,5,Q3
KH00118565,55,Nữ,Chuyên viên ngân hàng đầu tư doanh nghiệp,Cần Thơ,12,78.00833333333334,70.175,13.916666666666666,14,243.08333333333334,2917,30.333333333333332,0.16551870248344075,0.5755666666666667,0.118325,2.0257858501867547,Tương tác cao,Ổn định,-1,1,1,1,1,1,5,Q2
KH00118570,48,Nữ,Nhà miễn dịch học,Lâm Đồng,12,79.36666666666666,57.38333333333333,14.0,14,364.5,4374,30.416666666666668,0.1871955606606224,0.8638750000000001,0.31420833333333337,2.6703715893068654,Tương tác cao,Cần theo dõi,-1,1,1,1,1,1,5,Q3
KH00118605,84,Nữ,Luật sư tranh tụng,Thành phố Hồ Chí Minh,12,78.73333333333333,73.65833333333333,13.833333333333334,14,243.08333333333334,2917,30.416666666666668,0.18172451974575474,0.461325,0.11631666666666667,1.4573748236370463,Tương tác cao,Ổn định,-1,1,1,1,1,1,5,Q3
KH00118610,46,Nam,Nhà thiết kế nội thất,Hải Phòng,12,73.98333333333333,66.64166666666667,13.333333333333334,14,61.5,738,25.916666666666668,0.1990485617694143,0.7103333333333334,0.26253333333333334,0.8766838909511142,Tương tác cao,Ổn định,-1,1,1,1,1,1,5,Q1 (Low)
KH00118645,47,Nam,Giáo viên mầm non,Thanh Hóa,12,79.02499999999999,65.59166666666667,14.0,14,243.58333333333334,2923,30.333333333333332,0.18412418146663992,0.6887583333333334,0.2828583333333333,0.9050069276369926,Tương tác cao,Ổn định,-1,1,1,1,1,1,5,Q3
KH00118650,29,Nữ,Tổng giám đốc điều hành,Thanh Hóa,12,79.36666666666666,75.39166666666667,14.0,14,304.1666666666667,3650,30.416666666666668,0.18808418355416143,0.34496666666666664,0.0998,2.4225267043104726,Tương tác cao,Ổn định,-1,1,1,1,1,1,5,Q3
KH00118685,38,Nam,Kỹ sư cơ khí,Thành phố Hồ Chí Minh,12,77.74166666666666,74.00833333333334,13.75,14,122.25,1467,29.583333333333332,0.19780749435251702,0.551125,0.11699166666666666,0.820849298376897,Tương tác cao,Ổn định,-1,1,1,1,1,1,5,Q2
KH00118690,34,Nam,Quản trị viên giáo dục,Thành phố Hồ Chí Minh,12,77.35833333333333,67.14999999999999,13.916666666666666,14,122.41666666666667,1469,29.0,0.189757781454027,0.7176583333333334,0.23465,0.8923490246566992,Tương tác cao,Ổn định,-1,1,1,1,1,1,5,Q2
KH00118725,53,Nam,Kỹ sư điện tử,Bắc Ninh,12,70.89999999999999,68.8,12.833333333333334,14,61.083333333333336,733,25.166666666666668,0.15664775196198405,0.6572916666666667,0.23370833333333332,1.1328079295396292,Tương tác cao,Ổn định,-1,1,1,1,1,1,5,Q1 (Low)
KH00118730,81,Nam,Quản lý bất động sản,Cà Mau,12,73.8,67.47500000000001,13.0,14,61.083333333333336,733,24.833333333333332,0.21423868300432705,0.6926666666666668,0.176125,1.3660150074625559,Tương tác cao,Ổn định,-1,1,1,1,1,1,5,Q1 (Low)
KH00118765,54,Nam,Kế toán viên công chứng,Sơn La,1,57.7,64.2,5.0,5,9.0,9,2.0,0.648322804519975,0.6573,0.1945,0.3492164006000138,Tương tác trung bình,Ổn định,333,1,1,1,1,0,4,Q1 (Low)
KH00118770,33,Nữ,Chuyên viên trưng bày bán lẻ,Vĩnh Long,12,76.51666666666667,64.50833333333334,13.166666666666666,14,61.0,732,25.916666666666668,0.2558342818956746,0.7139166666666666,0.21230833333333332,1.4064186646503218,Tương tác cao,Ổn định,-1,1,1,1,1,1,5,Q2
KH00118805,35,Nam,Chuyên viên nhân sự,Tuyên Quang,12,74.075,65.96666666666667,13.083333333333334,14,61.333333333333336,736,24.916666666666668,0.214631306245599,0.7440000000000001,0.2459916666666667,0.8776709746879211,Tương tác cao,Ổn định,-1,1,1,1,1,1,5,Q1 (Low)
KH00118810,36,Nữ,Cán bộ phát triển thể thao,Hải Phòng,12,83.30833333333334,61.43333333333334,14.0,14,244.08333333333334,2929,30.416666666666668,0.26805517465316847,0.9333583333333334,0.20195833333333335,1.3186431511660104,Tương tác rất cao,Ổn định,-1,1,1,1,1,1,5,Q4 (High)
KH00118845,35,Nữ,Bác sĩ phẫu thuật,Cần Thơ,12,81.89999999999999,75.55833333333334,14.0,14,122.33333333333333,1468,29.166666666666668,0.2760159604534095,0.39055,0.08795000000000001,1.4053380495906718,Tương tác rất cao,Ổn định,-1,1,1,1,1,1,5,Q4 (High)
KH00118850,74,Nam,Thông dịch viên,Quảng Ninh,12,77.60000000000001,63.50833333333333,13.75,14,182.16666666666666,2186,30.0,0.17360283645776534,0.8441916666666667,0.19858333333333333,1.4353295482802169,Tương tác cao,Ổn định,-1,1,1,1,1,1,5,Q2
KH00118885,30,Nam,Chuyên viên trắc địa,Nghệ An,12,73.46666666666667,68.68333333333334,13.25,14,61.333333333333336,736,24.916666666666668,0.20050400834378215,0.672675,0.13643333333333332,1.589550612241671,Tương tác cao,Ổn định,-1,1,1,1,1,1,5,Q1 (Low)
KH00118890,62,Nam,Thủ thư học thuật,Hà Tĩnh,12,79.51666666666667,64.05833333333334,13.833333333333334,14,243.58333333333334,2923,30.333333333333332,0.19854117696214132,0.7885166666666666,0.20350833333333332,1.6267515514809372,Tương tác cao,Ổn định,-1,1,1,1,1,1,5,Q3
KH00118925,54,Nam,Chuyên viên vi lượng đồng căn,Phú Thọ,1,55.0,63.6,6.0,6,11.0,11,2.0,0.6587141215692268,0.6495,0.2202,0.5935805860823975,Tương tác trung bình,Ổn định,6,1,1,1,0,0,3,Q1 (Low)
KH00118930,67,Nam,Nhà hóa sinh lâm sàng,Thành phố Hồ Chí Minh,12,71.76666666666667,66.03333333333333,13.416666666666666,14,61.166666666666664,734,25.416666666666668,0.15481912463534908,0.8139833333333333,0.17842499999999997,1.1960469736914767,Tương tác cao,Ổn định,-1,1,1,1,1,1,5,Q1 (Low)
KH00118965,68,Nữ,Kỹ sư hàng không,Cần Thơ,12,74.05,69.50833333333334,13.583333333333334,14,122.5,1470,29.25,0.129856444176747,0.570125,0.17324166666666665,1.4305221520869893,Tương tác cao,Ổn định,-1,1,1,1,1,1,5,Q1 (Low)
KH00118970,56,Nam,Kỹ sư cơ khí,Cần Thơ,12,71.325,68.21666666666667,13.083333333333334,14,61.416666666666664,737,25.416666666666668,0.1568542281523091,0.7017416666666666,0.17843333333333333,1.3637912368730216,Tương tác cao,Ổn định,-1,1,1,1,1,1,5,Q1 (Low)
KH00119005,83,Nam,Kỹ sư công trường,Ninh Bình,12,73.75833333333334,72.22500000000001,13.583333333333334,14,61.666666666666664,740,24.75,0.1968962233596583,0.50885,0.110525,1.5296359790861267,Tương tác cao,Ổn định,-1,1,1,1,1,1,5,Q1 (Low)
KH00119010,70,Nữ,Kỹ thuật viên y tế,Gia Lai,12,72.64166666666667,59.36666666666667,13.083333333333334,14,61.75,741,25.666666666666668,0.1789342255534168,0.7756666666666666,0.29335,1.3328577736810054,Tương tác cao,Ổn định,-1,1,1,1,1,1,5,Q1 (Low)
KH00119045,55,Nữ,Bác sĩ phẫu thuật thần kinh,Phú Thọ,12,75.60833333333333,70.19166666666666,13.583333333333334,14,122.08333333333333,1465,29.5,0.1637352776610296,0.5704333333333333,0.18610000000000002,1.763227919407276,Tương tác cao,Ổn định,-1,1,1,1,1,1,5,Q2
KH00119050,22,Nữ,Chuyên viên thẩm định bồi thường,Phú Thọ,12,79.85833333333333,64.81666666666666,14.0,14,365.25,4383,30.416666666666668,0.1971285436564533,0.6680666666666667,0.14140833333333333,2.5447203827331975,Tương tác cao,Ổn định,-1,1,1,1,1,1,5,Q3
KH00119085,53,Nữ,Nhà hóa học phân tích,Thái Nguyên,12,71.175,59.98333333333333,12.916666666666666,14,61.25,735,25.75,0.15486037512017883,1.0561583333333333,0.24304166666666668,1.6859721280085556,Tương tác cao,Ổn định,-1,1,1,1,1,1,5,Q1 (Low)
KH00119090,23,Nữ,Quản lý năng lượng,Đồng Tháp,12,83.43333333333334,67.76666666666667,14.0,14,366.0,4392,30.416666666666668,0.2685781225457769,0.6118416666666667,0.169925,1.6510494514348493,Tương tác rất cao,Ổn định,-1,1,1,1,1,1,5,Q4 (High)
KH00119125,43,Nữ,Kỹ sư điều khiển và tự động hóa,Vĩnh Long,12,82.85833333333333,67.69166666666666,14.0,14,365.5,4386,30.416666666666668,0.2571611599850249,0.6382916666666666,0.17355,1.3514401114698051,Tương tác rất cao,Ổn định,-1,1,1,1,1,1,5,Q4 (High)
KH00119130,54,Nam,Nhà khoa học thổ nhưỡng,Đồng Nai,12,73.88333333333334,68.24166666666666,13.416666666666666,14,61.416666666666664,737,24.75,0.2023552130550611,0.6409666666666667,0.20626666666666668,1.347936131660205,Tương tác cao,Ổn định,-1,1,1,1,1,1,5,Q1 (Low)
KH00119165,53,Nam,Quản lý bán lẻ,Quảng Ngãi,12,79.08333333333333,69.45833333333333,13.833333333333334,14,121.75,1461,28.916666666666668,0.22953475282681457,0.6380666666666667,0.13309166666666666,1.3382380929661746,Tương tác cao,Ổn định,-1,1,1,1,1,1,5,Q3
KH00119170,38,Nam,Nhân viên nghệ thuật cộng đồng,Đà Nẵng,12,80.98333333333333,60.324999999999996,14.0,14,182.66666666666666,2192,30.166666666666668,0.23187817004969638,0.9550833333333334,0.2506,1.8489153001321637,Tương tác cao,Ổn định,-1,1,1,1,1,1,5,Q4 (High)
KH00119205,75,Nam,Chuyên viên tư vấn quản lý,Gia Lai,12,79.45,62.99166666666667,14.0,14,182.91666666666666,2195,30.083333333333332,0.20159619007812427,0.7561249999999999,0.26174166666666665,1.7832871888847006,Tương tác cao,Ổn định,-1,1,1,1,1,1,5,Q3
KH00119210,36,Nam,Chuyên viên dự toán xây dựng,Gia Lai,12,77.31666666666666,63.291666666666664,13.916666666666666,14,122.25,1467,29.666666666666668,0.18416505428823213,0.8049666666666666,0.20911666666666665,2.093812667516012,Tương tác cao,Ổn định,-1,1,1,1,1,1,5,Q2
KH00119245,51,Nữ,Chuyên viên kinh doanh,Nghệ An,12,78.75833333333334,63.89166666666666,14.0,14,182.91666666666666,2195,29.833333333333332,0.18964754223021996,0.6636666666666667,0.24005,2.3492096158614912,Tương tác cao,Ổn định,-1,1,1,1,1,1,5,Q3
KH00119250,62,Nam,Chuyên viên quan hệ công chúng,Lào Cai,12,74.01666666666667,57.15,13.25,14,61.5,738,25.416666666666668,0.21302390278989122,1.0538833333333333,0.23053333333333334,1.26820221578689,Tương tác cao,Ổn định,-1,1,1,1,1,1,5,Q1 (Low)
KH00119285,51,Nam,Nhà khoa học biển,Sơn La,12,74.45833333333333,71.95,13.083333333333334,14,61.583333333333336,739,25.583333333333332,0.21662490441420643,0.5457083333333334,0.15721666666666667,1.2312868336290037,Tương tác cao,Ổn định,-1,1,1,1,1,1,5,Q1 (Low)
KH00119290,52,Nữ,Người bán sách,Cà Mau,12,79.96666666666667,66.08333333333333,14.0,14,183.0,2196,29.75,0.2147741372737688,0.7185916666666667,0.16864166666666666,1.6041289204013092,Tương tác cao,Ổn định,-1,1,1,1,1,1,5,Q4 (High)
KH00119325,21,Nữ,Nhà môi giới tàu biển,Đà Nẵng,1,49.0,60.4,4.0,4,7.0,7,2.0,0.7344075693123975,0.708,0.2576,0.3534636398575418,Tương tác trung bình,Ổn định,22,1,1,0,0,1,3,Q1 (Low)
KH00119330,48,Nữ,Chuyên viên làm vườn thương mại,Cà Mau,12,74.85000000000001,65.15833333333333,13.333333333333334,14,61.083333333333336,733,25.083333333333332,0.22259882362679298,0.6887833333333333,0.261,1.150437689271074,Tương tác cao,Ổn định,-1,1,1,1,1,1,5,Q2
KH00119365,26,Nam,Nhà hóa học phân tích,Lạng Sơn,12,79.10833333333333,60.94166666666666,13.833333333333334,14,121.91666666666667,1463,28.666666666666668,0.22998565409644356,0.7615833333333333,0.21893333333333334,2.217227378010518,Tương tác cao,Cần theo dõi,-1,1,1,1,1,1,5,Q3
KH00119370,37,Nữ,Chuyên viên công nghệ màu sắc,Khánh Hòa,12,78.11666666666666,62.175000000000004,14.0,14,182.5,2190,30.083333333333332,0.17540760835603866,0.90085,0.18465833333333334,1.8258776171479978,Tương tác cao,Ổn định,-1,1,1,1,1,1,5,Q2
KH00119405,43,Nữ,Nhân viên cấp cứu,Bắc Ninh,12,81.69166666666666,65.99166666666666,13.833333333333334,14,182.66666666666666,2192,30.25,0.24962846842764055,0.7779916666666667,0.15606666666666666,1.2578136969161922,Tương tác rất cao,Ổn định,-1,1,1,1,1,1,5,Q4 (High)
KH00119410,37,Nữ,Công chức diện đào tạo nhanh,Phú Thọ,12,76.20833333333333,66.93333333333334,13.166666666666666,14,61.583333333333336,739,24.083333333333332,0.26211858475166766,0.7172833333333334,0.20323333333333335,1.1389326303773872,Tương tác cao,Ổn định,-1,1,1,1,1,1,5,Q2
KH00119445,51,Nữ,Nhà văn khoa học,Hà Nội,12,76.98333333333333,67.46666666666667,13.916666666666666,14,183.08333333333334,2197,30.333333333333332,0.15274703348726137,0.6328166666666667,0.20845,1.56218689562278,Tương tác cao,Ổn định,-1,1,1,1,1,1,5,Q2
KH00119450,61,Nam,Chuyên viên pháp lý nhà đất,Sơn La,12,79.75,61.26666666666667,13.916666666666666,14,121.83333333333333,1462,29.916666666666668,0.23071020323352895,0.8634916666666667,0.24983333333333332,1.443628146227078,Tương tác cao,Cần theo dõi,-1,1,1,1,1,1,5,Q3
KH00119485,52,Nam,Bác sĩ đo mắt,Đồng Tháp,12,70.90833333333333,73.60833333333333,13.083333333333334,14,61.916666666666664,743,26.0,0.14199626509883506,0.4553416666666667,0.17173333333333332,1.2940530533077081,Tương tác cao,Ổn định,-1,1,1,1,1,1,5,Q1 (Low)
KH00119490,56,Nam,Giám đốc công nghệ,Hưng Yên,12,80.075,77.16666666666667,13.666666666666666,14,243.58333333333334,2923,30.416666666666668,0.21216550222994016,0.30996666666666667,0.06560833333333334,1.8992714554051124,Tương tác cao,Ổn định,-1,1,1,1,1,1,5,Q4 (High)
KH00119525,56,Nam,Nhà sản xuất truyền hình,Đắk Lắk,12,77.25833333333334,60.15833333333333,13.833333333333334,14,122.5,1470,29.333333333333332,0.18732354657453773,1.1443166666666666,0.24945000000000003,2.0427612452211092,Tương tác cao,Ổn định,-1,1,1,1,1,1,5,Q2
KH00119530,20,Nữ,Bác sĩ chuyên khoa bàn chân,Quảng Trị,12,81.60000000000001,69.34166666666667,14.0,14,183.58333333333334,2203,29.75,0.2539125172452716,0.542125,0.11229166666666666,2.644613201355423,Tương tác cao,Ổn định,-1,1,1,1,1,1,5,Q4 (High)
KH00119565,53,Nam,Chuyên viên chăm sóc bàn chân,Thanh Hóa,12,73.40833333333333,61.175000000000004,12.75,14,61.916666666666664,743,24.416666666666668,0.2139657663544435,1.1378333333333333,0.26215,1.573137256098562,Tương tác cao,Ổn định,-1,1,1,1,1,1,5,Q1 (Low)
KH00119570,26,Nữ,Chuyên viên thuế cấp cao,Gia Lai,12,79.55,65.23333333333333,14.0,14,244.16666666666666,2930,30.25,0.1948666835850973,0.7222583333333334,0.20877500000000002,1.519437176828286,Tương tác cao,Ổn định,-1,1,1,1,1,1,5,Q3
KH00119605,35,Nữ,Phi công hàng không,Bắc Ninh,12,82.01666666666667,71.675,14.0,14,243.0,2916,30.333333333333332,0.24320959824908261,0.49225,0.11391666666666667,1.6350068378920193,Tương tác rất cao,Ổn định,-1,1,1,1,1,1,5,Q4 (High)
KH00119610,83,Nữ,Kỹ sư dầu khí,An Giang,12,77.6,71.21666666666667,13.416666666666666,14,122.08333333333333,1465,28.75,0.211920736755057,0.542275,0.15774166666666667,1.2970173653665629,Tương tác cao,Ổn định,-1,1,1,1,1,1,5,Q2
KH00119645,58,Nữ,Kỹ sư vật liệu,Tây Ninh,12,77.90833333333333,72.68333333333334,13.75,14,122.5,1470,29.0,0.20505809727535032,0.4827166666666667,0.15958333333333333,1.3207244576190809,Tương tác cao,Ổn định,-1,1,1,1,1,1,5,Q2
KH00119650,59,Nữ,Kỹ sư xây dựng dân dụng,Thành phố Hồ Chí Minh,12,77.75833333333334,73.96666666666667,14.0,14,182.58333333333334,2191,30.083333333333332,0.16873573607706915,0.4485333333333333,0.10360000000000001,1.5297129016406241,Tương tác cao,Ổn định,-1,1,1,1,1,1,5,Q2
KH00119685,63,Nữ,Chuyên viên kinh doanh,Huế,1,52.0,64.8,4.0,4,11.0,11,2.0,0.4452225870439257,0.6532,0.1955,0.4005909790925021,Tương tác trung bình,Ổn định,92,1,1,1,1,0,4,Q1 (Low)
KH00119690,37,Nữ,Chuyên viên dựng phim,Thái Nguyên,12,78.79166666666667,67.31666666666666,14.0,14,243.0,2916,30.416666666666668,0.17763685505560856,0.6589583333333333,0.13636666666666666,1.9133608002801274,Tương tác cao,Ổn định,-1,1,1,1,1,1,5,Q3
KH00119725,28,Nam,Chuyên viên tiếp thị,Đồng Tháp,12,73.325,68.45833333333333,13.083333333333334,14,61.333333333333336,736,25.916666666666668,0.19100481161320412,0.6317166666666667,0.18571666666666667,0.9059554861738305,Tương tác cao,Ổn định,-1,1,1,1,1,1,5,Q1 (Low)
KH00119730,60,Nữ,Thanh tra công trình di tích,Ninh Bình,12,78.13333333333334,59.50833333333333,13.75,14,122.5,1470,29.5,0.20604470878665135,0.849025,0.28514999999999996,1.7462559718349724,Tương tác cao,Cần theo dõi,-1,1,1,1,1,1,5,Q2
KH00119765,52,Nữ,Chuyên viên tư vấn hướng nghiệp bậc đại học,Hà Nội,12,75.5,64.56666666666666,13.416666666666666,14,122.25,1467,28.75,0.16992497065973702,0.7520083333333334,0.21829166666666666,1.3262641911427837,Tương tác cao,Ổn định,-1,1,1,1,1,1,5,Q2
KH00119770,34,Nam,Giám đốc tài chính,Ninh Bình,12,74.84166666666667,75.69166666666666,13.333333333333334,14,62.0,744,25.416666666666668,0.22084240243661388,0.3957583333333334,0.14479166666666668,0.8757141666893404,Tương tác cao,Ổn định,-1,1,1,1,1,1,5,Q2
KH00119805,70,Nữ,Biên tập viên đặt bài,Đồng Nai,12,79.20833333333333,63.083333333333336,14.0,14,182.91666666666666,2195,30.416666666666668,0.19481772344232487,0.7512416666666667,0.2523,2.065231643977731,Tương tác cao,Ổn định,-1,1,1,1,1,1,5,Q3
KH00119810,93,Nữ,Nhà giao dịch tài chính,Đắk Lắk,12,74.84166666666667,73.59166666666667,13.0,14,61.25,735,25.416666666666668,0.22855518343204717,0.538425,0.12413333333333333,1.235465864574194,Tương tác cao,Ổn định,-1,1,1,1,1,1,5,Q2
KH00119845,49,Nữ,Tổng giám đốc điều hành,Thành phố Hồ Chí Minh,12,78.63333333333334,75.36666666666666,14.0,14,182.66666666666666,2192,30.166666666666668,0.1836332697132649,0.3872,0.08006666666666666,1.7582865402043508,Tương tác cao,Ổn định,-1,1,1,1,1,1,5,Q3
KH00119850,31,Nam,Chuyên viên dinh dưỡng vật nuôi,Đồng Nai,12,82.14999999999999,62.90833333333333,13.583333333333334,14,61.75,741,25.583333333333332,0.3599805078897311,0.8024,0.177725,1.83568994649184,Tương tác cao,Ổn định,-1,1,1,1,1,1,5,Q4 (High)
KH00119885,32,Nam,Giảng viên giáo dục thường xuyên,Bắc Ninh,12,77.47500000000001,68.49166666666666,14.0,14,122.0,1464,29.25,0.18739583487346675,0.6539666666666667,0.12979166666666667,1.69146413172231,Tương tác cao,Ổn định,-1,1,1,1,1,1,5,Q2
KH00119890,48,Nữ,Nghiên cứu viên lâm sàng,Đồng Tháp,12,80.06666666666666,63.1,13.25,14,60.916666666666664,731,26.166666666666668,0.31910104144771506,0.7818333333333333,0.27523333333333333,1.1556895502350077,Tương tác cao,Ổn định,-1,1,1,1,1,1,5,Q4 (High)
KH00119925,27,Nữ,Nhà văn,Nghệ An,12,75.5,67.10000000000001,12.916666666666666,14,61.75,741,24.916666666666668,0.24869124160266745,0.6974,0.20956666666666668,1.2342169707794768,Tương tác cao,Ổn định,-1,1,1,1,1,1,5,Q2
KH00119930,72,Nam,Kiểm soát viên không lưu,Thành phố Hồ Chí Minh,1,52.0,61.7,4.0,4,8.0,8,2.0,0.9509516034308064,0.6666,0.2489,0.5127404826497141,Tương tác trung bình,Ổn định,71,1,1,1,1,1,5,Q1 (Low)
KH00119965,46,Nam,Kỹ sư ô tô,Hà Nội,12,80.075,70.10000000000001,14.0,14,243.75,2925,30.416666666666668,0.20288589215934005,0.49005000000000004,0.15995833333333334,2.036830059379838,Tương tác cao,Ổn định,-1,1,1,1,1,1,5,Q4 (High)
KH00119970,33,Nữ,Cán bộ du lịch,An Giang,12,79.96666666666667,60.525,14.0,14,304.0833333333333,3649,30.416666666666668,0.19975478054856585,0.8276,0.2722583333333333,2.3116446481667867,Tương tác cao,Ổn định,-1,1,1,1,1,1,5,Q4 (High)
