consumer_id,age,gender,occupation,province_city,monthly_income_vnd,credit_limit_vnd,credit_utilization_ratio,financial_health_score,financial_health_segment,average_transaction_value_vnd,spending_volatility,transaction_count,active_transaction_days,engagement_score,category_diversity,essential_spend_ratio,discretionary_spend_ratio,online_spend_ratio,credit_to_income_ratio,spend_to_income_ratio
KH00100010,27,Nam,Kỹ sư sản xuất,Đồng Nai,988895833.3333334,3780600000,-0.6223655879455351,70.61666666666666,Cần theo dõi,2399368.5833333335,0.9194638004687573,243.5,30.333333333333332,78.29166666666667,14.0,-0.6002355769097744,0.6002355769097736,-0.5480888860944432,0.0718189784805147,-0.6805178723030209
KH00100045,62,Nữ,Chuyên viên sinh lý vận động,Nghệ An,339306666.6666667,1478400000,-0.8328180884665841,68.48333333333333,Cần theo dõi,1755498.4166666667,1.4446941506545683,122.33333333333333,29.416666666666668,77.425,13.833333333333334,0.19252959123493435,-0.1925295912349353,-0.3809912968229308,0.7986916128259244,-0.45844475445870114
KH00100050,81,Nữ,Nhà thiết kế dệt may,Cần Thơ,251587500.0,665100000,1.9174267755849543,60.958333333333336,Cần theo dõi,1706454.0,1.3591256607229483,122.33333333333333,29.666666666666668,78.7,13.75,0.424118562668631,-0.4241185626686315,-0.21187328400957733,-1.5554842319077933,0.6705202987195858
KH00100085,32,Nữ,Nhà địa vật lý,Thành phố Hồ Chí Minh,597105000.0,2353600000,-0.4270082180328899,67.51666666666667,Cần theo dõi,2153895.75,1.2903391170158962,182.33333333333334,30.083333333333332,80.44166666666666,14.0,-0.023885181465445455,0.023885181465444077,-0.18621033056377365,0.22989454993351163,-0.22925678142613037
KH00100090,18,Nam,Kỹ sư hóa học,Tuyên Quang,190380000.0,620600000,-0.5187514390121213,67.85,Ổn định,16460314.5,0.8092470540779033,6.0,1.0,49.25,3.5,-3.7455757408922215,3.7455757408922215,4.211663358056071,-0.7058368739915872,-1.1665689243760071
KH00100125,48,Nữ,Chuyên viên trắc địa,An Giang,890210833.3333334,4134900000,-0.42422367937697003,64.30833333333334,Cần theo dõi,2265450.3333333335,1.448805073614521,304.5833333333333,30.416666666666668,82.10000000000001,14.0,-0.049381888259624196,0.04938188825962328,-0.033621663774893125,1.1804874711705617,0.5389234889778326
KH00100130,46,Nữ,Chuyên viên phân tích rủi ro,Thành phố Hồ Chí Minh,819580833.3333334,2095700000,0.2660487979587834,68.625,Cần theo dõi,1436776.6666666667,1.8255700010466605,304.5833333333333,30.416666666666668,80.875,14.0,0.5766880423246841,-0.5766880423246846,-0.2036592686555253,-1.6702847154953782,-1.107801340970686
KH00100165,63,Nữ,Nhân viên cứu trợ quốc tế,Đồng Nai,104350000.0,453800000,-0.10546728060727549,56.85,Ổn định,14652250.0,0.8836212026763299,5.0,1.0,32.75,3.0,-3.295633192999397,3.295633192999396,0.779895794486555,0.7719850446183327,0.6596519372509173
KH00100170,63,Nữ,Nhà khoa học thính học,Sơn La,143450000.0,516600000,0.26297114997066157,68.33333333333333,Cần theo dõi,1616239.0,1.2916675353221658,61.583333333333336,24.916666666666668,73.77499999999999,12.916666666666666,0.4215259118337553,-0.42152591183375676,-0.2242309837434015,-0.24276343188798402,0.31572992149756784
KH00100205,22,Nữ,Nhà thủy văn học,Hà Tĩnh,247210000.0,1119600000,-0.10370862461406356,55.7,Cần theo dõi,22960889.0,0.408628733327846,9.0,2.0,49.6,4.0,-3.742901982828563,3.742901982828563,3.6684445696919723,1.0164480856665838,0.9621733389560956
KH00100210,31,Nam,Kỹ sư trắc địa,Thanh Hóa,669481666.6666666,2801600000,-1.1552383538888042,70.74166666666666,Ổn định,1466236.5,1.7528720022723074,243.41666666666666,30.25,81.51666666666667,14.0,0.5690772525387352,-0.5690772525387353,-0.09496850501951713,0.5648405335166227,-1.1037677222812838
KH00100245,52,Nữ,Kỹ sư y sinh,Đồng Tháp,317449166.6666667,1564600000,-1.037115293011391,70.01666666666667,Ổn định,1697790.0833333333,1.2393031365689742,122.66666666666667,29.25,78.25,13.833333333333334,0.5156321651238973,-0.5156321651238988,-0.24914952149428096,1.5898224711946036,-0.2553632579436514
KH00100250,78,Nữ,Giáo viên trung học,Thành phố Hồ Chí Minh,335254166.6666667,1101300000,0.07787260668508733,66.86666666666666,Cần theo dõi,1743625.3333333333,1.456949368349237,122.0,29.416666666666668,76.65833333333333,14.0,0.14864298245523735,-0.14864298245523827,-0.5289717503070098,-0.6693776122588833,-0.33474711465036183
KH00100285,57,Nam,Chuyên viên giám sát xây dựng,Tây Ninh,310667500.0,1364900000,-0.5172858923511113,67.86666666666666,Cần theo dõi,1857978.5,1.473338841321399,122.16666666666667,29.583333333333332,75.46666666666667,13.833333333333334,0.25046293861897273,-0.2504629386189737,-0.6516373683338416,0.8493803115065918,0.09068761211799427
KH00100290,29,Nữ,Giáo viên tiếng anh,Hà Tĩnh,120280833.33333333,468800000,-0.0019996863399631623,64.44166666666666,Cần theo dõi,1476889.9166666667,1.6862331335235972,61.416666666666664,25.75,76.075,13.583333333333334,0.398027966554515,-0.3980279665545155,-0.08967307111354647,0.16983266417349943,0.3608840418261558
KH00100325,46,Nữ,Quản lý trung tâm giải trí,Phú Thọ,1561339166.6666667,5930800000,-0.9864073785404419,72.34166666666667,Ổn định,2196124.1666666665,1.2728765839343887,365.1666666666667,30.416666666666668,81.31666666666666,14.0,0.1957863835161525,-0.195786383516153,-0.14357950451400872,0.029928294934959937,-1.2367090715861704
KH00100330,34,Nam,Nhà sản xuất truyền hình,Khánh Hòa,825739166.6666666,3347900000,-0.3774727408907484,69.01666666666667,Cần theo dõi,2316219.1666666665,0.8762964232454147,244.25,30.333333333333332,78.65833333333333,14.0,-0.23173431700570202,0.23173431700570205,-0.49378978491351055,0.40101252358291983,-0.0024217526290448103
KH00100365,52,Nam,Thanh tra công trình di tích,Hà Nội,267230000.0,941200000,0.5311661889355086,57.8,Cần theo dõi,17310000.0,0.4975071491011784,12.0,2.0,48.6,5.0,-3.1474744396276906,3.147474439627691,4.320723868895212,-0.3632544199947767,0.5682232469577972
KH00100370,44,Nam,Cán bộ ứng phó khẩn cấp,Tây Ninh,210474166.66666666,702100000,1.142885365241121,61.75833333333333,Cần theo dõi,1471555.0,1.6537335275600418,122.25,29.416666666666668,76.79166666666667,13.833333333333334,0.5272940556825662,-0.5272940556825672,-0.4703912769195175,-0.6049605460519459,1.0479437585876932
KH00100405,20,Nam,Kế toán công chứng,Thành phố Hồ Chí Minh,184504166.66666666,711000000,-0.434629060670142,70.26666666666667,Cần theo dõi,1835265.6666666667,0.9691257404045661,61.333333333333336,24.25,76.08333333333333,13.25,-1.3098221750956203,1.3098221750956194,0.03865622558253952,0.10922426587848222,-0.3035986147710884
KH00100410,53,Nữ,Kế toán công tài chính công,Thành phố Hồ Chí Minh,465653333.3333333,1721400000,-0.2804535519318802,66.45,Cần theo dõi,1675662.25,1.8696316169393075,182.91666666666666,30.25,78.71666666666667,13.833333333333334,0.3930318482610277,-0.39303184826102777,-0.3916521343436493,-0.10520848249252965,-0.3128983467494325
KH00100445,56,Nữ,Nghiên cứu viên lâm sàng,Ninh Bình,367908333.3333333,1680000000,-0.23194395745244664,64.31666666666666,Cần theo dõi,1629505.5833333333,1.4025695097226485,182.66666666666666,30.166666666666668,79.575,14.0,0.42226990692267974,-0.4222699069226807,-0.30016602206784193,1.0795260364964265,0.8153944366472875
KH00100450,28,Nữ,Giáo viên trung học,An Giang,522860833.3333333,1846400000,0.4914498744221346,63.824999999999996,Cần theo dõi,2190993.0,1.4073569538168804,182.58333333333334,29.916666666666668,82.85833333333333,13.916666666666666,-0.15980319501030293,0.15980319501030252,0.1825933267468136,-0.3413609791846722,0.5184192606400372
KH00100485,78,Nữ,Lập trình viên ứng dụng,Vĩnh Long,596010000.0,1941900000,0.07977781734439975,68.325,Cần theo dõi,1522883.1666666667,1.41839830766612,242.41666666666666,30.333333333333332,79.68333333333334,13.916666666666666,0.657660517989189,-0.6576605179891891,-0.3317712206491824,-0.7114620060386884,-0.3696491208100521
KH00100490,44,Nữ,Chuyên viên trị liệu bằng làm vườn,Đồng Nai,165844166.66666666,638900000,0.5584253568302958,62.76666666666667,Cần theo dõi,2283726.5833333335,1.4054353087630613,61.5,25.75,77.75833333333334,13.333333333333334,0.06067895122863323,-0.06067895122863324,0.1935068871574898,0.10760974421369765,1.0688401442980697
KH00100525,51,Nam,Chuyên viên tư vấn quan hệ công chúng,Bắc Ninh,321183333.3333333,1030100000,0.33331738969914604,67.575,Cần theo dõi,1770018.0,1.4037662659560841,122.08333333333333,29.083333333333332,75.75,13.916666666666666,0.4570826879263295,-0.45708268792632956,-0.6071113034775376,-0.7807142036629324,-0.16124548852426185
KH00100530,67,Nam,Kỹ sư điều khiển và tự động hóa,Quảng Trị,493416666.6666667,2015400000,-0.8511374217292101,70.41666666666667,Cần theo dõi,1560825.0833333333,1.477880466618088,182.33333333333334,30.083333333333332,78.03333333333333,14.0,0.6631992069282258,-0.6631992069282268,-0.5106462472901119,0.4292542474688097,-0.7500417722134147
KH00100565,65,Nữ,Cán bộ quản lý thị trường,Hà Nội,310168333.3333333,1069600000,-0.4139648527499,69.77499999999999,Cần theo dõi,1480064.25,1.4212484063561346,121.83333333333333,29.25,77.15833333333333,13.583333333333334,0.6401099415556514,-0.6401099415556519,-0.36979495710701576,-0.4452731701451338,-0.7558681103203294
KH00100570,50,Nam,Nhà khảo cổ học,Thái Nguyên,275374166.6666667,977600000,1.7409749575993392,57.725,Có dấu hiệu căng thẳng tài chính,1537657.1666666667,1.4304800128479116,182.66666666666666,30.0,79.075,13.75,0.6819100916020386,-0.6819100916020396,-0.3053504146752837,-0.307380208064087,2.367049114985864
KH00100605,35,Nữ,Chuyên viên khảo sát công trình,Thành phố Hồ Chí Minh,256441666.66666666,788700000,-0.14606292311725497,67.85833333333333,Cần theo dõi,2345075.5,1.511623580041922,61.25,24.5,73.74166666666666,13.166666666666666,-0.5872878412337974,0.5872878412337975,-0.24845904164474467,-0.9624530093620973,-0.8934593256143879
KH00100610,48,Nữ,Nhà thiết kế triển lãm,Thành phố Hồ Chí Minh,1238363333.3333333,3164900000,1.1741015091206355,64.27499999999999,Cần theo dõi,2231902.5833333335,1.509818312971621,364.8333333333333,30.416666666666668,83.54166666666667,14.0,-0.270999849589353,0.27099984958935214,0.16473520137142136,-1.6806667831989657,-0.23917276070424456
KH00100645,59,Nữ,Nhà tâm lý học pháp y,An Giang,175381666.66666666,639400000,-0.33878230904008183,68.625,Cần theo dõi,1798389.6666666667,1.4425153428292365,61.75,25.25,72.98333333333333,13.416666666666666,0.7019365118600737,-0.7019365118600747,-0.4508107935380427,-0.17646017038094455,-0.4414139199923359
KH00100650,84,Nữ,Kỹ sư hàng không,Hưng Yên,143180000.0,561800000,-0.8423441417631496,72.7,Ổn định,11442000.0,0.6299032616895269,7.0,2.0,47.4,2.0,0.031183961842128727,-0.03118396184212873,2.027668557109426,0.187145832247477,-0.8966526070768315
KH00100685,61,Nam,Nhà khoa học nghiên cứu toán học,Thanh Hóa,343240000.0,1655200000,-1.6337393387085992,74.4,Ổn định,13466250.0,0.6777644291074743,12.0,2.0,46.1,6.0,-2.1385514902497036,2.138551490249703,0.9706205923120255,1.4184015490391175,-1.4922836335452487
KH00100690,64,Nữ,Kỹ sư bảo trì,Huế,591450000.0,1640200000,-0.25817724268452735,70.54166666666667,Ổn định,1592434.0,1.696715987503623,183.16666666666666,30.333333333333332,80.05833333333334,13.75,0.3366831127333032,-0.3366831127333032,-0.18728415994262212,-1.3763034759786612,-1.3511069794161656
KH00100725,41,Nữ,Nhà môi giới bảo hiểm,Bắc Ninh,206214166.66666666,644200000,0.5708825034488821,65.30833333333334,Cần theo dõi,2317946.1666666665,1.3118412126777992,60.833333333333336,25.416666666666668,78.44166666666666,13.166666666666666,-0.2793435039239132,0.27934350392391233,0.347478832691516,-0.8892435207742764,-0.0004609657661399748
KH00100730,36,Nữ,Nhà khoa học nghiên cứu khoa học tự nhiên,Sơn La,830129166.6666666,3736000000,-0.8511374217292101,69.15833333333333,Cần theo dõi,1409262.3333333333,2.0663560330574184,365.0,30.416666666666668,78.40833333333333,14.0,0.6654903758911666,-0.6654903758911667,-0.5409860413953954,1.0073892919117449,-0.27284227226439534
KH00100765,61,Nữ,Chuyên viên giám sát xây dựng,Huế,263786666.66666666,671400000,2.186354587880307,59.26666666666667,Cần theo dõi,1798032.9166666667,1.6676016064944028,122.16666666666667,29.0,76.19166666666666,13.916666666666666,0.18490621089911893,-0.18490621089911988,-0.5477607140087424,-1.6870583679784628,0.746934963891041
KH00100770,59,Nam,Nhà văn khoa học,Phú Thọ,133693333.33333333,556300000,0.008405694953208809,65.375,Cần theo dõi,1730589.3333333333,1.216803344213768,61.416666666666664,25.916666666666668,72.575,13.583333333333334,0.3682681075456588,-0.36826810754565975,-0.5932356503217511,0.5327656891787871,0.6854783013594518
KH00100805,57,Nam,Giáo viên dạy nhạc,Thành phố Hồ Chí Minh,274077500.0,1153500000,-0.45177595660396014,67.96666666666667,Cần theo dõi,1578670.5833333333,1.3079002042947965,122.08333333333333,29.583333333333332,76.58333333333333,13.5,0.6960627445884581,-0.6960627445884595,-0.4397685571326897,0.594634905119615,0.03544944506590001
KH00100810,63,Nam,Nhà tâm lý học pháp y,Nghệ An,307520833.3333333,813000000,0.6718586683924775,68.38333333333334,Cần theo dõi,1512918.5833333333,1.2998553944411222,121.91666666666667,29.166666666666668,75.98333333333333,13.416666666666666,0.6907929575719283,-0.6907929575719297,-0.4884677718236944,-1.5568709166478039,-0.5880807773375496
KH00100845,58,Nam,Kỹ sư cơ khí,Tây Ninh,496594166.6666667,1612900000,-0.37190366357891014,70.26666666666667,Ổn định,1506799.0,1.4834880392315772,182.25,30.0,77.66666666666667,13.833333333333334,0.8543497278269624,-0.8543497278269625,-0.5172989398404952,-0.7261806592082884,-0.9717227326851534
KH00100850,89,Nam,Bác sĩ tâm thần,Thành phố Hồ Chí Minh,676744166.6666666,2285400000,-1.2317398895935312,75.24166666666666,Ổn định,1537757.6666666667,1.4544723242884923,183.0,30.0,76.99166666666666,13.666666666666666,0.7923504473519623,-0.7923504473519632,-0.5785384442821284,-0.5477037761825881,-1.933572722662228
KH00100885,49,Nam,Chuyên viên dựng phim,Hưng Yên,474212500.0,2035600000,-0.8848449949324425,68.2,Cần theo dõi,1573061.0,2.051028838414277,182.41666666666666,30.416666666666668,83.60833333333333,14.0,0.36547035187115645,-0.3654703518711574,0.24219414299164152,0.7071286684797429,-0.5651675822824729
KH00100890,65,Nữ,Kỹ sư xây dựng dân dụng,Tây Ninh,142025833.33333334,688500000,-0.7316953688568877,68.44166666666666,Cần theo dõi,1627547.3333333333,1.5806481874842548,61.5,25.166666666666668,72.85833333333333,13.083333333333334,0.6929605544847076,-0.6929605544847086,-0.4061389087487753,1.467555410435254,0.18614992110051706
KH00100925,36,Nữ,Họa sĩ,Đồng Nai,985755833.3333334,3509100000,0.6545652177925585,63.00833333333333,Cần theo dõi,2193471.9166666665,1.3659829725543078,364.25,30.416666666666668,82.01666666666667,14.0,0.07772428016657264,-0.07772428016657357,-0.046934827517153596,-0.2931959611394335,0.825926663225171
KH00100930,42,Nữ,Chuyên viên tư vấn môi trường,Thanh Hóa,516470833.3333333,1860500000,0.562382332815023,63.75833333333333,Cần theo dõi,2253557.6666666665,1.5732729933011722,183.08333333333334,30.416666666666668,81.35833333333333,14.0,0.09548820563312183,-0.0954882056331223,-0.07220577248080123,-0.2402231526554824,0.7808285653783807
KH00100965,23,Nữ,Chuyên viên phân tích địa chấn,Hải Phòng,365301666.6666667,1101400000,0.02745780154633986,67.26666666666667,Cần theo dõi,1163060.0,1.796197055288058,182.5,30.083333333333332,79.14166666666667,14.0,0.09098101037811547,-0.0909810103781164,-0.35641948392558515,-1.0444260999142732,-0.7729549672684922
KH00100970,38,Nam,Chuyên viên trị liệu bằng làm vườn,Thành phố Hồ Chí Minh,415095000.0,1779700000,-0.3383426450417793,67.71666666666667,Cần theo dõi,2461750.75,0.9189870996328094,122.66666666666667,29.0,77.44166666666668,13.916666666666666,-0.6002394673247106,0.6002394673247102,-0.38887347254517235,0.7065562725767986,0.349343410575921
KH00101005,42,Nam,Cán bộ quan hệ sắc tộc,Lào Cai,337423333.3333333,1486100000,0.22266861679288408,64.34166666666667,Cần theo dõi,2421899.9166666665,0.8879898896887378,122.41666666666667,29.416666666666668,77.31666666666666,13.666666666666666,-0.5288580683492541,0.5288580683492541,-0.3581508828781259,0.865024420999526,1.3473839237940217
KH00101010,38,Nam,Chuyên viên hoạch định quảng cáo,Bắc Ninh,723800833.3333334,2523900000,0.1502706117389857,63.75,Cần theo dõi,1615608.0833333333,2.9156175319135405,304.0,30.416666666666668,80.90833333333333,14.0,0.03170963769307481,-0.03170963769307527,-0.19731997958830502,-0.39396964965143916,-0.011665462125591273
KH00101045,36,Nữ,Chuyên viên trị liệu âm nhạc,Hà Nội,1024652500.0,4070800000,-0.29642801053689044,65.7,Cần theo dõi,2320688.25,1.512095056707314,303.5833333333333,30.416666666666668,81.97500000000001,14.0,-0.10631858266963433,0.10631858266963341,-0.05016474211798623,0.26619667970813277,-0.02102121658573298
KH00101050,57,Nữ,Nhà khoa học sinh lý,Đồng Nai,576811666.6666666,2113900000,-0.8493787657359982,71.45833333333333,Ổn định,1657812.0833333333,1.634197203568365,182.83333333333334,30.416666666666668,78.125,14.0,0.5141577083117895,-0.5141577083117901,-0.5072866978489805,-0.1520364813615646,-1.1246080855098628
KH00101085,52,Nữ,Giáo viên tiểu học,Thành phố Hồ Chí Minh,446783333.3333333,1824600000,-0.3197302024469508,67.09166666666667,Cần theo dõi,1695621.4166666667,1.554371966783471,182.83333333333334,30.083333333333332,77.76666666666667,14.0,0.46287795576408486,-0.46287795576408586,-0.5224621959373364,0.42476100049897425,0.1082786714023327
KH00101090,50,Nữ,Chuyên viên dinh dưỡng vật nuôi,Thành phố Hồ Chí Minh,371065833.3333333,1195200000,0.6819709403534466,64.75,Cần theo dõi,1510031.9166666667,1.4164778290388276,183.25,30.0,79.13333333333334,13.916666666666666,0.7495299827156231,-0.7495299827156241,-0.3293484009423567,-0.761291067380898,0.321892394495266
KH00101125,34,Nam,Chuyên viên thẩm định bồi thường,Đồng Nai,447054166.6666667,1495500000,0.03229410552767312,68.47500000000001,Cần theo dõi,2370873.25,0.9234030197687292,121.91666666666667,29.333333333333332,78.14166666666667,14.0,-0.46261423257349976,0.4626142325734989,-0.32201991571972155,-0.5874988670405795,-0.33536336195013194
KH00101130,61,Nam,Bác sĩ đa khoa,Quảng Trị,733204166.6666666,2036000000,-0.7727306753651706,72.77499999999999,Ổn định,1657553.8333333333,1.6267150602804799,182.41666666666666,30.0,79.50833333333334,13.916666666666666,0.1444851139240415,-0.14448511392404242,-0.2854716258511464,-1.3658217945347573,-1.9050572794274252
KH00101165,51,Nam,Bác sĩ chuyên khoa bàn chân,Lâm Đồng,740540000.0,3064900000,-1.6970509544642352,75.68333333333334,Ổn định,1587272.8333333333,1.4891206506156822,183.33333333333334,30.333333333333332,80.38333333333334,13.833333333333334,0.5765562976916969,-0.5765562976916979,-0.16335104868261324,0.5000021145831116,-2.0236008509104173
KH00101170,66,Nữ,Nhà vật lý y khoa,Lào Cai,389043333.3333333,1555400000,-0.11411400590723506,66.10000000000001,Cần theo dõi,1548965.9166666667,1.3864983759300815,182.66666666666666,30.083333333333332,80.01666666666667,13.916666666666666,0.5281108758313834,-0.5281108758313848,-0.22562633635985782,0.306805218260296,0.25197633721229173
KH00101205,27,Nam,Giảng viên đại học,Lai Châu,800140833.3333334,3805900000,-1.6347652213713062,71.49166666666666,Ổn định,1530874.8333333333,2.458198700734039,243.5,30.333333333333332,81.325,14.0,0.12976762353564783,-0.1297676235356483,-0.12386377129762317,1.358768139425361,-1.5454489687708437
KH00101210,44,Nam,Nhân viên giao dịch,Thành phố Hồ Chí Minh,564816666.6666666,1608200000,1.3317943298453216,64.35000000000001,Cần theo dõi,2355760.0833333335,0.9172403361076316,182.91666666666666,30.333333333333332,79.53333333333333,14.0,-0.4495840551908442,0.44958405519084427,-0.31439082374525684,-1.2763885094211314,0.4379149542973818
KH00101245,69,Nữ,Chuyên viên trị liệu nghề nghiệp,Huế,517579166.6666667,2329400000,-0.5335534602883235,67.675,Cần theo dõi,1495109.75,1.5614184412814793,243.5,30.333333333333332,79.5,13.916666666666666,0.7975166896719638,-0.7975166896719648,-0.3573864122380011,0.9886779405096033,0.2016681485583569
KH00101250,48,Nữ,Giám đốc tiếp thị,Khánh Hòa,468251666.6666667,2041000000,-1.928460772237729,77.21666666666667,Ổn định,1353769.3333333333,1.5358148065385606,121.83333333333333,29.333333333333332,75.5,13.75,0.8262083061456397,-0.8262083061456398,-0.6356231198771395,0.804513988121593,-2.286514357984936
KH00101285,69,Nam,Giám đốc vận hành,Thành phố Hồ Chí Minh,311015000.0,1506700000,-2.262751965614131,80.825,Ổn định,1559407.3333333333,1.1910489058183755,61.166666666666664,25.916666666666668,71.8,13.0,1.0817451190285974,-1.0817451190285983,-0.5747567924128179,1.4632746039271611,-2.634582037391282
KH00101290,47,Nam,Nhà giao dịch hợp đồng tương lai,Thành phố Hồ Chí Minh,315300000.0,1147400000,-0.9356994640694924,72.80833333333334,Ổn định,2571738.0,1.0042317486083085,61.416666666666664,24.75,74.95833333333333,13.666666666666666,-0.6331335159691296,0.6331335159691297,-0.22173535969491684,-0.1947762458309626,-1.293067688274209
KH00101325,16,Nam,Kế toán viên tài chính công,Khánh Hòa,331560000.0,1139700000,-0.04200911018553866,65.28333333333333,Cần theo dõi,1162820.1666666667,2.005131279604512,182.5,29.75,78.71666666666667,14.0,0.29045913379631433,-0.29045913379631483,-0.40475320534419434,-0.47224619089158576,-0.2672400240846697
KH00101330,26,Nam,Kỹ sư điện,Khánh Hòa,1129109166.6666667,5607400000,-1.5628068803157107,74.45833333333333,Ổn định,2334867.6666666665,0.89737084648526,243.0,30.333333333333332,78.95833333333333,13.916666666666666,-0.3690281640976159,0.36902816409761546,-0.41898238427744383,1.639922777884209,-1.2690340435831873
KH00101365,51,Nam,Chuyên viên làm vườn thương mại,Hưng Yên,378310833.3333333,1031500000,1.4676505053209568,63.40833333333333,Cần theo dõi,1587595.3333333333,1.4055541141219765,183.0,30.0,80.11666666666666,13.666666666666666,0.49682167195441257,-0.49682167195441307,-0.1503120907528168,-1.4400329648381671,0.40463760010981215
KH00101370,29,Nam,Cán bộ bình đẳng và đa dạng,Hà Nội,173935000.0,580500000,1.4112269588720685,62.78333333333333,Cần theo dõi,2577998.5,0.8943812219500641,61.166666666666664,24.583333333333332,75.36666666666666,13.5,-0.755440838318156,0.7554408383181561,-0.10739104499197859,-0.6009318945131484,1.4137705647237697
KH00101405,76,Nam,Chuyên viên tư vấn hưu trí,Nghệ An,410440000.0,1898500000,-0.754264787436443,68.18333333333334,Cần theo dõi,1549388.6666666667,1.412935255960439,182.66666666666666,30.0,79.52499999999999,13.916666666666666,0.8172670140470617,-0.8172670140470618,-0.2770181915869557,1.1648643665173777,-0.09715576934820225
KH00101410,48,Nữ,Chuyên viên thu mua công nghiệp,Bắc Ninh,358773333.3333333,1764200000,-0.7605666380787867,67.44166666666666,Cần theo dõi,1376137.6666666667,1.6343634756688685,183.0,30.0,78.875,13.833333333333334,0.5645024720133361,-0.5645024720133376,-0.355407630736777,1.5691064840297875,0.26811081196990094
KH00101445,33,Nữ,Chuyên viên ngân hàng đầu tư vận hành,Nghệ An,173444166.66666666,538900000,-0.5681403614881614,74.41666666666667,Cần theo dõi,1324573.1666666667,1.2546565141848345,61.083333333333336,25.416666666666668,70.35000000000001,13.583333333333334,1.2073325992846116,-1.2073325992846118,-0.8578457104717231,-0.927619562681883,-1.3495943724076398
KH00101450,57,Nữ,Kỹ sư đóng tàu,Cần Thơ,171778333.33333334,741800000,-0.9757088879150679,70.85833333333333,Cần theo dõi,1696169.0,1.2786172458607912,61.083333333333336,24.583333333333332,71.23333333333333,12.916666666666666,0.625447320686905,-0.625447320686906,-0.5387038313548563,0.7448376423676625,-0.7145795412357521
KH00101485,41,Nữ,Nhà di truyền học phân tử,Phú Thọ,163020000.0,473800000,1.8887020610291567,61.958333333333336,Cần theo dõi,2220946.25,1.2177068817675074,62.083333333333336,25.416666666666668,74.89999999999999,13.666666666666666,-0.10968535334537842,0.10968535334537843,-0.26473015953594087,-1.1973110053605807,1.1851428165091722
KH00101490,36,Nam,Chuyên viên vệ sinh lao động,Hà Nội,759592500.0,2397400000,-0.20409857089325456,71.27499999999999,Cần theo dõi,2317885.8333333335,0.8832191060605793,183.08333333333334,30.166666666666668,79.31666666666666,13.916666666666666,-0.4250651646230183,0.42506516462301785,-0.3233616973920284,-0.848291070024558,-0.8634872978528564
KH00101525,62,Nam,Chuyên viên trị liệu nghề nghiệp,Hải Phòng,148176666.66666666,639000000,-0.38758501285171787,67.75833333333334,Ổn định,1710158.4166666667,1.3822176297496205,62.0,25.75,73.04166666666667,13.0,0.43178259930443574,-0.4317825993044358,-0.3860455731917984,0.7457253214056434,0.27410521752220773
KH00101530,63,Nữ,Chuyên viên trị liệu thảo dược,Hải Phòng,143521666.66666666,478600000,0.6270129405655683,65.35000000000001,Cần theo dõi,1753862.3333333333,1.4715019654691561,61.75,25.583333333333332,73.80833333333334,13.5,0.6299212563887687,-0.6299212563887697,-0.39416599323654133,-0.6082912005881594,0.44878331576604885
KH00101565,60,Nữ,Nhà vật lý y khoa,Thành phố Hồ Chí Minh,403050833.3333333,1874100000,-0.5893907880728078,66.675,Ổn định,1645230.8333333333,1.697829423398714,183.0,29.916666666666668,77.55833333333334,13.833333333333334,0.81071280407925,-0.8107128040792501,-0.5352268797652995,1.1975907862841544,0.2732648802952486
KH00101570,57,Nữ,Chuyên viên giám sát xây dựng,Khánh Hòa,124634166.66666667,386000000,1.140540490583505,62.9,Cần theo dõi,1582823.5,1.543744815475649,61.5,25.416666666666668,73.5,13.416666666666666,0.7851628733348326,-0.7851628733348336,-0.38849295198801737,-0.9293375777993359,0.6829012671967782
KH00101605,40,Nữ,Nhà tâm lý học giáo dục,Đồng Nai,504423333.3333333,1440800000,1.079427194819384,62.43333333333334,Cần theo dõi,1507589.25,2.3590113273582456,243.66666666666666,30.416666666666668,79.85000000000001,14.0,0.2820571941524954,-0.28205719415249636,-0.3259911196813405,-1.262312091661239,0.16396501830880345
KH00101610,61,Nam,Quản trị viên cơ sở dữ liệu,Thành phố Hồ Chí Minh,251730000.0,672600000,1.139661162586899,60.3,Ổn định,17170200.0,0.61028674937331,10.0,2.0,55.3,5.0,-3.3843815053423025,3.3843815053423025,2.950953754404819,-1.5281888392941736,-0.07177758509404582
KH00101645,24,Nam,Chuyên viên tư vấn hưu trí,Thanh Hóa,776815000.0,2197300000,1.7855275760940459,60.85,Cần theo dõi,1766524.5,1.0240148952545656,364.75,30.416666666666668,83.55833333333334,14.0,-1.49680999032435,1.4968099903243492,0.16545853468029967,-1.3003315624099054,0.9608287993929616
KH00101650,60,Nữ,Kỹ sư cơ khí,Tây Ninh,314775000.0,913300000,0.5616495594845186,67.38333333333334,Cần theo dõi,1648656.6666666667,1.7670907012994184,122.5,28.75,75.90833333333333,13.75,0.7198575785111435,-0.7198575785111435,-0.5529423384165917,-1.2022218459133516,-0.32264625858215457
KH00101685,58,Nam,Nhà khoa học phát triển sản phẩm,Lạng Sơn,606190833.3333334,1662300000,0.3199809150839547,70.19166666666666,Cần theo dõi,1429762.1666666667,1.2686373128937956,242.91666666666666,30.333333333333332,78.25,13.666666666666666,1.0650697990927924,-1.0650697990927938,-0.4768589015927924,-1.4208317967966206,-0.7782210805574344
KH00101690,29,Nam,Cán bộ phát triển nghệ thuật,Hà Nội,774442500.0,2059600000,1.446400078736311,65.45833333333333,Cần theo dõi,2320090.5833333335,0.8980234097232964,243.58333333333334,30.416666666666668,79.425,14.0,-0.3340694885323331,0.33406948853233315,-0.3879034991012876,-1.5329792760761063,0.2816122300830391
KH00101725,33,Nữ,Nhà tâm lý học giáo dục,Cao Bằng,672117500.0,3180100000,-1.2040410577004406,71.02499999999999,Cần theo dõi,2104272.0833333335,1.264594742354977,182.58333333333334,30.166666666666668,80.86666666666666,14.0,0.17230140234546099,-0.17230140234546149,-0.12803841546597824,1.3106545812431725,-0.7704339555876156
KH00101730,44,Nữ,Chuyên viên thẩm định bảo hiểm,Thành phố Hồ Chí Minh,771750833.3333334,3080300000,-0.8070244672328064,68.69166666666666,Cần theo dõi,1469646.25,2.017952159921778,304.3333333333333,30.333333333333332,78.76666666666667,14.0,0.5487766628654532,-0.5487766628654542,-0.4859864071334645,0.29643611756770827,-0.7888653520989125
KH00101765,72,Nam,Chuyên viên gây quỹ từ thiện,Quảng Trị,264974166.66666666,1209100000,-0.2290128641304268,62.925000000000004,Cần theo dõi,1766663.6666666667,1.9025830884303974,122.16666666666667,29.5,76.02499999999999,13.583333333333334,0.1555172168175136,-0.15551721681751454,-0.5382290907995742,1.078513496873129,0.7837417344318385
KH00101770,94,Nữ,Kỹ thuật viên kế toán,Thái Nguyên,151686666.66666666,403000000,1.7972519493821262,62.225,Ổn định,1975748.8333333333,1.4365108334148504,61.5,26.166666666666668,72.95,13.25,-0.01372028210298989,0.013720282102989432,-0.4803727868365724,-1.5397551854235625,0.5814445526619495
KH00101805,25,Nam,Chuyên viên quản lý đất đai,Đà Nẵng,865530833.3333334,3263400000,-0.9968127598336134,68.425,Ổn định,1491017.0833333333,3.6049658409206398,304.1666666666667,30.416666666666668,80.70833333333333,14.0,-0.5833334538908466,0.5833334538908467,-0.22694739122121135,-0.006885596955997077,-1.26998642577374
KH00101810,48,Nam,Người phụ trách bảo tàng,Thái Nguyên,406778333.3333333,1742000000,0.274109304594338,61.75,Cần theo dõi,1455604.75,2.091281229547301,242.58333333333334,30.416666666666668,79.47500000000001,14.0,0.5044154489430632,-0.5044154489430637,-0.3783526235651018,0.6954274193709045,1.2379720168439827
KH00101845,35,Nữ,Kỹ thuật viên phòng thí nghiệm giảng dạy,Thành phố Hồ Chí Minh,164140000.0,607400000,0.5584253568302958,62.86666666666667,Cần theo dõi,2249915.25,1.3435149751280748,60.833333333333336,24.416666666666668,74.89999999999999,12.916666666666666,-0.510955906542263,0.5109559065422616,-0.03545176070655565,-0.10502982923782157,0.9081676665035416
KH00101850,62,Nữ,Chuyên viên châm cứu,Hà Tĩnh,414534166.6666667,1232400000,1.079427194819384,62.791666666666664,Cần theo dõi,1759124.0,1.54390187538979,183.16666666666666,29.916666666666668,78.97500000000001,13.916666666666666,0.10247669135243655,-0.10247669135243656,-0.3461742263578789,-1.1050271948942425,0.4169625461052084
KH00101885,88,Nam,Kỹ sư vật liệu,Thanh Hóa,170967500.0,845300000,-1.1443933085973295,69.25833333333334,Ổn định,1747528.9166666667,1.492466804731379,61.333333333333336,25.083333333333332,76.39166666666667,13.583333333333334,-0.16748247080211487,0.16748247080211395,-0.013901187841813168,1.612304484099752,-0.47267446483520464
KH00101890,53,Nữ,Chuyên viên quy hoạch giao thông,Hưng Yên,126892500.0,622300000,-0.4211460313888492,65.02499999999999,Cần theo dõi,1737459.0833333333,1.5414496013897658,61.0,25.666666666666668,71.59166666666667,13.083333333333334,0.3970176284134769,-0.3970176284134778,-0.5882216277640474,1.547903445483254,0.8330975408952197
KH00101925,23,Nữ,Cán bộ trại giam,Đắk Lắk,495776666.6666667,1493100000,1.1704376424681107,60.041666666666664,Cần theo dõi,1285379.5833333333,2.5626544432116867,303.8333333333333,30.416666666666668,80.10000000000001,14.0,-0.0821659732030895,0.0821659732030886,-0.3086113620639989,-1.0487312350098155,0.5383072416780632
KH00101930,51,Nam,Biên tập viên hiệu đính,Ninh Bình,124063333.33333333,511900000,0.5190021516491248,63.775,Cần theo dõi,1747533.5,1.277943975464595,61.416666666666664,24.75,72.86666666666666,13.083333333333334,0.5133737873192314,-0.5133737873192329,-0.3548483376193663,0.4775142873102963,1.4096249010707724
KH00101965,32,Nam,Cán bộ triển lãm bảo tàng,Cao Bằng,192688333.33333334,545900000,3.0379837525932714,53.44166666666666,Có dấu hiệu căng thẳng tài chính,1637709.6666666667,2.1051957603433498,122.25,29.0,78.10833333333333,13.916666666666666,0.2523953426560193,-0.25239534265602026,-0.2833601701209435,-1.295212138085846,2.2462086217491857
KH00101970,70,Nữ,Chuyên viên tư vấn nông nghiệp,Sơn La,475666666.6666667,1387400000,0.6157282312757909,65.06666666666666,Cần theo dõi,1732031.6666666667,2.1656645044461174,182.91666666666666,30.25,77.91666666666667,13.833333333333334,0.28982990717469514,-0.2898299071746961,-0.4982555066587167,-1.1887390906244613,-0.2136825314864929
KH00102005,81,Nam,Quản lý lâm nghiệp,Cà Mau,168520000.0,697000000,-0.4870956311343034,63.5,Ổn định,12610111.0,0.8059151215585951,9.0,2.0,37.7,5.0,-2.1671988524135264,2.167198852413526,1.0480610912227415,0.4780203076545754,-0.12959278630881352
KH00102010,53,Nữ,Cán bộ tổ chức từ thiện,Đồng Tháp,118789166.66666667,392500000,1.5199705211190182,59.74166666666667,Cần theo dõi,1752297.25,1.3487391767284072,61.666666666666664,25.166666666666668,74.77499999999999,13.083333333333334,0.20461216936117432,-0.20461216936117527,-0.15753096035706934,-0.6419338884512585,1.4692888441848497
KH00102045,39,Nữ,Thầy thuốc đông y,Thành phố Hồ Chí Minh,517152500.0,1821800000,0.32320511773817656,65.93333333333334,Cần theo dõi,2088280.9166666667,1.2424532761808023,182.91666666666666,29.833333333333332,81.14166666666667,13.916666666666666,0.12424258846837329,-0.1242425884683733,-0.05192523650709206,-0.34951371662790154,0.34452547714135756
KH00102050,52,Nam,Kỹ sư cơ khí,Hải Phòng,536437500.0,1975900000,-0.5808906174389492,70.025,Cần theo dõi,1663442.3333333333,1.47699364934482,183.41666666666666,30.083333333333332,78.56666666666666,14.0,0.41253031074817786,-0.4125303107481788,-0.4410384668130319,-0.12857728907932342,-0.7560922002475184
KH00102085,71,Nữ,Chuyên viên thu mua công nghiệp,An Giang,261290000.0,1185600000,-0.8247575818310284,65.4,Ổn định,17019500.0,0.5099633253833495,10.0,2.0,48.1,5.0,-3.008560026264589,3.0085600262645893,3.5862772363718785,1.0281557851634222,-0.27816440803513437
KH00102090,21,Nữ,Trình dược viên,Đồng Nai,396967500.0,1923600000,-0.605218692011717,63.26666666666667,Cần theo dõi,1247209.3333333333,1.9995474927660657,244.08333333333334,30.166666666666668,79.95833333333333,14.0,0.017904009822388118,-0.01790400982238858,-0.2969647731047091,1.4774458170194509,0.4392034713787189
KH00102125,60,Nữ,Kiến trúc sư cảnh quan,Thành phố Hồ Chí Minh,841636666.6666666,3235600000,-1.2683785561187833,73.325,Ổn định,1591586.4166666667,1.6897353987574546,243.91666666666666,30.416666666666668,78.98333333333333,13.916666666666666,0.6931708657519742,-0.6931708657519747,-0.43955557799217443,0.09492135872111637,-1.5737963445602552
KH00102130,59,Nam,Cán bộ quản chế,Hà Tĩnh,337855833.3333333,1636100000,-0.18856377628654733,63.74166666666667,Cần theo dõi,1598007.9166666667,1.7580666502407478,183.25,29.916666666666668,78.34166666666667,13.833333333333334,0.4432913758545604,-0.4432913758545614,-0.4283527181161464,1.4712842545725213,1.280381035564506
KH00102165,80,Nam,Giáo viên mầm non,Hải Phòng,125900833.33333333,325600000,2.2087774517937606,62.40833333333333,Cần theo dõi,1689526.1666666667,1.3382546836107474,61.583333333333336,25.5,72.59166666666667,13.0,0.5572227471264188,-0.5572227471264203,-0.44480690708552273,-1.6325414805886875,0.8716410083717308
KH00102170,74,Nam,Chuyên viên tổ chức sự kiện,Tuyên Quang,436825000.0,1497100000,0.2902303178654492,64.80833333333334,Cần theo dõi,1714539.25,1.490554621057654,183.16666666666666,30.083333333333332,78.69166666666666,14.0,0.30236784430168334,-0.3023678443016834,-0.41376785282433987,-0.48276988067812365,0.10486130001269864
KH00102205,39,Nam,Điều dưỡng nhi khoa,Vĩnh Long,282389166.6666667,1165700000,-0.544984724244202,67.01666666666667,Cần theo dõi,1512293.5833333333,1.8721412869823872,122.33333333333333,28.833333333333332,79.71666666666667,13.916666666666666,0.3589910878864759,-0.35899108788647593,-0.06823764463363678,0.4930428473653974,-0.20735199104340338
KH00102210,96,Nam,Chuyên viên phục chế đồ gỗ,Quảng Trị,136589166.66666666,669100000,-0.20160714156953718,63.51666666666667,Cần theo dõi,1993035.0833333333,1.5145094826035457,61.25,25.833333333333332,73.5,13.083333333333334,0.04474414190568926,-0.04474414190568927,-0.3594971022126296,1.546614753053593,1.2407171184520491
KH00102245,64,Nam,Nhà khoa học thính học,Bắc Ninh,713884166.6666666,2494200000,-0.7974984139362409,71.875,Ổn định,1514057.5,1.3832479267975184,244.25,30.416666666666668,79.575,13.916666666666666,0.6907314935030046,-0.6907314935030046,-0.3509306652265523,-0.3876484553727533,-1.232619430414971
KH00102250,33,Nam,Chuyên viên khảo sát thủy văn,Hưng Yên,274127500.0,842900000,0.4429402799427011,66.53333333333333,Ổn định,1463476.6666666667,1.713356804988791,122.41666666666667,29.083333333333332,79.3,14.0,0.5851919104379466,-0.5851919104379476,-0.15587358655371242,-0.9604511978404724,-0.12572723506480224
KH00102285,33,Nam,Chuyên viên giám định rủi ro bảo hiểm,Lâm Đồng,171798333.33333334,744200000,0.32335167240427753,65.14999999999999,Cần theo dõi,2490362.0833333335,0.87122429390539,61.583333333333336,25.25,73.05833333333334,13.25,-0.32204443817914746,0.3220444381791475,-0.3866162974777595,0.767727023102489,1.5209975948837162
KH00102290,27,Nam,Chuyên viên trắc địa,Quảng Ninh,542005000.0,1887200000,0.7309201988311841,63.88333333333333,Cần theo dõi,2418968.4166666665,0.9194138367915095,183.08333333333334,30.333333333333332,79.53333333333333,13.916666666666666,-0.4834502372469877,0.4834502372469873,-0.30329825379664277,-0.39549941532315097,0.8143300094931394
KH00102325,64,Nam,Nhà sản xuất phát thanh,Cần Thơ,292746666.6666667,1165600000,-0.324126842429981,65.875,Cần theo dõi,1702165.5833333333,1.3809902621121923,122.25,29.5,77.95,13.833333333333334,0.31926583613172904,-0.31926583613172904,-0.32329830510226937,0.2880805912973961,-0.027799936883200486
KH00102330,61,Nam,Kế toán công tài chính công,Thành phố Hồ Chí Minh,512880833.3333333,2528900000,-0.9994507438234312,67.425,Ổn định,1874343.6666666667,2.1971809212238873,182.5,30.333333333333332,76.33333333333333,13.916666666666666,0.10893519009718283,-0.10893519009718422,-0.7309086197405676,1.585131995612267,-0.2433744468390386
KH00102365,26,Nữ,Cán bộ trại giam,Thành phố Hồ Chí Minh,196902500.0,506700000,1.9583155274271362,61.44166666666666,Cần theo dõi,2511210.0833333335,1.268763389566186,61.833333333333336,25.666666666666668,77.175,13.25,-0.2574070863357418,0.2574070863357409,0.12670220685792022,-1.6557664690264027,0.585982373687527
KH00102370,74,Nam,Cán bộ quản lý thị trường,Nghệ An,380147500.0,1714000000,-1.21561887632242,71.04166666666667,Ổn định,1701079.0833333333,1.4403258425806091,121.83333333333333,29.5,77.55,13.916666666666666,0.20249451686184627,-0.2024945168618463,-0.3913638892700865,1.0078008071490316,-0.9935715005860836
KH00102405,32,Nữ,Nhà tâm lý học tư vấn,Đắk Lắk,728238333.3333334,2457900000,0.5508045141930437,63.64166666666667,Cần theo dõi,2244494.25,1.418365177806775,243.91666666666666,30.416666666666668,83.27499999999999,14.0,-0.05082192491294986,0.05082192491294894,0.13903106695626924,-0.552306176871632,0.3686711667959738
KH00102410,42,Nam,Kỹ thuật viên kế toán,Lâm Đồng,747678333.3333334,3102000000,-0.865060115008806,71.01666666666667,Cần theo dõi,2414714.3333333335,0.9349295380580701,182.91666666666666,30.083333333333332,79.08333333333333,13.916666666666666,-0.45642348519492043,0.45642348519491954,-0.3579897831396306,0.517227457077213,-0.6885851096818255
KH00102445,43,Nữ,Nhà thiết kế đồ gỗ,Thành phố Hồ Chí Minh,1147330833.3333333,4440100000,-0.07659601138537693,65.18333333333334,Cần theo dõi,2261555.0,1.5486236156796005,364.3333333333333,30.333333333333332,81.76666666666667,14.0,-0.1424814793451296,0.1424814793451296,-0.076912981641634,0.12737181045368384,0.16351683845442547
KH00102450,56,Nữ,Lập trình viên đa phương tiện,Hà Nội,615825000.0,1571200000,-0.065311302095599,71.71666666666667,Ổn định,1613997.8333333333,1.4477147609856142,182.91666666666666,30.166666666666668,77.25833333333334,13.916666666666666,0.5119881659641288,-0.5119881659641289,-0.6084143019837791,-1.685583936334625,-1.4619754708929342
KH00102485,25,Nữ,Quản lý công viên giải trí,Nghệ An,193087500.0,826600000,-0.7888516886362813,69.48333333333333,Cần theo dõi,1900190.1666666667,1.0109309170472027,61.583333333333336,24.166666666666668,78.91666666666667,13.666666666666666,-1.6456836424369934,1.6456836424369932,0.38870447002846253,0.6885758313462009,-0.45950918161284926
KH00102490,74,Nữ,Chuyên viên thuế cấp cao,Hà Nội,223260000.0,719000000,-0.10019131262763925,65.5,Ổn định,16608875.0,0.6219245264281286,8.0,2.0,54.6,4.0,-3.728387591697709,3.728387591697709,3.961475923922877,-0.7765268898689772,-0.6566522950573905
KH00102525,80,Nữ,Dược sĩ bệnh viện,Đà Nẵng,382443333.3333333,1449300000,-0.8342836351275945,70.36666666666666,Cần theo dõi,1700820.3333333333,1.736982934688337,122.5,29.5,77.58333333333333,13.75,0.20585898734409533,-0.20585898734409536,-0.34619055866353143,0.02495967298392631,-0.9825910941538212
KH00102530,40,Nam,Điều phối viên tình nguyện,Hưng Yên,754214166.6666666,3740600000,-0.6780563610639183,67.26666666666667,Cần theo dõi,2346873.8333333335,0.8779079824127921,243.0,30.416666666666668,79.05,14.0,-0.5281237512908169,0.528123751290816,-0.43492699838491283,1.6231746735518744,0.40956757850797004
KH00102565,23,Nam,Kỹ sư điện tử,Lào Cai,939077500.0,3902500000,-1.2548955268374906,69.43333333333334,Ổn định,1281196.5,2.3898943708465943,364.5,30.416666666666668,81.02499999999999,14.0,-0.06694353367199957,0.06694353367199865,-0.18283950601000415,0.517465970735067,-1.3368772690396633
KH00102570,46,Nữ,Bác sĩ giải phẫu bệnh,Tuyên Quang,665550000.0,1760200000,-0.5344327882849295,73.63333333333334,Ổn định,2320619.0,1.2700514396222256,122.25,29.75,80.25,14.0,0.0566234005849572,-0.05662340058495812,-0.05427450099430702,-1.5544810142138428,-1.8034324974472042
KH00102605,93,Nữ,Nhà tâm lý học thể thao,Lâm Đồng,412423333.3333333,1120700000,-0.08436340868873005,70.23333333333333,Cần theo dõi,1690136.6666666667,1.4963071308369946,122.33333333333333,29.333333333333332,77.31666666666666,13.916666666666666,0.3646000804520002,-0.3646000804520012,-0.4127914187308686,-1.4554621216231656,-1.23570066691382
KH00102610,49,Nữ,Chuyên viên nhân sự,Lạng Sơn,214042500.0,973500000,-0.8224127071734126,68.51666666666667,Cần theo dõi,2226134.8333333335,1.2902383666917012,61.916666666666664,25.916666666666668,78.39166666666667,13.25,-0.16417014173461944,0.16417014173461855,0.2773698663418154,1.0739292422102273,-0.28992912921255815
KH00102645,41,Nam,Kỹ thuật viên sản xuất bia,Đồng Tháp,759458333.3333334,3648300000,-0.6361417265590295,68.33333333333333,Cần theo dõi,2310643.75,0.8363364797550502,243.33333333333334,30.416666666666668,79.15833333333333,14.0,-0.27209618877721015,0.2720961887772088,-0.4260930540611789,1.4147856722739538,0.3781389662197107
KH00102650,50,Nam,Nhà luyện kim,Lâm Đồng,442673333.3333333,1257300000,1.540048510374856,61.666666666666664,Cần theo dõi,1444056.25,1.7568170180744318,243.83333333333334,30.416666666666668,81.60000000000001,14.0,0.6169365701887601,-0.6169365701887602,-0.08570615494540032,-1.2868286403191744,0.7012766412262782
KH00102685,27,Nam,Dược sĩ cộng đồng,Ninh Bình,975207500.0,4489200000,-1.1216773353516731,71.79166666666667,Cần theo dõi,2343493.6666666665,0.895282513412993,243.66666666666666,30.333333333333332,79.925,14.0,-0.4551990373511949,0.45519903735119494,-0.3178697892487669,1.1411031266108846,-0.7446636139608781
KH00102690,45,Nam,Nhà luyện kim,Lâm Đồng,412645000.0,1309400000,0.6567635377840738,66.0,Cần theo dõi,2465480.9166666665,0.911357014655234,122.66666666666667,29.416666666666668,78.03333333333335,13.666666666666666,-0.4561135883405939,0.45611358834059396,-0.2715538169124521,-0.8277567071588386,0.18570174124613906
KH00102725,44,Nam,Quản lý tour du lịch,Hà Nội,147582500.0,530800000,-0.34596348767903146,70.25833333333334,Cần theo dõi,1498761.75,1.4043367000470839,61.583333333333336,25.166666666666668,75.95833333333333,13.583333333333334,0.8149275038590656,-0.8149275038590666,-0.07660358262201866,-0.24498228498448754,-0.5327305653218616
KH00102730,35,Nữ,Nhân viên cấp cứu,Cà Mau,623560833.3333334,3006700000,0.4722512131629031,55.74166666666667,Có dấu hiệu căng thẳng tài chính,2170782.0833333335,1.2251494099804499,304.1666666666667,30.416666666666668,83.09166666666667,14.0,0.15745553325248987,-0.15745553325249034,0.10589875870365023,1.4337843438342475,2.4465450166561693
KH00102765,27,Nữ,Chuyên viên chăm sóc cây,Đà Nẵng,900947500.0,4074300000,-1.0174769677538558,69.58333333333333,Cần theo dõi,2208565.1666666665,1.361173575399385,244.41666666666666,30.25,83.16666666666667,14.0,0.005518617719139455,-0.005518617719140376,0.12943584293546806,1.0189909745679802,-0.5914421262453853
KH00102770,86,Nữ,Phi công hàng không,Đồng Nai,674110000.0,2701000000,-1.2607577134815309,72.10833333333333,Cần theo dõi,1756588.1666666667,1.7804439041932607,182.91666666666666,30.333333333333332,78.63333333333334,13.833333333333334,0.12559288046916933,-0.1255928804691698,-0.4036879092359226,0.32389651339161285,-1.4411911301461522
KH00102805,49,Nữ,Chuyên viên quản lý khách hàng quảng cáo,Hà Nội,424600833.3333333,1411500000,-0.14371804845963906,68.53333333333333,Cần theo dõi,2132009.3333333335,1.3026491812798975,121.66666666666667,29.166666666666668,80.45,14.0,0.04459419876289848,-0.04459419876289987,0.01056984753259927,-0.6177008833037636,-0.5828146640486082
KH00102810,33,Nữ,Chuyên viên kính thuốc,Đà Nẵng,370080833.3333333,966300000,1.4314515027940085,64.41666666666667,Cần theo dõi,2128679.3333333335,1.288086546203912,122.41666666666667,29.25,80.24166666666666,14.0,-0.03527232007528952,0.035272320075288605,-0.02130275027065051,-1.6016034613480628,0.1342170804744616
KH00102845,27,Nam,Kỹ sư khoan,Đà Nẵng,642624166.6666666,3104600000,-1.2806891480712683,69.04166666666667,Cần theo dõi,1498640.8333333333,1.9602755883327132,243.41666666666666,30.416666666666668,81.72500000000001,14.0,0.37881443291175754,-0.37881443291175804,-0.0726622448654265,1.448233940181461,-0.8552519930286604
KH00102850,26,Nữ,Nhà thiết kế sản phẩm công nghiệp,Đồng Tháp,867051666.6666666,2980400000,0.534683500921933,63.824999999999996,Cần theo dõi,2152940.3333333335,1.3947805905867048,304.4166666666667,30.416666666666668,82.69166666666666,14.0,-0.012034007952050884,0.012034007952050885,0.05161746330872464,-0.46079464761295125,0.498083099747634
KH00102885,28,Nữ,Kỹ sư sản xuất,Lâm Đồng,833439166.6666666,3812900000,-1.4990556005617717,73.90833333333333,Cần theo dõi,2171592.3333333335,1.2406018429328112,183.0,30.083333333333332,80.99166666666666,13.916666666666666,0.16639259210886348,-0.16639259210886348,-0.08695182791098391,1.0931369644104836,-1.4318913981678072
KH00102890,40,Nữ,Kỹ sư điều khiển và tự động hóa,Huế,465463333.3333333,1746200000,-0.31181625047749667,70.14166666666667,Cần theo dõi,1528068.9166666667,2.2938171613207,182.75,30.083333333333332,76.99166666666666,13.916666666666666,0.6499716883471303,-0.6499716883471313,-0.636091564278146,-0.03772805369959496,-0.31239414441325686
KH00102925,78,Nam,Chuyên viên phôi học lâm sàng,Hải Phòng,269675000.0,1147000000,-0.16262360038666912,65.44166666666666,Cần theo dõi,1607767.9166666667,1.9387103027654964,122.41666666666667,29.666666666666668,81.60833333333333,13.666666666666666,0.38483485572921816,-0.38483485572921916,0.20528060362995196,0.6492570200292489,0.505646134790263
KH00102930,54,Nam,Điều dưỡng nhi khoa,Ninh Bình,345700833.3333333,1101700000,1.0480644962737677,62.25833333333333,Cần theo dõi,1516490.3333333333,1.5087775943471768,182.91666666666666,30.166666666666668,78.60833333333333,13.75,0.5728992764211882,-0.5728992764211892,-0.38883773266235544,-0.8131684098764138,0.7436856599468006
KH00102965,58,Nữ,Nhà sản xuất phát thanh,Quảng Ngãi,323678333.3333333,894600000,2.437256176245234,59.458333333333336,Cần theo dõi,1603233.0,1.3129391847107998,182.91666666666666,30.25,78.64999999999999,13.75,0.4252429533716547,-0.4252429533716561,-0.3846602821135288,-1.3912658773898174,1.4755073396643454
KH00102970,54,Nữ,Lập trình viên ứng dụng,Nghệ An,729134166.6666666,2670700000,-0.882500120274826,72.16666666666667,Cần theo dõi,1550687.6666666667,1.3721470716713633,243.08333333333334,30.416666666666668,79.77499999999999,14.0,0.7453400535219813,-0.7453400535219823,-0.3459299700423962,-0.15057114885959877,-1.185616568187074
KH00103005,67,Nữ,Cán bộ chính quyền địa phương,Hà Nội,100942500.0,392400000,0.7051265775974064,63.300000000000004,Cần theo dõi,1455130.1666666667,1.4402120791133306,61.0,25.666666666666668,71.98333333333333,12.916666666666666,0.8008269569960557,-0.8008269569960567,-0.4946507588662604,0.15071144059083535,1.4107453507067182
KH00103010,33,Nữ,Giám đốc chiến lược,Tây Ninh,1450474166.6666667,6452500000,-1.8825891617481127,76.075,Ổn định,2223992.1666666665,1.399595073049239,243.25,30.416666666666668,82.50833333333334,14.0,-0.013887131857008485,0.013887131857007108,0.03149912568688246,0.9345645001539941,-2.140351702975897
KH00103045,43,Nữ,Biên tập viên hiệu đính,Vĩnh Long,856885833.3333334,3160700000,0.2848077952197115,64.175,Cần theo dõi,2114667.9166666665,1.4554607766721865,304.8333333333333,30.416666666666668,82.0,14.0,0.007527937899718066,-0.007527937899718985,-0.04434104517084984,-0.1102460905089093,0.5144976869142298
KH00103050,46,Nam,Chuyên viên chỉnh thị,Lào Cai,583031666.6666666,2923400000,-0.7708254647058572,67.66666666666667,Cần theo dõi,2341517.5,0.9059348317795103,182.75,30.25,78.79166666666667,14.0,-0.5684126339500519,0.5684126339500515,-0.41754730662948875,1.7080096726163796,0.31998763011415876
KH00103085,42,Nam,Nhà trị liệu tâm lý trẻ em,Khánh Hòa,615603333.3333334,2656800000,-0.4311117486837177,64.50833333333334,Cần theo dõi,1450935.0,2.0492301702486837,304.0833333333333,30.416666666666668,82.94166666666666,14.0,0.42548376104048424,-0.42548376104048474,0.08182936760948707,0.7403033452867762,0.15853083757446992
KH00103090,43,Nam,Nhà biên soạn từ điển,Điện Biên,498958333.3333333,1643600000,0.22090996079967218,64.66666666666667,Cần theo dõi,1939846.75,2.648193196350845,182.91666666666666,30.333333333333332,79.55,14.0,0.026075407698722318,-0.02607540769872232,-0.31009419626392765,-0.6622318451876882,-0.1327860677712571
KH00103125,40,Nam,Nhà thiết kế triển lãm,Thành phố Hồ Chí Minh,623717500.0,1870400000,0.8519743530306181,62.833333333333336,Cần theo dõi,1483993.0,2.042917179899779,304.1666666666667,30.416666666666668,81.80833333333334,14.0,0.3612942971944498,-0.3612942971944503,-0.0754092285641794,-1.0655211036936185,0.1657577377263154
KH00103130,44,Nữ,Biên tập viên hiệu đính báo chí,Hải Phòng,760792500.0,3314100000,-0.6956429209960394,66.375,Cần theo dõi,1378358.5,2.044410054720699,364.0833333333333,30.416666666666668,78.7,14.0,0.46401748283348687,-0.46401748283348737,-0.5016121456537175,0.805208710763398,-0.26090948364157945
KH00103165,62,Nam,Kỹ thuật viên sản xuất bia,Thành phố Hồ Chí Minh,286265000.0,811400000,0.9541229553030209,65.3,Cần theo dõi,1602457.5,1.7091266768034934,122.0,29.583333333333332,78.16666666666667,13.666666666666666,0.5946843817218178,-0.5946843817218188,-0.25159089326665723,-1.2971665232720675,0.010183305775338086
KH00103170,67,Nam,Giám đốc vận hành,Thành phố Hồ Chí Minh,528537500.0,2166900000,-1.8242604046399113,77.83333333333333,Ổn định,1553849.75,1.3296667316310098,122.08333333333333,29.25,77.39999999999999,13.666666666666666,0.7702080872011232,-0.7702080872011247,-0.3481803128224323,0.45124654185790464,-2.2822566493683447
KH00103205,59,Nam,Nhà khoa học địa chất,Thành phố Hồ Chí Minh,631043333.3333334,1819400000,-0.6260294545980599,73.53333333333333,Cần theo dõi,1544862.75,1.35915516678404,183.0,29.916666666666668,78.60833333333333,13.75,0.7568100078851137,-0.7568100078851151,-0.3709429663960104,-1.2285239277550684,-1.6331241527835483
KH00103210,44,Nữ,Giám đốc vận hành,Điện Biên,608679166.6666666,2220600000,-1.1930494577428647,73.675,Cần theo dõi,1433378.3333333333,1.7754366985608527,182.41666666666666,30.333333333333332,77.925,14.0,0.7278913856051087,-0.7278913856051101,-0.5308568552011795,-0.17571321937643297,-1.5940764829708616
KH00103245,48,Nữ,Chuyên viên tư vấn môi trường,Đồng Tháp,696785833.3333334,1949900000,1.3106904579267766,60.949999999999996,Cần theo dõi,1413353.75,2.257766540801827,366.0,30.416666666666668,79.96666666666667,14.0,0.31526723215316427,-0.3152672321531652,-0.32821957748230035,-1.34526734012885,0.3104638082086257
KH00103250,20,Nam,Chuyên viên thông tin hướng nghiệp,Phú Thọ,816605833.3333334,2896900000,0.6753759803789015,62.76666666666667,Cần theo dõi,1786758.6666666667,1.0259166378466535,364.5833333333333,30.333333333333332,83.38333333333334,14.0,-1.5266988545450788,1.5266988545450781,0.14531301802804997,-0.3078381108158394,0.8036297154698637
KH00103285,59,Nam,Biên tập viên đặt bài,Hà Nội,517506666.6666667,2211600000,-0.8915865095730886,68.86666666666666,Ổn định,1715282.8333333333,1.7530560359556089,182.33333333333334,29.833333333333332,77.61666666666666,14.0,0.2744637034438408,-0.27446370344384174,-0.5510775224016286,0.6843180840621396,-0.6625346556461021
KH00103290,66,Nữ,Nhà di truyền tế bào học,Khánh Hòa,415931666.6666667,1810900000,-0.4994062230867883,66.66666666666667,Cần theo dõi,1612312.8333333333,1.6026330595777674,182.66666666666666,29.916666666666668,80.91666666666667,13.916666666666666,0.8804120381044498,-0.8804120381044512,-0.08879357891042829,0.7968354470900256,0.10783049154795471
KH00103325,58,Nam,Chuyên viên viết nội dung quảng cáo,Thanh Hóa,387641666.6666667,1216400000,1.1387818345902923,63.23333333333333,Cần theo dõi,1718827.25,1.8015031889780184,182.83333333333334,30.416666666666668,77.27499999999999,14.0,0.31169067359555513,-0.3116906735955561,-0.6313905752903296,-0.8815704627639718,0.7366828497221433
KH00103330,53,Nữ,Chuyên viên pháp lý được cấp chứng chỉ,Tây Ninh,271396666.6666667,861000000,0.4105516987343782,66.99166666666666,Cần theo dõi,1528717.8333333333,1.4425519978659078,122.0,29.416666666666668,78.23333333333333,13.666666666666666,0.9409577732385985,-0.9409577732385986,-0.24126130202928023,-0.8241233561439685,-0.08281401400810574
KH00103365,53,Nam,Công chức diện đào tạo nhanh,Tây Ninh,103570000.0,372700000,1.0127448217434245,61.15,Cần theo dõi,1550615.9166666667,1.2647848347096133,61.416666666666664,25.083333333333332,74.31666666666666,13.25,0.7003297336860138,-0.7003297336860148,-0.22370633767420625,-0.2430118220175559,1.3674959947592376
KH00103370,58,Nữ,Người dẫn chương trình phát sóng,Hưng Yên,136970000.0,471600000,0.5008293730525997,63.53333333333333,Ổn định,1719792.4166666667,1.6145098331777563,61.25,25.416666666666668,73.375,13.25,0.5980561784268853,-0.5980561784268863,-0.3826620579855775,-0.46000809550946886,0.4425648202865531
KH00103405,38,Nam,Quản lý trung tâm thể hình,Cà Mau,328304166.6666667,1103900000,0.8102062731918301,63.275,Cần theo dõi,1402187.9166666667,1.798639580094408,183.0,30.333333333333332,81.26666666666667,14.0,0.5991947840844319,-0.5991947840844329,-0.06858992735169242,-0.5687331890986125,0.7140497670760532
KH00103410,59,Nam,Nhân viên phát triển cộng đồng,Hải Phòng,197483333.33333334,805900000,0.6913504389839111,62.81666666666666,Cần theo dõi,1502915.0,1.2242524504056755,122.08333333333333,29.416666666666668,76.7,13.416666666666666,0.7461442142392887,-0.7461442142392892,-0.40442470498316074,0.41418171863458214,1.6728185205542783
KH00103445,64,Nam,Nhà địa chất hiện trường,Quảng Ngãi,156191666.66666666,604600000,-0.18489990963402203,67.19166666666666,Cần theo dõi,1748929.25,1.420502785890058,61.166666666666664,25.5,74.8,13.25,0.43488085961359757,-0.4348808596135985,-0.15785645108488894,0.12561883204245197,0.0072141142400835145
KH00103450,92,Nữ,Chuyên viên trưng bày bán lẻ,Phú Thọ,307983333.3333333,1139400000,-0.2930572532165666,67.84166666666667,Cần theo dõi,1664874.9166666667,1.5136382832262563,122.25,29.25,77.21666666666667,13.75,0.487210704266805,-0.4872107042668051,-0.3968581588900482,-0.10166174991509555,-0.37121775030037507
KH00103485,27,Nữ,Nhân viên xe cứu thương,Đồng Tháp,317404166.6666667,1261600000,0.5442095542184985,60.74166666666667,Cần theo dõi,2315634.8333333335,1.4136696467835028,122.08333333333333,29.833333333333332,80.35833333333333,14.0,-0.30100624639614754,0.3010062463961462,-0.04164056149738152,0.2815798851716936,1.3097368160262666
KH00103490,29,Nữ,Nhà trị liệu tâm lý,Lạng Sơn,415414166.6666667,1755900000,0.46580280785445843,60.625,Cần theo dõi,1536532.1666666667,2.4606180872062193,243.41666666666666,30.333333333333332,79.18333333333334,13.916666666666666,0.47384627224683845,-0.4738462722468385,-0.40218478074859865,0.6181914466351353,1.4603252470972892
KH00103525,47,Nam,Chuyên viên vệ sinh lao động,Hà Nội,116562500.0,483200000,1.5154273264698863,62.93333333333334,Ổn định,2097059.8333333333,1.7818478161756104,61.5,25.333333333333332,72.35000000000001,13.666666666666666,0.6704350224706377,-0.6704350224706377,-0.5965757715613906,0.5083726514019656,3.0493469207946347
KH00103530,51,Nam,Người dẫn chương trình phát sóng,Nghệ An,252286666.66666666,910000000,0.8673625929712238,60.833333333333336,Cần theo dõi,1804551.3333333333,1.649382660203375,122.16666666666667,29.166666666666668,79.27499999999999,13.916666666666666,0.08653682157300054,-0.086536821573001,-0.138159584707881,-0.22688601544388978,1.1940503911149358
KH00103565,38,Nam,Chủ nhiệm ánh sáng trường quay,An Giang,837135833.3333334,3307000000,-0.24220278407951715,67.91666666666667,Cần theo dõi,2402412.0,0.9436087022658889,243.33333333333334,30.416666666666668,79.29166666666667,14.0,-0.538674956360663,0.5386749563606631,-0.4035198720461324,0.2369691330278889,0.057802415303004985
KH00103570,25,Nữ,Trợ lý phát thanh,Vĩnh Long,122133333.33333333,525700000,0.26575568862658044,56.25833333333333,Cần theo dõi,1826027.3333333333,2.0225029753611854,61.5,25.333333333333332,73.75,13.083333333333334,-0.28099097408801404,0.2809909740880136,-0.2947603442623044,0.726268207280499,1.2787563835923854
KH00103605,39,Nữ,Cán bộ đào tạo và phát triển,Thành phố Hồ Chí Minh,490543333.3333333,1588000000,1.2876813753489178,60.574999999999996,Cần theo dõi,2275247.9166666665,1.439921354912839,183.16666666666666,29.916666666666668,80.51666666666667,14.0,-0.13880660300311867,0.13880660300311867,-0.1668381244587076,-0.7392268859109266,1.0586440526109688
KH00103610,27,Nữ,Chuyên viên phân tích địa chấn,Vĩnh Long,109534166.66666667,485400000,-0.18035671498489123,68.10000000000001,Cần theo dõi,1390465.75,1.3553774715064806,61.666666666666664,26.583333333333332,72.575,13.25,1.3273954303468094,-1.3273954303468105,-0.5441744173407314,0.8943738299290579,0.6430132601571332
KH00103645,65,Nữ,Chuyên viên tư vấn tâm lý,Vĩnh Long,283502500.0,1179400000,-0.6093222226625448,69.02499999999999,Cần theo dõi,1488481.5833333333,1.3903447773170223,122.5,29.25,75.85000000000001,13.666666666666666,0.9017317125948234,-0.9017317125948244,-0.5670054170048454,0.5184928992331256,-0.32802441683469125
KH00103650,67,Nam,Thủ thư thư viện công cộng,Quảng Ngãi,131058333.33333333,462000000,0.6802122843602347,66.21666666666667,Cần theo dõi,1675022.8333333333,1.5645649523636578,61.333333333333336,24.25,71.99166666666666,13.166666666666666,0.7869529763268167,-0.7869529763268177,-0.48466667142717473,-0.33812152632641507,0.8173552235101909
KH00103685,82,Nam,Chuyên viên nhân sự,Hưng Yên,228440000.0,965700000,-0.14239905646472964,58.7,Cần theo dõi,14678667.0,0.680670161981653,12.0,2.0,50.0,6.0,-2.6615088455871723,2.6615088455871727,2.8686392047684555,0.6032090943823879,0.5265425205006394
KH00103690,47,Nữ,Biên tập viên chuyên đề tạp chí,Thành phố Hồ Chí Minh,478863333.3333333,2346000000,-0.704289646295999,65.54166666666667,Cần theo dõi,1460919.25,1.9740330427104178,243.91666666666666,30.416666666666668,81.04166666666667,14.0,0.6069318360104999,-0.6069318360105009,-0.16561826303460558,1.5389536074402292,0.25572984349270783
KH00103725,55,Nam,Chuyên viên tư vấn làm vườn,Thành phố Hồ Chí Minh,164430000.0,699900000,-0.7369713368365244,69.79166666666667,Cần theo dõi,1742246.3333333333,1.3134032673454141,61.583333333333336,25.25,72.83333333333333,13.166666666666666,0.2702582238842441,-0.27025822388424503,-0.3951925592478874,0.6577539811603963,-0.4202374218729736
KH00103730,45,Nữ,Chuyên viên thu mua bán lẻ,Thanh Hóa,147184166.66666666,525200000,0.08534689465623846,67.11666666666666,Cần theo dõi,1644072.1666666667,2.0969582169397274,61.166666666666664,25.0,74.71666666666667,13.416666666666666,0.4855782525044552,-0.48557825250445524,-0.19388538708316247,-0.28878121635085174,0.04278839018134075
KH00103765,41,Nữ,Kỹ sư hàng không,Tuyên Quang,427006666.6666667,1239200000,0.47884617313744876,66.02499999999999,Cần theo dõi,1488320.5833333333,2.0119642896234518,183.41666666666666,30.25,79.01666666666667,14.0,0.661295866263495,-0.6612958662634955,-0.3850589826860415,-1.1993690729169209,-0.42124582654532405
KH00103770,30,Nam,Cán bộ giáo dục bảo tàng,Thành phố Hồ Chí Minh,100663333.33333333,462700000,0.3001960351603182,58.725,Cần theo dõi,1606568.75,1.5517643080081946,61.333333333333336,25.833333333333332,75.19166666666666,13.583333333333334,0.7570931758511639,-0.757093175851165,-0.19705385495637617,1.1231519222510724,1.769681391581732
KH00103805,65,Nam,Nhà khoa học nghiên cứu y học,Hải Phòng,352391666.6666667,1468800000,-0.656366270480969,66.9,Ổn định,1845647.4166666667,2.0354452437860906,122.5,29.75,75.23333333333333,13.833333333333334,-0.01576970749707098,0.01576970749707098,-0.6926187833117203,0.5411369511687468,-0.3136266390127971
KH00103810,47,Nữ,Nhà độc chất học,Đồng Tháp,859041666.6666666,3203200000,0.33346394436524707,63.46666666666667,Cần theo dõi,2224187.25,1.3776736260294065,303.1666666666667,30.416666666666668,82.64166666666667,14.0,-0.19214173753931305,0.19214173753931216,0.04088573249137794,-0.07026590710369193,0.5885594078502004
KH00103845,54,Nam,Chuyên viên quy hoạch đô thị,Phú Thọ,317828333.3333333,1238800000,0.6973591802940529,62.61666666666667,Cần theo dõi,1551231.9166666667,1.4952907917621865,182.91666666666666,30.166666666666668,79.075,13.833333333333334,0.6645985265450179,-0.6645985265450189,-0.3342307248341684,0.17206637363638952,1.3597088697894195
KH00103850,22,Nữ,Nhà khoa học nghiên cứu toán học,Sơn La,559698333.3333334,2212900000,-1.0447361356486435,69.64999999999999,Cần theo dõi,1205615.25,2.3740670509819095,243.0,30.25,82.48333333333333,14.0,0.005141928209245485,-0.005141928209245945,0.04051020259211065,0.2415159561505925,-1.1280814793812923
KH00103885,75,Nam,Nhà thiết kế trang sức,Tây Ninh,165299166.66666666,701900000,-0.574295657464404,67.88333333333334,Ổn định,1812079.3333333333,1.5236587751048887,61.333333333333336,25.666666666666668,73.64999999999999,13.5,0.25335560194864043,-0.2533556019486414,-0.38864867793368035,0.6518320474546355,-0.15418665581780847
KH00103890,33,Nam,Quản lý khách sạn,Thái Nguyên,138685000.0,434000000,0.2002457528794297,68.34166666666667,Cần theo dõi,1349483.4166666667,1.603393143522462,61.416666666666664,25.916666666666668,72.5,13.416666666666666,0.76760652410997,-0.7676065241099714,-0.5501874511076015,-0.8870127176725225,-0.4629825754842787
KH00103925,86,Nữ,Chuyên viên chăm sóc cây,Quảng Ninh,290934166.6666667,1064300000,-0.0253018782500235,66.88333333333334,Cần theo dõi,1667512.1666666667,1.3736415031460194,121.91666666666667,29.583333333333332,76.55,13.666666666666666,0.27213649715040467,-0.2721364971504056,-0.4850093277657676,-0.1671412480079698,0.018530655563128565
KH00103930,60,Nữ,Chuyên viên tư vấn làm vườn,Lâm Đồng,63600000.0,270100000,-0.914449037484846,76.8,Ổn định,5343143.0,0.6558292673627972,7.0,2.0,12.8,2.0,4.523131577302904,-4.523131577302906,-1.695773578891339,0.6299117041993835,-0.703711179767085
KH00103965,77,Nữ,Giảng viên giáo dục thường xuyên,Cần Thơ,285340000.0,1045800000,-0.9250009734441189,70.8,Ổn định,13106727.0,0.8141620220749275,11.0,2.0,45.4,7.0,-2.903539863497821,2.9035398634978207,1.6423524108676162,-0.1672486965437098,-1.2603505589046125
KH00103970,49,Nữ,Quản lý hồ sơ,Bắc Ninh,829043333.3333334,3221900000,-0.9993041891573302,70.89999999999999,Cần theo dõi,2356643.3333333335,1.4587812743882707,183.25,30.25,84.31666666666666,14.0,-0.07349763470298189,0.07349763470298097,0.3420056060119418,0.14969134229966327,-1.138109503623001
KH00104005,40,Nam,Bác sĩ bệnh viện,Hưng Yên,888811666.6666666,2945300000,-0.8234385898361195,71.78333333333333,Cần theo dõi,1428348.6666666667,1.6555498851102646,304.0,30.416666666666668,81.35833333333333,14.0,0.6393800465099266,-0.6393800465099276,-0.13344557347088512,-0.6397384371372273,-1.454692548259291
KH00104010,85,Nam,Kỹ sư vận hành phát sóng,Đồng Nai,353985833.3333333,891400000,0.504639794371226,68.95,Cần theo dõi,1595431.3333333333,1.70188983791219,122.08333333333333,29.333333333333332,76.85833333333333,13.583333333333334,0.7669883495544518,-0.7669883495544524,-0.41335160893889883,-1.7281436551923028,-0.9044957545284471
KH00104045,61,Nam,Chuyên viên công nghệ màu sắc,An Giang,232154166.66666666,698700000,1.1771791571087573,63.94166666666666,Cần theo dõi,1486674.0833333333,1.2925035408039893,122.66666666666667,28.75,76.70833333333333,13.416666666666666,0.6684028437442424,-0.6684028437442425,-0.3595681294380738,-1.0554536346160024,0.5371867920421175
KH00104050,81,Nam,Quản trị viên giáo dục,Đà Nẵng,379385833.3333333,960500000,2.096076913562085,59.76666666666667,Cần theo dõi,1663722.5,1.6183199051370885,183.58333333333334,30.0,80.81666666666666,14.0,0.48510657183066264,-0.4851065718306641,-0.1253931196118229,-1.711240608065108,0.6531533293624364
KH00104085,21,Nữ,Kỹ sư ô tô,Lào Cai,177021666.66666666,729500000,-0.44576721529381896,65.45833333333333,Cần theo dõi,1994037.25,0.9850154087802299,61.666666666666664,24.75,78.175,13.583333333333334,-1.5545906264320868,1.554590626432087,0.26769334235028147,0.47479589781358605,-0.03726773630693669
KH00104090,42,Nam,Chuyên viên y tế môi trường,Hà Nội,576802500.0,1605100000,1.3742951830146144,64.95833333333333,Cần theo dõi,2351522.4166666665,0.8969736572088296,183.25,30.25,79.64999999999999,14.0,-0.3939260956274115,0.39392609562741154,-0.2926323795139855,-1.364436565894841,0.38587006870773183
KH00104125,30,Nữ,Quản lý nhà hát,Phú Thọ,689529166.6666666,1821300000,0.5197349249796297,67.18333333333334,Cần theo dõi,2200693.1666666665,1.4175732321888013,182.25,30.083333333333332,79.7,14.0,-0.30186605739471006,0.3018660573947087,-0.2838364951493088,-1.5580984614439248,-0.7515543792219409
KH00104130,50,Nữ,Nhà thiết kế trang sức,Lào Cai,119590000.0,301200000,2.6891836472728685,63.4,Cần theo dõi,1574882.4166666667,1.2240982386735944,61.916666666666664,25.416666666666668,74.04166666666667,12.916666666666666,0.4461365641247423,-0.44613656412474234,-0.21276847320695064,-1.723743328337487,1.1236301314957844
KH00104165,33,Nữ,Kiểm soát viên tài chính,Thành phố Hồ Chí Minh,835738333.3333334,3108500000,-0.3368770983807694,66.23333333333333,Cần theo dõi,1483156.3333333333,2.5023028545235126,365.1666666666667,30.416666666666668,80.59166666666667,14.0,0.5876749984739664,-0.5876749984739674,-0.24449439113751387,-0.07090251734682614,-0.3678564013925401
KH00104170,58,Nữ,Quản lý tổng đài,Sơn La,490122500.0,2252200000,-0.944199634703351,69.45833333333333,Cần theo dõi,1696296.8333333333,1.4731510976396633,182.91666666666666,30.0,77.65833333333333,13.833333333333334,0.3496850902207934,-0.34968509022079436,-0.5233684798723127,1.131433437719453,-0.45850077694049873
KH00104205,49,Nữ,Chuyên viên kính thuốc,Đà Nẵng,272255833.3333333,1176300000,-0.3919816528347486,62.60833333333333,Cần theo dõi,1702099.3333333333,2.334879025735742,122.08333333333333,29.75,78.60833333333333,13.75,0.0885608788885896,-0.08856087888859053,-0.223790824787328,0.7576559017969027,0.19309670884337593
KH00104210,71,Nữ,Chuyên viên chăm sóc bàn chân,Thành phố Hồ Chí Minh,503050000.0,2469500000,-1.2490333401934501,70.15833333333333,Cần theo dõi,1632082.1666666667,1.5208159787347484,183.0,30.25,79.825,13.916666666666666,0.4213336141091753,-0.42133361410917536,-0.2499727960436758,1.5589713623387442,-0.6765962985772127
KH00104245,45,Nam,Chuyên viên nghiên cứu xã hội,Lâm Đồng,342712500.0,1630700000,-0.324713061094385,63.1,Cần theo dõi,1543067.5833333333,2.043134840359611,183.08333333333334,30.416666666666668,80.43333333333334,14.0,0.16495533825568653,-0.16495533825568748,-0.20024488903049079,1.3556497179214264,0.8144420544567331
KH00104250,64,Nữ,Nhà địa chất hiện trường,Bắc Ninh,275207500.0,1130100000,-0.2811863252623852,66.75,Ổn định,1619870.1666666667,1.3613519600647839,122.25,29.25,77.11666666666666,13.833333333333334,0.5940393172760433,-0.5940393172760443,-0.4208571664411315,0.4667964305139472,0.1576905003475108
KH00104285,53,Nữ,Chuyên viên tư vấn thuế,Đồng Nai,364997500.0,1648600000,-0.21186596819660816,64.85833333333333,Cần theo dõi,1606296.5833333333,1.431561927591524,182.66666666666666,29.833333333333332,77.8,13.916666666666666,0.39453780872704025,-0.39453780872704164,-0.5126510848142705,1.0210877818659663,0.7247500610993282
KH00104290,34,Nữ,Chuyên viên tư vấn môi trường,Thành phố Hồ Chí Minh,1413734166.6666667,5483300000,-0.7314022595246856,69.34166666666667,Cần theo dõi,2253488.8333333335,1.3763741759202492,365.4166666666667,30.416666666666668,82.97500000000001,14.0,-0.07920998528597414,0.07920998528597416,0.08509864474769795,0.1482866466177963,-0.7573246948470579
KH00104325,60,Nam,Trợ lý sản xuất phát thanh,Thành phố Hồ Chí Minh,208889166.66666666,1019700000,-0.2672636319827894,64.95,Cần theo dõi,1480731.8333333333,1.2175846689129717,122.16666666666667,29.416666666666668,77.27499999999999,13.416666666666666,0.7613359906231609,-0.761335990623161,-0.3174950829347884,1.517127289637756,1.1164032313439398
KH00104330,80,Nam,Dược sĩ cộng đồng,Lào Cai,325840000.0,1528300000,-1.580979658912236,75.2,Ổn định,15373600.0,0.5763558135282361,10.0,2.0,48.3,5.0,-1.7866124634202636,1.7866124634202636,1.1757993346710234,1.2376039981740439,-1.4855609357295783
KH00104365,36,Nam,Nhà giao dịch tài chính,Sơn La,689489166.6666666,2936800000,-1.3381385771828638,72.25,Ổn định,1394186.5833333333,1.7083620275638653,243.41666666666666,30.416666666666668,80.93333333333334,14.0,0.7144588778388564,-0.7144588778388574,-0.17795874927701652,0.6613080894752944,-1.3750846016253908
KH00104370,70,Nam,Kỹ sư sản xuất,Đồng Tháp,598012500.0,2872000000,-1.4013036382723987,70.79166666666667,Cần theo dõi,1707774.4166666667,1.7722740609329308,183.16666666666666,30.0,78.825,13.833333333333334,0.23439684933853366,-0.23439684933853508,-0.36641448978917684,1.4062114456663315,-1.0578853096893321
KH00104405,35,Nữ,Chuyên viên pháp chế,Thanh Hóa,690285000.0,2723000000,-0.016215488951760466,64.7,Cần theo dõi,1393404.0,1.854955529776715,364.8333333333333,30.416666666666668,79.44166666666666,14.0,0.6838675393861627,-0.6838675393861633,-0.40201292846653325,0.22971706387123975,0.3913042494420646
KH00104410,59,Nữ,Dược sĩ bệnh viện,Hưng Yên,219323333.33333334,1111300000,-1.438528523462055,70.79166666666667,Cần theo dõi,2104919.6666666665,1.6281686415773304,61.583333333333336,25.083333333333332,74.72500000000001,13.333333333333334,-0.15093010484066247,0.15093010484066202,-0.08384969151188541,1.7791030373394787,-0.9693137659678713
KH00104445,37,Nam,Nhà khoa học thính học,Đà Nẵng,193856666.66666666,695700000,-0.7463508354669889,68.99166666666666,Cần theo dõi,1702307.8333333333,2.1187798735906056,61.583333333333336,25.583333333333332,75.18333333333334,13.583333333333334,0.2750130691852166,-0.2750130691852171,-0.14736270858788106,-0.25218434557850083,-1.0677452664856486
KH00104450,29,Nữ,Nhà thống kê,Thành phố Hồ Chí Minh,1063217500.0,4371600000,-0.7426869688144636,69.05833333333334,Cần theo dõi,2109116.6666666665,1.3617675487918166,303.75,30.416666666666668,82.8,14.0,0.08816207365625177,-0.0881620736562527,0.06318757992177955,0.46966208500242573,-0.5811900120764876
KH00104485,47,Nam,Cán bộ hành chính địa phương,Cà Mau,319242500.0,1132800000,1.0583233229008393,62.324999999999996,Cần theo dõi,2366411.5,0.8853420385000672,122.16666666666667,29.25,77.77499999999999,13.916666666666666,-0.3540932354722608,0.3540932354722604,-0.3466401469510359,-0.31898088080030645,1.3105211307714282
KH00104490,52,Nữ,Kỹ sư y sinh,Hải Phòng,200860000.0,1042300000,-1.3629063157539343,68.8,Ổn định,11774900.0,0.8440503389376623,10.0,2.0,49.3,7.0,-1.925476274273805,1.9254762742738043,2.2148503361504988,1.9211602340418328,-0.7164843056168585
KH00104525,25,Nam,Nhà biên soạn từ điển,Đồng Tháp,96621666.66666667,317800000,1.32417348720807,61.73333333333333,Cần theo dõi,1348678.6666666667,1.9182311467406326,61.916666666666664,23.25,74.77499999999999,13.333333333333334,-0.002207424693325318,0.002207424693324859,-0.09887969288905796,-0.6718475946223655,1.2956751730951568
KH00104530,72,Nam,Sĩ quan hậu cần quân đội,Hà Nội,158322500.0,454300000,0.8254479584663355,66.39166666666667,Cần theo dõi,1726442.25,1.5490609034642135,61.5,24.833333333333332,72.325,13.333333333333334,0.21739721178692722,-0.21739721178692817,-0.49297595098179225,-1.2491080867881865,-0.03581115178020822
KH00104565,63,Nam,Quản trị viên cơ sở dữ liệu,Khánh Hòa,288616666.6666667,1308100000,-0.5424932949204851,66.69166666666666,Cần theo dõi,1694433.3333333333,1.5011987339266097,121.75,29.416666666666668,76.40833333333333,13.916666666666666,0.35532439292608,-0.3553243929260809,-0.5372151586439867,1.0407947769872667,0.210071520827945
KH00104570,70,Nữ,Chuyên viên nghiên cứu viễn thông,Thành phố Hồ Chí Minh,482138333.3333333,2120700000,-0.3516791196569707,66.10000000000001,Cần theo dõi,1487515.25,1.4007635834195575,243.5,30.416666666666668,79.26666666666667,13.916666666666666,0.9431790105442133,-0.9431790105442144,-0.398507867355521,0.8691980684561864,0.36839105438698794
KH00104605,36,Nam,Nhà tâm lý học pháp y,Điện Biên,661776666.6666666,2592000000,-0.3206095304435567,67.48333333333333,Cần theo dõi,2468189.75,0.9454523059025209,183.08333333333334,30.083333333333332,79.70833333333333,14.0,-0.5847955561438734,0.5847955561438734,-0.2858532410166471,0.18901051294800789,-0.10976082775258514
KH00104610,63,Nữ,Nhà khoa học nghiên cứu y học,Lào Cai,370050000.0,1492200000,-1.3646649717471464,74.7,Ổn định,21055875.0,0.3122025971173781,8.0,2.0,54.6,4.0,-3.3913690147993143,3.3913690147993147,2.9276993492129337,0.3360883177672159,-1.5971577194697106
KH00104645,37,Nam,Nhân viên y tế cộng đồng,Nghệ An,111910833.33333333,400300000,1.0808927414803942,60.041666666666664,Cần theo dõi,1691456.75,1.7010497849970594,61.25,26.083333333333332,77.54166666666667,13.416666666666666,0.1643332483908573,-0.16433324839085822,0.11704537843137237,-0.269714008859692,1.4272719828369085
KH00104650,21,Nam,Chuyên viên công nghệ dệt may,An Giang,887945833.3333334,3943700000,-0.8385337204445233,67.83333333333333,Cần theo dõi,1868632.0,1.0577092162161257,303.8333333333333,30.333333333333332,82.90833333333333,14.0,-1.6807767687414072,1.6807767687414075,0.08030023887129038,0.9152135569766775,-0.3901533491478475
KH00104685,57,Nam,Cán bộ quản lý thị trường,Lâm Đồng,240210000.0,1178400000,-1.2890427640390258,69.6,Ổn định,15343000.0,0.6300398067970423,9.0,2.0,46.4,5.0,-2.4398686195978203,2.4398686195978203,1.784530648729908,1.5327173485549046,-0.7924507909339371
KH00104690,68,Nữ,Nhà tâm lý học giáo dục,Đồng Tháp,186309166.66666666,534100000,0.6680482470738512,67.36666666666666,Cần theo dõi,1901939.3333333333,1.7774629151203456,61.416666666666664,25.5,71.46666666666667,13.0,0.3500254372394232,-0.35002543723942414,-0.5549887868218674,-1.249742281717434,-0.2983885239639439
KH00104725,41,Nam,Chuyên viên nghiên cứu chương trình,Đồng Nai,447519166.6666667,1410500000,1.3515792097689585,61.93333333333334,Cần theo dõi,1512709.3333333333,2.3478465526295778,242.75,30.416666666666668,80.5,14.0,0.6456134180157768,-0.6456134180157782,-0.23462470517302392,-0.8610045914936855,0.9808848478763791
KH00104730,21,Nữ,Nhà tâm lý học tư vấn,Huế,527989166.6666667,2358100000,-0.9170870214746644,65.875,Cần theo dõi,1360940.6666666667,2.6145839861491087,244.25,30.333333333333332,81.13333333333334,14.0,-0.2912615494562531,0.2912615494562527,-0.15098511351576185,0.945971631831085,-0.4888649620746107
KH00104765,44,Nam,Nhà địa chất hiện trường,Đồng Nai,679720833.3333334,2280700000,0.15510691572031896,64.81666666666666,Cần theo dõi,1508193.4166666667,2.1965943140773185,304.6666666666667,30.416666666666668,82.175,14.0,0.30120112962453033,-0.3012011296245304,-0.020156028810848246,-0.5820901550382604,-0.15906061173417024
KH00104770,72,Nữ,Nhà khoa học y sinh,Hà Nội,562080000.0,1835900000,-0.4870956311343034,70.96666666666667,Cần theo dõi,1644073.4166666667,1.4582535236005505,182.58333333333334,30.083333333333332,77.54166666666667,13.916666666666666,0.6173631299283528,-0.6173631299283528,-0.5579690171404003,-0.6977491888072695,-1.0792298752540865
KH00104805,28,Nam,Chuyên viên viết nội dung quảng cáo,Điện Biên,429332500.0,1459800000,0.013095444268441074,67.14999999999999,Cần theo dõi,1481532.3333333333,1.8793083628803726,182.83333333333334,30.083333333333332,81.09166666666667,14.0,0.5735115545507785,-0.5735115545507786,-0.08712866411056648,-0.5151382660681353,-0.30068544571763073
KH00104810,31,Nam,Chánh văn phòng,Tây Ninh,388910833.3333333,1843700000,-0.4967682390969699,65.98333333333333,Cần theo dõi,2479620.75,0.9827180529456278,121.66666666666667,29.416666666666668,77.625,14.0,-0.7968726776906091,0.7968726776906082,-0.3933143650645737,1.3263196165748803,0.48402145681652187
KH00104845,61,Nữ,Họa sĩ,Đồng Nai,419501666.6666667,2059200000,-0.9128369361577351,69.94166666666666,Cần theo dõi,1509883.1666666667,1.3316896982138526,182.91666666666666,30.166666666666668,77.72500000000001,13.75,0.7917018010966791,-0.7917018010966796,-0.5104250569480486,1.5619483234789806,-0.03883636579726041
KH00104850,19,Nam,Kỹ sư viễn thông,Phú Thọ,417932500.0,2027800000,-1.2443435908782177,67.73333333333333,Ổn định,1367589.1666666667,2.8796028054327096,182.5,29.916666666666668,80.95833333333333,14.0,-0.33030689334019236,0.3303068933401915,-0.05571703365827433,1.485555175268089,-0.7493695024318477
KH00104885,29,Nam,Kỹ sư sản xuất,Gia Lai,280735000.0,1003800000,-0.15177855509519467,67.76666666666667,Cần theo dõi,1461541.0833333333,1.6710348052160937,122.33333333333333,29.666666666666668,78.14999999999999,13.833333333333334,0.6815137859698022,-0.6815137859698032,-0.2991152679323718,-0.2834107130300322,-0.2749711265726908
KH00104890,60,Nữ,Kỹ sư khai thác mỏ,Đắk Lắk,188011666.66666666,732800000,-0.945665181364361,71.64999999999999,Ổn định,1633334.0833333333,1.29899549396922,61.5,25.0,72.36666666666666,13.083333333333334,0.6860853732668633,-0.6860853732668643,-0.4746441006122825,0.16555653093490372,-1.0699301432757418
KH00104925,47,Nam,Trợ lý sản xuất truyền hình,Cần Thơ,493456666.6666667,2243700000,0.22457382745219748,59.05833333333334,Cần theo dõi,1515683.3333333333,2.5244478339020024,302.3333333333333,30.333333333333332,80.97500000000001,14.0,0.36143574152361646,-0.36143574152361696,-0.180332695732771,1.0553633745387225,1.614723206930524
KH00104930,35,Nam,Chuyên viên trắc địa,Đắk Lắk,436328333.3333333,2010200000,-0.444741332631112,66.45833333333333,Cần theo dõi,1352503.8333333333,1.5556158407352072,243.16666666666666,30.416666666666668,79.91666666666667,14.0,0.8434697702129884,-0.8434697702129894,-0.3190042448936154,1.141277089045534,0.4839094118529281
KH00104965,84,Nữ,Nhà hóa sinh lâm sàng,Nghệ An,140490833.33333334,679300000,-0.29994532252331424,62.76666666666667,Cần theo dõi,1941127.8333333333,1.4878811065173165,61.5,25.083333333333332,76.26666666666667,13.25,0.14876748320137115,-0.1487674832013721,0.050614511945318665,1.4551892586372166,0.9687279693263748
KH00104970,54,Nữ,Nhà khoa học lâm sàng miễn dịch di truyền,Thanh Hóa,319760833.3333333,1227100000,-0.5822096094338581,68.64166666666667,Cần theo dõi,1557485.25,1.4671867035478086,122.25,29.25,77.85000000000001,13.916666666666666,0.32785297730876956,-0.32785297730877005,-0.34547318550176953,0.08851409736547623,-0.5675205265179573
KH00105005,65,Nữ,Chuyên viên tư vấn tài chính,Nghệ An,622225833.3333334,1827900000,0.010604014944724193,69.8,Cần theo dõi,1448658.6666666667,1.3564178461439251,243.25,30.333333333333332,78.58333333333333,13.916666666666666,0.7952191108641342,-0.7952191108641348,-0.48227232730812997,-1.1556274726674791,-0.8526189363841893
KH00105010,53,Nam,Kỹ sư đóng tàu,Thành phố Hồ Chí Minh,865763333.3333334,2669500000,-0.7806446273346251,71.96666666666667,Cần theo dõi,1604709.1666666667,1.7234868751905463,243.5,30.25,80.75,13.916666666666666,0.37636750779860345,-0.3763675077986044,-0.18280850587632316,-0.9540445031232296,-1.6385583335178824
KH00105045,68,Nam,Nhà di truyền tế bào học,Cần Thơ,422196666.6666667,2055600000,-0.5830889374304641,65.36666666666666,Cần theo dõi,1763171.3333333333,1.7723592819553635,182.5,30.333333333333332,77.89166666666667,14.0,0.1974780681964697,-0.19747806819647065,-0.5368808181076126,1.4902303434850075,0.48312509710776586
KH00105050,30,Nữ,Thư ký y khoa,Hà Tĩnh,268311666.66666666,1213300000,0.6067883966436294,55.125,Có dấu hiệu căng thẳng tài chính,1510229.0,2.0790646529994636,182.91666666666666,30.25,79.40833333333333,13.916666666666666,0.43367143030754124,-0.4336714303075427,-0.3135421617579058,1.022457405297012,2.227273022901712
KH00105085,79,Nam,Kế toán công tài chính công,Phú Thọ,287665000.0,1108200000,-0.27649657594715293,69.02499999999999,Cần theo dõi,1531407.5833333333,1.3502456917636296,121.83333333333333,29.083333333333332,77.45833333333333,13.583333333333334,0.9914648549857785,-0.9914648549857786,-0.32008411845768836,0.10259246571740617,-0.16555921962265188
KH00105090,50,Nữ,Lập trình viên hệ thống,Phú Thọ,1221739166.6666667,3801100000,-0.23370261344565857,69.15833333333333,Cần theo dõi,2213569.6666666665,1.4160075546244364,303.6666666666667,30.416666666666668,81.61666666666666,14.0,-0.06485462400224822,0.0648546240022473,-0.1013725004505255,-0.9100192066102208,-0.9065125638731488
KH00105125,24,Nữ,Bác sĩ bệnh viện,Thành phố Hồ Chí Minh,1038062500.0,3985800000,-1.6463430399932861,73.24166666666666,Ổn định,1288653.3333333333,2.220615859375078,304.5,30.25,80.49166666666666,14.0,-0.1476586648397601,0.14765866483975917,-0.24162615817779645,0.09117994517081432,-2.1550856156885754
KH00105130,31,Nam,Quản lý bối cảnh quay,Tây Ninh,446730000.0,2021000000,-1.073460850204441,68.45,Cần theo dõi,1438569.6666666667,1.8592043361435906,182.75,30.0,80.73333333333333,14.0,0.31331818790387195,-0.313318187903872,-0.12234847001613344,1.0274123821957994,-0.7229268910235432
KH00105165,59,Nam,Điều dưỡng sức khỏe tâm thần,Điện Biên,231695000.0,685000000,1.9921696552964685,61.333333333333336,Cần theo dõi,1671361.0,1.3707662443429183,122.25,29.916666666666668,79.03333333333333,13.416666666666666,0.51253166718042,-0.5125316671804205,-0.11177490070525013,-1.121078413184648,1.471473720974943
KH00105170,91,Nữ,Nhà khoa học thính học,Hà Nội,668755833.3333334,3199500000,-1.7845440901265377,76.00833333333334,Ổn định,1571726.6666666667,1.4544185246064256,182.91666666666666,30.083333333333332,79.88333333333334,13.75,0.7166909839414646,-0.7166909839414646,-0.1992067644411953,1.383452864380684,-1.8094829254813076
KH00105205,19,Nam,Nhân viên giao nhận vận tải,Lâm Đồng,301355000.0,1291400000,-0.1290625818495378,63.19166666666666,Cần theo dõi,1992628.6666666667,1.0351551347637564,123.08333333333333,29.083333333333332,82.73333333333333,13.916666666666666,-1.6448968162941988,1.6448968162941981,0.37678679357850214,0.7050816903177194,0.5730411803923614
KH00105210,24,Nam,Chuyên viên tư vấn hướng nghiệp,Thái Nguyên,351550000.0,1108400000,0.37288714954641855,62.3,Ổn định,15640067.0,0.6685059254904442,15.0,2.0,56.5,6.0,-2.962094007725015,2.962094007725015,4.48432969946792,-0.8691107536384179,-0.17127351276597128
KH00105245,45,Nữ,Lính cứu hỏa,Tây Ninh,1248555833.3333333,4395300000,-0.13814897114780036,67.825,Cần theo dõi,2188326.4166666665,1.300673914263452,364.25,30.416666666666668,82.93333333333334,14.0,-0.036094299500953664,0.03609429950095229,0.07723954826841406,-0.3528193959584344,-0.3579964445962228
KH00105250,42,Nam,Điều dưỡng sức khỏe tâm thần,Hưng Yên,564063333.3333334,2158700000,0.25535030733340897,65.10833333333333,Cần theo dõi,2420956.1666666665,0.9450369626389019,182.91666666666666,29.916666666666668,78.48333333333333,14.0,-0.5913589673860272,0.5913589673860273,-0.4300917948993894,0.07116419872218245,0.5822848898889086
KH00105285,50,Nữ,Kỹ sư khoan,Lào Cai,568767500.0,2254700000,-0.783868829988847,70.28333333333333,Cần theo dõi,1356125.3333333333,1.543138870631742,244.33333333333334,30.416666666666668,80.13333333333334,14.0,0.8699473624477925,-0.8699473624477926,-0.29492646184193777,0.2583225710171005,-0.7921706785249505
KH00105290,30,Nam,Chuyên viên trị liệu kịch nghệ,Đồng Tháp,585766666.6666666,2576600000,-0.784161939321049,65.43333333333334,Cần theo dõi,1556200.25,2.2547943189762303,242.75,30.333333333333332,82.78333333333333,14.0,0.06135591167308965,-0.061355911673090575,0.07892698332469225,0.8662171429143753,-0.3368199464768604
KH00105325,79,Nam,Kế toán viên công chứng,Lạng Sơn,195270000.0,635600000,0.344748653655025,63.0,Ổn định,12142727.0,0.7907115799111621,11.0,2.0,36.8,6.0,-1.3077379967101708,1.3077379967101705,0.64869274808513,-0.7292253814617945,-0.05900445924427155
KH00105330,34,Nữ,Thủ thư thư viện công cộng,Hải Phòng,491866666.6666667,2230600000,-0.22227134948977964,64.27499999999999,Cần theo dõi,2151702.0833333335,1.3656711046045518,182.75,30.166666666666668,82.16666666666667,14.0,-0.07487791620623833,0.07487791620623788,0.05443197465729713,1.0388831963265321,0.7955624780910584
KH00105365,36,Nam,Nhân viên cấp cứu,Thái Nguyên,507230833.3333333,1322000000,2.644044810113758,57.78333333333333,Cần theo dõi,1478035.3333333333,2.376823091637838,304.3333333333333,30.416666666666668,81.41666666666667,14.0,0.4340833864507724,-0.4340833864507729,-0.12939027137290757,-1.6058447050561637,1.3370757871433272
KH00105370,30,Nam,Chuyên viên dựng phim,Lai Châu,371791666.6666667,1060400000,1.6593440085810771,61.975,Cần theo dõi,2518854.6666666665,0.9197457055361072,122.33333333333333,29.333333333333332,77.91666666666667,14.0,-0.590493044260992,0.5904930442609917,-0.34446437878164826,-1.2668370027527949,0.7733215528175487
KH00105405,65,Nam,Nhà thiết kế đồ gỗ,Hà Nội,550723333.3333334,1429800000,1.2337492582237464,65.23333333333333,Cần theo dõi,1521681.8333333333,1.4230616636340427,243.75,30.416666666666668,79.56666666666666,13.833333333333334,0.7299333611911295,-0.7299333611911305,-0.3356271814053459,-1.6166160747882314,-0.03726773630693669
KH00105410,55,Nữ,Chuyên viên công nghệ màu sắc,Hà Nội,161985000.0,641300000,-0.28206565325899113,68.59166666666667,Cần theo dõi,1821666.6666666667,1.2849431099530133,61.666666666666664,25.833333333333332,74.26666666666667,13.25,0.6428524952576781,-0.6428524952576791,-0.26809389806970635,0.24859700214926606,-0.03485876958965461
KH00105445,46,Nữ,Chuyên viên nghiên cứu xã hội,Quảng Ninh,629523333.3333334,1572900000,1.5164532091325933,62.083333333333336,Cần theo dõi,1452086.75,2.0814425051191017,304.5,30.333333333333332,78.16666666666667,14.0,0.4409510167113288,-0.44095101671133025,-0.5597175181464755,-1.7553570132485345,0.0016678885421554882
KH00105450,57,Nữ,Luật sư tư vấn,Hà Nội,324200000.0,1250600000,-1.5897729388782966,75.6,Ổn định,11380818.0,0.8080322292360357,11.0,2.0,51.1,7.0,-2.2667219310433375,2.266721931043337,2.852388797796514,0.09638324006600221,-2.0616961385325507
KH00105485,80,Nữ,Chuyên viên sinh lý vận động,Lâm Đồng,256422500.0,724700000,1.7653030321721068,61.775,Cần theo dõi,1705670.8333333333,1.7611505863925456,122.25,29.333333333333332,76.56666666666668,13.416666666666666,0.5173234797567036,-0.5173234797567037,-0.4280368535464804,-1.3050997592938696,0.9324814236035507
KH00105490,33,Nữ,Kiểm lâm,Thành phố Hồ Chí Minh,428834166.6666667,2189700000,-1.2823012493983794,69.89999999999999,Cần theo dõi,2133736.6666666665,1.3183030837142538,121.58333333333333,29.666666666666668,81.39999999999999,13.916666666666666,-0.062576588883306,0.06257658888330646,0.12287582348651038,1.836736796658227,-0.6111060173562215
KH00105525,34,Nữ,Nhà khảo cổ học,Thanh Hóa,300612500.0,1001700000,1.1367300692648783,61.50833333333333,Cần theo dõi,1394129.9166666667,1.7130683604886972,183.08333333333334,30.0,77.04166666666667,13.916666666666666,0.6298726749643674,-0.6298726749643678,-0.6102587481735161,-0.6038225819052685,1.0562911083754845
KH00105530,35,Nữ,Quản lý công ty du lịch,Hưng Yên,295758333.3333333,1441100000,-1.3375523585184599,71.76666666666667,Cần theo dõi,1348558.8333333333,1.5651625859843596,122.66666666666667,29.0,76.25,13.916666666666666,1.0676429250397936,-1.0676429250397947,-0.550047294086659,1.5135144548810453,-0.8899299092611609
KH00105565,86,Nam,Kỹ sư năng lượng,Đà Nẵng,299260000.0,1321900000,-1.756845258233447,75.0,Ổn định,11970400.0,0.9162376940591718,10.0,2.0,48.0,5.0,-2.202181307006125,2.2021813070061245,2.469080209027653,0.863369913953183,-1.9682506388947287
KH00105570,57,Nam,Kỹ sư hóa học,Cần Thơ,162714166.66666666,680700000,-0.5060011830613335,69.18333333333334,Cần theo dõi,1812026.4166666667,1.31361541052024,61.666666666666664,25.333333333333332,72.35833333333333,13.333333333333334,0.2979750352477305,-0.2979750352477315,-0.4516277809051391,0.5655702328635475,-0.021749508849097588
KH00105605,45,Nữ,Nhà khoa học biển,Cần Thơ,1196183333.3333333,4004100000,-0.3692656795890923,68.64999999999999,Cần theo dõi,2256979.4166666665,1.4914655522761004,303.9166666666667,30.416666666666668,82.075,14.0,-0.08622971811974224,0.08622971811974132,-0.03538662549355988,-0.5902978580143924,-0.8464564633864904
KH00105610,56,Nam,Nghệ sĩ,Hà Nội,133991666.66666667,428100000,1.260715316786332,65.70833333333333,Cần theo dõi,1727479.75,1.2385918782696788,61.5,24.833333333333332,75.86666666666666,13.666666666666666,0.3070890174722246,-0.30708901747222467,-0.09274408203910223,-0.7953100610041787,1.0649185705722615
KH00105645,26,Nữ,Giảng viên công nghệ thông tin,Quảng Ninh,558481666.6666666,1538800000,0.615435121943589,66.28333333333333,Cần theo dõi,1420787.25,1.8917543332273794,243.5,30.333333333333332,79.53333333333333,14.0,0.5291690569493316,-0.529169056949332,-0.363439839262375,-1.400399868973844,-0.43917302072044595
KH00105650,69,Nam,Nhân viên giao dịch,Phú Thọ,185435833.33333334,925100000,0.23878963006399528,56.083333333333336,Có dấu hiệu căng thẳng tài chính,1549014.9166666667,1.338387077923717,122.41666666666667,29.333333333333332,77.35833333333333,13.416666666666666,0.6340923983793644,-0.6340923983793649,-0.3157661697083015,1.6634901744407233,2.1344997930454586
KH00105685,23,Nam,Kỹ sư vật liệu,Phú Thọ,684043333.3333334,3072400000,-1.2655940174628642,69.35833333333333,Cần theo dõi,1197419.9166666667,2.10806355944233,303.6666666666667,30.25,80.28333333333333,14.0,0.019601056843888843,-0.019601056843889762,-0.27094008450609547,0.9943691294865125,-1.0741878518923336
KH00105690,80,Nữ,Chuyên viên khảo sát khoáng sản,Lâm Đồng,332185833.3333333,1288300000,0.6791864016975278,61.50833333333333,Cần theo dõi,1631741.9166666667,1.6085844139911656,183.58333333333334,30.083333333333332,78.54166666666667,13.75,0.4655113727652718,-0.46551137276527327,-0.37930398162485934,0.14958429526093991,1.3413895182417157
KH00105725,53,Nam,Luật sư sáng chế,Nghệ An,195489166.66666666,886600000,-0.8910002909086847,71.52499999999999,Ổn định,1981800.5,1.4967878886047545,61.916666666666664,25.333333333333332,73.64999999999999,12.833333333333334,0.6916826340925101,-0.6916826340925115,-0.24320429724822037,1.0441403595809384,-0.37278637979069806
KH00105730,42,Nam,Chuyên viên giám định tổn thất công chứng,Hà Nội,998798333.3333334,3850000000,-0.6254432359336559,70.10833333333333,Cần theo dõi,2467492.5,0.9679772757790571,243.5,30.333333333333332,78.96666666666667,13.833333333333334,-0.6687183061479566,0.6687183061479561,-0.4147656614714213,0.10581813888660155,-0.6503777770960979
KH00105765,36,Nữ,Kỹ thuật viên phòng thí nghiệm,Thanh Hóa,197260833.33333334,712000000,1.2739052367354224,62.11666666666667,Cần theo dõi,1492007.8333333333,1.7852613554939711,122.25,29.5,78.56666666666666,13.833333333333334,0.6376676154305833,-0.6376676154305843,-0.22143251506015427,-0.22768997433615842,1.7597654123036177
KH00105770,52,Nữ,Dược sĩ bệnh viện,Quảng Ngãi,312700000.0,878600000,0.08622622265284442,69.2,Ổn định,21462125.0,0.3097776580361638,8.0,2.0,46.0,4.0,-3.4308017576232257,3.430801757623226,3.858999787142594,-1.3393499533894662,-0.9658963945782387
KH00105805,40,Nam,Trợ lý phát thanh,Tuyên Quang,545381666.6666666,1602600000,1.4285204094719877,63.18333333333334,Cần theo dõi,2377602.4166666665,0.9552535139072348,182.83333333333334,30.416666666666668,78.48333333333333,14.0,-0.5949430016025835,0.5949430016025836,-0.461076061675358,-1.154747523928313,0.7407724908933436
KH00105810,39,Nam,Nhà thiết kế nội thất,Tây Ninh,108328333.33333333,512200000,-0.20746932821357789,64.23333333333333,Cần theo dõi,1484420.0,1.6499387810333859,61.666666666666664,25.75,75.05,13.25,0.48573634870773946,-0.48573634870774046,-0.06724143711140874,1.3082572133638766,0.9807167804309876
KH00105845,65,Nữ,Nhà văn khoa học,Hà Nội,121739166.66666667,551400000,0.154227587723713,61.48333333333333,Cần theo dõi,1720304.0,1.3326929292204424,61.583333333333336,25.5,72.43333333333334,13.083333333333334,0.3824938612440485,-0.38249386124404994,-0.47459727629492404,1.0327147942036794,1.3801570756454165
KH00105850,51,Nữ,Kỹ thuật viên y tế,Đồng Tháp,130814166.66666667,379500000,1.3959852735975644,63.43333333333334,Cần theo dõi,1659359.8333333333,1.3776045206341276,61.666666666666664,25.25,75.52499999999999,12.916666666666666,0.5587584632946895,-0.5587584632946905,-0.011433005478986395,-1.196987196404183,0.6700160963834095
KH00105885,55,Nữ,Chuyên viên thẩm định bảo hiểm,Tuyên Quang,410976666.6666667,1794700000,-0.643176350531878,68.51666666666667,Cần theo dõi,1503807.25,1.4484925123442585,182.5,30.25,78.10833333333333,13.75,0.8920806909972161,-0.8920806909972172,-0.4575807874072562,0.815693220043563,-0.1413014850044397
KH00105890,37,Nam,Kỹ sư phát thanh truyền hình,Cần Thơ,276660833.3333333,1381600000,-1.4927537499194288,74.06666666666666,Ổn định,2397887.0833333335,0.8006418283137515,61.25,24.75,72.31666666666666,13.0,-0.22303633582240837,0.2230363358224084,-0.4040910840634929,1.67241060429074,-1.092675270885428
KH00105925,33,Nam,Giám đốc chiến lược,Vĩnh Long,850250833.3333334,2297900000,-0.7573424354245644,73.2,Cần theo dõi,1361427.25,1.8839138289454016,243.58333333333334,30.25,83.21666666666667,14.0,0.7020412055429127,-0.7020412055429142,0.14589678979187629,-1.4775167708006214,-1.9810237647445035
KH00105930,28,Nam,Cán bộ thủy sản,An Giang,513800000.0,1868500000,0.7674123106903353,63.050000000000004,Cần theo dõi,2435658.0833333335,0.9414319584122017,182.75,30.166666666666668,78.175,14.0,-0.5534422918502084,0.5534422918502075,-0.49256906100984343,-0.1967916962387036,1.0997645542501548
KH00105965,76,Nữ,Kỹ sư cấp thoát nước,Đồng Nai,163410000.0,780500000,-1.2820081400661774,68.0,Ổn định,11472250.0,1.0653750374246778,8.0,2.0,47.4,5.0,-2.516795062865555,2.5167950628655547,4.081407128260544,1.3554344602827393,-0.8818626718823563
KH00105970,79,Nữ,Kỹ sư vật liệu,Đồng Nai,186100000.0,825800000,-1.1149358207110265,72.00833333333334,Ổn định,1677636.1666666667,1.39430660943039,61.833333333333336,25.25,72.74166666666666,13.0,0.7193549196091598,-0.7193549196091608,-0.4007536270721288,0.9155697568365332,-0.7802378899021354
KH00106005,17,Nam,Chuyên viên khảo sát bất động sản,Thành phố Hồ Chí Minh,809340000.0,3654800000,-0.6519696304979387,66.325,Cần theo dõi,1820715.25,1.3858384209788939,303.5833333333333,30.416666666666668,82.91666666666667,14.0,-1.7034028981852964,1.7034028981852953,0.080955310363921,1.016383340052668,0.0033485629960729587
KH00106010,81,Nữ,Kỹ thuật viên kế toán,Đồng Nai,201723333.33333334,985000000,-1.1380914579549863,68.40833333333333,Ổn định,1981242.4166666667,1.48985133593592,61.833333333333336,26.166666666666668,75.60833333333333,13.333333333333334,0.25238912365667276,-0.25238912365667326,-0.1399664052130972,1.5199290129463172,-0.5154756409283073
KH00106045,57,Nam,Kỹ sư kết cấu,Lào Cai,130900000.0,425900000,0.44337994394100355,67.55833333333334,Cần theo dõi,1472874.0833333333,1.3181279879395,61.5,24.916666666666668,73.35000000000001,13.083333333333334,1.0657048550582822,-1.0657048550582826,-0.3157108309948687,-0.7168811835368047,0.12967925944888406
KH00106050,52,Nam,Kỹ sư viễn thông,Gia Lai,143010833.33333334,475500000,0.16272775835757108,68.54166666666667,Cần theo dõi,1499421.0,1.308087346723644,61.833333333333336,25.916666666666668,72.89999999999999,13.0,0.7506089101209843,-0.7506089101209857,-0.4231357414287262,-0.6184499666463317,-0.12320622338392714
KH00106085,60,Nam,Chuyên viên phân tích rủi ro,Quảng Ngãi,215600000.0,541400000,0.6912038843178107,65.3,Ổn định,12440600.0,0.8290936473344064,10.0,2.0,54.1,6.0,-2.768405031577933,2.7684050315779323,4.350109715234099,-1.7484990785401338,-0.7783331255210288
KH00106090,43,Nữ,Giáo viên tiếng anh,Cần Thơ,418602500.0,1410100000,0.13693413712379388,65.55833333333334,Cần theo dõi,2285289.0833333335,1.458075568102011,122.41666666666667,29.25,80.39166666666667,13.916666666666666,-0.2764235329852405,0.27642353298524014,0.013558223162605893,-0.5513512951403658,-0.16376650020513842
KH00106125,48,Nữ,Giáo viên mầm non,Quảng Trị,508000833.3333333,1274700000,2.49910224533986,57.449999999999996,Cần theo dõi,1431647.5833333333,2.1401698228731516,304.0833333333333,30.416666666666668,80.38333333333334,14.0,0.5075073414512628,-0.5075073414512629,-0.26540691750274104,-1.7350108701204725,0.9747223748786809
KH00106130,83,Nữ,Chánh văn phòng,Thanh Hóa,278910000.0,722800000,1.8589514638106521,56.3,Cần theo dõi,19464000.0,0.417977560560732,11.0,2.0,57.3,5.0,-3.4378379867448374,3.4378379867448356,4.202127387221673,-1.638349544126867,0.5030130781457919
KH00106165,68,Nữ,Nhà báo tạp chí,Thành phố Hồ Chí Minh,168610833.33333334,613400000,-0.24073723741850672,68.59166666666667,Ổn định,1882425.5833333333,1.347338633858617,62.0,25.916666666666668,71.71666666666667,13.25,0.7839526790093433,-0.7839526790093437,-0.632253304879616,-0.18885209088365607,-0.3318899680787018
KH00106170,21,Nam,Kế toán công tài chính công,Hải Phòng,723763333.3333334,2735900000,-0.28001388793357723,65.63333333333334,Cần theo dõi,1288976.6666666667,2.4201124437416444,363.6666666666667,30.333333333333332,80.14999999999999,14.0,0.06240075262472418,-0.06240075262472557,-0.29921482162844654,0.006883374874172033,-0.2582764269971091
KH00106205,58,Nam,Nhân viên phát triển cộng đồng,Lào Cai,130870000.0,428100000,0.34298999766181254,60.8,Ổn định,12840286.0,0.7870876666855412,7.0,1.0,56.8,6.0,-3.0475236314956744,3.047523631495674,2.9493781112933846,-0.7070203381515454,-0.040180905360394384
KH00106210,68,Nữ,Thư ký pháp lý,Huế,150430000.0,550400000,0.7228596921956285,54.5,Cần theo dõi,10622000.0,0.8902349077439645,12.0,2.0,53.8,5.0,-1.3550036249347077,1.3550036249347075,3.147090620812225,-0.17582198178014086,1.0388120940547412
KH00106245,36,Nam,Bác sĩ đo mắt,Nghệ An,426575833.3333333,1524000000,-1.1836699591124002,72.86666666666666,Ổn định,1541251.0,1.7918996043651358,122.41666666666667,29.333333333333332,80.81666666666666,13.916666666666666,0.3458273946338772,-0.34582739463387724,0.06668823776957566,-0.2730516378188134,-1.7317797432285145
KH00106250,64,Nữ,Luật sư tranh tụng,Phú Thọ,979130833.3333334,2834100000,-0.9510877040100987,74.54166666666667,Ổn định,1592621.75,1.8377489347435028,243.0,30.25,78.10833333333333,13.75,0.6709689821580448,-0.6709689821580445,-0.5038964690605792,-1.2161338531955677,-1.9989509589196246
KH00106285,58,Nam,Luật sư,Ninh Bình,430100000.0,1492000000,-1.4455631474349036,74.8,Ổn định,14687818.0,0.7885102382682994,11.0,2.0,49.6,6.0,-3.0299619727327163,3.029961972732716,3.486558520950189,-0.43601433127312844,-2.1322844655970923
KH00106290,54,Nam,Nhà thiết kế trang sức,Ninh Bình,372496666.6666667,1254400000,0.6218835272520336,64.02499999999999,Cần theo dõi,1562280.0833333333,1.5322518667343168,182.75,30.166666666666668,79.28333333333333,13.583333333333334,0.8060178437269945,-0.8060178437269955,-0.24784638718703572,-0.5625677926928745,0.4064303195273241
KH00106325,58,Nam,Nhà tâm lý học lâm sàng,Hưng Yên,412205833.3333333,1838400000,-0.5868993587490908,68.15833333333333,Cần theo dõi,1560890.9166666667,1.417944822887943,183.33333333333334,30.166666666666668,80.05,13.916666666666666,0.8260368580615537,-0.8260368580615547,-0.2203666998471059,0.9369550478684967,0.06222819136498878
KH00106330,55,Nam,Chuyên viên dựng phim,Thanh Hóa,328010000.0,1279800000,-0.4818196631546671,64.5,Ổn định,17397000.0,0.5870112620510589,12.0,2.0,50.0,6.0,-3.632034902437093,3.6320349024370926,4.392171520545789,0.15696966636253887,-0.3783326054886268
KH00106365,87,Nam,Chuyên viên trang điểm,Thành phố Hồ Chí Minh,427965000.0,1427500000,0.35559369894649945,65.33333333333333,Cần theo dõi,1656980.6666666667,1.5211021680760315,183.0,30.083333333333332,79.39999999999999,13.916666666666666,0.4901695291499783,-0.4901695291499793,-0.3066378636421157,-0.6018769944516318,0.07371280013342595
KH00106370,58,Nữ,Kỹ sư phần mềm,Hải Phòng,407390000.0,1091700000,-0.1336057764986691,71.4,Ổn định,18154545.0,0.5031256448929673,11.0,2.0,40.5,5.0,-3.146031945945798,3.146031945945797,1.3468670307361166,-1.5174577161684208,-1.3618632959212384
KH00106405,37,Nam,Bác sĩ ung bướu,Cà Mau,259011666.66666666,1102300000,-1.0806420288433907,73.30833333333332,Cần theo dõi,2287812.3333333335,0.760960385089331,61.5,25.166666666666668,72.825,12.75,-0.38791752087901304,0.3879175208790117,-0.34219538456911563,0.6611281258047808,-1.0023110077464552
KH00106410,44,Nữ,Chuyên viên giám định tổn thất công chứng,Đồng Tháp,1113068333.3333333,5280200000,-0.7708254647058572,67.325,Cần theo dõi,2135629.5833333335,1.376559310080413,364.5,30.333333333333332,83.05,14.0,0.012951735888382786,-0.012951735888383248,0.09912123594652737,1.3248473729620214,0.05012733529678075
KH00106445,73,Nữ,Nhân viên cứu trợ quốc tế,Đà Nẵng,92659166.66666667,329000000,0.9818217871961121,62.71666666666667,Cần theo dõi,1358809.75,1.2263835890127857,61.083333333333336,25.25,71.875,13.0,1.0337010375926186,-1.03370103759262,-0.5121646019514563,-0.30628226010768517,1.270913236140769
KH00106450,55,Nam,Chuyên viên thu mua bán lẻ,Hưng Yên,414292500.0,1831400000,-0.4168959460719199,65.22500000000001,Cần theo dõi,1693066.25,1.8469330272840976,182.58333333333334,30.083333333333332,77.26666666666667,13.916666666666666,0.0884802554031022,-0.08848025540310221,-0.5851821018400996,0.8769127073096008,0.28469346658188893
KH00106485,36,Nữ,Chuyên viên nghiên cứu chính trị,Gia Lai,623344166.6666666,2595200000,-0.08993248600056827,64.03333333333333,Cần theo dõi,1327543.75,1.7543810019160537,365.0833333333333,30.416666666666668,79.0,14.0,0.7194841836023427,-0.7194841836023432,-0.4622177973555132,0.5340338089081157,0.5533212667997275
KH00106490,74,Nữ,Cán bộ thông tin,Cần Thơ,45470000.0,132900000,1.1115226666955047,63.4,Ổn định,4214125.0,0.8529006795025609,8.0,2.0,17.4,5.0,2.3077406817441486,-2.3077406817441495,-1.695773578891339,-1.1843936490364666,0.3268783953752215
KH00106525,50,Nam,Nghệ nhân thổi thủy tinh,Thành phố Hồ Chí Minh,190652500.0,695600000,0.4899843277611247,65.65833333333333,Cần theo dõi,2455939.3333333335,0.8628953766543078,61.833333333333336,24.5,72.175,13.0,-0.5776215291931898,0.5776215291931889,-0.4556343477270179,-0.17541778436064215,0.6708004111285717
KH00106530,72,Nam,Tiếp viên hàng không,Đồng Nai,269285000.0,1238000000,-0.05124205414990171,64.31666666666666,Cần theo dõi,1861910.0,1.9196144817899568,121.91666666666667,29.166666666666668,74.34166666666667,13.666666666666666,0.18387077445812522,-0.18387077445812572,-0.763582628411563,1.1239974187229977,1.1445265172061618
KH00106565,21,Nam,Nhà giao dịch hợp đồng tương lai,Gia Lai,627401666.6666666,2738800000,-0.8789828082884018,66.55833333333334,Cần theo dõi,1295133.9166666667,2.559576325170671,305.0833333333333,30.333333333333332,80.05,14.0,-0.17801717809883918,0.17801717809883782,-0.31061587741352914,0.8130649843765414,-0.5427025670817733
KH00106570,16,Nữ,Giảng viên đại học,Thành phố Hồ Chí Minh,274750833.3333333,739100000,-0.5137685803646871,72.56666666666666,Cần theo dõi,1904412.5833333333,1.0300685494508302,61.666666666666664,24.583333333333332,77.55833333333334,13.583333333333334,-1.6694880608812528,1.6694880608812521,0.18158731876446016,-1.495972738416774,-1.7093147280278154
KH00106605,89,Nữ,Chuyên viên chăm sóc bàn chân,Hải Phòng,493171666.6666667,2194600000,-0.8641807870122,67.8,Cần theo dõi,1707656.4166666667,1.6329280844818779,182.58333333333334,30.333333333333332,79.84166666666667,13.916666666666666,0.11418887899634333,-0.11418887899634426,-0.2569571428983273,0.925343401625909,-0.4156435783655984
KH00106610,63,Nam,Nhà địa chất công trình,Thành phố Hồ Chí Minh,352283333.3333333,1470000000,-0.9392167760559168,70.11666666666666,Ổn định,1679268.8333333333,1.69973002121229,122.16666666666667,28.5,78.2,13.75,0.46123097982771655,-0.46123097982771755,-0.2281555800298191,0.5443190777961675,-0.8067365237922368
KH00106645,46,Nam,Nhà độc chất học,Bắc Ninh,819367500.0,3579500000,-0.4752247031801215,68.08333333333333,Cần theo dõi,2415341.5,0.9569664430378132,243.08333333333334,30.333333333333332,78.075,14.0,-0.47083298179914357,0.47083298179914224,-0.5640394576363879,0.8086022310045289,0.14586975668829089
KH00106650,29,Nữ,Quản lý công viên giải trí,Thành phố Hồ Chí Minh,683913333.3333334,3369400000,-1.2100497990105819,69.85833333333333,Ổn định,2253038.0833333335,1.421481498253212,182.58333333333334,30.0,80.41666666666667,14.0,0.018956014847088164,-0.018956014847088625,-0.17172765802137469,1.5914934914776022,-0.5872964625923888
KH00106685,35,Nam,Quản lý hoạt động ngoài trời,Cần Thơ,527068333.3333333,2289800000,-1.1185996873635522,72.575,Cần theo dõi,2386572.1666666665,0.8930402549462809,122.16666666666667,29.416666666666668,78.25,14.0,-0.4955301749563933,0.49553017495639334,-0.31205141245720613,0.7865736597284788,-0.9159243408150874
KH00106690,90,Nữ,Nhà thiết kế dệt may,Lào Cai,124309166.66666667,452900000,0.44748347459183235,66.31666666666666,Cần theo dõi,1582691.5833333333,1.1798146646135426,61.25,25.333333333333332,74.675,13.166666666666666,0.8272301613831982,-0.8272301613831992,-0.17266089731947576,-0.19000317720548202,0.6529292394352467
KH00106725,65,Nam,Thủ thư học thuật,Đắk Lắk,467427500.0,1659100000,0.5686841834573668,63.86666666666667,Cần theo dõi,1513868.25,1.5735048311306148,243.25,30.25,78.80833333333334,13.75,0.6746929186203986,-0.6746929186203987,-0.41657104056391464,-0.31277710300772044,0.6518648122810993
KH00106730,67,Nam,Chuyên viên phôi học lâm sàng,Tuyên Quang,134401666.66666666,465700000,-0.1318471205054567,69.325,Cần theo dõi,1400514.4166666667,1.2224309178784134,61.166666666666664,26.083333333333332,71.73333333333333,13.0,0.84247307469094,-0.842473074690941,-0.5891211288558128,-0.4320959614847145,-0.4076883859503883
KH00106765,65,Nam,Người hướng dẫn học tập,Thành phố Hồ Chí Minh,402344166.6666667,1164700000,1.123686703981889,63.416666666666664,Cần theo dõi,1650392.5,1.6242415180091874,182.91666666666666,30.083333333333332,78.91666666666667,14.0,0.3415638157478862,-0.3415638157478867,-0.3764278215852456,-1.2056021566683441,0.3282789574201531
KH00106770,51,Nữ,Nhà di truyền tế bào học,Hà Nội,522585833.3333333,1345200000,1.5571954063086744,64.49166666666666,Cần theo dõi,1536214.25,1.4130914681766429,242.91666666666666,30.333333333333332,79.58333333333333,13.916666666666666,0.824926535680634,-0.824926535680635,-0.344067480156321,-1.6486139883010118,0.2030687106032885
KH00106805,31,Nữ,Chuyên viên dựng phim,Đồng Tháp,718750000.0,2764500000,-0.21831437350505234,66.28333333333333,Cần theo dõi,1384466.0833333333,1.805874842141997,365.0833333333333,30.416666666666668,80.175,14.0,0.7450099824393108,-0.7450099824393118,-0.2995317705074264,0.10089845642682073,-0.04348623178643245
KH00106810,43,Nam,Chuyên viên khảo sát khoáng sản,Lào Cai,117684166.66666667,336900000,3.0091124833713714,47.166666666666664,Có dấu hiệu căng thẳng tài chính,2014287.25,2.130698029145309,61.666666666666664,25.916666666666668,74.09166666666667,13.166666666666666,-0.04780199926723004,0.047801999267229126,-0.15970419687954265,-1.2579787624133305,2.283743684553345
KH00106845,36,Nam,Nhà hóa sinh lâm sàng,Cà Mau,457318333.3333333,1137000000,3.2503414637736334,58.94166666666666,Cần theo dõi,2333362.0833333335,0.9155699514290424,182.41666666666666,30.333333333333332,79.2,14.0,-0.5271904917376515,0.5271904917376508,-0.36116378692152934,-1.7716117252533674,1.6942751310826265
KH00106850,53,Nam,Chuyên viên nghiên cứu chính trị,Đồng Nai,113864166.66666667,287900000,3.2907905516175116,58.21666666666667,Cần theo dõi,1791605.1666666667,1.4705688145757196,61.833333333333336,25.916666666666668,78.35833333333333,13.416666666666666,0.2990622779235436,-0.29906227792354456,0.2574936333708677,-1.7098106837698768,1.7775245390333483
KH00106885,58,Nữ,Kỹ sư bảo trì,Lâm Đồng,398625000.0,1410400000,-0.6946170383333324,71.98333333333333,Ổn định,1705331.5833333333,1.5708597339927923,122.33333333333333,29.416666666666668,76.15,13.75,0.516918885981919,-0.51691888598192,-0.5412089729909981,-0.31824533672409544,-1.0624791531967066
KH00106890,23,Nữ,Trợ lý sản xuất truyền hình,Đồng Nai,312130000.0,1475900000,-0.6400987025437572,60.6,Ổn định,17494769.0,0.7763036060429355,13.0,2.0,44.7,7.0,-2.862146613780801,2.8621466137808005,1.470741823608974,1.2898657046705027,0.24082786333463807
KH00106925,43,Nam,Nhà khoa học nghiên cứu khoa học tự nhiên,Đồng Nai,246330000.0,824300000,0.41729321337502434,66.38333333333334,Cần theo dõi,1404255.5,1.7972531808149317,122.25,29.75,80.43333333333334,13.833333333333334,0.7440629180083569,-0.744062918008357,0.017791450777290718,-0.5923748019251901,0.16262047874566948
KH00106930,58,Nữ,Nhà khoa học nghiên cứu y học,Cà Mau,314171666.6666667,1402200000,-0.893784829564604,71.41666666666667,Cần theo dõi,1556089.3333333333,1.375161613726447,121.83333333333333,29.333333333333332,75.43333333333332,13.666666666666666,0.9796779855343359,-0.979677985534337,-0.6276201850359571,0.941667851311609,-0.47189015009004237
KH00106965,61,Nam,Sĩ quan huấn luyện quân đội,Phú Thọ,399730000.0,2010000000,-0.07967365937349827,62.46666666666667,Cần theo dõi,1538933.9166666667,1.725315108664167,243.25,30.333333333333332,79.58333333333333,14.0,0.6300003646748686,-0.6300003646748688,-0.3602535099791025,1.7194804643667714,1.664639238211879
KH00106970,70,Nữ,Chuyên viên ngân hàng đầu tư doanh nghiệp,Lâm Đồng,313272500.0,1494700000,-0.7504543661178167,66.55833333333334,Ổn định,1791842.9166666667,1.8986740409952496,122.08333333333333,29.583333333333332,78.43333333333334,13.916666666666666,0.26015403455382125,-0.2601540345538222,-0.27946640128122774,1.3661730587323766,0.05326459427742744
KH00107005,53,Nam,Kỹ sư vật liệu,Tuyên Quang,209867500.0,960900000,-1.4886502192686002,73.86666666666666,Ổn định,1665592.9166666667,1.3980856395214847,61.583333333333336,25.333333333333332,74.30833333333334,13.166666666666666,0.7467798157732053,-0.7467798157732067,-0.19577658844038853,1.1022293712308115,-1.3973815493806985
KH00107010,82,Nam,Kỹ sư năng lượng,Đắk Lắk,366689166.6666667,934400000,0.5979951166775688,68.425,Cần theo dõi,1703105.9166666667,1.5605773887004906,121.75,29.166666666666668,75.11666666666666,13.916666666666666,0.4266648895499358,-0.42666488954993587,-0.7165942582065103,-1.6819505960651937,-0.7816944744288639
KH00107045,57,Nam,Thư ký y khoa,Quảng Ninh,134838333.33333334,463100000,0.7806022306394261,64.26666666666667,Cần theo dõi,1753621.4166666667,1.3343365804526737,61.583333333333336,26.166666666666668,72.23333333333333,13.25,0.29251029817860197,-0.29251029817860247,-0.5720763890183724,-0.46446214718880446,0.7614447866765304
KH00107050,47,Nam,Chuyên viên nghiên cứu thị trường,Khánh Hòa,107526666.66666667,474200000,0.2944804031823785,63.43333333333334,Cần theo dõi,1570823.5833333333,1.4556105753568394,61.583333333333336,26.083333333333332,76.65833333333333,13.5,0.657303331159649,-0.6573033311596495,0.03548952564420703,0.8667837372212973,1.5219499770742706
KH00107085,49,Nữ,Nhà vật lý y tế,Lâm Đồng,1149315000.0,3850900000,0.5664858634658514,64.3,Cần theo dõi,2334436.3333333335,1.7942648221951902,364.5,30.416666666666668,82.98333333333333,14.0,-0.026972436872247606,0.02697243687224761,0.08676720577522407,-0.5810490886336602,0.39354514871395607
KH00107090,56,Nam,Chuyên viên quan hệ công chúng,Quảng Trị,114609166.66666667,373100000,1.0502628162652836,63.00833333333333,Cần theo dõi,1566574.75,1.331541068402736,61.083333333333336,25.25,74.60000000000001,13.0,0.4656514164151168,-0.46565141641511776,-0.1539678865097405,-0.7082737327265207,0.8257025732979821
KH00107125,29,Nam,Chuyên viên quy hoạch giao thông,Quảng Ngãi,370743333.3333333,1343400000,0.6594015217738917,64.73333333333333,Cần theo dõi,2463282.75,0.9225856099360349,122.25,29.916666666666668,78.45,13.916666666666666,-0.5950650100717674,0.5950650100717665,-0.28974897175934844,-0.21328984881360571,0.899204069415981
KH00107130,58,Nữ,Nhà khoa học y sinh,Thành phố Hồ Chí Minh,373169166.6666667,1349500000,-0.5546573322068685,69.03333333333333,Cần theo dõi,1745524.6666666667,1.745642419401909,122.25,29.5,77.85833333333333,13.833333333333334,0.5577344696729808,-0.5577344696729813,-0.31605369881687956,-0.21805507472910027,-0.7620305833180275
KH00107165,22,Nam,Quản lý công ty du lịch,Đồng Nai,664623333.3333334,2440200000,-0.6170896199658984,66.58333333333333,Cần theo dõi,1259875.5,2.330646264117694,304.6666666666667,30.25,81.19166666666666,14.0,-0.012322452221398402,0.012322452221397485,-0.14646585043692217,-0.1370139335855095,-0.8024227926938482
KH00107170,62,Nữ,Nhà sản xuất phát thanh,Đà Nẵng,462184166.6666667,1823700000,0.34592109098383245,62.5,Cần theo dõi,1575712.8333333333,1.7220330359327718,243.91666666666666,30.416666666666668,78.72500000000001,13.916666666666666,0.5720842829381863,-0.5720842829381868,-0.46121011377130755,0.23938157928380424,0.9682797894719969
KH00107205,26,Nam,Kỹ sư y sinh,Lâm Đồng,678246666.6666666,2043200000,-0.22403000548299204,68.81666666666666,Cần theo dõi,1526444.0833333333,2.2509532070999865,243.33333333333334,30.416666666666668,80.7,14.0,0.47559650755695676,-0.4755965075569568,-0.20928000958695775,-1.0501866453986002,-1.045056161357761
KH00107210,46,Nam,Cán bộ quản lý thị trường,Đồng Tháp,835011666.6666666,2924100000,-0.6585645904724843,72.26666666666667,Cần theo dõi,2441477.5,0.9136778272010716,183.08333333333334,29.916666666666668,77.64999999999999,13.916666666666666,-0.415021075608683,0.4150210756086817,-0.5386108479647495,-0.37168892230458545,-1.0627592656056932
KH00107245,53,Nam,Phó giáo sư,Sơn La,166709166.66666666,470400000,0.4687339011764783,68.60833333333333,Cần theo dõi,1672574.5,1.2875054154739534,61.166666666666664,25.25,71.80833333333334,12.583333333333334,0.832791308218284,-0.8327913082182845,-0.46706031179731256,-1.3104616704460001,-0.529537283859418
KH00107250,30,Nữ,Chuyên viên kinh doanh công nghệ thông tin,Sơn La,416652500.0,1991500000,-0.17669284833236593,61.083333333333336,Cần theo dõi,1516286.0833333333,1.9896362415026978,243.83333333333334,30.416666666666668,81.11666666666666,13.916666666666666,0.4876616065636529,-0.4876616065636539,-0.13802478889195915,1.3857749433367872,1.2034621680568738
KH00107285,51,Nữ,Lập trình viên hệ thống,Cao Bằng,282629166.6666667,856800000,0.4260864933410854,66.24166666666666,Cần theo dõi,1515701.25,1.5197030701085108,122.0,28.666666666666668,77.39999999999999,13.333333333333334,0.6580329226986485,-0.6580329226986495,-0.24923456440876005,-1.0302877132234354,-0.2532904261171528
KH00107290,19,Nữ,Người phụ trách bảo tàng,Thành phố Hồ Chí Minh,431065000.0,1926400000,-0.9544584613304214,67.05833333333332,Cần theo dõi,1435312.3333333333,2.5498266882818648,183.5,29.333333333333332,80.79166666666667,14.0,-0.27486821208214995,0.27486821208215,-0.09609845515442368,0.9526290497452854,-0.5599014689935307
KH00107325,31,Nữ,Kỹ sư điện tử,Nghệ An,910385000.0,2807000000,-0.09535500864630599,67.50833333333334,Cần theo dõi,1419322.5833333333,2.1115570321789825,365.0,30.416666666666668,79.19166666666666,14.0,0.5258953345647822,-0.5258953345647828,-0.43343568142304484,-0.9534098693018948,-0.8015264329850922
KH00107330,16,Nữ,Giáo viên trung học,Đồng Nai,589267500.0,2119700000,-0.16980477902561827,65.00833333333334,Cần theo dõi,1262108.5833333333,2.22773509673773,305.3333333333333,30.333333333333332,81.6,14.0,0.06290984124105202,-0.06290984124105295,-0.10010170554116721,-0.24501371573375713,-0.3078563233876793
KH00107365,55,Nam,Kỹ sư xây dựng tư vấn,Thành phố Hồ Chí Minh,167253333.33333334,510500000,0.12843396648993483,70.675,Cần theo dõi,1575625.0,1.3674738445334318,61.166666666666664,24.833333333333332,71.8,13.0,0.9690342365367435,-0.9690342365367446,-0.5017816727976144,-0.9874566612162007,-0.5941872278534508
KH00107370,80,Nam,Quản lý trung tâm thể hình,Ninh Bình,225810000.0,1030300000,-1.0621761409146635,67.1,Ổn định,14896889.0,0.8081087458967683,9.0,2.0,49.1,6.0,-2.834488371363119,2.8344883713631184,2.4553380398962528,1.0626843534748895,-0.6660640719993292
KH00107405,30,Nam,Chuyên viên tư vấn tài chính,Vĩnh Long,205225833.33333334,809900000,0.07318285736985507,67.825,Cần theo dõi,2482646.0,0.8154879833249908,61.416666666666664,25.5,75.25833333333334,13.166666666666666,-0.44730452865517656,0.4473045286551757,-0.10110296576147494,0.23427167952969039,0.46603824015960305
KH00107410,39,Nữ,Nhà thầu,Thành phố Hồ Chí Minh,1016640000.0,4513500000,-0.33555810638586,65.51666666666667,Cần theo dõi,2139006.3333333335,1.276709810833785,363.8333333333333,30.416666666666668,82.84166666666667,14.0,0.03420133165685027,-0.03420133165685119,0.0667865837597894,0.9116881716294397,0.5165705187407283
KH00107445,28,Nữ,Kỹ sư vật liệu,Hải Phòng,161565000.0,559400000,-0.706341411621413,72.5,Ổn định,1378804.9166666667,1.3085593558930162,60.916666666666664,26.083333333333332,70.91666666666667,13.0,0.9143950687563069,-0.9143950687563079,-0.6801052040682537,-0.42609146068223464,-1.1659526770762372
KH00107450,37,Nữ,Kỹ sư y sinh,Ninh Bình,937955833.3333334,3104200000,-0.1869516749594369,67.53333333333333,Cần theo dõi,2325062.0,1.7293614043381649,243.5,30.416666666666668,82.38333333333334,14.0,-0.19779600875382367,0.19779600875382278,0.01985382539541377,-0.6456911019488484,-0.6374926062827292
KH00107485,91,Nam,Chuyên viên thu mua công nghiệp,Hưng Yên,143356666.66666666,487500000,0.26912644594690377,67.29166666666667,Cần theo dõi,1626754.8333333333,1.1934717597990832,61.333333333333336,25.583333333333332,72.5,13.333333333333334,0.4702298016143062,-0.4702298016143067,-0.5351749921651041,-0.5142280463839,0.05937104479332796
KH00107490,52,Nam,Nhà tâm lý học tư vấn,Thái Nguyên,135588333.33333334,594100000,-0.42422367937697053,67.72500000000001,Ổn định,1622156.9166666667,1.351345002648926,61.25,24.583333333333332,72.64999999999999,13.166666666666666,0.8686681850899398,-0.8686681850899414,-0.42969255452780575,0.8376942601435856,0.31539378660678513
KH00107525,26,Nữ,Chuyên viên trưng bày sản phẩm,Thái Nguyên,234495000.0,1175800000,-0.5454243882425049,65.80833333333334,Cần theo dõi,1473059.9166666667,1.804369027765108,122.5,29.416666666666668,76.93333333333334,13.75,0.49043969975162516,-0.49043969975162616,-0.44262388390819096,1.712658398479565,0.6950021232649863
KH00107530,45,Nam,Giảng viên công nghệ thông tin,Đồng Tháp,291180000.0,1284400000,-1.394855232963954,74.55833333333334,Ổn định,2319824.9166666665,0.8832811856110996,61.416666666666664,25.083333333333332,73.925,13.5,-0.3883811928779385,0.38838119287793765,-0.34328887957100745,0.8816333246091375,-1.3442162141551033
KH00107565,56,Nam,Quản lý tổng đài,Nghệ An,129901666.66666667,456000000,1.3350185324995434,60.56666666666666,Cần theo dõi,1948040.5833333333,1.4226842483917583,61.083333333333336,24.416666666666668,71.23333333333333,13.0,0.3662912246798031,-0.3662912246798036,-0.5777207059371736,-0.3629685080359401,1.7188690005916214
KH00107570,63,Nữ,Quản lý sản xuất,Thanh Hóa,162111666.66666666,667800000,-0.5584677535254948,68.27499999999999,Cần theo dõi,1734738.0833333333,1.4957501504839732,61.5,25.75,72.54166666666667,13.0,0.2449887838451597,-0.2449887838451602,-0.4569375574243196,0.4654534131037028,-0.24415876158420086
KH00107605,54,Nam,Biên tập viên chuyên đề tạp chí,Thành phố Hồ Chí Minh,527373333.3333333,1950000000,0.365119752243065,63.69166666666667,Cần theo dõi,1646608.9166666667,2.103863517168319,243.41666666666666,30.333333333333332,78.7,13.75,0.31075063471540737,-0.31075063471540737,-0.4319640649821147,-0.10588481580802785,0.5678871120670137
KH00107610,59,Nữ,Cán bộ giáo dục bảo tàng,Khánh Hòa,126569166.66666667,447700000,1.3890972042908167,58.36666666666667,Cần theo dõi,1970629.75,1.4553699164391884,61.75,24.833333333333332,74.6,12.75,0.13135900262693045,-0.13135900262693184,-0.06282138091048958,-0.32708456904100214,1.7464880841176686
KH00107645,42,Nữ,Chuyên viên trắc địa,Đồng Tháp,247134166.66666666,732100000,0.8304308171137692,64.65833333333333,Cần theo dõi,1439337.5833333333,1.6811000543033316,121.66666666666667,29.333333333333332,74.72500000000001,13.583333333333334,0.9739188569013187,-0.9739188569013193,-0.6990955646628232,-1.1164639721173575,0.0370740970380206
KH00107650,35,Nữ,Kỹ sư kết cấu,Đồng Nai,1614900833.3333333,7436500000,-1.4216747368604388,72.05,Ổn định,2252228.0833333335,1.404175093794355,365.0,30.416666666666668,82.18333333333334,14.0,-0.09256152700486826,0.09256152700486735,-0.02247215896345417,1.1478724951656538,-1.262535435694705
KH00107685,50,Nữ,Chuyên viên cây xanh cảnh quan,Đà Nẵng,447950000.0,1537200000,0.7008764922804767,61.541666666666664,Cần theo dõi,1454869.9166666667,2.0169630840076547,243.16666666666666,30.416666666666668,79.06666666666666,14.0,0.4664243909503069,-0.46642439095030785,-0.43388461275692297,-0.4768557528153954,0.6611645442594434
KH00107690,57,Nam,Nhà văn khoa học,Thanh Hóa,299679166.6666667,1378100000,-0.27166027196581966,64.75833333333334,Cần theo dõi,1951485.8333333333,2.317262123680657,122.08333333333333,29.5,75.925,13.416666666666666,0.10115411491188876,-0.10115411491188969,-0.5125517887433974,1.1292695157309491,0.6729292654368672
KH00107725,22,Nam,Thủ thư thư viện công cộng,An Giang,347675000.0,1246000000,0.18940070758795524,62.34166666666667,Cần theo dõi,1403105.1666666667,2.349604855038629,182.83333333333334,29.916666666666668,82.35000000000001,14.0,-0.26745787561120804,0.26745787561120715,0.08937583347716908,-0.2590658632410344,0.25085588757634675
KH00107730,36,Nữ,Chuyên viên nắn chỉnh xương,Thành phố Hồ Chí Minh,1106457500.0,5265200000,-1.0379946210079969,67.96666666666667,Cần theo dõi,2287476.25,1.6646519355001272,304.25,30.416666666666668,80.72500000000001,14.0,-0.11354171029525588,0.1135417102952559,-0.2205514988181777,1.3544838799690002,-0.446063785981508
KH00107765,26,Nam,Cán bộ hành chính địa phương,Cà Mau,309930833.3333333,1558800000,0.12520976383571297,61.4,Cần theo dõi,2505978.0833333335,0.9522088770615981,122.41666666666667,29.75,79.19166666666666,13.916666666666666,-0.5751511500849725,0.5751511500849718,-0.17734808364078214,1.7284014448134148,2.108281271564343
KH00107770,46,Nam,Chuyên viên công nghệ dệt may,Sơn La,628109166.6666666,2952800000,-0.7148415822552715,68.63333333333334,Cần theo dõi,2408671.1666666665,0.9154632442587277,183.0,30.25,79.25,13.916666666666666,-0.4816982416271523,0.4816982416271519,-0.3336989239736777,1.2749992393193865,0.09354475868965359
KH00107805,23,Nữ,Giáo viên mầm non,Cần Thơ,533113333.3333333,2701800000,-0.46335377522594007,63.25833333333333,Cần theo dõi,1855048.5833333333,1.038230251111454,243.58333333333334,30.25,84.18333333333332,14.0,-1.637621282086953,1.6376212820869522,0.27595501962018953,1.7772512145911947,0.9026774632874105
KH00107810,23,Nam,Biên tập viên đặt bài,Thành phố Hồ Chí Minh,561360000.0,1386400000,0.34123134166860064,69.7,Ổn định,20787857.0,0.4483077019362196,14.0,2.0,48.8,5.0,-3.2991521026244137,3.299152102624413,2.653761712792875,-1.805249270906419,-1.1722832175193274
KH00107845,36,Nam,Phóng viên ảnh,Sơn La,742951666.6666666,3103300000,-0.5706317908118786,65.375,Cần theo dõi,1623386.25,2.2241934951651676,304.4166666666667,30.416666666666668,81.625,14.0,0.2083854309917432,-0.20838543099174414,-0.09581198204534766,0.5511226256284593,-0.2369878839141515
KH00107850,48,Nữ,Nhân viên cứu trợ quốc tế,Lâm Đồng,558135833.3333334,1430700000,2.3962208697369523,57.5,Cần theo dõi,1555909.25,2.1766104571760256,305.0,30.416666666666668,78.55,14.0,0.43447080966685814,-0.4344708096668596,-0.5194073551051068,-1.6661783963978536,0.9991481769422844
KH00107885,45,Nữ,Nhà khoa học thính học,Thành phố Hồ Chí Minh,1760517500.0,6467900000,-1.115228930043229,72.7,Ổn định,2248238.1666666665,1.380299540012043,364.3333333333333,30.416666666666668,82.45833333333333,14.0,-0.0993820605981814,0.09938206059818096,0.015916640512600475,-0.13843533833171456,-1.5014152980782012
KH00107890,23,Nam,Chuyên viên viết nội dung quảng cáo,Hà Nội,257550000.0,716000000,0.5012690370509026,65.1,Ổn định,17420444.0,0.5875034069286643,9.0,2.0,50.5,5.0,-2.9642268371972764,2.964226837197277,3.250670030531766,-1.3800183030634383,-0.5645513349827027
KH00107925,33,Nam,Nhà thiết kế bối cảnh,Hà Tĩnh,347005833.3333333,893300000,1.88342609304952,61.86666666666667,Cần theo dõi,1454831.0,1.9135805737387812,182.41666666666666,30.416666666666668,79.96666666666667,13.916666666666666,0.5398994568017252,-0.5398994568017254,-0.226196185487585,-1.6530831544602134,0.4534892042370185
KH00107930,85,Nữ,Quản lý thu mua,Tây Ninh,151480833.33333334,681800000,-0.5278378283103838,65.69166666666666,Cần theo dõi,1808636.9166666667,1.742200573465895,61.5,25.75,76.58333333333333,13.333333333333334,-0.010722280030115739,0.01072228003011528,0.02099394166272657,1.0077959900031177,0.19752248490535973
KH00107965,85,Nam,Thư ký luật sư tranh tụng,Hải Phòng,423876666.6666667,1689600000,-0.9692604826066238,71.39999999999999,Ổn định,1891614.8333333333,1.8424659623878092,122.33333333333333,29.083333333333332,77.10000000000001,13.833333333333334,0.013339524555302585,-0.013339524555302587,-0.42426944414160384,0.2898304793313814,-1.0402942504049937
KH00107970,61,Nữ,Chuyên viên trang điểm,Quảng Trị,428070000.0,1919400000,0.11289917188322808,61.53333333333333,Cần theo dõi,1546800.5,1.5800748844074894,243.5,30.416666666666668,81.19166666666666,13.916666666666666,0.6307746706333245,-0.630774670633325,-0.12979812008190703,0.9737660293415371,1.3082242090177414
KH00108005,56,Nam,Giáo viên tiếng anh,Hà Tĩnh,104946666.66666667,415500000,0.8346809024306989,61.925000000000004,Cần theo dõi,1582067.8333333333,1.4321177727009147,61.583333333333336,24.833333333333332,70.575,13.0,0.5993948617300409,-0.5993948617300414,-0.6784428873366073,0.25969579032806206,1.5725382781371913
KH00108010,63,Nam,Quản lý trường quay,Hưng Yên,147810833.33333334,379600000,1.1987226930256052,65.4,Cần theo dõi,1584379.5,1.459478278152468,60.75,25.0,72.48333333333333,13.083333333333334,0.274195889167606,-0.27419588916760695,-0.4396339010793014,-1.661520258393188,-0.14819225026550245
KH00108045,27,Nam,Nhà khoa học nghiên cứu toán học,Đồng Tháp,924105833.3333334,3918900000,-1.2657405721289654,70.68333333333334,Ổn định,1541202.75,2.208195274637256,304.5,30.416666666666668,81.40833333333333,14.0,0.32135161027451803,-0.3213516102745195,-0.12818287813230791,0.6359289524136567,-1.2565410301423987
KH00108050,32,Nữ,Người quay phim,Đồng Nai,827227500.0,2297100000,0.7978956812393453,64.125,Cần theo dõi,1484069.1666666667,2.021117300466944,364.5833333333333,30.333333333333332,79.63333333333334,14.0,0.41815270746365546,-0.41815270746365685,-0.36816828473718916,-1.3732611667800543,-0.26085346115978253
KH00108085,47,Nam,Nhân viên tư vấn hỗ trợ,Điện Biên,397732500.0,1629500000,0.6806519483585377,60.0,Cần theo dõi,1504488.9166666667,2.395890363747703,242.41666666666666,30.416666666666668,81.175,14.0,0.4435177732399116,-0.44351777323991165,-0.1502022766279859,0.43976582403676723,1.627496332780299
KH00108090,68,Nữ,Chuyên viên xử lý bồi thường bảo hiểm,An Giang,269460000.0,947100000,0.17811599829817684,66.77499999999999,Cần theo dõi,1558321.8333333333,1.2934870187201315,122.08333333333333,29.166666666666668,76.14999999999999,13.833333333333334,0.5168681537762625,-0.5168681537762625,-0.5531825334635369,-0.362347189217347,0.09819462467882638
KH00108125,27,Nam,Chuyên viên phục chế đồ gỗ,Vĩnh Long,304895000.0,933600000,0.18134020095239964,65.78333333333333,Cần theo dõi,1532401.75,1.9843320152789143,121.83333333333333,29.166666666666668,77.46666666666667,14.0,0.24277647806028727,-0.2427764780602873,-0.40913338805861293,-0.9830648779901054,-0.4813579495137786
KH00108130,63,Nam,Nhà khoa học y sinh,Hải Phòng,205201666.66666666,924700000,-1.5107799738498529,75.18333333333334,Ổn định,1647310.0833333333,1.1320534702816172,61.5,25.833333333333332,73.375,13.416666666666666,0.7342298244559663,-0.7342298244559673,-0.4225827516709989,1.0077179182461558,-1.4774936983507732
KH00108165,27,Nữ,Kỹ sư hệ thống sản xuất,Cần Thơ,529037500.0,2569500000,-1.2208948443020564,68.53333333333333,Cần theo dõi,2526373.1666666665,1.5955954602763114,122.66666666666667,29.583333333333332,80.11666666666666,13.916666666666666,-0.5502226625083174,0.5502226625083171,-0.036728913526943886,1.4989573068488395,-0.7144674962721576
KH00108170,50,Nữ,Thủ thư thư viện công cộng,Điện Biên,734587500.0,2183900000,2.015911511204833,59.324999999999996,Cần theo dõi,2200474.75,1.3099855565108374,304.1666666666667,30.416666666666668,82.48333333333333,14.0,0.06445296997891119,-0.06445296997891212,0.023408151732605083,-1.1031708193041188,1.4916978369037517
KH00108205,35,Nam,Quản lý di sản,An Giang,663557500.0,2762400000,-0.9333545894118765,68.22500000000001,Cần theo dõi,1565870.75,2.1131219664940817,243.41666666666666,30.416666666666668,81.35833333333333,14.0,0.2818450192612133,-0.28184501926121425,-0.12953960303539053,0.5307469105888409,-0.8086412881733432
KH00108210,25,Nam,Chuyên viên trắc địa,Thành phố Hồ Chí Minh,127370000.0,335600000,2.124801628117882,59.40833333333333,Cần theo dõi,1751736.25,2.116992083957061,61.5,25.166666666666668,77.66666666666667,13.0,-0.48462793191174885,0.484627931911748,0.33871036645760255,-1.5693132711728774,0.9779716788229221
KH00108245,50,Nam,Chuyên viên biên tập nội dung,Thành phố Hồ Chí Minh,148965000.0,478000000,1.5274448090901687,63.574999999999996,Ổn định,2155285.9166666665,1.8194584934513687,61.166666666666664,25.916666666666668,73.25,13.166666666666666,0.2585949875901361,-0.25859498759013705,-0.3879717195393952,-0.7830857890893487,1.4008853939104016
KH00108250,88,Nữ,Chuyên viên giám định rủi ro bảo hiểm,Cao Bằng,206426666.66666666,656200000,1.642783331311664,62.50833333333333,Cần theo dõi,1498362.75,1.507610600313584,122.58333333333333,29.25,77.21666666666667,13.75,1.0290614172802375,-1.0290614172802375,-0.3852737420436548,-0.8199066647034562,1.4962356579293292
KH00108285,94,Nam,Quản lý cơ sở vật chất,Vĩnh Long,659110833.3333334,2639900000,-0.8987676882120382,71.08333333333333,Cần theo dõi,1517578.0,1.6852355488940862,243.66666666666666,30.333333333333332,77.93333333333334,13.916666666666666,0.8927593220985718,-0.8927593220985723,-0.5712045086816661,0.31003746523303005,-0.8870727626895009
KH00108290,71,Nam,Nhà chọn giống cây trồng,Hà Nội,313519166.6666667,1276200000,0.13180472381025862,65.02499999999999,Cần theo dõi,2104234.0,1.8444187350130097,122.16666666666667,29.166666666666668,77.01666666666667,14.0,0.10289352984229834,-0.10289352984229927,-0.46702418707150334,0.41139495338908594,0.7049181025430997
KH00108325,44,Nữ,Công chức hành chính,Phú Thọ,167572500.0,766600000,-0.20644344555087044,65.48333333333333,Cần theo dõi,2140323.5,1.3333507399749556,61.583333333333336,26.083333333333332,78.00833333333334,13.083333333333334,-0.1341911671051742,0.1341911671051742,0.27167556208437454,1.0914963684023613,0.8737138401982294
KH00108330,66,Nam,Nhà địa chất công trình,Lào Cai,120858333.33333333,417300000,0.9066392434862939,64.19166666666666,Cần theo dõi,1626386.6666666667,1.3470111009156016,61.416666666666664,25.333333333333332,74.05,13.25,0.7609433457232836,-0.7609433457232846,-0.2778013858867225,-0.44448376978355475,0.9428455827360429
KH00108365,15,Nam,Quản lý cơ sở vật chất,Đồng Nai,644558333.3333334,2193800000,0.14294287843393558,66.29166666666667,Cần theo dõi,1759177.5,0.9990211528847418,243.5,30.333333333333332,83.52499999999999,14.0,-1.664625898362289,1.6646258983622892,0.17841517632626866,-0.5147313337674917,-0.12841631419107166
KH00108370,29,Nam,Chuyên viên trị liệu nghề nghiệp,Bắc Ninh,119291666.66666667,412400000,0.7763521453224969,61.14166666666667,Cần theo dõi,1650062.4166666667,1.34391471256197,61.5,24.833333333333332,73.93333333333334,13.083333333333334,0.7456749514004084,-0.745674951400409,-0.23838307747505644,-0.43142907184079243,0.8302403943235597
KH00108405,52,Nam,Kỹ thuật viên chẩn đoán hình ảnh,Đồng Tháp,409300833.3333333,1451600000,0.16800372633720734,65.49166666666666,Cần theo dõi,1590488.8333333333,1.5613724056202212,183.16666666666666,30.0,78.325,13.75,0.7146922432408495,-0.7146922432408505,-0.4204899972982719,-0.31697052452516344,0.11578568396316406
KH00108410,33,Nữ,Kỹ sư dầu khí,Thành phố Hồ Chí Minh,1451355000.0,5030500000,-0.5677006974898583,70.68333333333332,Cần theo dõi,2188955.1666666665,1.2540475623073937,365.25,30.416666666666668,82.47500000000001,14.0,0.10782364235335787,-0.10782364235335834,0.015142474759667438,-0.4267333698367334,-0.9264005449111741
KH00108445,70,Nữ,Chuyên viên phục chế bảo tàng,Hà Nội,166708333.33333334,737100000,-0.8548012883817355,69.64999999999999,Ổn định,1686047.5833333333,1.527071124845991,61.916666666666664,25.916666666666668,75.71666666666667,13.083333333333334,0.38259916629902146,-0.3825991662990215,-0.0418441698254043,0.8913361089365426,-0.3885847196575245
KH00108450,49,Nữ,Chuyên viên phân tích tình báo,Hà Nội,1263811666.6666667,4817600000,-0.8984745788798363,70.40833333333333,Cần theo dõi,2224789.8333333335,1.4368826095512996,303.4166666666667,30.416666666666668,81.50833333333334,14.0,-0.05565817497141257,0.05565817497141166,-0.1157424062578294,0.049697836853291315,-1.036652789088173
KH00108485,69,Nam,Kế toán viên tài chính công,Hà Nội,401906666.6666667,1641800000,-1.1131771647178146,71.05,Cần theo dõi,1762791.3333333333,1.6626910106974782,122.25,29.166666666666668,78.25,13.666666666666666,0.06099117803512695,-0.06099117803512696,-0.22582709074600876,0.43072165695027315,-1.1657285871490481
KH00108490,35,Nữ,Quản trị viên tổ chức từ thiện,Đắk Lắk,490432500.0,1500400000,1.4321842761245125,60.333333333333336,Cần theo dõi,2218334.0833333335,1.4372962329221963,183.33333333333334,30.083333333333332,82.20833333333333,14.0,-0.16172882366299543,0.16172882366299499,0.06068647847478372,-0.9752212083802948,0.9315290414129963
KH00108525,44,Nam,Bác sĩ đa khoa,Đồng Nai,411155000.0,1232600000,-0.5482089268984244,70.90833333333335,Ổn định,1677159.6666666667,2.0312623094386386,121.91666666666667,29.833333333333332,78.71666666666667,13.916666666666666,0.12258327810330225,-0.12258327810330226,-0.24936395022388752,-1.0678332130109307,-1.4392863657650452
KH00108530,36,Nữ,Chuyên viên kính thuốc,Phú Thọ,937612500.0,2799100000,0.6909107749856086,65.43333333333334,Cần theo dõi,2111377.0,1.3238204538215732,303.6666666666667,30.416666666666668,82.73333333333333,14.0,-0.05713703121494573,0.05713703121494436,0.05193970251062533,-1.0817621625674245,-0.07020895560372285
KH00108565,17,Nam,Chuyên viên khảo sát nông thôn,Cần Thơ,303683333.3333333,1112200000,0.6913504389839121,60.65,Cần theo dõi,1403731.25,2.848632088567254,182.5,30.0,78.65833333333333,14.0,-0.26944281669688724,0.26944281669688636,-0.411931878473434,-0.15807999435582218,0.9562909783673841
KH00108570,54,Nam,Quản trị viên giáo dục,Hà Nội,319880000.0,1040500000,0.027018137548037367,67.25833333333334,Cần theo dõi,1706492.1666666667,1.5276006784119611,122.25,29.083333333333332,76.55833333333334,13.416666666666666,0.7419442958766665,-0.7419442958766667,-0.40910551592087296,-0.7192266304302274,-0.450937741897869
KH00108605,46,Nữ,Cán bộ quan hệ sắc tộc,Đồng Nai,557295833.3333334,2346400000,-0.034534822214387036,63.65,Cần theo dõi,1433425.4166666667,1.8743346028602048,303.8333333333333,30.416666666666668,79.41666666666667,14.0,0.5230279635146048,-0.5230279635146049,-0.4041311438182098,0.5890112953194429,0.7031814056073854
KH00108610,44,Nữ,Giáo viên mầm non,Đồng Tháp,253583333.33333334,1019600000,-0.3110834771469912,66.18333333333334,Cần theo dõi,1458806.6666666667,1.7255745644823184,122.41666666666667,29.416666666666668,76.99166666666666,13.916666666666666,0.4166623102920023,-0.41666231029200324,-0.4602902448475241,0.3395770730018515,-0.026399374838268885
KH00108645,68,Nam,Bác sĩ đa khoa,Thành phố Hồ Chí Minh,486165833.3333333,2095500000,-1.6557225386237506,75.05833333333334,Cần theo dõi,1640771.4166666667,1.6166345106194993,121.66666666666667,29.583333333333332,76.55,13.916666666666666,0.49271008543035844,-0.4927100854303594,-0.526059215863735,0.7457483309989488,-1.8725642399850173
KH00108650,91,Nữ,Cán bộ ứng phó khẩn cấp,Thành phố Hồ Chí Minh,135603333.33333334,517600000,0.051199657454703174,67.64999999999999,Cần theo dõi,1568562.4166666667,1.2449674642352313,61.666666666666664,25.166666666666668,75.29166666666667,13.416666666666666,0.4042674686604723,-0.40426746866047236,-0.13110649837504584,0.05668157458168593,0.27690634161207095
KH00108685,71,Nam,Lập trình viên đa phương tiện,Cần Thơ,367270000.0,1528800000,-1.1630057511921579,71.375,Cần theo dõi,1585031.4166666667,1.6069962131638693,121.5,28.666666666666668,76.2,13.5,0.5116999007493795,-0.5116999007493805,-0.4398225633389065,0.5301336556022943,-1.1953644800197962
KH00108690,50,Nam,Lập trình viên đa phương tiện,Hà Nội,501296666.6666667,1912700000,-0.6638405584521201,68.89999999999999,Cần theo dõi,1573297.3333333333,1.6797789622945878,183.25,30.083333333333332,79.51666666666667,13.916666666666666,0.3893943831998575,-0.3893943831998585,-0.28725001533161626,0.054285053157188505,-0.7763723386581248
KH00108725,54,Nam,Quản lý di sản,Bắc Ninh,425493333.3333333,1972300000,-0.5537780042102626,67.27499999999999,Cần theo dõi,1703747.5,1.6319858500438382,183.16666666666666,30.166666666666668,79.44166666666666,13.75,0.5196506013400908,-0.5196506013400909,-0.27280858023223126,1.1830960962024022,0.29847499710401365
KH00108730,35,Nữ,Điều dưỡng khuyết tật học tập,Sơn La,996986666.6666666,4790800000,-0.28133287992848666,61.975,Cần theo dõi,2315981.25,1.955464546844209,364.9166666666667,30.416666666666668,82.14166666666667,14.0,-0.2239117732786741,0.2239117732786732,-0.030307694841040282,1.4156066847777422,1.0208288773978225
KH00108765,20,Nữ,Nhà thiết kế gốm sứ,Đà Nẵng,877031666.6666666,4200000000,-0.6129860893150706,65.46666666666667,Cần theo dõi,1794656.5,1.0822111013293805,364.6666666666667,30.416666666666668,83.25,14.0,-1.6421130133534445,1.642113013353444,0.12244376207879629,1.3862472220826374,0.3716403583312283
KH00108770,64,Nữ,Giáo viên tiếng anh,Thành phố Hồ Chí Minh,348700000.0,880500000,0.9426916913471425,65.0,Ổn định,21497200.0,0.3612883449132348,10.0,2.0,55.3,4.0,-3.1777199968255423,3.1777199968255414,3.934470679529487,-1.7293680779533207,-0.5127865618020386
KH00108805,39,Nam,Cán bộ quản lý thị trường,Đắk Lắk,561528333.3333334,2111400000,-1.0067784771284818,74.26666666666667,Ổn định,2325118.8333333335,0.792534857214544,122.33333333333333,29.583333333333332,78.84166666666667,13.916666666666666,-0.3255658065009157,0.3255658065009148,-0.2246397682818722,-0.0160346358832235,-1.2738519770177505
KH00108810,33,Nam,Kiểm soát viên tài chính,Cần Thơ,116401666.66666667,320100000,2.144146844043216,58.074999999999996,Cần theo dõi,1658103.8333333333,1.6274041411921256,61.5,25.333333333333332,73.55833333333334,13.25,0.7462216604569161,-0.7462216604569171,-0.358640321854282,-1.4067848349252212,1.1240222888683664
KH00108845,50,Nữ,Chuyên viên trị liệu thảo dược,Thái Nguyên,821144166.6666666,2493700000,1.3303287831843116,62.09166666666667,Cần theo dõi,2173601.9166666665,1.3244634175282217,304.0,30.416666666666668,82.64166666666667,14.0,-0.03336703441815377,0.03336703441815377,0.04123840499631772,-1.0159501635899375,0.8269910903793192
KH00108850,50,Nam,Chuyên viên kính thuốc,Thành phố Hồ Chí Minh,482710000.0,2149100000,-0.8282748938174528,68.55,Cần theo dõi,1693265.4166666667,1.6412519400640389,182.66666666666666,30.166666666666668,75.73333333333333,13.916666666666666,0.4735351739732845,-0.47353517397328454,-0.8115897197305793,0.9241743553899141,-0.35906087175037094
KH00108885,78,Nam,Cán bộ giáo dục bảo tàng,Bắc Ninh,189941666.66666666,519700000,2.7897201482181604,59.26666666666667,Cần theo dõi,1487588.0833333333,1.2526706196971116,122.66666666666667,29.083333333333332,75.89166666666667,13.583333333333334,0.9610346835692474,-0.9610346835692484,-0.5282280937171647,-1.4251133863393748,1.8260400082697712
KH00108890,72,Nữ,Nhà thiết kế gốm sứ,Hải Phòng,506825000.0,2287800000,-0.4665779778801619,66.14999999999999,Cần theo dõi,1542482.0,1.668385571648546,243.58333333333334,30.416666666666668,79.23333333333333,13.916666666666666,0.7826786864008236,-0.7826786864008237,-0.39763350061706315,1.014142250706746,0.34262071276025113
KH00108925,36,Nam,Kỹ thuật viên phân tích mẫu khoan,Thành phố Hồ Chí Minh,410964166.6666667,1274500000,0.39076681881074166,64.30833333333332,Cần theo dõi,1495056.5833333333,2.320686749668863,182.41666666666666,30.25,82.35833333333333,14.0,0.41570140026243524,-0.4157014002624362,0.07986518276003199,-0.9261488599259403,-0.21491502608603313
KH00108930,93,Nam,Nhà thiết kế triển lãm,An Giang,124795833.33333333,553000000,0.10703698523918788,62.458333333333336,Cần theo dõi,1799660.25,1.571639430121368,61.25,25.166666666666668,74.075,13.333333333333334,0.2755188475204019,-0.27551884752040284,-0.27072765794981657,0.9009966963093017,1.1453668544331201
KH00108965,49,Nam,Cảnh sát,Đắk Lắk,757392500.0,3050600000,-0.5328206869578181,64.76666666666667,Cần theo dõi,1629528.1666666667,2.5075894210141056,303.9166666666667,30.416666666666668,81.675,14.0,-0.018427733303784857,0.01842773330378348,-0.09201341688112902,0.34510420412992604,-0.3205174042738591
KH00108970,44,Nữ,Chuyên viên nghiên cứu công đoàn,Hà Nội,512620000.0,1361100000,1.0549525655805154,64.35833333333333,Cần theo dõi,1380067.5,2.0520703113321135,243.83333333333334,30.416666666666668,82.0,14.0,0.8082299225282551,-0.8082299225282561,-0.03506511701088866,-1.5416671067695222,-0.20292621498142036
KH00109005,92,Nam,Chuyên viên thu mua bán lẻ,Đắk Lắk,160720000.0,573100000,0.274109304594338,66.77499999999999,Cần theo dõi,1908731.25,1.3024788580101159,61.416666666666664,24.833333333333332,73.79166666666667,13.0,0.34264413562710033,-0.34264413562710133,-0.21371470155961653,-0.2878489848502324,0.3372985769895113
KH00109010,53,Nam,Kỹ thuật viên kế toán,Hà Nội,569910833.3333334,2807200000,-1.0387273943385023,70.10000000000001,Cần theo dõi,1501797.75,1.5390687610650409,243.33333333333334,30.25,78.54166666666667,13.916666666666666,0.9854185247634292,-0.9854185247634297,-0.4852208419762217,1.575017345570358,-0.3088647280600298
KH00109045,34,Nam,Nhà trị liệu tâm lý qua chuyển động,Vĩnh Long,653346666.6666666,2050200000,1.6285675286998647,61.73333333333333,Cần theo dõi,2381016.75,0.929013239732225,243.5,30.333333333333332,79.21666666666667,14.0,-0.36480434831283387,0.3648043483128335,-0.41621141143638585,-0.8735026324280103,1.3162914463965458
KH00109050,62,Nữ,Đạo diễn sân khấu,Thành phố Hồ Chí Minh,116130000.0,289900000,1.6144982807541683,55.9,Cần theo dõi,8182500.0,1.3206937514898924,10.0,2.0,57.2,7.0,-2.665419283749339,2.6654192837493387,4.199103546183204,-1.768767320331449,0.07948311575854297
KH00109085,58,Nam,Cán bộ quản lý chất thải,Quảng Ninh,449630833.3333333,2008100000,-0.36809324226028384,63.833333333333336,Cần theo dõi,1883005.8333333333,2.2788052765073585,182.75,30.25,78.21666666666667,14.0,0.15904623273866678,-0.15904623273866725,-0.4962787166003975,0.9433543855154535,0.43248077356304826
KH00109090,77,Nam,Nhà thiết kế web,Cao Bằng,343275000.0,1170900000,0.8862681448982533,62.475,Cần theo dõi,1538444.75,1.5674380014598521,183.08333333333334,30.166666666666668,79.875,13.916666666666666,0.7698606316786014,-0.7698606316786015,-0.24557871191305675,-0.49667122501961336,0.8289518772422225
KH00109125,72,Nam,Điều dưỡng sức khỏe tâm thần,Quảng Ninh,239220000.0,754400000,1.1968174823662923,61.84166666666667,Cần theo dõi,1611386.4166666667,1.70769973210806,121.75,29.333333333333332,78.44166666666666,13.75,0.6088253277193791,-0.6088253277193793,-0.22973117717687752,-0.8494268022940132,0.8578034553678091
KH00109130,47,Nữ,Nhà nghiên cứu bò sát,An Giang,541698333.3333334,2634400000,-0.9148887014831495,67.58333333333333,Cần theo dõi,1475620.0833333333,1.85512547973601,243.91666666666666,30.166666666666668,79.26666666666667,14.0,0.6117047598020628,-0.6117047598020628,-0.3907019098282807,1.4903136601043994,-0.14981690223762303
KH00109165,51,Nam,Chuyên viên thẩm định bồi thường,Quảng Trị,270425833.3333333,1208300000,-0.444887887297213,66.875,Cần theo dõi,1634337.0,1.329932215661627,122.0,29.75,75.14166666666667,13.666666666666666,0.40807851726033073,-0.40807851726033173,-0.6897705474564514,0.9462326915022282,0.29208843417912655
KH00109170,46,Nam,Quản lý trung tâm thông tin du lịch,Đồng Nai,1097780000.0,4153400000,-0.8193350591852913,71.86666666666666,Ổn định,2449255.5,0.9437183178261486,243.33333333333334,30.416666666666668,78.75,14.0,-0.633493948394696,0.6334939483946952,-0.48445123396377554,0.014948854142230988,-1.0055042892088988
KH00109205,59,Nam,Kỹ thuật viên xạ trị,Thành phố Hồ Chí Minh,338271666.6666667,1671000000,-1.2315933349274302,70.8,Ổn định,1656945.25,1.3017976049853976,122.0,29.75,76.03333333333333,13.583333333333334,0.40587319328086047,-0.40587319328086097,-0.546535037037044,1.5944754488011716,-0.634243302338488
KH00109210,38,Nữ,Nhà môi giới bảo hiểm,Lâm Đồng,716184166.6666666,2831200000,-0.15075267243248722,64.56666666666666,Cần theo dõi,1401302.1666666667,1.969253187252327,364.8333333333333,30.416666666666668,78.15833333333333,14.0,0.5880766840776589,-0.5880766840776599,-0.5757565777835759,0.2495305407842672,0.15679414063875483
KH00109245,35,Nam,Nhà thiết kế trang sức,Lào Cai,483925000.0,2321800000,-0.8923192829035936,65.04166666666667,Cần theo dõi,1813093.9166666667,2.490499394847094,183.16666666666666,30.25,81.89999999999999,14.0,-0.2081768311500546,0.20817683115005414,0.022465479017012836,1.4032962452372517,-0.15132950924614838
KH00109250,63,Nữ,Nhà khoa học sinh lý,Cà Mau,146508333.33333334,577400000,-0.21025386686949674,68.38333333333333,Cần theo dõi,1674675.25,1.2524483115420881,61.416666666666664,25.0,73.88333333333334,13.083333333333334,0.3907701235852131,-0.39077012358521407,-0.2441661100934369,0.22963730082946646,0.09511338817997732
KH00109285,46,Nữ,Chuyên viên phân tích đầu tư,Hưng Yên,846468333.3333334,2540900000,-0.22021958416436574,67.425,Cần theo dõi,1504252.5,2.534608486018851,304.5,30.333333333333332,79.675,14.0,0.28876093172005635,-0.2887609317200573,-0.36328669343723174,-1.0686906225352442,-1.0553082755266587
KH00109290,55,Nam,Chuyên viên giám định rủi ro bảo hiểm,Lâm Đồng,497362500.0,1519800000,0.6966264069635478,66.01666666666667,Cần theo dõi,1432087.4166666667,1.2974602705261187,243.58333333333334,30.25,77.45,13.833333333333334,0.9667736161948032,-0.9667736161948033,-0.6136312790678475,-0.9924668135032763,0.06676601239056631
KH00109325,54,Nữ,Lập trình viên hệ thống,Thành phố Hồ Chí Minh,501493333.3333333,2381800000,-0.5867528040829899,65.89999999999999,Cần theo dõi,1539528.5,1.5168485365745799,244.08333333333334,30.416666666666668,79.45,13.916666666666666,0.5386738583601608,-0.5386738583601618,-0.37022620956724295,1.3455345623197468,0.36463754810657184
KH00109330,59,Nữ,Luật sư,Thành phố Hồ Chí Minh,273348333.3333333,1024600000,-1.5160559418294888,76.39999999999999,Ổn định,1702551.8333333333,1.3094313736392684,61.416666666666664,25.416666666666668,74.25833333333334,13.25,0.6120815258260853,-0.6120815258260859,-0.2680758075223982,-0.03837323550241128,-2.0026484427182436
KH00109365,62,Nam,Quản lý trung tâm thông tin du lịch,Cà Mau,356102500.0,1445500000,-0.49779412175967735,68.80833333333334,Cần theo dõi,1842277.4166666667,1.7533494182355398,121.25,29.166666666666668,78.55,13.916666666666666,0.21179534636573663,-0.2117953463657371,-0.22984638130097304,0.3828798475435313,-0.16987295072104044
KH00109370,51,Nam,Giáo viên giáo dục đặc biệt,Thái Nguyên,346550833.3333333,1095100000,1.1588598238461303,62.9,Cần theo dõi,1520128.9166666667,1.3319438453672396,181.91666666666666,30.25,79.02499999999999,13.916666666666666,0.41010570797012674,-0.4101057079701277,-0.36576233894995036,-0.8451805720491482,0.7864308135581064
KH00109405,53,Nam,Nhà thiết kế sản phẩm,Đà Nẵng,103574166.66666667,455700000,1.0087878457586972,57.55833333333334,Có dấu hiệu căng thẳng tài chính,1753863.1666666667,1.4123786237729279,61.416666666666664,25.166666666666668,74.16666666666667,13.166666666666666,0.35667063222815376,-0.3566706322281547,-0.2149786775501279,0.8519453978419014,2.6705228988815954
KH00109410,56,Nữ,Thủ thư học thuật,Thanh Hóa,308532500.0,1335000000,-0.37805895955515234,65.73333333333333,Cần theo dõi,1803127.1666666667,1.6146472828379856,122.08333333333333,29.583333333333332,77.76666666666667,13.916666666666666,0.11453040530055111,-0.11453040530055204,-0.3732122551482099,0.7622155457604596,0.26911921664225147
KH00109445,45,Nam,Kỹ sư khai thác mỏ,Huế,588949166.6666666,2697300000,-1.0167441944233504,69.91666666666667,Cần theo dõi,1417238.9166666667,2.0988861999922253,243.16666666666666,30.166666666666668,80.3,14.0,0.5517690160130029,-0.5517690160130034,-0.2520664731298327,1.1083703467721293,-0.5828146640486082
KH00109450,38,Nam,Chuyên viên thuế cấp cao,Sơn La,186436666.66666666,769000000,-0.00229279567216466,66.95,Cần theo dõi,2330269.0833333335,0.8242949273789529,61.666666666666664,25.75,73.65833333333333,13.083333333333334,-0.45372398672292175,0.4537239867229218,-0.3261379696120138,0.476969230735279,0.6324810335792489
KH00109485,77,Nam,Chuyên viên làm vườn thương mại,Lào Cai,309590000.0,1409000000,-1.0938319487924815,68.3,Ổn định,16431545.0,0.6181845046026817,11.0,2.0,52.4,5.0,-3.007815939736334,3.007815939736332,3.776164480852022,1.0469195977517185,-0.7326187803744685
KH00109490,56,Nữ,Nhà khoa học sinh lý,Hải Phòng,517913333.3333333,1898500000,-0.4900267244563237,68.35000000000001,Cần theo dõi,1704285.0,1.7351198031817203,182.41666666666666,30.25,77.30833333333334,13.916666666666666,0.28007788171127856,-0.28007788171127995,-0.5970415664663994,-0.13830468602032814,-0.6167642880177447
KH00109525,85,Nữ,Chuyên viên khảo sát công trình,Hưng Yên,262403333.33333334,990500000,0.18221952894900562,65.79166666666667,Cần theo dõi,1638763.5,1.3067811623134509,122.41666666666667,29.083333333333332,77.05,13.833333333333334,0.5616648979297617,-0.5616648979297617,-0.42596466717740256,-0.0026828004805491998,0.47914750090016156
KH00109530,34,Nữ,Luật sư tranh tụng,Nghệ An,479420833.3333333,2310300000,-1.4184505342062168,72.20833333333333,Cần theo dõi,1368110.0,1.8064004917745358,182.91666666666666,30.333333333333332,78.45833333333333,13.916666666666666,0.911190658371744,-0.9111906583717441,-0.4511953009454445,1.4441849219650382,-1.098669676437734
KH00109565,54,Nam,Giám đốc chiến lược,Đắk Lắk,237458333.33333334,738800000,-0.8978883602154323,74.71666666666667,Cần theo dõi,1631941.4166666667,1.6124518372124992,61.25,25.583333333333332,70.95833333333333,13.083333333333334,0.8133577172826668,-0.8133577172826678,-0.6638133481394941,-0.9105506871274401,-1.7036004348844958
KH00109570,90,Nam,Quản lý sân khấu,Thành phố Hồ Chí Minh,355856666.6666667,1088200000,-0.09945853929713379,69.75,Cần theo dõi,1621804.25,1.6660202169499494,121.66666666666667,29.25,74.775,13.916666666666666,0.4557757154963442,-0.4557757154963452,-0.7588873000091698,-0.986438901014442,-0.8190054473058361
KH00109605,74,Nữ,Nhà tâm lý học thể thao,Nghệ An,124877500.0,365000000,1.8183558213006723,64.53333333333333,Cần theo dõi,1714664.4166666667,1.2721550390082341,61.583333333333336,25.25,75.825,13.333333333333334,0.8911616891804164,-0.8911616891804174,-0.004934924258169251,-1.170547147632142,1.111137118054997
KH00109610,25,Nữ,Chuyên viên khảo sát công trình,Nghệ An,491309166.6666667,1992100000,-0.15852006973584082,62.74166666666667,Cần theo dõi,1191331.75,2.142105290902339,304.5833333333333,30.333333333333332,80.45833333333333,14.0,0.09196531794226796,-0.09196531794226935,-0.2532792922000317,0.38103347243875113,0.2941612660056251
KH00109645,23,Nữ,Nhà khoa học địa chất,Bắc Ninh,447125833.3333333,1937900000,-1.2400935055612887,69.4,Ổn định,1289825.25,2.275633921305426,182.75,29.583333333333332,81.48333333333333,14.0,-0.04260111594327213,0.042601115943270755,0.0006932206175164242,0.7730790081592934,-1.1152523310497218
KH00109650,32,Nam,Kỹ sư đóng tàu,Lâm Đồng,1153576666.6666667,3108900000,-0.017241371614467906,71.79166666666667,Ổn định,2409596.4166666665,0.9181241210948089,243.75,30.416666666666668,79.40833333333333,14.0,-0.511487185613144,0.511487185613144,-0.38945686591163775,-1.4885177927308701,-1.213123606749526
KH00109685,37,Nữ,Kiểm lâm,Hưng Yên,406249166.6666667,1561100000,0.4417678426138931,62.125,Cần theo dõi,1383457.0833333333,1.8115837990363122,244.16666666666666,30.416666666666668,78.725,14.0,0.625991721102472,-0.625991721102472,-0.489016687157323,0.0916708532602376,0.937467424483507
KH00109690,31,Nữ,Chuyên viên công nghệ chăn nuôi,Hà Nội,516548333.3333333,1609500000,0.7773780279852038,62.74166666666667,Cần theo dõi,1541548.5833333333,2.0556704052225543,243.25,30.333333333333332,79.55833333333334,14.0,0.259996698656409,-0.2599966986564095,-0.367719637483219,-0.9103738078028748,0.29136014191576265
KH00109725,80,Nam,Nhà thiết kế đồ gỗ,Nghệ An,180170000.0,821200000,-0.722755534224726,64.0,Ổn định,13634889.0,0.6722291386732181,9.0,2.0,54.4,5.0,-2.2761647340432787,2.2761647340432782,3.3298504642815523,1.0561510119920292,-0.07850028290971645
KH00109730,29,Nữ,Chuyên viên thẩm định bồi thường,Huế,160203333.33333334,658500000,0.020276622907390223,64.69166666666666,Cần theo dõi,2101155.0,1.1925278953603742,61.0,24.75,75.10000000000001,12.5,0.10249031987711979,-0.10249031987712072,0.026840862439454872,0.46287082459777257,0.6806043454430915
KH00109765,52,Nữ,Nhà thiết kế sản phẩm công nghiệp,Phú Thọ,434408333.3333333,1812100000,0.19115936358116717,64.48333333333333,Cần theo dõi,1494938.5833333333,1.3188149435893857,242.41666666666666,30.333333333333332,79.26666666666667,13.833333333333334,1.0190387114514408,-1.0190387114514408,-0.372954876164662,0.5489647645505913,1.0145543594365292
KH00109770,30,Nữ,Nhà biên soạn từ điển,Lâm Đồng,482560833.3333333,1344900000,1.4178219188466143,61.74166666666667,Cần theo dõi,1495014.0833333333,2.0694891644438758,243.25,30.333333333333332,77.68333333333334,13.916666666666666,0.6794617874750755,-0.6794617874750756,-0.6042071284447976,-1.3626473075312642,0.3952258231678735
KH00109805,49,Nam,Nghệ nhân thổi thủy tinh,Khánh Hòa,560107500.0,2208200000,0.1964353315608034,64.69166666666666,Cần theo dõi,2457861.5833333335,0.9392622937722296,183.16666666666666,30.416666666666668,78.74166666666666,14.0,-0.5233172124735037,0.5233172124735024,-0.43079785790310104,0.23204520410642457,0.7323130961419578
KH00109810,23,Nữ,Sĩ quan kỹ thuật quân đội,Thành phố Hồ Chí Minh,125460000.0,566700000,-1.004140493138664,64.6,Ổn định,9448125.0,1.1884914264361088,8.0,2.0,56.7,5.0,-2.9298676204039684,2.929867620403968,4.462064496446125,1.0000521403742073,-0.6069043312214275
KH00109845,58,Nam,Cán bộ bảo tồn thiên nhiên,Thành phố Hồ Chí Minh,171050833.33333334,465600000,0.69398842297373,66.44166666666666,Cần theo dõi,1744554.75,1.4550283630089913,61.25,26.5,76.25,13.666666666666666,0.30204085168326555,-0.3020408516832665,-0.10366004248056505,-1.4491494637431421,-0.4021981827342571
KH00109850,41,Nữ,Chuyên viên viết nội dung quảng cáo,Thành phố Hồ Chí Minh,351861666.6666667,1485500000,-0.43550838866674846,66.05833333333334,Cần theo dõi,1375608.3333333333,1.7963946851240464,182.58333333333334,30.166666666666668,79.425,14.0,0.9415554726199048,-0.9415554726199054,-0.3198596300229671,0.6183533260321716,0.07292848538826446
KH00109885,62,Nữ,Giảng viên giáo dục thường xuyên,Hưng Yên,413864166.6666667,2014300000,-1.531883845768398,72.88333333333334,Cần theo dõi,1678025.8333333333,1.5303547047289932,122.41666666666667,29.416666666666668,78.08333333333333,13.583333333333334,0.4905115901231801,-0.4905115901231806,-0.2532672447199297,1.5072018158841092,-1.3013590155802028
KH00109890,31,Nam,Trợ lý phát thanh,Đồng Nai,528651666.6666667,2397000000,0.3069375498009644,59.51666666666667,Cần theo dõi,1635898.4166666667,2.6060755909010287,304.1666666666667,30.416666666666668,80.18333333333332,14.0,0.21895936759335,-0.21895936759335094,-0.297673594054733,1.0512685036013427,1.7372443746211221
KH00109925,26,Nam,Thầy thuốc đông y,Gia Lai,533704166.6666667,1759700000,0.9827011151927181,61.9,Cần theo dõi,1411358.75,1.8169015680701646,303.1666666666667,30.416666666666668,80.825,14.0,0.6677852230459731,-0.6677852230459732,-0.20990308616493197,-0.6505282888532145,0.8087837837952107
KH00109930,52,Nam,Nhà thiết kế sản phẩm công nghiệp,Nghệ An,236172500.0,764000000,1.1118157760277065,62.40833333333333,Cần theo dõi,1603097.0833333333,1.4509306470732684,122.16666666666667,29.416666666666668,79.90833333333333,13.75,0.43443361214180515,-0.4344336121418061,-0.031021544337770806,-0.741448245646664,0.9000444066429402
KH00109965,37,Nữ,Chuyên viên hoạt hình,Đắk Lắk,533756666.6666667,2521100000,-0.42730132736509185,64.70833333333333,Cần theo dõi,2311272.0,1.3569444801417685,183.25,30.0,81.78333333333333,14.0,0.12448429204474876,-0.12448429204474923,0.00842372447339679,1.2961312182917437,0.6257583357635775
KH00109970,85,Nữ,Quản trị viên tổ chức từ thiện,Ninh Bình,199540833.33333334,642800000,1.920797532905278,56.525,Cần theo dõi,1589181.4166666667,1.6227089962836556,121.83333333333333,28.916666666666668,77.71666666666667,13.416666666666666,0.7019392311757073,-0.7019392311757079,-0.23695429347332808,-0.7642116983466597,1.803238858178288
KH00110005,71,Nữ,Kỹ sư bảo trì,Quảng Ngãi,522690833.3333333,2336300000,-1.1764887804734505,70.1,Cần theo dõi,1575936.3333333333,1.7866304982509815,182.75,30.416666666666668,81.21666666666667,13.75,0.2829370393403549,-0.28293703934035586,-0.03590684643278124,0.9579622509335308,-0.9656162821692529
KH00110010,43,Nữ,Người dẫn chương trình phát sóng,Thành phố Hồ Chí Minh,214775000.0,538900000,1.2393183355355852,65.19166666666666,Cần theo dõi,2290458.5,1.3291897074849026,61.833333333333336,25.666666666666668,77.95833333333333,13.583333333333334,-0.1480730916071118,0.1480730916071104,0.16504225582664955,-1.7412742969318489,-0.24539125618373958
KH00110045,37,Nam,Quản trị viên,Vĩnh Long,670863333.3333334,2242600000,0.22252206212678358,67.71666666666667,Cần theo dõi,2489615.8333333335,0.9596873022170801,182.83333333333334,30.083333333333332,78.79166666666667,13.916666666666666,-0.5181264355726768,0.5181264355726755,-0.3836434270199163,-0.5954768405597681,-0.08135742948137727
KH00110050,50,Nữ,Quản lý môi trường,Đồng Tháp,207719166.66666666,994400000,-0.9485962746863813,70.35833333333333,Ổn định,2155839.6666666665,1.1532948656811433,61.333333333333336,25.416666666666668,75.96666666666667,13.666666666666666,0.21359921042807506,-0.21359921042807647,-0.11018756030781847,1.3980811658432242,-0.3299291812157977
KH00110085,92,Nữ,Quản lý sản phẩm,Đà Nẵng,313045833.3333333,1240400000,-0.29921254919280976,65.72500000000001,Ổn định,1781932.4166666667,1.662316198287562,121.91666666666667,29.25,78.93333333333334,13.916666666666666,0.1997634688703027,-0.19976346887030272,-0.19290904092038197,0.2582973519844083,-0.027463801992416992
KH00110090,47,Nữ,Chuyên viên khảo sát mỏ,Quảng Ngãi,318498333.3333333,1588100000,-0.29921254919280976,63.5,Cần theo dõi,1470957.9166666667,2.1349634790394236,182.58333333333334,30.166666666666668,78.925,14.0,0.6189683894273136,-0.618968389427314,-0.39408560841559903,1.673139982949879,1.1216693446328811
KH00110125,72,Nam,Đạo diễn sân khấu,Đồng Nai,502755833.3333333,1386200000,0.6256939485706594,66.3,Cần theo dõi,1701395.1666666667,1.5615834044098171,182.75,30.166666666666668,76.80833333333334,13.916666666666666,0.16397209998338716,-0.1639720999833881,-0.6643323102236387,-1.3992399012568908,-0.4474643480264396
KH00110130,57,Nữ,Nhà khoa học thính học,Hưng Yên,301393333.3333333,1296600000,-0.9682345999439168,69.75,Cần theo dõi,1443809.75,1.586621309324606,122.0,29.75,75.625,13.666666666666666,0.5479577094364475,-0.5479577094364485,-0.6148728585405251,0.7236275362679773,-0.7155879459081033
KH00110165,89,Nữ,Quản lý mỏ đá,Cần Thơ,451331666.6666667,1919600000,-0.6978412409875543,67.69166666666666,Cần theo dõi,1579916.5,1.6648545218232107,182.66666666666666,30.333333333333332,80.51666666666667,14.0,0.43830661072088184,-0.4383066107208819,-0.17603176086529912,0.6603780148546265,-0.30572746907938386
KH00110170,34,Nữ,Trợ lý chính trị gia,Đà Nẵng,283787500.0,1183300000,0.9091306728100113,57.39166666666667,Có dấu hiệu căng thẳng tài chính,1543155.3333333333,2.207541400501737,183.41666666666666,30.25,80.14999999999999,14.0,0.25772982852817977,-0.25772982852817977,-0.2210877265910532,0.5435633393453291,2.198029287403546
KH00110205,40,Nữ,Biên tập viên hiệu đính,Lai Châu,709781666.6666666,3409500000,-0.5933477640575351,64.40833333333333,Cần theo dõi,2216454.75,1.575657450272675,242.75,30.25,81.73333333333333,14.0,-0.2481348454700906,0.24813484547009018,-0.06115662687078753,1.4153376889897986,0.4338253131261822
KH00110210,53,Nữ,Kỹ sư khai thác mỏ,Hà Nội,390965000.0,1199800000,-0.3217819677723652,72.14999999999999,Cần theo dõi,1655321.5,1.7674388093334825,121.33333333333333,28.833333333333332,76.03333333333333,13.75,0.6904003616604055,-0.6904003616604065,-0.5295114615357469,-0.9612145791898269,-1.1664568794124126
KH00110245,24,Nam,Chuyên viên thông tin hướng nghiệp,Cần Thơ,348640000.0,1311700000,-0.733307470183999,68.9,Ổn định,16265167.0,0.6756407270515558,12.0,2.0,53.1,5.0,-2.7790490250213247,2.7790490250213247,3.3421221473634537,-0.03401407171808176,-0.8939635279505636
KH00110250,55,Nam,Chuyên viên vẽ bản đồ,Hà Nội,563274166.6666666,2705700000,-0.9376046747288058,68.47500000000001,Cần theo dõi,1553865.0,1.4114234512208388,243.41666666666666,30.416666666666668,80.46666666666667,13.916666666666666,0.7453496330309152,-0.7453496330309162,-0.229239896285755,1.4155858357974214,-0.23088143339825096
KH00110285,51,Nữ,Quản lý bán lẻ,Hải Phòng,83455000.0,243600000,0.41685354937672137,60.9,Ổn định,12176825.0,1.131881584551481,4.5,1.0,49.25,4.0,-2.787425571804286,2.787425571804286,4.27097752315045,-1.1880625268313723,-0.4233746808536195
KH00110290,37,Nữ,Lập trình viên đa phương tiện,Ninh Bình,788037500.0,3852500000,-1.516495605827792,72.71666666666667,Ổn định,2207056.0833333335,1.3077602587719372,182.33333333333334,30.25,82.18333333333334,14.0,0.11000259047368804,-0.11000259047368899,0.04341864237396143,1.5338218885353183,-1.2141320114218772
KH00110325,75,Nam,Kỹ sư y sinh,Quảng Ninh,715782500.0,1905600000,0.07420874003256202,70.39999999999999,Cần theo dõi,1515743.1666666667,1.448672603820645,243.83333333333334,30.416666666666668,79.8,13.916666666666666,0.7643827351595247,-0.7643827351595257,-0.32362540521987637,-1.5308286445637023,-1.1767089935813104
KH00110330,45,Nam,Nhà thiết kế gốm sứ,Hưng Yên,598224166.6666666,2571600000,-0.01167229430262968,61.09166666666667,Cần theo dõi,1694757.5833333333,2.5164992523524767,304.5833333333333,30.333333333333332,81.39166666666667,14.0,0.17015976245115527,-0.17015976245115622,-0.12357063060016892,0.7224881412981848,0.8361787773940695
KH00110365,33,Nam,Cán bộ quản chế,Thành phố Hồ Chí Minh,361723333.3333333,911300000,2.108534060180671,61.28333333333333,Cần theo dõi,1519943.1666666667,2.0901241082532827,182.5,30.166666666666668,78.21666666666667,14.0,0.27076396119140633,-0.2707639611914073,-0.4839671355568073,-1.7263755332452946,0.6548340038163531
KH00110370,38,Nam,Kỹ sư dầu khí,Hà Nội,257507500.0,1179700000,-1.0287616770436332,71.675,Ổn định,2474659.8333333335,0.8862615850957959,61.666666666666664,25.25,73.59166666666667,13.25,-0.5263019955587516,0.5263019955587517,-0.3094041029826652,1.1090868403715586,-0.5851115858022949
KH00110405,32,Nữ,Chuyên viên trị liệu âm nhạc,Tây Ninh,256412500.0,1275400000,-0.7964725312735339,64.36666666666666,Cần theo dõi,1546758.0,1.952078511504406,122.16666666666667,28.916666666666668,77.11666666666666,13.916666666666666,0.1558615937737226,-0.1558615937737222,-0.41272744895597396,1.643207443652739,0.17595382941341622
KH00110410,34,Nữ,Cán bộ giáo dục cộng đồng,Cần Thơ,93025833.33333333,237400000,2.900368921124424,60.56666666666667,Cần theo dõi,1409540.5,1.328479326690274,61.5,25.5,71.09166666666667,13.166666666666666,1.0132853551602954,-1.0132853551602954,-0.6606646008107478,-1.6793173720784893,1.3921458867500294
KH00110445,86,Nữ,Giáo viên tiểu học,Thanh Hóa,159822500.0,619400000,-0.20790899221188086,67.2,Cần theo dõi,1821622.5,1.4730051604818586,61.416666666666664,25.333333333333332,73.075,13.25,0.31082276662601666,-0.3108227666260176,-0.39412476237370475,0.1349123526986698,-0.0007971006569242154
KH00110450,75,Nữ,Chuyên viên lưu trữ,Thái Nguyên,377229166.6666667,1438700000,0.29975637116201476,63.90833333333333,Cần theo dõi,1617432.1666666667,1.5978049253926878,182.91666666666666,30.25,78.36666666666666,13.833333333333334,0.38923288223863517,-0.38923288223863617,-0.4287199419172911,0.060544104524846355,0.7270469828530157
KH00110485,66,Nữ,Người dẫn chương trình phát sóng,Lâm Đồng,102375833.33333333,278200000,4.20250712943189,42.31666666666666,Có dấu hiệu căng thẳng tài chính,1880381.75,1.516432769131007,61.583333333333336,25.583333333333332,73.96666666666667,13.416666666666666,0.036067998278261425,-0.03606799827826235,-0.34626862120886953,-1.456928080576645,3.199263082084091
KH00110490,67,Nam,Thư ký luật sư tranh tụng,Sơn La,516090000.0,1372800000,0.27322997659773207,69.44166666666666,Cần theo dõi,1523431.5,1.51075789431557,182.91666666666666,29.916666666666668,79.89999999999999,13.75,0.6822862502224025,-0.6822862502224031,-0.1945871092248951,-1.5353651629833782,-0.9732913621754772
KH00110525,71,Nữ,Kỹ sư sản xuất,Ninh Bình,721381666.6666666,3296400000,-1.4039416222622167,72.01666666666667,Cần theo dõi,1485408.8333333333,1.64806340943776,243.33333333333334,30.333333333333332,80.65833333333333,13.916666666666666,0.4208953919629449,-0.42089539196294584,-0.2033834426110824,1.0908566923503522,-1.2546362657612924
KH00110530,48,Nữ,Nhà khoa học thính học,Cà Mau,385393333.3333333,1255900000,-0.7187985582399988,71.64166666666667,Ổn định,1543301.6666666667,1.9203489770345694,122.25,29.5,77.78333333333333,13.916666666666666,0.4330252245425644,-0.4330252245425645,-0.36461464707107494,-0.7033076609584983,-1.377437545860876
KH00110565,59,Nam,Quản lý sản xuất,An Giang,162325833.33333334,746900000,-0.8152315285344629,67.225,Cần theo dõi,1715111.9166666667,1.5595765981265772,61.583333333333336,25.916666666666668,75.65833333333333,13.416666666666666,0.15084910396038673,-0.15084910396038764,-0.11599026622880722,1.139292320871674,-0.20197383279086747
KH00110570,76,Nam,Chuyên viên an toàn lao động,Thành phố Hồ Chí Minh,536306666.6666667,1734300000,0.6432805085027805,63.425000000000004,Cần theo dõi,1641866.1666666667,1.6871308220701018,242.91666666666666,30.333333333333332,80.22500000000001,14.0,0.4062348334929649,-0.40623483349296496,-0.2759475985181543,-0.7484993736948488,0.2830688146097683
KH00110605,31,Nam,Nhân viên giao dịch,Hưng Yên,670001666.6666666,2667900000,0.5061053410322359,63.55833333333334,Cần theo dõi,2387473.9166666665,0.8952564791724503,243.5,30.333333333333332,79.50833333333334,14.0,-0.51290055690934,0.5129005569093391,-0.37419937284442634,0.2801345327158124,1.2092885061637884
KH00110610,43,Nam,Nhân viên cứu trợ,Thành phố Hồ Chí Minh,537609166.6666666,2595000000,-0.894224493562907,66.575,Cần theo dõi,1508695.0,2.083933749663346,243.08333333333334,30.416666666666668,81.23333333333333,14.0,0.2576225842910602,-0.25762258429106066,-0.13887171438956572,1.440639472246844,-0.13838831595098275
KH00110645,37,Nữ,Nhà khoa học nghiên cứu khoa học sự sống,Thành phố Hồ Chí Minh,876288333.3333334,3042300000,-1.341216225170985,73.875,Ổn định,1425076.3333333333,2.3068770211268563,243.58333333333334,30.333333333333332,81.27499999999999,14.0,0.49441101826000566,-0.4944110182600057,-0.1310977557218326,-0.42818498291697005,-1.999847318628381
KH00110650,54,Nam,Bác sĩ thú y,Thanh Hóa,236750000.0,1142300000,-1.4912882032584183,71.4,Ổn định,15098875.0,0.7185811190807445,8.0,2.0,54.5,5.0,-3.2550744724561254,3.2550744724561254,3.334699849920759,1.422017716312176,-1.2274093396078263
KH00110685,41,Nữ,Luật sư tranh tụng,Thành phố Hồ Chí Minh,171556666.66666666,809600000,-1.4452700381027015,74.23333333333333,Cần theo dõi,1348205.0833333333,1.4940755602098588,61.583333333333336,26.083333333333332,72.0,13.5,0.6328823804632432,-0.6328823804632437,-0.6274821435417266,1.2998201845316215,-1.1452243588112527
KH00110690,25,Nữ,Nhà khoa học dữ liệu,Hà Nội,175300000.0,869000000,-1.3980794356181767,71.60833333333333,Ổn định,1614911.5833333333,1.6421432159836113,61.666666666666664,25.5,70.85000000000001,13.416666666666666,0.665850735293021,-0.665850735293022,-0.755562229599133,1.622838479888441,-0.9515546392381415
KH00110725,47,Nam,Nhà khoa học biển,Bắc Ninh,574184166.6666666,1776100000,-0.1511923364307907,68.93333333333334,Cần theo dõi,1345483.9166666667,1.7175652435422564,243.33333333333334,30.416666666666668,79.39999999999999,13.916666666666666,0.690162285474246,-0.6901622854742465,-0.368599543072905,-0.9461853116896549,-0.8692576134779734
KH00110730,59,Nữ,Cán bộ thử nghiệm hiện trường,Quảng Ngãi,259010000.0,838200000,0.2955062858450859,63.6,Ổn định,17375600.0,0.4770459252475233,10.0,2.0,53.9,5.0,-2.610029840759327,2.6100298407593256,1.9516388844616095,-0.75500262959992,-0.14774407041112445
KH00110765,22,Nam,Cảnh sát,Lạng Sơn,347800000.0,1764600000,-0.7579286540889684,61.3,Ổn định,17341600.0,0.5047211267971106,15.0,2.0,58.4,5.0,-2.8151066414953028,2.815106641495303,3.2234330211405897,1.7627830360461612,0.370575931177081
KH00110770,58,Nữ,Quản trị viên cơ sở dữ liệu,Lạng Sơn,343264166.6666667,1557200000,-0.14401115779184107,63.56666666666666,Cần theo dõi,1593310.4166666667,1.692305369568486,182.16666666666666,30.333333333333332,79.15833333333333,13.75,0.596048977118202,-0.5960489771182026,-0.315091681433287,1.0464539575364815,0.8986438445980085
KH00110805,48,Nữ,Giáo viên giáo dục đặc biệt,Tây Ninh,516424166.6666667,1572400000,0.4422075066121956,66.05833333333334,Cần theo dõi,1379247.5,1.8564784691559064,243.41666666666666,30.333333333333332,77.54166666666667,13.916666666666666,0.6715273555911143,-0.6715273555911153,-0.6176049304429503,-1.0109779929621416,-0.23810833355009647
KH00110810,27,Nam,Chuyên viên mua quảng cáo,An Giang,622277500.0,3105600000,-0.6910997263469082,63.30833333333333,Cần theo dõi,1581738.9166666667,2.226045835614832,304.25,30.416666666666668,82.22500000000001,14.0,0.2931143327068536,-0.29311433270685455,-0.018903874274006742,1.66749528855568,0.42144434464898833
KH00110845,86,Nữ,Cán bộ triển lãm bảo tàng,Khánh Hòa,126601666.66666667,645500000,-0.46203478323103114,65.09166666666667,Cần theo dõi,1717551.6666666667,1.3170859628245657,61.416666666666664,25.75,71.27499999999999,13.0,0.4163180038605891,-0.41631800386059054,-0.6423589489712017,1.8163213929443174,0.9198763651991685
KH00110850,42,Nam,Chuyên viên truyền thông sức khỏe,Cần Thơ,477590833.3333333,2326600000,-0.23209051211854714,62.175000000000004,Cần theo dõi,1682926.8333333333,2.625280628440041,243.66666666666666,30.25,80.18333333333334,14.0,0.11161133508904211,-0.1116113350890435,-0.27900584065012435,1.4979338600970304,1.144078337351783
KH00110885,39,Nữ,Chuyên viên làm vườn thương mại,An Giang,747444166.6666666,2336900000,-0.2408837920846082,68.925,Ổn định,2253514.5833333335,1.5018222469298077,182.5,30.166666666666668,83.375,14.0,-0.16992533233718382,0.1699253323371829,0.2116220826878504,-0.890763015262953,-0.9070727886911206
KH00110890,38,Nữ,Nhà khoa học thính học,Lào Cai,155233333.33333334,729700000,-0.9732174585913506,69.14166666666667,Cần theo dõi,1591621.5833333333,1.5749947291233892,61.333333333333336,25.5,73.53333333333333,13.666666666666666,0.45433071053320295,-0.4543307105332039,-0.4522054075131942,1.2634124413549326,-0.39978921601697504
KH00110925,93,Nam,Giáo viên tiếng anh,Hà Tĩnh,149740000.0,559200000,0.6701000123992652,52.6,Cần theo dõi,11622727.0,0.9245106012577722,11.0,2.0,55.1,7.0,-2.630780548226385,2.6307805482263853,4.348050479500723,-0.07219056360635248,1.0825096298566
KH00110930,32,Nữ,Chuyên viên trắc địa,Thanh Hóa,634128333.3333334,2816300000,-0.5259326176510709,64.40833333333333,Cần theo dõi,1485943.0,2.1193392732917324,304.75,30.25,82.30833333333334,14.0,0.3841064074893272,-0.3841064074893281,0.000274462864966245,0.9208323193642672,0.11606579637215068
KH00110965,54,Nữ,Kỹ thuật viên sản xuất bia,Hà Nội,496717500.0,1898000000,-0.49823378575797983,68.50833333333334,Cần theo dõi,1670027.0,1.4707767316231404,182.66666666666666,30.0,78.14999999999999,14.0,0.4326140338713601,-0.4326140338713601,-0.49309189853549074,0.05942876695166826,-0.4824223766679267
KH00110970,22,Nam,Nhà tâm lý học giáo dục,Thành phố Hồ Chí Minh,115154166.66666667,370100000,1.0594957602296462,64.95833333333333,Cần theo dõi,1419739.9166666667,1.7031882585681046,61.333333333333336,24.916666666666668,75.35000000000001,13.166666666666666,-0.35060258101056324,0.3506025810105619,-0.0547923601377165,-0.774982244270007,0.8305205067325463
KH00111005,28,Nữ,Quản lý nông trại,Nghệ An,652264166.6666666,2718800000,-0.9080006321764018,70.3,Cần theo dõi,2056420.5833333333,1.2984444717958967,182.91666666666666,30.25,80.675,14.0,0.1364620346149853,-0.13646203461498668,-0.15586650283582226,0.5404202419480681,-0.7441594116247026
KH00111010,57,Nam,Kỹ sư cơ điện công trình,Huế,317158333.3333333,1273500000,-0.574588766796606,68.75,Cần theo dõi,1624772.3333333333,1.2971005275381715,122.5,29.25,77.77499999999999,13.833333333333334,0.21717405652779725,-0.21717405652779864,-0.33500669889734525,0.33323687730026885,-0.41362676902089746
KH00111045,91,Nữ,Chuyên viên sinh lý vận động,Thái Nguyên,125018333.33333333,367200000,1.0457196216161513,65.24166666666666,Cần theo dõi,1520480.3333333333,1.2483821205801564,61.166666666666664,25.166666666666668,71.85000000000001,12.75,1.1960712633646569,-1.196071263364658,-0.4834739614181112,-1.1527650607355668,0.27662622920308433
KH00111050,49,Nữ,Nhà địa chất công trình,Quảng Ninh,440214166.6666667,1752200000,0.24919501135716676,64.10833333333333,Cần theo dõi,1445780.0,1.8985082156574122,244.0,30.25,80.58333333333333,14.0,0.5992087644669446,-0.5992087644669456,-0.21542635259101933,0.29264289123906634,0.8500163303979912
KH00111085,24,Nữ,Cán bộ quản lý thị trường,Vĩnh Long,330200000.0,1667400000,-1.5704277229529633,73.2,Ổn định,12984385.0,0.7037566300931937,13.0,2.0,50.5,6.0,-1.9132209657912402,1.9132209657912398,2.910185303747772,1.7299806088562069,-1.2206866417921558
KH00111090,38,Nam,Nhà khoa học thính học,Hà Nội,553583333.3333334,2555500000,-1.34048345184048,73.49166666666666,Ổn định,2414251.0,0.9107606268351005,122.5,29.25,77.825,13.75,-0.4158168803403909,0.41581688034039005,-0.3019489375835538,1.1491952965176835,-1.128361591790279
KH00111125,49,Nữ,Quản lý nhà hàng thức ăn nhanh,Phú Thọ,144357500.0,688200000,-0.8742930589731696,66.95,Cần theo dõi,1576528.0,1.8011807470283017,61.583333333333336,25.333333333333332,72.36666666666666,13.5,0.2889278311732151,-0.28892783117321513,-0.573226705410066,1.3656291886912508,-0.16359843275974706
KH00111130,55,Nữ,Chuyên viên phân tích hệ thống,Hải Phòng,424832500.0,1455500000,0.1641933050185815,66.64166666666667,Cần theo dõi,1602204.5833333333,1.478100828632382,183.33333333333334,30.166666666666668,79.25833333333334,13.75,0.6422588061772619,-0.6422588061772629,-0.2987187719929806,-0.4789919643441025,-0.029928791191496693
KH00111165,60,Nam,Chuyên viên tư vấn nông nghiệp,Đà Nẵng,466361666.6666667,1561700000,0.22310828079118755,65.10000000000001,Cần theo dõi,1727795.6666666667,1.7835319199865054,183.33333333333334,30.083333333333332,79.19166666666666,13.833333333333334,0.3770691475509717,-0.37706914755097265,-0.3222603138867569,-0.5945991035860244,-0.07054509049450634
KH00111170,54,Nữ,Nhà địa chất hiện trường,Lâm Đồng,256227500.0,812500000,0.9827011151927181,62.63333333333333,Cần theo dõi,1648640.4166666667,1.4508942211135902,122.33333333333333,29.25,74.83333333333333,13.583333333333334,0.31169265992730993,-0.31169265992731043,-0.6749366702519052,-0.83414973790027,0.5807722828803825
KH00111205,46,Nam,Nhà thiết kế triển lãm,Đà Nẵng,780294166.6666666,2372400000,1.0490903789364756,64.25833333333334,Cần theo dõi,2465350.25,0.9425004577813184,244.0,30.416666666666668,79.14999999999999,14.0,-0.634257592504627,0.634257592504627,-0.42644288286679133,-1.0080292277286569,0.44060403342364973
KH00111210,56,Nữ,Quản lý kho,Hà Nội,166760000.0,756800000,-1.1254877566702994,70.0,Ổn định,13680857.0,0.7184742339847139,7.0,2.0,47.8,3.0,-1.6337380407038133,1.6337380407038131,3.420716614504629,1.029212937688005,-0.7964844096233391
KH00111245,54,Nam,Chuyên viên vật lý trị liệu,Phú Thọ,261637500.0,1138900000,-0.25407371203369855,66.00833333333334,Cần theo dõi,1608236.4166666667,1.4080364756475143,121.91666666666667,29.166666666666668,76.76666666666667,13.833333333333334,0.4421545485438119,-0.4421545485438129,-0.4670545478534931,0.7883036182094768,0.5210523172845083
KH00111250,35,Nữ,Cán bộ thử nghiệm hiện trường,Cần Thơ,163767500.0,526400000,1.1327730932801514,65.175,Cần theo dõi,2119173.0833333335,1.1486660356707568,60.833333333333336,24.833333333333332,74.93333333333334,13.333333333333334,0.4538520642083334,-0.45385206420833346,-0.15408981210238334,-0.7731900691254469,0.9416130881365026
KH00111285,25,Nam,Chuyên viên hoạch định quảng cáo,Thành phố Hồ Chí Minh,117588333.33333333,439900000,0.184564403606622,64.35833333333333,Cần theo dõi,1429210.1666666667,1.6344275922375076,61.416666666666664,25.833333333333332,75.53333333333335,13.5,0.4132189610286602,-0.4132189610286607,-0.15955857599267012,-0.04476079972211733,0.3910801595148764
KH00111290,30,Nam,Bác sĩ phẫu thuật,Thành phố Hồ Chí Minh,703337500.0,2546800000,-1.546832421710701,75.60833333333333,Ổn định,1464506.4166666667,1.831420018456983,182.58333333333334,30.25,80.46666666666667,14.0,0.4662574421716707,-0.4662574421716717,-0.18097744547993494,-0.21857950337453477,-2.163881145330744
KH00111325,29,Nam,Nhà khoa học y sinh,Thành phố Hồ Chí Minh,407799166.6666667,1778900000,-1.5399443524039533,73.84166666666667,Ổn định,1517851.0833333333,1.8021093540055146,122.16666666666667,29.416666666666668,80.52499999999999,14.0,0.5519874807828951,-0.5519874807828952,0.0006183016814196825,0.8154413783584465,-1.6504911221406973
KH00111330,84,Nam,Giáo viên trung học,Thành phố Hồ Chí Minh,413844166.6666667,1911900000,-0.3809900528771732,63.775,Cần theo dõi,1777191.1666666667,1.6837706164651107,182.66666666666666,30.166666666666668,78.50833333333334,13.833333333333334,0.09349665448602273,-0.09349665448602273,-0.41248431000032526,1.1711791520397004,0.6781953787258101
KH00111365,64,Nam,Nhà báo phát thanh truyền hình,Hà Nội,93175000.0,409400000,-0.6954963663299385,67.25,Cần theo dõi,12923083.5,0.9158538038895891,4.5,1.0,47.5,3.5,-1.8996613287334398,1.89966132873344,2.762312591768469,0.8314310875158228,-0.19177774110376666
KH00111370,29,Nam,Chuyên viên pháp lý nhà đất,Ninh Bình,188900833.33333334,638800000,0.9009236115083546,64.79166666666667,Cần theo dõi,2507654.6666666665,0.8663194100069366,61.333333333333336,25.5,74.20833333333333,13.166666666666666,-0.590367349285384,0.5903673492853831,-0.22536242090417094,-0.5378121325738456,0.8988119120433999
KH00111405,81,Nữ,Quản lý trường quay,Gia Lai,464708333.3333333,1906900000,-0.463939993890344,66.14166666666667,Cần theo dõi,1721467.25,1.4741570291744477,182.41666666666666,30.0,79.38333333333334,13.75,0.09659945472948031,-0.09659945472948032,-0.2599561954717734,0.4511397097561643,-0.11760397520420075
KH00111410,64,Nam,Nhà sản xuất phát thanh,Ninh Bình,270208333.3333333,740900000,1.4836249639259669,63.875,Cần theo dõi,1670393.5,1.5885119110169619,121.75,29.333333333333332,77.60000000000001,13.75,0.6571169449028953,-0.6571169449028963,-0.32997080600014,-1.4200904455421273,0.4097916684351598
KH00111445,68,Nam,Nhà thiết kế nội thất,Cần Thơ,279324166.6666667,1028300000,0.26956610994520724,64.89166666666667,Cần theo dõi,1745866.4166666667,1.6204373295112227,121.66666666666667,29.666666666666668,77.425,13.833333333333334,0.3643590072819065,-0.364359007281907,-0.40124516160071777,-0.12790517093638698,0.44133232568701436
KH00111450,20,Nam,Kỹ sư cơ điện công trình,Đà Nẵng,239360000.0,871400000,-0.9830366212201186,70.6,Ổn định,11732500.0,1.027374836120602,10.0,2.0,55.4,6.0,-2.599620013111873,2.5996200131118727,2.4439250935591232,-0.2009023178956382,-1.3618632959212384
KH00111485,52,Nữ,Cán bộ quản chế,Thành phố Hồ Chí Minh,307290833.3333333,1282700000,-0.47375915651911155,66.77499999999999,Cần theo dõi,1787542.75,1.5895401449087057,122.25,29.416666666666668,77.74166666666666,13.583333333333334,0.2806327770602211,-0.2806327770602216,-0.28941454253209464,0.5538626100346055,-0.05345823354634353
KH00111490,75,Nam,Kỹ sư mạng,Cần Thơ,232888333.33333334,772600000,-0.6339434065675146,71.48333333333333,Ổn định,1983220.5,1.503360269263806,61.75,23.75,73.16666666666667,13.166666666666666,0.1300240484788038,-0.1300240484788038,-0.3160007658557715,-0.6279333438234368,-1.2005185483451437
KH00111525,23,Nữ,Cán bộ bảo tồn công trình di tích,Đà Nẵng,365329166.6666667,1819600000,-0.08626861934804296,62.258333333333326,Cần theo dõi,1850938.5,0.9851188476540423,183.25,29.75,82.59166666666667,14.0,-1.5894532016311735,1.5894532016311727,0.1335521100764517,1.666980510130771,1.6060397222519491
KH00111530,66,Nữ,Nhà vật lý y khoa,Đồng Tháp,469640000.0,1347300000,1.7156210003638643,61.35,Cần theo dõi,1612723.8333333333,1.523953635106837,243.16666666666666,30.333333333333332,79.03333333333333,13.916666666666666,0.7156122806045643,-0.7156122806045653,-0.41648469310061353,-1.2429572180344919,0.9602125520931923
KH00111565,64,Nam,Nhà sản xuất truyền hình,Lâm Đồng,227833333.33333334,973100000,0.5373214849117508,63.25,Cần theo dõi,1749998.75,1.5121311860984221,122.5,29.75,77.81666666666666,13.833333333333334,0.44909929819586397,-0.4490992981958649,-0.3418453048797322,0.6846939949794304,1.6064318796245303
KH00111570,65,Nữ,Họa sĩ minh họa,Cần Thơ,379290833.3333333,1580600000,-0.2584703520167293,66.16666666666667,Cần theo dõi,1541197.5,1.3570544022949729,182.75,30.166666666666668,77.95833333333333,13.666666666666666,0.6498071336435233,-0.6498071336435233,-0.460515247585485,0.5428868938640795,0.30704643681899313
KH00111605,33,Nữ,Chuyên viên vật lý trị liệu,Ninh Bình,213005000.0,1067300000,-0.34830836233664736,64.53333333333333,Cần theo dõi,1435846.5,1.9344634569976524,122.08333333333333,29.5,77.08333333333333,13.916666666666666,0.508754856862462,-0.5087548568624626,-0.45641377817376816,1.7075914838173123,1.1216693446328811
KH00111610,47,Nam,Chuyên viên trị liệu nghệ thuật,Đà Nẵng,296919166.6666667,1111300000,0.8691212489644352,62.49166666666667,Cần theo dõi,1395542.3333333333,1.8266036578091953,182.41666666666666,30.333333333333332,78.85000000000001,14.0,0.6960063965776793,-0.6960063965776798,-0.4035360779769971,-0.04300584794033993,1.4282243650274622
KH00111645,25,Nam,Chuyên viên trị liệu bằng làm vườn,Gia Lai,427751666.6666667,1342200000,0.8093269451952242,63.50833333333333,Cần theo dõi,1749692.8333333333,1.0034445887039904,183.0,29.75,83.825,13.916666666666666,-1.7252150374652642,1.7252150374652637,0.32060639219936277,-0.8784517641787679,0.33533779012660725
KH00111650,34,Nữ,Nhà khoa học y sinh,Tuyên Quang,433305833.3333333,1551500000,-0.46159511923272767,68.575,Cần theo dõi,1374816.75,1.603913463101856,183.0,30.25,78.99166666666666,14.0,0.7099700050104529,-0.7099700050104539,-0.3849532564157041,-0.26184090020802325,-0.6473525630790458
KH00111685,80,Nữ,Cán bộ bình đẳng và đa dạng,Thanh Hóa,413905833.3333333,2030100000,-0.23135773878804267,64.33333333333333,Cần theo dõi,1475095.8333333333,1.319119344482549,244.0,30.333333333333332,79.60000000000001,13.833333333333334,0.8499136870318424,-0.8499136870318434,-0.3262180788434746,1.5584262489434884,1.16884027430617
KH00111690,22,Nữ,Chuyên viên dự toán xây dựng,Đồng Tháp,173910000.0,502600000,0.38695639749211536,64.4,Ổn định,17802000.0,0.5384973713648327,6.0,1.0,50.9,4.0,-3.731214259018294,3.7312142590182935,3.478400744025241,-1.2293462903453838,-0.5282487667780816
KH00111725,42,Nam,Thư ký hành chính,Thành phố Hồ Chí Minh,784417500.0,2195400000,1.3898299776213217,64.10833333333333,Cần theo dõi,2409765.8333333335,0.9589165016822614,244.25,30.333333333333332,79.00833333333334,14.0,-0.5993149128489125,0.5993149128489121,-0.44368745084335054,-1.348760933475083,0.40587009470935237
KH00111730,56,Nam,Dược sĩ cộng đồng,Quảng Ninh,601482500.0,2784900000,-1.4026226302673077,71.77499999999999,Cần theo dõi,1648926.25,1.8508482224327063,182.91666666666666,30.083333333333332,77.49166666666666,14.0,0.31920873291881335,-0.31920873291881335,-0.5848874338945295,1.171353215533101,-1.1881375798679508
KH00111765,25,Nam,Thanh tra công trình di tích,Ninh Bình,498205000.0,1409400000,2.0947579215671754,57.975,Cần theo dõi,1428369.0,2.2902785480943693,304.3333333333333,30.333333333333332,83.10833333333333,14.0,0.3355554799695573,-0.33555547996955826,0.11050933464430078,-1.2977254545900707,1.1696806115331284
KH00111770,61,Nữ,Nhân viên phát triển cộng đồng,Bắc Ninh,318180000.0,1486100000,-0.754851006100847,66.43333333333334,Cần theo dõi,1809069.0833333333,1.8479021950741543,122.0,29.833333333333332,78.91666666666667,13.916666666666666,-0.09890230215768861,0.09890230215768771,-0.21469346674565298,1.2219296574486125,0.003236518032479207
KH00111805,60,Nữ,Chuyên viên vệ sinh lao động,Hà Nội,340646666.6666667,1589600000,-0.8550943977139375,66.91666666666667,Cần theo dõi,1856477.0833333333,1.7134791165145868,122.08333333333333,29.416666666666668,77.05833333333334,13.75,0.098199182135931,-0.09819918213593193,-0.42198975189471716,1.230289691374711,-0.17788416561804743
KH00111810,39,Nam,Quản lý nông trại,Đồng Tháp,264247500.0,912600000,-0.3634034929450521,70.02499999999999,Ổn định,2565459.8333333335,0.9400988960141273,61.333333333333336,25.333333333333332,72.99166666666666,13.0,-0.7349618989830851,0.7349618989830843,-0.37208673981154,-0.4421211199156647,-0.7100417202101745
KH00111845,51,Nam,Nhân viên nghệ thuật cộng đồng,Hà Tĩnh,194872500.0,768900000,0.9759596005520719,59.1,Cần theo dõi,1528378.75,1.3619655956696546,121.75,29.916666666666668,79.34166666666667,13.75,1.0683497267094648,-1.068349726709466,-0.12401217966859371,0.22991330261144052,1.8443033373356759
KH00111850,43,Nam,Thư ký công ty,Hưng Yên,200827500.0,898500000,0.6350734472011239,56.708333333333336,Có dấu hiệu căng thẳng tài chính,1630017.6666666667,1.8751897490740461,122.25,29.333333333333332,80.65833333333333,14.0,0.49076015348075636,-0.49076015348075736,0.025820563464338392,0.966473019346932,2.0790375360661755
KH00111885,58,Nam,Chuyên viên viết nội dung quảng cáo,Lâm Đồng,156640000.0,605200000,-0.7438594061432715,66.4,Ổn định,9968111.0,1.1508082956153838,9.0,2.0,46.7,5.0,-2.3985040015139076,2.3985040015139067,2.2879311766227284,0.1047980577450915,-0.8072407261284124
KH00111890,60,Nữ,Giám đốc tài chính,Hà Nội,999840833.3333334,4026200000,-1.7143444050641543,76.35833333333333,Ổn định,1525806.9166666667,1.4781419937411824,243.25,30.333333333333332,79.88333333333334,13.916666666666666,0.6803802387506438,-0.6803802387506448,-0.30521707769754775,0.34210521319544474,-2.14925927758166
KH00111925,39,Nữ,Quản lý hậu cần và phân phối,Hải Phòng,722595833.3333334,2110200000,-0.07703567538367942,69.64166666666667,Ổn định,2166398.0,1.3000310122216978,182.91666666666666,30.083333333333332,82.94166666666666,14.0,-0.12893083275241046,0.12893083275241046,0.1649386321835192,-1.176442623002527,-1.0030953224916166
KH00111930,53,Nam,Cán bộ giáo dục bảo tàng,Thành phố Hồ Chí Minh,440243333.3333333,1920700000,0.5260367756219729,60.208333333333336,Cần theo dõi,1731638.6666666667,1.9706515672983895,243.91666666666666,30.333333333333332,81.575,14.0,0.309727126324042,-0.3097271263240429,-0.0859119544943138,0.8088815786646352,1.834275313093968
KH00111965,22,Nữ,Kỹ sư đóng tàu,Thành phố Hồ Chí Minh,125805833.33333333,430200000,0.48954466376282224,66.59166666666667,Cần theo dõi,1429137.3333333333,1.7382730870270218,61.75,24.833333333333332,72.55,13.666666666666666,-0.176029197272082,0.17602919727208202,-0.5565500857359577,-0.4845148763758859,0.4988674144927947
KH00111970,26,Nam,Giảng viên giáo dục thường xuyên,An Giang,623403333.3333334,2376700000,-1.2173775323156322,71.54166666666667,Ổn định,1582327.8333333333,2.094911098421681,182.5,30.333333333333332,79.03333333333333,13.916666666666666,0.008628488399307334,-0.008628488399308255,-0.36300385886678804,0.05057981402817214,-1.526793482332358
KH00112005,44,Nam,Kỹ sư viễn thông,Đắk Lắk,914161666.6666666,4177900000,-1.54961696036662,75.22500000000001,Ổn định,2350506.25,0.9178745459206129,183.25,30.083333333333332,78.58333333333333,13.916666666666666,-0.3463859393644752,0.3463859393644748,-0.4208657217338454,1.08653479689994,-1.5000707585150672
KH00112010,41,Nam,Quản lý hệ thống thông tin,Huế,228378333.33333334,1011500000,-0.7390231021619382,70.675,Cần theo dõi,2442568.6666666665,0.8300927173469018,61.416666666666664,25.333333333333332,74.64166666666667,13.333333333333334,-0.30935030687980347,0.3093503068798026,-0.20597177740562134,0.9073017219924165,-0.2116657221417927
KH00112045,88,Nam,Sĩ quan huấn luyện quân đội,Thành phố Hồ Chí Minh,160920000.0,402800000,1.2926642339963526,60.3,Ổn định,15191429.0,0.8182870954719667,7.0,2.0,57.1,5.0,-3.1737148723232798,3.1737148723232793,3.1109634007685254,-1.759494939043178,-0.21497104856783
KH00112050,51,Nam,Nhà thiết kế triển lãm,Vĩnh Long,372859166.6666667,1232100000,0.8573968756763548,61.98333333333333,Cần theo dõi,1632852.3333333333,1.6409844399454216,183.25,30.25,78.825,13.666666666666666,0.40571217144203275,-0.4057121714420328,-0.34317454659916174,-0.6471012249702099,0.6239095938642687
KH00112085,48,Nữ,Cán bộ quản lý thể thao,Thành phố Hồ Chí Minh,271513333.3333333,1350600000,-1.046787900974058,68.925,Cần theo dõi,1445104.1666666667,1.7128912910284253,122.25,29.666666666666668,78.075,14.0,0.7658162964788492,-0.7658162964788497,-0.34301472576088127,1.6427841181244647,-0.26001312393282344
KH00112090,23,Nam,Nhà miễn dịch học,An Giang,567680833.3333334,2777100000,-0.5798647347762422,63.300000000000004,Cần theo dõi,1213135.1666666667,2.164690966567577,365.5,30.416666666666668,81.91666666666667,14.0,-0.04324931206455287,0.04324931206455196,-0.06068727372852232,1.5259778862382003,0.5388674664960357
KH00112125,44,Nam,Chuyên viên trị liệu bằng làm vườn,Đồng Nai,427718333.3333333,1099400000,1.4569520146955832,65.55833333333334,Cần theo dõi,2476594.8333333335,0.880917861727455,122.41666666666667,29.0,77.98333333333333,13.916666666666666,-0.5500564425573307,0.5500564425573303,-0.3134810074963305,-1.6578931589228225,0.11023945826523604
KH00112130,48,Nữ,Nhà sản xuất truyền hình,Cần Thơ,92086666.66666667,302000000,1.361398372397726,64.64166666666667,Cần theo dõi,1303851.6666666667,1.160391225955523,61.333333333333336,25.25,72.28333333333333,13.25,1.5459713432625857,-1.5459713432625868,-0.5023699952112644,-0.6850380811568012,1.1948347058600965
KH00112165,38,Nam,Nhà địa chất hiện trường,Lai Châu,436815000.0,1646200000,0.3501711763007622,61.71666666666667,Cần theo dõi,1451689.5833333333,1.9235929082081995,243.66666666666666,30.416666666666668,80.68333333333334,14.0,0.5832930976066457,-0.5832930976066458,-0.21254036309097876,-0.006325219191598443,0.7133774972944855
KH00112170,21,Nam,Bác sĩ phẫu thuật,Thành phố Hồ Chí Minh,460715833.3333333,1928700000,-0.6184086119608078,68.21666666666667,Cần theo dõi,1489883.3333333333,3.038598938216173,182.75,29.75,78.04166666666667,14.0,-0.2428886182007907,0.24288861820079072,-0.49021388020614404,0.5640969480876739,-0.25334644859894967
KH00112205,46,Nam,Nhân viên pha chế cà phê,Nghệ An,272024166.6666667,763300000,3.1323649575623214,50.824999999999996,Có dấu hiệu căng thẳng tài chính,1524627.4166666667,1.9501705956906743,182.75,30.333333333333332,82.41666666666667,14.0,0.37421722823108194,-0.37421722823108244,0.08279773178716537,-1.332717820742662,2.3454244370121238
KH00112210,33,Nam,Thủ thư học thuật,Khánh Hòa,254348333.33333334,1082600000,-0.15646830441042692,66.21666666666667,Cần theo dõi,1577867.4166666667,1.9908195880413544,122.25,29.583333333333332,80.35833333333333,13.916666666666666,0.6726396970210176,-0.6726396970210181,0.028142030236588608,0.6655707970998405,0.48469372659808957
KH00112245,71,Nữ,Kỹ sư đóng tàu,Thành phố Hồ Chí Minh,708549166.6666666,2083900000,-0.5795716254440403,71.95833333333333,Cần theo dõi,1864607.1666666667,1.8588061951802102,182.41666666666666,30.083333333333332,79.00833333333334,14.0,0.21859815516972947,-0.21859815516972997,-0.3706181919690711,-1.1456571492417889,-1.5160931883090822
KH00112250,54,Nam,Chuyên viên viết nội dung quảng cáo,An Giang,333073333.3333333,1510800000,-0.863008349683392,68.80833333333334,Cần theo dõi,1749910.3333333333,1.4398057329863276,122.16666666666667,29.416666666666668,77.71666666666667,14.0,0.5230224308698089,-0.5230224308698099,-0.38843055175858165,1.0444343401802632,-0.3271840796077321
KH00112285,38,Nam,Nhà môi giới hàng không,An Giang,412400833.3333333,1233400000,1.080453077482091,64.79166666666667,Cần theo dõi,2538335.9166666665,0.9700570215650277,122.25,29.833333333333332,76.69166666666666,13.916666666666666,-0.5783210584527739,0.5783210584527727,-0.5249315664808174,-1.074347071032676,0.4259261431927683
KH00112290,60,Nam,Quản lý dịch vụ ăn uống,Hải Phòng,161385833.33333334,413000000,1.1776188211070602,66.45,Cần theo dõi,1701241.4166666667,1.3906341552779005,61.416666666666664,25.083333333333332,74.0,13.166666666666666,0.17674320146609798,-0.17674320146609893,-0.27571893129400366,-1.6697628388083936,-0.24712795311945468
KH00112325,40,Nữ,Điều dưỡng nhi khoa,Thành phố Hồ Chí Minh,656628333.3333334,1884000000,0.10615765724258192,66.72500000000001,Cần theo dõi,1519326.4166666667,2.3039906325482713,244.16666666666666,30.166666666666668,79.43333333333334,14.0,0.4232651774433785,-0.42326517744337855,-0.37824580056289303,-1.2443948373196188,-0.8306581235196647
KH00112330,51,Nam,Chuyên viên trị liệu nghề nghiệp,Thành phố Hồ Chí Minh,322841666.6666667,1445600000,-0.9579757733168458,69.04166666666667,Ổn định,1628905.25,1.4497190128583641,121.66666666666667,29.416666666666668,77.94166666666666,13.75,0.26991123341993467,-0.2699112334199361,-0.30271137765716,0.969648376787306,-0.5339630599214018
KH00112365,71,Nam,Bác sĩ tâm thần,Ninh Bình,222658333.33333334,696200000,-0.3869987941873139,70.10833333333333,Cần theo dõi,1865206.0,1.757504549576785,61.166666666666664,25.916666666666668,71.375,12.916666666666666,0.012320974401351622,-0.012320974401353003,-0.5983997286826133,-0.8917525470391949,-1.138221548586596
KH00112370,20,Nữ,Chuyên viên ngân hàng đầu tư vận hành,Sơn La,421300000.0,2022100000,-1.5932902508647206,73.8,Ổn định,18369727.0,0.4954288626023431,11.0,2.0,46.9,4.0,-3.1173617499952364,3.117361749995236,4.645219705095048,1.387414129656249,-1.433123892767347
KH00112405,63,Nam,Chuyên viên tư vấn nông nghiệp,Hà Nội,431105833.3333333,1874700000,-0.8760517149663819,70.93333333333334,Cần theo dõi,1421309.0833333333,1.405496139272959,181.5,29.916666666666668,76.86666666666666,13.666666666666666,0.99763729359693,-0.9976372935969305,-0.5906438496903328,0.7886640550337357,-0.5085288531854477
KH00112410,63,Nữ,Giáo viên dạy nhạc,Đồng Nai,593946666.6666666,2258300000,-0.3214888584401627,68.875,Cần theo dõi,1595741.5833333333,1.452806297412814,242.41666666666666,30.416666666666668,79.39166666666667,13.833333333333334,0.8406011506662221,-0.8406011506662231,-0.35575394874657684,0.03670733958839118,-0.2388926482952587
KH00112445,58,Nữ,Kỹ sư khoan,Đà Nẵng,176645000.0,451800000,0.7674123106903353,67.41666666666667,Cần theo dõi,1734711.6666666667,1.4318191449206559,60.833333333333336,25.416666666666668,73.93333333333334,13.333333333333334,0.1775741284341576,-0.17757412843415762,-0.305658898778418,-1.6811759151646355,-0.6237670982424021
KH00112450,45,Nam,Chuyên viên di truyền tế bào lâm sàng,An Giang,109212500.0,477800000,-0.003465233000973093,65.86666666666666,Cần theo dõi,1478350.8333333333,1.3200380323651133,61.416666666666664,24.666666666666668,74.25833333333334,13.416666666666666,0.6029418262929721,-0.6029418262929731,-0.20105850741194797,0.8213849320156548,0.8898483149558393
KH00112485,20,Nữ,Chuyên viên pháp lý nhà đất,Quảng Trị,249162500.0,655100000,2.2931929394679416,60.01666666666667,Cần theo dõi,1139783.0,1.839361270186761,183.16666666666666,30.083333333333332,79.66666666666667,14.0,0.403328712578906,-0.40332871257890746,-0.28318181496012534,-1.5798537730453697,0.9988120420515002
KH00112490,77,Nữ,Giám đốc tiếp thị,An Giang,577018333.3333334,2241100000,-1.9025205963378502,78.33333333333333,Ổn định,1500803.8333333333,1.5113180424811803,121.91666666666667,29.083333333333332,76.22500000000001,13.583333333333334,0.780650176167069,-0.7806501761670691,-0.48955005214477804,0.14463855062599598,-2.4978871818059796
KH00112525,74,Nam,Chuyên viên trị liệu nghề nghiệp,Nghệ An,349651666.6666667,975100000,0.7065921242584163,65.45,Cần theo dõi,1833891.1666666667,1.6454820603743936,122.33333333333333,29.75,79.05,13.916666666666666,0.09272779384975527,-0.0927277938497562,-0.20154504308439272,-1.3559095053039918,-0.3011896480538056
KH00112530,81,Nữ,Chuyên viên quan hệ công chúng,Đồng Nai,613250833.3333334,2000100000,0.007086702958299384,67.52499999999999,Cần theo dõi,1553645.6666666667,1.7280228111552096,242.91666666666666,30.416666666666668,79.31666666666666,14.0,0.5446746238767495,-0.5446746238767499,-0.39622166083618093,-0.705890656445505,-0.45132989927045014
KH00112565,84,Nữ,Nhà hóa sinh lâm sàng,Hà Nội,152698333.33333334,573700000,0.672591441722982,65.49166666666666,Cần theo dõi,2138293.9166666665,1.7179270754985827,61.666666666666664,25.75,69.79166666666667,13.0,0.31399184877885494,-0.31399184877885633,-0.8338445858009716,-0.025103951398659285,1.1259830757312697
KH00112570,60,Nữ,Dược sĩ bệnh viện,Khánh Hòa,174850833.33333334,739100000,-0.7171864569128878,68.76666666666667,Cần theo dõi,1782580.5,1.7718120282176002,61.333333333333336,25.833333333333332,73.85000000000001,13.25,0.38597014706764265,-0.3859701470676436,-0.3158324296912706,0.6243213249801887,-0.3366518790314691
KH00112605,34,Nam,Nhà địa chất công trình,Đồng Nai,810947500.0,2492100000,0.6827037136839526,67.3,Cần theo dõi,2325100.6666666665,0.8896792077744532,243.83333333333334,30.416666666666668,79.29166666666667,14.0,-0.4355428426007703,0.4355428426007699,-0.40589923617098067,-0.9684266541822019,0.09909098438758236
KH00112610,66,Nữ,Nhà tâm lý học nghề nghiệp,Đồng Tháp,531385833.3333333,1863900000,0.20288373686924757,66.33333333333333,Cần theo dõi,1536232.25,1.3729361530386983,243.58333333333334,30.25,80.175,13.916666666666666,0.7488980146642884,-0.7488980146642885,-0.25898535608738543,-0.37216280687307185,0.08004334057651472
KH00112645,48,Nữ,Nhà tâm lý học nghề nghiệp,Tây Ninh,608540000.0,2785600000,-0.7947138752803214,66.375,Cần theo dõi,1657364.8333333333,2.8940560328365614,243.75,30.416666666666668,80.10833333333333,14.0,0.12630311042649855,-0.1263031104264995,-0.29606990651880166,1.0964880973479505,-0.19278614577611716
KH00112650,21,Nữ,Kỹ sư sản xuất,Hà Nội,476324166.6666667,2115000000,-1.5109265285159539,73.39166666666667,Ổn định,1811990.6666666667,1.0064000510457467,121.33333333333333,28.416666666666668,81.3,13.833333333333334,-1.5917010037358663,1.591701003735865,0.20418028482063097,0.9109263423003368,-1.5438243167987236
KH00112685,40,Nam,Kỹ sư dầu khí,Thanh Hóa,1154760833.3333333,3025800000,-0.009327419645012816,72.61666666666666,Cần theo dõi,2377062.9166666665,0.86566868651671,243.58333333333334,30.416666666666668,79.10000000000001,14.0,-0.3196036555813923,0.31960365558139187,-0.43291673708106726,-1.5863444932653399,-1.3069052412781312
KH00112690,42,Nữ,Chuyên viên tư vấn tài chính,Hà Nội,689130000.0,2181400000,0.04167360415813765,67.28333333333333,Cần theo dõi,1375622.5833333333,1.8059466685065457,304.0833333333333,30.416666666666668,78.35000000000001,14.0,0.7094161772411262,-0.7094161772411263,-0.5484514980842171,-0.839069816692451,-0.5637670202375412
KH00112725,88,Nữ,Cán bộ bảo tồn thiên nhiên,Điện Biên,65080000.0,161600000,3.3010493782445818,48.2,Cần theo dõi,7639250.0,1.109017516846448,8.0,2.0,39.7,5.0,0.782056190388753,-0.782056190388754,1.3487810388025012,-1.7869132396460632,1.6559557535333045
KH00112730,56,Nam,Sĩ quan huấn luyện quân đội,Thành phố Hồ Chí Minh,280010000.0,829200000,-0.029845072899154772,67.6,Ổn định,15658200.0,0.6921635249219581,10.0,2.0,52.9,6.0,-3.0099956647594213,3.009995664759422,3.5460273685476915,-1.1316155396040084,-0.8979971466399655
KH00112765,33,Nam,Cán bộ xuất nhập cảnh,Thành phố Hồ Chí Minh,900240833.3333334,2495100000,0.7061524602601134,67.77499999999999,Cần theo dõi,2364675.4166666665,0.8909195081997677,243.75,30.333333333333332,80.0,14.0,-0.52199537489185,0.5219953748918492,-0.2982641938109135,-1.3788415385796928,-0.3770440884072897
KH00112770,75,Nữ,Nhà địa chất thủy văn,Đồng Nai,124729166.66666667,589000000,-0.42451678870917253,67.64166666666667,Cần theo dõi,1577831.8333333333,1.2308765447963674,61.5,25.333333333333332,72.00833333333334,12.666666666666666,1.0792352079847969,-1.0792352079847978,-0.4362846688490157,1.3146439264253265,0.6074950066976736
KH00112805,30,Nữ,Trợ lý sản xuất truyền hình,Cần Thơ,498053333.3333333,1975500000,0.6846089243432649,61.208333333333336,Cần theo dõi,1484885.0833333333,2.191220784306459,303.8333333333333,30.416666666666668,78.49166666666666,13.916666666666666,0.6334686271156219,-0.633468627115622,-0.5120860172601435,0.2659623993446803,1.5609416244051597
KH00112810,54,Nữ,Cán bộ quản lý chất thải,Thành phố Hồ Chí Minh,404124166.6666667,1427700000,-0.9012591175357552,72.26666666666667,Ổn định,1597109.1666666667,1.3690880478155947,121.91666666666667,29.5,76.88333333333334,14.0,0.2793460902922964,-0.2793460902922969,-0.5026845799438977,-0.33895113142365374,-1.352227429052111
KH00112845,40,Nam,Chuyên viên nghiên cứu thị trường,Đồng Nai,387118333.3333333,1892700000,-0.22989219212703177,63.49166666666667,Cần theo dõi,1361268.8333333333,1.7529870925238737,243.25,30.416666666666668,79.38333333333334,14.0,0.6571185354998508,-0.6571185354998517,-0.39305793948564877,1.5174238791512056,1.175226837231058
KH00112850,93,Nam,Chuyên viên thẩm định bảo hiểm,Hà Nội,301481666.6666667,1062500000,-0.010939520972124226,66.08333333333333,Cần theo dõi,1639943.3333333333,1.5170757411424294,121.58333333333333,28.833333333333332,76.33333333333333,13.833333333333334,0.011562868552882258,-0.011562868552883179,-0.5105801941353274,-0.3433269788494004,-0.19048922402242957
KH00112885,93,Nam,Quản lý dịch vụ y tế,Phú Thọ,419744166.6666667,1999400000,-0.8234385898361195,67.72500000000001,Cần theo dõi,1586495.25,1.5916423389607128,182.75,30.333333333333332,78.88333333333334,13.916666666666666,0.8119140475297029,-0.8119140475297039,-0.3925377855905686,1.3541194608883502,-0.0489764350025636
KH00112890,41,Nam,Biên tập viên đặt bài,Đắk Lắk,428317500.0,1679900000,-0.006542880989094435,65.30833333333334,Cần theo dõi,1305676.3333333333,1.582243495042331,243.5,30.25,79.27499999999999,14.0,0.7266166895343649,-0.7266166895343659,-0.4028521577394176,0.19979120057767713,0.3778588538107241
KH00112925,28,Nữ,Nhà giao dịch hợp đồng tương lai,Cần Thơ,541459166.6666666,2494500000,-1.45230466207555,72.375,Ổn định,2164993.8333333335,1.3823527829782192,121.83333333333333,29.416666666666668,77.55,14.0,-0.10202240069686705,0.10202240069686615,-0.41009555752957577,1.1471785050449792,-1.3216391539908092
KH00112930,45,Nam,Giáo viên tiếng anh,Hà Nội,285851666.6666667,1019700000,-0.33189423973333465,68.98333333333333,Cần theo dõi,1404404.25,1.5865376598927983,122.33333333333333,29.5,78.95833333333333,14.0,0.8124472239153715,-0.8124472239153725,-0.2218540807702074,-0.28952455276485445,-0.5136829215107954
KH00112965,59,Nữ,Chuyên viên pháp chế,Quảng Ngãi,175000000.0,752500000,-0.5943736467202421,64.2,Ổn định,14736750.0,0.6848876664734853,8.0,2.0,47.4,5.0,-2.1939963253020554,2.1939963253020545,2.4294748899435836,0.7027342531556329,-0.12824824674567956
KH00112970,74,Nữ,Kỹ sư cơ điện công trình,Thành phố Hồ Chí Minh,514498333.3333333,1687700000,-0.42349090604646555,70.52499999999999,Cần theo dõi,1523411.8333333333,1.4567924559992802,182.5,30.166666666666668,79.05833333333334,13.916666666666666,0.6647110381283392,-0.6647110381283402,-0.35294639572191966,-0.6727324118626865,-1.0099860877526785
KH00113005,91,Nữ,Kỹ sư hóa học,Hà Nội,547795833.3333334,2289200000,-0.9780537625726843,69.44166666666666,Ổn định,1749882.1666666667,1.739425445093354,183.0,30.166666666666668,78.23333333333333,13.916666666666666,0.16846118221474682,-0.16846118221474732,-0.46285591820384636,0.5572228378999746,-0.846960665722666
KH00113010,34,Nữ,Giáo viên dạy nhạc,Thanh Hóa,355800833.3333333,1015300000,1.461202100012513,61.85833333333333,Cần theo dõi,2284197.1666666665,1.3002669354289198,122.41666666666667,29.083333333333332,81.54166666666667,13.916666666666666,-0.22621772131797477,0.22621772131797435,0.16920106084749714,-1.26667061303309,0.5499599178918918
KH00113045,34,Nam,Nhân viên tư vấn hỗ trợ,Vĩnh Long,199652500.0,690600000,0.5776240180895283,64.20833333333333,Cần theo dõi,2600373.75,0.8557017012660979,61.5,24.833333333333332,74.63333333333334,13.166666666666666,-0.27031322884895326,0.2703132288489519,-0.17309549551301406,-0.4366231173903194,0.5491195806649334
KH00113050,95,Nữ,Kiểm soát viên tài chính,Thành phố Hồ Chí Minh,264900000.0,1168600000,-1.1817647484530869,71.6,Ổn định,13101182.0,0.6983249682977326,11.0,2.0,57.3,5.0,-1.5843313310781129,1.584331331078112,2.8534941284397077,0.8554865609095078,-1.000182153438159
KH00113085,28,Nữ,Kỹ thuật viên chẩn đoán hình ảnh,Phú Thọ,360505833.3333333,1245700000,0.30928242445858023,65.75,Cần theo dõi,2140202.1666666665,1.2403509114270899,122.0,29.5,81.60833333333333,14.0,0.12932279559648158,-0.12932279559648252,0.16035962170893753,-0.45114172383650863,0.16318070356364198
KH00113090,65,Nam,Bác sĩ bệnh viện,Cần Thơ,450280000.0,1134700000,0.5059587863661344,68.85,Ổn định,2152571.5,2.0984236521139166,121.75,29.583333333333332,75.70833333333333,13.916666666666666,0.05284056831670897,-0.052840568316708976,-0.641401094086836,-1.73255864221132,-0.947464998066942
KH00113125,55,Nam,Giáo viên dạy nhạc,Ninh Bình,461369166.6666667,1465900000,1.1066863627141719,63.43333333333334,Cần theo dõi,1504264.1666666667,1.3817269820982139,243.91666666666666,30.333333333333332,79.80833333333334,13.916666666666666,0.8259413813163123,-0.8259413813163129,-0.31400888997502074,-0.82171500779774,0.8270471128611161
KH00113130,30,Nam,Người bán sách,Cần Thơ,180480000.0,799900000,0.23747063806908586,64.64166666666667,Cần theo dõi,2606645.3333333335,0.9235095582772636,61.666666666666664,25.25,73.46666666666667,13.333333333333334,-0.4829203957793419,0.48292039577934154,-0.37315095664511416,0.8992645117963229,1.4228462067749248
KH00113165,94,Nữ,Nhà thủy văn học,Hưng Yên,367138333.3333333,1024800000,2.339211104623659,58.31666666666666,Cần theo dõi,1803462.5,2.073813369663848,183.16666666666666,29.833333333333332,77.16666666666667,13.916666666666666,-0.038610270509152236,0.03861027050915133,-0.5885618014740912,-1.3523948409754816,1.4113615980064875
KH00113170,41,Nữ,Chuyên viên công nghệ dệt may,Lâm Đồng,469997500.0,1930600000,0.39076681881074166,62.458333333333336,Cần theo dõi,2206480.25,1.7707889983934748,182.5,30.0,82.04166666666667,13.916666666666666,0.027736553757692434,-0.0277365537576929,0.06669676750789887,0.4517025226445846,1.1804929505199993
KH00113205,87,Nữ,Chuyên viên dự toán xây dựng,Thanh Hóa,311225833.3333333,916300000,0.7784039106479108,64.80833333333334,Cần theo dõi,1811438.4166666667,1.7057343365445004,122.08333333333333,29.416666666666668,76.175,13.916666666666666,0.24766713344888133,-0.24766713344888275,-0.5739764077456017,-1.1466241515175144,0.016625891182022845
KH00113210,94,Nữ,Kỹ sư kinh doanh kỹ thuật,Hải Phòng,706451666.6666666,3356000000,-1.3623200970895304,71.48333333333333,Cần theo dõi,1542628.5833333333,1.7321184835721832,243.58333333333334,30.333333333333332,78.95833333333333,13.833333333333334,0.721962495051847,-0.721962495051848,-0.412222891966979,1.3333138260886273,-1.017885257686092
KH00113245,48,Nữ,Bác sĩ phẫu thuật thần kinh,Vĩnh Long,401115833.3333333,1151100000,-0.5978909587066663,72.61666666666666,Cần theo dõi,1472762.1666666667,1.8473893039136542,122.41666666666667,29.833333333333332,78.60000000000001,14.0,0.678106086243854,-0.6781060862438546,-0.28036506600953415,-1.242008411929445,-1.5876899200459744
KH00113250,37,Nữ,Chuyên viên cắt tỉa cây,Bắc Ninh,692764166.6666666,2323400000,0.5933053673623361,63.15,Cần theo dõi,1419681.75,1.9667379136345693,365.3333333333333,30.416666666666668,79.38333333333334,14.0,0.5084782543605489,-0.5084782543605503,-0.4078143404056699,-0.575545346951468,0.4552259011727336
KH00113285,32,Nữ,Phi công hàng không,Hà Nội,1250099166.6666667,3395900000,-0.5917356627304237,73.33333333333333,Ổn định,2184324.3333333335,1.3317383891230434,242.41666666666666,30.25,82.24166666666666,14.0,0.05450528396760883,-0.05450528396760883,0.010082484626196977,-1.4628016017106118,-1.782480089255031
KH00113290,27,Nam,Kỹ thuật viên phòng thí nghiệm giảng dạy,Ninh Bình,200108333.33333334,959200000,0.023940489559916026,63.083333333333336,Cần theo dõi,1455840.6666666667,1.5932192546590997,122.25,29.833333333333332,81.3,14.0,0.5127847169679818,-0.5127847169679832,0.08072131399774467,1.393434886908717,1.4658154503134204
KH00113325,48,Nam,Thanh tra công trình di tích,Thành phố Hồ Chí Minh,640874166.6666666,2469100000,-0.2504098453811737,66.24166666666666,Cần theo dõi,1412257.0833333333,1.7656445608616274,304.4166666666667,30.416666666666668,82.18333333333334,14.0,0.564437152567208,-0.5644371525672094,-0.023543685096604233,0.10608249921574776,-0.05855627938989356
KH00113330,53,Nam,Lập trình viên đa phương tiện,Tây Ninh,573815833.3333334,2453900000,-1.1228497726804811,71.31666666666666,Ổn định,1686469.9166666667,1.6122481308419685,183.16666666666666,30.333333333333332,79.72500000000001,13.916666666666666,0.2806633497013566,-0.28066334970135665,-0.26306339811540147,0.6947955666546604,-1.024495910538168
KH00113365,52,Nữ,Phóng viên ảnh,An Giang,415441666.6666667,1152400000,1.6073171021152188,61.25,Cần theo dõi,1793704.5,1.6984323913556318,183.08333333333334,30.166666666666668,78.10000000000001,13.916666666666666,0.09892751018173188,-0.0989275101817328,-0.4847556059832857,-1.3750828037279212,0.6738256251456232
KH00113370,38,Nam,Chuyên viên an toàn lao động,Hải Phòng,176255000.0,635300000,1.2292060635746147,61.550000000000004,Cần theo dõi,2635494.0833333335,0.9743703217603824,61.833333333333336,26.083333333333332,73.21666666666667,13.416666666666666,-0.667385724628478,0.6673857246284777,-0.46881318221703966,-0.2402481857006674,1.6536028092978199
KH00113405,28,Nữ,Cán bộ triển lãm bảo tàng,Nghệ An,555383333.3333334,1839300000,0.7304805348328807,62.708333333333336,Cần theo dõi,2328533.3333333335,1.4698924387653145,182.75,30.0,83.76666666666667,14.0,-0.175490408600998,0.17549040860099754,0.28934500403825947,-0.6416339468730097,0.5625089538144771
KH00113410,48,Nữ,Bác sĩ chuyên khoa bàn chân,Lào Cai,1242017500.0,4829700000,-1.3957345609605603,73.45833333333333,Ổn định,2194707.75,1.4830519560114996,243.75,30.416666666666668,81.53333333333333,14.0,-0.08707454140350301,0.0870745414035021,-0.09519260138149753,0.1531057150155599,-1.729034641620449
KH00113445,32,Nữ,Chuyên viên phục chế bảo tàng,Lâm Đồng,256313333.33333334,1243500000,-1.0341841996893706,68.72500000000001,Cần theo dõi,1320549.1666666667,1.7814294370907013,122.66666666666667,29.416666666666668,78.125,14.0,0.92289918384635,-0.9228991838463505,-0.3271214450797689,1.4741845622848841,-0.3365398340678738
KH00113450,32,Nam,Chuyên viên trị liệu nghệ thuật,An Giang,687206666.6666666,2752400000,-0.4328704046769296,64.95833333333333,Cần theo dõi,1496681.0,2.384025203279366,304.1666666666667,30.416666666666668,80.19166666666666,14.0,0.22419208433221424,-0.22419208433221519,-0.29458378844220223,0.3114555052372184,-0.21480298112243862
KH00113485,52,Nữ,Chuyên viên tư vấn tài chính,Thành phố Hồ Chí Minh,276138333.3333333,694400000,1.7903638800753796,63.19166666666666,Cần theo dõi,1680211.75,1.4798257965655681,122.58333333333333,29.333333333333332,77.28333333333333,13.666666666666666,0.23140790772973632,-0.23140790772973727,-0.33376129762617757,-1.7334132398253945,0.272088408177506
KH00113490,49,Nam,Chuyên viên hoạch định truyền thông,Lâm Đồng,250783333.33333334,960600000,0.2506605580181767,62.76666666666667,Cần theo dõi,1609735.1666666667,1.8745301800476988,122.58333333333333,29.25,80.73333333333333,14.0,0.3118483045101607,-0.31184830451016166,0.03122381248607142,0.06935469617861992,0.6623970388589829
KH00113525,32,Nữ,Chuyên viên làm vườn thương mại,Thanh Hóa,354895833.3333333,1196400000,0.5338041729253266,64.45,Cần theo dõi,2192612.5,1.2560553490265753,121.58333333333333,29.166666666666668,82.125,13.916666666666666,-0.19724833982745044,0.19724833982744952,0.2508173694366196,-0.55705322597534,0.3550577037192404
KH00113530,66,Nữ,Kiểm soát viên không lưu,Đồng Tháp,185870000.0,762800000,0.13019262248314722,56.5,Cần theo dõi,16774667.0,0.618215195163517,9.0,2.0,43.0,6.0,-2.8917174773888275,2.891717477388827,1.5817204732084207,0.4340839847483779,0.8028454007247022
KH00113565,45,Nữ,Nhà thiết kế gốm sứ,Đà Nẵng,446469166.6666667,1229200000,2.3373058939643454,60.01666666666667,Có dấu hiệu căng thẳng tài chính,2116625.0833333335,1.5471837150914685,182.5,30.333333333333332,81.27499999999999,14.0,-0.05444386874459364,0.054443868744592734,-0.07576590642908634,-1.406537735183848,1.3918657743410434
KH00113570,48,Nữ,Chuyên viên trắc địa,Lào Cai,357482500.0,1700200000,-0.6535817318250501,66.29166666666667,Cần theo dõi,1419282.8333333333,1.9130589477098907,183.41666666666666,30.166666666666668,80.61666666666666,14.0,0.6988072612021322,-0.6988072612021328,-0.16162412822478323,1.3484746502769627,0.34133219567891326
KH00113605,67,Nữ,Kiến trúc sư,Ninh Bình,855757500.0,3314400000,-1.2698441027797935,72.77499999999999,Cần theo dõi,1612557.0,1.6767650756936658,243.75,30.25,79.46666666666667,13.833333333333334,0.48552449414981996,-0.48552449414982,-0.34301161534132046,0.13053624663783422,-1.5486422502332873
KH00113610,23,Nữ,Chuyên viên kinh doanh công nghệ thông tin,Hà Nội,1132844166.6666667,5264000000,-1.1241687646753904,69.475,Cần theo dõi,1835774.25,1.0402313285338984,365.3333333333333,30.416666666666668,83.35833333333333,14.0,-1.6086557433076363,1.608655743307636,0.13683062697318826,1.196709672033125,-0.6783329955129278
KH00113645,44,Nữ,Nhà giao dịch tài chính,Bắc Ninh,716853333.3333334,2984300000,-1.2603180494832278,71.01666666666667,Cần theo dõi,1445104.5833333333,2.2341614012258018,244.25,30.416666666666668,77.96666666666667,13.916666666666666,0.49590753420234146,-0.4959075342023424,-0.5706737888554534,0.5363819884810289,-1.3049444544152276
KH00113650,16,Nữ,Nhà trị liệu tâm lý trẻ em,Hà Nội,904855000.0,4542300000,-0.7460577261347869,66.11666666666666,Cần theo dõi,1823845.4166666667,1.313518065467471,364.4166666666667,30.416666666666668,82.75833333333334,14.0,-1.6060829790763105,1.6060829790763094,0.05525126837912592,1.7101254797680567,0.3162341238337435
KH00113685,24,Nữ,Nhà thiết kế bối cảnh,Hà Tĩnh,254840000.0,976800000,0.444992045268115,54.9,Cần theo dõi,11094632.0,0.9377610823230498,19.0,2.0,61.6,7.0,-1.9380263699161437,1.938026369916143,3.6365708016674,0.06280870561420754,0.9036858679597617
KH00113690,50,Nam,Luật sư,Thành phố Hồ Chí Minh,305300000.0,1004700000,-1.422700619523146,77.3,Ổn định,12233778.0,0.8244494272147702,9.0,2.0,51.3,5.0,-1.1412195849206608,1.14121958492066,3.2231079673948058,-0.6800584827355475,-2.2331249328321516
KH00113725,23,Nữ,Chủ nhiệm ánh sáng trường quay,Ninh Bình,257422500.0,1236700000,0.018517966914178306,63.1,Cần theo dõi,1897318.5,1.004505158165687,122.91666666666667,28.5,82.73333333333333,13.916666666666666,-1.710091230708003,1.7100912307080018,0.3786127532442767,1.4129810188260004,1.5958436305648491
KH00113730,56,Nữ,Nhà địa hóa học,Nghệ An,305411666.6666667,1457100000,-0.9337942534101795,68.35833333333333,Cần theo dõi,1672674.75,1.409334096011713,122.16666666666667,28.833333333333332,77.625,14.0,0.5550767470021551,-0.5550767470021553,-0.37378243062911043,1.370153325297322,-0.25323440363535593
KH00113765,51,Nam,Quản trị viên nghệ thuật,Cà Mau,117542500.0,349500000,2.2237260277360638,60.333333333333336,Cần theo dõi,1783497.6666666667,1.3432304736143441,61.333333333333336,25.75,73.23333333333333,12.833333333333334,0.48050395302666715,-0.48050395302666765,-0.336335386423204,-1.0954668044712732,1.6562358659422902
KH00113770,30,Nam,Chuyên viên tư vấn thuế,Thành phố Hồ Chí Minh,258867500.0,816300000,1.1381956159258884,61.791666666666664,Cần theo dõi,1648938.5833333333,2.1695192478738616,122.16666666666667,29.083333333333332,79.98333333333333,14.0,0.2020081375710573,-0.20200813757105732,-0.0460768295718496,-0.856538404503604,0.7945540734187087
KH00113805,61,Nam,Kỹ sư khoan,Gia Lai,213572500.0,996400000,-1.2269035856121981,70.675,Cần theo dõi,1895914.8333333333,1.6381856285822858,61.5,25.666666666666668,74.49166666666666,13.083333333333334,0.09954668865217542,-0.09954668865217635,-0.20869845722895325,1.217047905072768,-0.8442715865963981
KH00113810,35,Nữ,Chuyên viên cây xanh cảnh quan,Hải Phòng,357895000.0,1577900000,-0.5058546283952324,67.175,Cần theo dõi,1369916.5833333333,1.9094046741639514,182.75,30.166666666666668,78.16666666666667,14.0,0.7273799135465138,-0.7273799135465138,-0.4913717078536661,0.8762855144880967,0.1463179365426689
KH00113845,31,Nam,Chuyên viên công nghệ dệt may,Vĩnh Long,557377500.0,2774600000,-0.6318916412421006,67.85833333333333,Cần theo dõi,2328349.3333333335,0.8773028377306152,182.75,30.333333333333332,79.20833333333333,13.916666666666666,-0.3390076962365212,0.3390076962365199,-0.33958179141575007,1.6557445701720628,0.585534193833149
KH00113850,24,Nữ,Chuyên viên phân tích hệ thống,Phú Thọ,176839166.66666666,758800000,-0.7454715074703825,68.0,Ổn định,1831899.1666666667,1.0390520662647724,61.166666666666664,24.166666666666668,77.825,13.583333333333334,-1.7285130601691636,1.7285130601691636,0.22378313126894692,0.7083028154601773,-0.3931785631648997
KH00113885,32,Nam,Nhà khoa học thổ nhưỡng,Hưng Yên,749928333.3333334,3048800000,-0.7950069846125235,70.40833333333333,Cần theo dõi,2459474.9166666665,0.9707527783718879,182.83333333333334,30.333333333333332,79.09166666666667,13.916666666666666,-0.6329069981365,0.6329069981364991,-0.3576836088825144,0.39844141922584647,-0.6835991088018699
KH00113890,66,Nam,Quản trị viên,Đồng Tháp,480135000.0,1639600000,0.9816752325300105,61.21666666666667,Cần theo dõi,1668206.75,1.8606235584488753,243.41666666666666,30.416666666666668,79.70833333333333,14.0,0.513946344684201,-0.513946344684202,-0.3520170934981145,-0.5028075146582548,1.0485039834056664
KH00113925,63,Nữ,Vũ công,Gia Lai,286820000.0,1021100000,0.314851501770419,59.1,Cần theo dõi,17733083.0,0.6134526227182028,12.0,2.0,59.2,6.0,-3.163414176894088,3.1634141768940864,3.017899962879039,-0.3111665071057195,0.33023974428305725
KH00113930,23,Nữ,Giáo viên giáo dục đặc biệt,Thành phố Hồ Chí Minh,336112500.0,1072500000,0.32467066439918646,67.00833333333334,Cần theo dõi,1216930.5833333333,1.5940270332446618,183.41666666666666,30.166666666666668,78.84166666666667,14.0,0.48194869139029,-0.48194869139029056,-0.39964858251799706,-0.8023334983201411,-0.14264602456757366
KH00113965,25,Nữ,Điều dưỡng nhi khoa,Lâm Đồng,91075833.33333333,414400000,1.282405407369282,52.73333333333333,Có dấu hiệu căng thẳng tài chính,1693941.25,1.842129887126185,62.083333333333336,24.833333333333332,75.79166666666667,13.916666666666666,-0.12142557380493688,0.12142557380493596,-0.15462681669295028,1.0705002166301678,3.209851331143771
KH00113970,47,Nữ,Kỹ sư ô tô,Thành phố Hồ Chí Minh,695475833.3333334,1760500000,0.285247459218015,68.94166666666668,Cần theo dõi,1464219.0833333333,2.141703097359254,243.25,30.333333333333332,78.125,14.0,0.5428052244032185,-0.5428052244032187,-0.5659555111766783,-1.7131116367518926,-1.129818176317008
KH00114005,37,Nữ,Kế toán công chứng,Hưng Yên,504913333.3333333,1842500000,-0.8225592618395136,71.925,Ổn định,2197289.8333333335,1.2018261596928728,122.33333333333333,29.416666666666668,79.73333333333333,13.75,0.07358561256947858,-0.07358561256947997,-0.0667465521200082,-0.17253042090741955,-1.1360366717965031
KH00114010,69,Nữ,Cán bộ giáo dục cộng đồng,Phú Thọ,469808333.3333333,1252600000,1.841071794546329,62.275,Cần theo dõi,1516421.9166666667,1.446489848768821,243.08333333333334,30.333333333333332,80.91666666666667,13.916666666666666,0.7832312794595659,-0.7832312794595669,-0.16027649732005808,-1.5272281713691138,0.619203705393299
KH00114045,33,Nữ,Chuyên viên khảo sát khoáng sản,Hưng Yên,697644166.6666666,2767700000,0.0828554653325211,62.44166666666666,Cần theo dõi,1476247.4166666667,2.177332394913402,365.5,30.416666666666668,79.81666666666668,14.0,0.41894839271243783,-0.41894839271243833,-0.347898013324455,0.26181085626202044,0.5456461867935032
KH00114050,30,Nam,Giảng viên công nghệ thông tin,Thái Nguyên,626088333.3333334,2442900000,-0.7780066433448063,68.225,Cần theo dõi,1473958.8333333333,2.233365886161954,243.5,30.333333333333332,81.11666666666666,14.0,0.37549499022922395,-0.37549499022922533,-0.15317067050541444,0.18003039899873183,-0.8299858537380984
KH00114085,30,Nữ,Chuyên viên dựng phim,Cần Thơ,848280000.0,2942700000,0.813870139844355,61.291666666666664,Cần theo dõi,2284372.4166666665,1.5085369954248653,304.5,30.416666666666668,81.80833333333334,14.0,0.01372335751497262,-0.013723357514973542,-0.07457570505945584,-0.41664498822976953,0.9120332177475522
KH00114090,64,Nữ,Chuyên viên dựng phim,Hải Phòng,251040000.0,645100000,1.7106381417164307,62.93333333333334,Cần theo dõi,1536838.75,1.3980002915891312,122.16666666666667,29.666666666666668,77.00833333333334,13.5,0.8574983490186654,-0.8574983490186664,-0.40220777706883093,-1.6582919506303397,0.3113041454355848
KH00114125,33,Nam,Nhà tâm lý học lâm sàng,Khánh Hòa,243630000.0,913700000,-0.1910552056102647,68.40833333333333,Cần theo dõi,1332728.75,1.4337467465733102,121.75,28.75,79.06666666666666,14.0,0.6286516570034965,-0.6286516570034969,-0.16028793597430285,-0.03745650539371869,-0.08746387999727778
KH00114130,21,Nữ,Chuyên viên trị liệu thể thao,Đồng Nai,524363333.3333333,2655900000,-0.8254903551615335,64.55833333333334,Cần theo dõi,1240433.6666666667,2.1009094587207575,303.9166666666667,30.333333333333332,80.55,14.0,0.05833983510862918,-0.05833983510862965,-0.23923726962079517,1.7801135305079268,0.31175232528996283
KH00114165,72,Nữ,Quản lý phòng tranh,Đồng Nai,320555000.0,838700000,0.8364395584239108,66.79166666666667,Ổn định,1687933.5833333333,1.3365147775807928,122.5,29.666666666666668,78.38333333333334,13.833333333333334,0.4372954939808086,-0.43729549398081,-0.2677415598859278,-1.590365093947403,-0.4466240107994805
KH00114170,31,Nam,Chuyên viên tư vấn công nghệ thông tin,Nghệ An,240450000.0,1180900000,-0.2786948959386683,62.85833333333333,Cần theo dõi,1675903.75,2.225542055272069,121.83333333333333,29.666666666666668,76.81666666666666,14.0,0.14727202589956828,-0.1472720258995692,-0.5081890574383312,1.5632162370617562,1.1857030413271439
KH00114205,75,Nữ,Lập trình viên hệ thống,Huế,585866666.6666666,1747200000,0.49643273306956887,66.14999999999999,Cần theo dõi,1592044.0,1.5930552156139388,243.0,30.25,79.23333333333333,13.833333333333334,0.5149881371024229,-0.5149881371024239,-0.3794251333691457,-1.0920350666256424,-0.2486965826097784
KH00114210,56,Nam,Bác sĩ bệnh viện,An Giang,561150000.0,2168300000,-1.7005682664506596,77.0,Ổn định,16940333.0,0.5426012401893108,12.0,2.0,48.4,5.0,-2.8385209047184787,2.8385209047184783,3.6107118647168046,0.10533638501716294,-2.2216963465455115
KH00114245,57,Nữ,Nhà địa chất hiện trường,Thành phố Hồ Chí Minh,282085000.0,1055600000,-0.059449115451558295,67.25,Cần theo dõi,1561984.5,1.750500935679755,122.0,29.25,76.33333333333333,13.833333333333334,0.4646535411981295,-0.46465354119813046,-0.539551282580048,-0.047839871090117815,0.051639942305306843
KH00114250,46,Nam,Luật sư tư vấn (Scotland),Tây Ninh,316716666.6666667,946300000,-0.5131823617002831,73.64999999999999,Cần theo dõi,2488654.0833333335,0.8306959667885533,61.666666666666664,24.916666666666668,73.425,13.083333333333334,-0.36865344190600924,0.3686534419060093,-0.3086886635143116,-1.0836882269090697,-1.4535720986233454
KH00114285,52,Nam,Người dẫn chương trình phát sóng,Vĩnh Long,251060000.0,745100000,0.9708301872385361,59.2,Cần theo dõi,18309300.0,0.4594708164433316,10.0,2.0,52.1,5.0,-3.388464343017323,3.3884643430173216,3.0940264458749005,-1.1227174852160116,0.245533751805607
KH00114290,73,Nữ,Quản lý trung tâm thể hình,Đồng Nai,304399166.6666667,908500000,0.42901758666310524,67.43333333333334,Cần theo dõi,1556625.9166666667,1.3674699895982079,122.25,29.583333333333332,76.94166666666668,13.75,0.3365012093314019,-0.3365012093314024,-0.44199240304987497,-1.085512921891218,-0.3495930723266347
KH00114325,65,Nam,Chuyên viên ngân hàng bán lẻ,Bắc Ninh,602290833.3333334,1707300000,0.4123103547275901,69.00833333333334,Cần theo dõi,1496581.5,1.2821704066078734,243.0,30.25,78.0,13.916666666666666,0.9040969471810876,-0.9040969471810886,-0.5608195364020292,-1.2951541820586283,-0.5451675562808523
KH00114330,43,Nữ,Chuyên viên vật lý trị liệu,Khánh Hòa,978040833.3333334,4876100000,-0.8863105415934524,66.55833333333334,Cần theo dõi,2240114.4166666665,1.5060818076373195,303.1666666666667,30.416666666666668,81.31666666666666,14.0,-0.145159193510834,0.1451591935108331,-0.13662129037227244,1.6623753161806687,0.04250827777235413
KH00114365,42,Nam,Nhà báo,Tuyên Quang,599686666.6666666,2626100000,-0.3465497063434354,63.208333333333336,Cần theo dõi,1483977.75,2.2587827357274413,304.3333333333333,30.416666666666668,82.39999999999999,14.0,0.24303242179132892,-0.24303242179132895,0.0068028336040449845,0.8443478963627621,0.3688392342413659
KH00114370,59,Nam,Kỹ thuật viên chẩn đoán hình ảnh,Thành phố Hồ Chí Minh,126444166.66666667,585700000,-0.47507814851402047,65.72500000000001,Cần theo dõi,1579446.0833333333,1.4179319249137219,61.166666666666664,25.333333333333332,72.79166666666667,13.166666666666666,0.4053415349690327,-0.4053415349690337,-0.4099123389193879,1.1766252761390927,0.4068224768999052
KH00114405,25,Nam,Biên tập viên chuyên đề tạp chí,Cà Mau,345705833.3333333,1449600000,0.394137576131065,61.975,Cần theo dõi,1668956.5,2.334366540549231,182.25,30.083333333333332,80.53333333333333,14.0,0.1740919567176032,-0.17409195671760413,-0.16848359551622294,0.5756870680620363,1.308112164054146
KH00114410,48,Nam,Người dẫn chương trình phát sóng,Quảng Ngãi,746304166.6666666,2117400000,1.464426302666735,63.40833333333333,Cần theo dõi,2386749.5,0.9529661324968529,243.75,30.333333333333332,78.34166666666667,13.916666666666666,-0.49835394513492465,0.49835394513492376,-0.5192105656034641,-1.286594211387483,0.58531010390596
KH00114445,43,Nữ,Nhà kinh tế học,Nghệ An,110175000.0,447200000,0.4279917040003983,64.10833333333333,Cần theo dõi,1564390.0833333333,1.6462772156281351,61.666666666666664,24.75,71.14999999999999,13.5,0.6939518671089111,-0.6939518671089112,-0.6808220685729288,0.39495457900520403,1.2291764872018143
KH00114450,53,Nam,Chuyên viên nhân sự,Hà Nội,376209166.6666667,1239600000,0.7237390201922345,65.08333333333333,Cần theo dõi,1538099.5,1.5907178645256799,182.16666666666666,30.25,78.5,13.75,0.8959607794507295,-0.89596077945073,-0.40652339068308035,-0.660294110259191,0.4332090658264129
KH00114485,31,Nữ,Giáo viên giáo dục người lớn,Cà Mau,128099166.66666667,525200000,-0.1909086509441637,62.65833333333333,Cần theo dõi,1566950.3333333333,1.6928265095000852,61.416666666666664,25.25,72.29166666666667,13.416666666666666,0.20016886736520648,-0.20016886736520742,-0.5426651584120633,0.4443776999784719,0.3026766832388077
KH00114490,53,Nữ,Nhà tâm lý học tư vấn,Tuyên Quang,370502500.0,1744300000,-0.70590174762311,67.98333333333333,Cần theo dõi,1448776.6666666667,1.3552053583087778,182.83333333333334,30.25,77.27499999999999,13.666666666666666,0.8520945834790771,-0.8520945834790781,-0.555877685540985,1.285770824448058,0.1521442746495828
KH00114525,82,Nam,Nhà thiết kế gốm sứ,Hà Nội,529348333.3333333,1882200000,0.016905865587066894,66.81666666666666,Ổn định,1480198.1666666667,1.5532350534991017,243.33333333333334,30.416666666666668,78.61666666666666,13.833333333333334,0.7748108541411085,-0.7748108541411095,-0.4634877052308742,-0.3006099903213973,-0.057491852235746196
KH00114530,34,Nam,Chuyên viên nghiên cứu công đoàn,Phú Thọ,249959166.66666666,965900000,0.010457460278622712,63.94166666666666,Cần theo dõi,1545503.5833333333,1.844894278685486,122.25,29.333333333333332,81.51666666666667,14.0,0.3452090515686166,-0.34520905156861664,0.16151892803517715,0.1233003937094614,0.32458147362153394
KH00114565,56,Nam,Giảng viên giáo dục thường xuyên,Hà Nội,514336666.6666667,2020500000,-0.8174298485259783,69.28333333333333,Cần theo dõi,1580811.0833333333,1.7754835516646983,183.33333333333334,30.25,79.02499999999999,13.75,0.6201525569004144,-0.6201525569004154,-0.33902094321107806,0.20836849893091902,-0.7968205445141225
KH00114570,39,Nam,Nhà thiết kế sản phẩm công nghiệp,Quảng Trị,200470000.0,725800000,0.4501214585816507,65.74166666666666,Ổn định,2550523.25,0.8606068666287389,61.416666666666664,26.5,74.39166666666667,13.083333333333334,-0.38041635083109326,0.3804163508310928,-0.27187966733859487,-0.21319744901131527,0.5989795894644903
KH00114605,76,Nữ,Kỹ sư xây dựng dân dụng,Quảng Ngãi,279970000.0,861200000,-0.8476201097427858,74.7,Ổn định,17502000.0,0.4102154507686369,7.0,2.0,44.6,3.0,-2.714852541431458,2.7148525414314575,2.8613495893488565,-0.9744166723845906,-1.7154772010255135
KH00114610,79,Nam,Biên tập viên hiệu đính,Hưng Yên,341975000.0,1537600000,-0.07586323805487147,63.80833333333334,Cần theo dõi,1584491.3333333333,1.6172545997433814,181.66666666666666,30.166666666666668,77.76666666666667,13.583333333333334,0.4739384935984929,-0.47393849359849427,-0.46606984722103223,0.9914304609447044,1.0139941346185573
KH00114645,48,Nữ,Kỹ sư cấp thoát nước,Hà Nội,848126666.6666666,2716500000,-0.2574444693540219,68.65,Cần theo dõi,1311213.5,1.9189183630096014,363.75,30.416666666666668,79.35000000000001,14.0,0.8948200408932064,-0.8948200408932065,-0.4119398279748318,-0.7865923984602609,-0.8327309553461633
KH00114650,52,Nam,Chuyên viên dựng phim,Điện Biên,129610000.0,340500000,2.1069219588535586,60.574999999999996,Cần theo dõi,1770337.3333333333,1.5005182931089631,60.916666666666664,24.75,73.61666666666666,13.25,0.09129925158166038,-0.09129925158166177,-0.29279751363757484,-1.5777393867886063,0.8793721108597519
KH00114685,26,Nữ,Chuyên viên tư vấn hướng nghiệp bậc đại học,Thanh Hóa,175233333.33333334,828300000,0.5204676983101347,64.075,Có dấu hiệu căng thẳng tài chính,2476302.6666666665,1.7357024795171914,61.916666666666664,24.833333333333332,72.7,13.416666666666666,-0.07859709183702106,0.07859709183702016,-0.4548204649941173,1.3135417490366215,2.5401025612575863
KH00114690,91,Nữ,Nhà văn khoa học,Hà Nội,430339166.6666667,1766700000,-0.3144542344673145,65.83333333333333,Cần theo dõi,1668791.0,1.7132109613536157,182.83333333333334,30.166666666666668,78.24166666666666,14.0,0.32858122693593594,-0.3285812269359374,-0.4828899043647004,0.45723847847287885,0.12687813535902087
KH00114725,50,Nam,Chuyên viên di truyền tế bào lâm sàng,Thành phố Hồ Chí Minh,59765000.0,276200000,-1.3646649717471464,68.95,Khỏe mạnh,8095500.0,1.1800207851378213,3.5,1.0,33.15,3.5,0.6476662705241132,-0.6476662705241151,1.26776454478004,1.1453906014556638,-1.098669676437734
KH00114730,67,Nữ,Chuyên viên trắc địa,Bắc Ninh,487758333.3333333,2020600000,-0.04552642217196249,65.11666666666666,Cần theo dõi,1523799.5833333333,1.706016791791243,243.83333333333334,30.416666666666668,79.83333333333333,13.916666666666666,0.608645171573372,-0.608645171573373,-0.315329306043671,0.5050179490068678,0.6478311935916966
KH00114765,58,Nữ,Chuyên viên tư vấn hưu trí,Hưng Yên,275451666.6666667,790700000,1.4540209213735635,61.324999999999996,Cần theo dõi,1806530.4166666667,1.5646232291762043,122.25,29.333333333333332,77.64999999999999,13.833333333333334,0.14248467196883302,-0.1424846719688335,-0.3626498800574488,-1.2442591413010031,0.6148899742949104
KH00114770,29,Nữ,Nhà khoa học nghiên cứu toán học,Thanh Hóa,430288333.3333333,1804900000,-0.9219233254559976,69.65833333333333,Cần theo dõi,1375965.5,1.8084154921621416,182.16666666666666,30.25,79.65833333333333,14.0,0.6046915507486126,-0.6046915507486126,-0.28878059298708136,0.5735634576662708,-0.7186691824069515
KH00114805,22,Nữ,Nhà tâm lý học pháp y,Nghệ An,1103810833.3333333,4151400000,-0.41938737539563725,67.18333333333334,Cần theo dõi,1902093.1666666667,1.4136407915319238,365.3333333333333,30.416666666666668,83.08333333333333,14.0,-1.5978553376751303,1.5978553376751297,0.10080560963661662,-0.019853139906810334,-0.44942513488934366
KH00114810,86,Nam,Trợ lý sản xuất truyền hình,Hà Nội,239720000.0,689600000,1.1976968103628982,58.1,Cần theo dõi,17829700.0,0.4758860203045638,10.0,2.0,58.1,6.0,-3.3848201045434716,3.384820104543471,2.567630672089935,-1.2475861027302677,0.3430128701328315
KH00114845,35,Nam,Kỹ sư công trường,Lai Châu,896035000.0,2452800000,0.09575227594941044,66.99166666666666,Cần theo dõi,1592402.6666666667,2.4595377186183236,304.25,30.416666666666668,79.50833333333334,14.0,0.004325578152734477,-0.0043255781527353964,-0.3895849959560557,-1.426020763508921,-0.9991737487658084
KH00114850,66,Nam,Kỹ sư sản xuất,Cần Thơ,186165000.0,904000000,-1.5115127471803578,74.46666666666667,Cần theo dõi,1560485.9166666667,1.0652366086135265,61.333333333333336,25.083333333333332,70.10833333333333,13.0,0.6686605248629055,-0.6686605248629061,-0.7593925580353502,1.4879823632976426,-1.2418071174297205
KH00114885,87,Nam,Người phụ trách bảo tàng,Hà Nội,118664166.66666667,340100000,1.7463974802450768,64.14999999999999,Cần theo dõi,1559725.75,1.257481927128706,61.5,25.25,73.74166666666666,12.75,0.7205409722652951,-0.7205409722652961,-0.21747070068124838,-1.248850575880943,0.9995963567966625
KH00114890,34,Nữ,Điều dưỡng tâm thần,Đà Nẵng,355281666.6666667,1561400000,-0.4765436951750309,66.075,Cần theo dõi,1404206.9166666667,1.5507822777965101,183.41666666666666,29.916666666666668,77.90833333333333,14.0,0.7127102691532571,-0.7127102691532572,-0.5204965266139041,0.8610345407735546,0.2506317976491578
KH00114925,39,Nam,Tiếp viên hàng không,Đà Nẵng,97600000.0,303300000,1.9404358581628132,63.800000000000004,Cần theo dõi,1449851.0,1.2116440867185199,61.583333333333336,25.583333333333332,76.78333333333333,13.666666666666666,0.7814558872745695,-0.7814558872745705,0.12430170475300824,-0.9207166547345335,1.6444711447648666
KH00114930,59,Nữ,Chuyên viên quy hoạch giao thông,Ninh Bình,164973333.33333334,648000000,-0.44137057531078816,68.925,Cần theo dõi,1807935.8333333333,1.468459648870981,61.333333333333336,24.75,73.72500000000001,12.833333333333334,0.6008493250493212,-0.6008493250493221,-0.23230177281502223,0.2050809536700894,-0.2676882039390477
KH00114965,66,Nữ,Kỹ sư khai thác mỏ,Nghệ An,601494166.6666666,2577200000,-0.7718513473685641,69.55833333333334,Cần theo dõi,1534874.1666666667,1.3972315368840251,243.66666666666666,30.333333333333332,79.2,13.833333333333334,0.864097306228813,-0.8640973062288135,-0.3823568265641062,0.6974891807268496,-0.43833268349348686
KH00114970,33,Nam,Nhà hải dương học,Đồng Nai,548476666.6666666,1741800000,1.1538769651986964,63.199999999999996,Cần theo dõi,2442938.25,0.9385092168605486,182.66666666666666,30.416666666666668,79.66666666666667,14.0,-0.5308781714174098,0.5308781714174093,-0.30242204427270547,-0.8291338192458108,0.813265582338992
KH00115005,59,Nữ,Chuyên viên dựng phim,Cần Thơ,336824166.6666667,1581200000,-0.2694619519743048,66.075,Cần theo dõi,1500745.8333333333,1.3961223205553406,183.5,30.25,77.53333333333333,13.583333333333334,1.0105126625440104,-1.0105126625440106,-0.49455914752662233,1.2696011079955876,0.9051424524864902
KH00115010,79,Nữ,Chuyên viên ngân hàng đầu tư doanh nghiệp,Hải Phòng,418210833.3333333,2165000000,-1.565737973637731,72.875,Cần theo dõi,1833823.5833333333,1.3561014433063485,122.08333333333333,29.416666666666668,75.65833333333333,13.833333333333334,0.3082025902473803,-0.30820259024738167,-0.6270391451081615,1.9217022702020659,-1.1276893220087119
KH00115045,32,Nữ,Chuyên viên nghiên cứu công đoàn,Hưng Yên,190691666.66666666,784300000,-0.3971110661482834,68.30833333333334,Cần theo dõi,2108841.3333333335,1.107600140976061,61.75,26.0,77.05,13.5,0.30262737344286816,-0.3026273734428691,0.03659979707971382,0.4591022663147255,-0.029760723746103827
KH00115050,42,Nữ,Tổng giám đốc điều hành,Phú Thọ,1941322500.0,8785800000,-1.8214758659839922,76.03333333333333,Ổn định,2103648.0833333335,1.2747383438463025,363.0833333333333,30.416666666666668,82.88333333333334,14.0,-0.07599766679963209,0.07599766679963117,0.07209695589259997,1.0397812053648403,-2.008362735861564
KH00115085,29,Nữ,Chuyên viên tư vấn tâm lý,Đà Nẵng,559235000.0,2055500000,0.3166101577636309,63.65,Cần theo dõi,1402429.5833333333,2.486535060727295,304.4166666666667,30.416666666666668,79.71666666666667,14.0,0.5011838941249853,-0.5011838941249863,-0.35912967160840426,-0.13292011460444275,0.5443016472303692
KH00115090,25,Nam,Nhà khoa học chất lượng nước,Thành phố Hồ Chí Minh,194160833.33333334,507000000,0.34973151230245925,69.18333333333334,Cần theo dõi,1720858.8333333333,1.761139413813015,61.166666666666664,26.5,79.86666666666666,13.416666666666666,0.4112212368253399,-0.4112212368253409,0.4393954354087513,-1.6031034501643877,-0.912899126798036
KH00115125,92,Nam,Nhà khoa học nghiên cứu toán học,Phú Thọ,502899166.6666667,2140800000,-0.9333545894118765,70.8,Cần theo dõi,1587283.25,1.8513347374261773,182.08333333333334,30.25,78.35000000000001,13.916666666666666,0.6379245022045315,-0.6379245022045325,-0.45192194555083803,0.6623395703684118,-0.711890462109484
KH00115130,19,Nam,Nhà địa hóa học,Ninh Bình,95628333.33333333,440100000,0.7356099481464164,54.96666666666667,Có dấu hiệu căng thẳng tài chính,1661813.8333333333,2.371221208591407,61.916666666666664,23.75,76.2,13.583333333333334,-0.7805925476737708,0.7805925476737705,0.12096891751365163,1.133454692985669,2.551026945208051
KH00115165,66,Nữ,Giáo sư danh dự,Đồng Tháp,180206666.66666666,735600000,-0.9899246905268657,70.89999999999999,Ổn định,1646871.25,1.6468998674670259,61.166666666666664,25.166666666666668,74.05,13.0,0.6935641994422784,-0.6935641994422799,-0.21884067642404467,0.42295442485611623,-0.9844958585349277
KH00115170,36,Nữ,Kỹ sư hóa học,Hà Nội,1102861666.6666667,5358300000,-1.6311013547187811,73.94166666666666,Ổn định,2148253.9166666665,1.2612303422222009,243.33333333333334,30.333333333333332,81.61666666666666,14.0,0.03355106631239483,-0.03355106631239575,-0.08082962434026882,1.4851433705130375,-1.4573816273855589
KH00115205,32,Nữ,Chuyên viên dự toán xây dựng,Quảng Trị,338014166.6666667,1325200000,0.3421106696652066,62.725,Cần theo dõi,1494199.6666666667,1.9292661157810926,183.33333333333334,30.333333333333332,79.11666666666666,14.0,0.2694926091620589,-0.26949260916205936,-0.3622326290615907,0.20254941704269538,0.9087839138033125
KH00115210,35,Nữ,Quản lý sản xuất,Thành phố Hồ Chí Minh,668800833.3333334,2047600000,0.004741828300683495,67.15833333333333,Ổn định,1604988.75,2.647195979066486,243.33333333333334,30.333333333333332,80.68333333333334,14.0,0.2761861543187156,-0.27618615431871657,-0.20756801039027356,-0.9816934454626819,-0.7726748548595056
KH00115245,29,Nam,Chuyên viên sinh lý vận động,Thái Nguyên,217702500.0,615400000,1.9779538526846712,60.425000000000004,Cần theo dõi,1514191.1666666667,1.9815313316940941,121.91666666666667,29.333333333333332,79.95833333333333,13.833333333333334,0.6704888677120499,-0.6704888677120504,-0.03209687978105786,-1.3018428153626327,1.1072715668109863
KH00115250,74,Nữ,Chuyên viên khảo sát bất động sản,Hà Nội,110382500.0,317000000,2.021920252514974,62.041666666666664,Cần theo dõi,1542045.4166666667,1.357630314646989,61.583333333333336,24.916666666666668,73.31666666666666,12.916666666666666,0.9004759836737787,-0.9004759836737801,-0.30962255427132507,-1.2439890327401173,1.206879539446507
KH00115285,57,Nữ,Nhà tâm lý học tư vấn,Lào Cai,645177500.0,2939100000,-1.0335979810249665,70.09166666666667,Cần theo dõi,1595349.3333333333,1.5434437271451094,243.66666666666666,30.416666666666668,80.60833333333333,13.916666666666666,0.7235117904963748,-0.7235117904963748,-0.20427842412847497,1.0810014210162309,-0.6009099256691215
KH00115290,41,Nữ,Luật sư sở hữu trí tuệ,Đồng Tháp,1809505833.3333333,5084300000,-0.43550838866674846,71.0,Cần theo dõi,2293269.5833333335,1.5972206375085582,364.75,30.416666666666668,83.2,14.0,-0.12794170676694827,0.12794170676694738,0.11688915637609729,-1.3294456614290564,-1.4902108017187505
KH00115325,21,Nữ,Nhà địa hóa học,Hà Nội,363556666.6666667,1460700000,-0.7514802487805237,68.75833333333334,Cần theo dõi,1810724.0,1.0337154551332703,122.33333333333333,28.666666666666668,81.875,14.0,-1.6383733240044722,1.6383733240044713,0.22060312696129264,0.3416499511319156,-0.6264001548868724
KH00115330,65,Nam,Chuyên viên nghiên cứu xã hội,Bắc Ninh,500755833.3333333,1989700000,-0.05534558480073049,64.97500000000001,Cần theo dõi,1535033.8333333333,1.5874771241818006,243.83333333333334,30.416666666666668,79.88333333333334,14.0,0.5872735245942484,-0.5872735245942494,-0.32413349574190903,0.2765364156971813,0.3908000471058898
KH00115365,31,Nam,Nhân viên phát triển cộng đồng,Hà Nội,744330833.3333334,2712100000,0.4240347280156705,65.15833333333333,Cần theo dõi,2391900.5,0.938962472997361,243.58333333333334,30.333333333333332,79.31666666666666,14.0,-0.42995904312243133,0.4299590431224305,-0.3956263099474804,-0.18646749205513122,0.663013286158753
KH00115370,57,Nam,Họa sĩ,Điện Biên,192490000.0,563700000,1.2188006822814432,56.0,Cần theo dõi,14644900.0,0.7719283607091334,10.0,2.0,52.7,6.0,-3.2936948275925677,3.293694827592567,3.420518192543388,-1.1766412474756331,0.4572987329992322
KH00115405,27,Nam,Chuyên viên tư vấn nông nghiệp,Đắk Lắk,710659166.6666666,3472000000,-0.4088354394363643,65.63333333333334,Cần theo dõi,2399365.0833333335,0.9455019526399445,243.91666666666666,30.416666666666668,79.25833333333334,14.0,-0.3953898275669589,0.395389827566958,-0.4075838174979614,1.5200161248108917,0.8836858419581404
KH00115410,66,Nam,Chuyên viên thuế cấp cao,Phú Thọ,122836666.66666667,548300000,0.2827560298942976,64.96666666666667,Cần theo dõi,1824370.5833333333,1.329990240479842,61.25,24.666666666666668,76.45833333333333,13.083333333333334,0.5005505568999628,-0.5005505568999638,0.12895807113300592,0.9404156539381558,1.5330424284701258
KH00115445,30,Nữ,Nhà trị liệu tâm lý trẻ em,Lâm Đồng,211587500.0,1038500000,-0.19999504024242626,58.01666666666667,Cần theo dõi,1595715.8333333333,1.9312686152949796,122.16666666666667,29.833333333333332,79.18333333333334,13.833333333333334,0.34978385456784933,-0.3497838545678494,-0.16226347667865965,1.5461206672588739,1.280661147973491
KH00115450,43,Nữ,Chuyên viên khảo sát nông thôn,Lâm Đồng,1102580833.3333333,4832700000,-0.9802520825641992,69.44166666666666,Cần theo dõi,2165628.5,1.4155402170069928,303.5833333333333,30.416666666666668,82.15833333333333,14.0,-0.04454641626146269,0.044546416261461774,-0.017405718445255874,0.8404959918709839,-0.7045515169940434
KH00115485,64,Nữ,Quản lý quỹ hưu trí,Cần Thơ,623493333.3333334,2671800000,-0.9058023121848869,69.95,Ổn định,1520871.9166666667,1.8163932329594734,243.0,30.333333333333332,78.45,14.0,0.6353678407579629,-0.635367840757963,-0.5167485852237144,0.7087904235562725,-0.656820362502782
KH00115490,46,Nữ,Quản lý quán bar,Hà Nội,882548333.3333334,3508300000,-0.5376569909391513,67.25833333333334,Cần theo dõi,2337707.1666666665,1.5098219666398933,243.0,30.416666666666668,81.03333333333333,14.0,-0.18257266854526213,0.18257266854526125,-0.1602920706342499,0.2713958950565476,-0.3878004049123623
KH00115525,30,Nữ,Giám đốc công nghệ,Cần Thơ,225515833.33333334,859300000,-1.4363302034705399,77.24166666666666,Ổn định,1628986.9166666667,1.1555005977676693,62.083333333333336,25.416666666666668,72.84166666666667,13.0,1.147028407047185,-1.1470284070471857,-0.416332377231225,0.04664781876334725,-1.820855489286151
KH00115530,38,Nữ,Chuyên viên quy hoạch và phát triển,Đắk Lắk,549495833.3333334,1974800000,0.28231636589599507,64.86666666666666,Cần theo dõi,2190183.0833333335,1.3962427157291577,182.66666666666666,30.166666666666668,82.43333333333334,14.0,-0.06445007997633548,0.06445007997633456,0.09406757250263259,-0.25442510483936515,0.3414442406425085
KH00115565,71,Nữ,Phi công hàng không,Lạng Sơn,187309166.66666666,741600000,-1.0815213568399966,73.26666666666667,Cần theo dõi,1574959.6666666667,1.25814835965504,61.0,25.583333333333332,71.59166666666667,13.333333333333334,0.9185441843002643,-0.9185441843002644,-0.6509776065695966,0.2500251544780009,-1.203151604989615
KH00115570,30,Nam,Chuyên viên quản lý khách hàng quảng cáo,Đồng Nai,220694166.66666666,676500000,0.713773302897366,68.30833333333334,Cần theo dõi,2413149.3333333335,0.8753344729560973,61.75,25.416666666666668,73.24166666666666,13.25,-0.47183761503154353,0.4718376150315427,-0.3885974378478029,-0.9685797672635392,0.11438512191823322
KH00115605,84,Nữ,Lập trình viên hệ thống,Cần Thơ,338270000.0,1015300000,-0.6365813905573329,72.9,Ổn định,17410667.0,0.5406830662384137,9.0,2.0,53.7,5.0,-2.9041894848920817,2.9041894848920813,3.448586069910458,-1.0766324278330062,-1.5433761369443455
KH00115610,41,Nam,Biên tập viên chuyên đề tạp chí,Phú Thọ,376745000.0,1485400000,-0.05256104614481065,64.06666666666666,Cần theo dõi,1556326.4166666667,1.9933731150780483,182.41666666666666,29.833333333333332,79.375,13.833333333333334,0.38056997335174386,-0.38056997335174486,-0.2843857558941304,0.22079049585206634,0.3208839898229148
KH00115645,50,Nam,Chuyên viên nhân sự,Đồng Tháp,317750000.0,862700000,0.9004839475100517,62.4,Ổn định,20849300.0,0.4731782292979807,10.0,2.0,48.0,5.0,-3.4976295993125706,3.49762959931257,4.2188015530074185,-1.4691066729851847,-0.2458954585199152
KH00115650,45,Nam,Cán bộ giáo dục môi trường,Hà Tĩnh,189815000.0,614900000,2.363099515198123,52.28333333333333,Có dấu hiệu căng thẳng tài chính,1601618.0833333333,2.253978438984916,122.58333333333333,29.0,82.24166666666666,14.0,-0.09713459593333357,0.09713459593333221,0.2639937445735922,-0.7412854846730135,2.498926037136604
KH00115685,47,Nam,Lính cứu hỏa,Đắk Lắk,594705000.0,2403700000,0.052958313447915094,63.10833333333333,Cần theo dõi,1517685.0,2.08245713298607,304.1666666666667,30.416666666666668,81.425,14.0,0.39965639507810463,-0.39965639507810513,-0.12845517009472948,0.36970593422123954,0.6808284353702805
KH00115690,30,Nữ,Kiểm soát viên tài chính,An Giang,690454166.6666666,2681400000,0.2905234271976512,62.699999999999996,Cần theo dõi,1524448.6666666667,2.005109391705235,365.3333333333333,30.416666666666668,79.25833333333334,14.0,0.32404904385926847,-0.3240490438592694,-0.42702191739770795,0.15220398616162184,0.76900782171916
KH00115725,33,Nam,Chuyên viên quy hoạch đô thị,Ninh Bình,637160833.3333334,1905500000,0.4619923865358321,64.95,Cần theo dõi,1411481.3333333333,2.046668928375108,304.5833333333333,30.416666666666668,80.19166666666666,14.0,0.4177368787351949,-0.41773687873519544,-0.2949420790916949,-1.0770773973597398,-0.2983885239639439
KH00115730,28,Nữ,Kỹ thuật viên xạ trị,Tây Ninh,1065469166.6666666,3070300000,1.542686494364674,61.55833333333334,Cần theo dõi,2303288.5,1.9115535486526791,364.5833333333333,30.416666666666668,82.39999999999999,14.0,-0.1856958436668372,0.18569584366683675,0.004678505594647587,-1.2315003398846878,0.7547781113426574
KH00115765,80,Nam,Kiến trúc sư cảnh quan,Hưng Yên,306650000.0,1277700000,-1.691774986484599,77.2,Ổn định,13382000.0,0.6566315266116475,9.0,2.0,46.3,4.0,-1.5922702682140435,1.5922702682140437,3.3733738955363886,0.5199942891464109,-2.0166540631675574
KH00115770,64,Nam,Người bán sách,Đồng Nai,132168333.33333333,356400000,1.6892411604656836,64.05833333333334,Cần theo dõi,1648945.3333333333,1.2145010915920287,61.333333333333336,25.0,72.05833333333332,13.333333333333334,0.48315193946491725,-0.4831519394649182,-0.5370080989083972,-1.478791857955128,0.5113604279335838
KH00115805,76,Nam,Nhà trị liệu tâm lý trẻ em,Lâm Đồng,225295000.0,634100000,1.5564626329781683,64.01666666666667,Cần theo dõi,1459510.6666666667,1.4188072418553819,121.5,29.25,76.75,13.583333333333334,1.1381514165058537,-1.1381514165058537,-0.4224175430935579,-1.3199003177654,0.6188675705025155
KH00115810,88,Nam,Điều dưỡng khuyết tật học tập,Bắc Ninh,129899166.66666667,546600000,-0.2729792639607291,67.13333333333334,Ổn định,1523165.4166666667,1.3911185222561133,61.916666666666664,25.583333333333332,74.14999999999999,13.083333333333334,0.765592941575849,-0.76559294157585,-0.2547601466630639,0.6007349958203806,0.2830688146097683
KH00115845,79,Nữ,Chuyên viên tư vấn quan hệ công chúng,Nghệ An,315086666.6666667,1466300000,-0.9077075228441999,68.175,Cần theo dõi,1711340.5833333333,1.3283860898331865,122.5,29.083333333333332,78.425,13.666666666666666,0.6309399134933742,-0.6309399134933743,-0.20146866166632826,1.213633567121095,-0.28712800512269493
KH00115850,43,Nữ,Nhà dược lý học,Hưng Yên,631958333.3333334,1920900000,0.4986310530610843,65.99166666666666,Cần theo dõi,2274090.1666666665,1.4003616804483021,183.5,30.25,82.59166666666667,14.0,-0.12229760366632683,0.12229760366632639,0.11365182874155781,-1.0121145432604095,-0.1713855577295658
KH00115885,44,Nam,Kỹ sư hóa học,Hà Nội,370974166.6666667,1093100000,-0.2731258186268296,69.58333333333333,Cần theo dõi,1550851.9166666667,1.8504105155541823,122.16666666666667,29.916666666666668,77.98333333333333,13.833333333333334,0.5869985528471541,-0.5869985528471546,-0.33445735323700015,-1.1357695687267115,-1.135140312087747
KH00115890,45,Nam,Chuyên viên dựng phim,Hà Nội,692480833.3333334,2429000000,-0.21567638951523446,69.375,Cần theo dõi,2370595.9166666665,0.9161177903815885,182.75,30.0,78.20833333333333,14.0,-0.41199626187209787,0.4119962618720979,-0.48482963738824114,-0.36463157833434556,-0.4537388659877322
KH00115925,30,Nữ,Giảng viên công nghệ thông tin,Ninh Bình,1509824166.6666667,5858000000,-1.0824006848366026,72.50833333333334,Cần theo dõi,2080951.3333333333,1.26390023124936,363.5,30.416666666666668,82.125,14.0,0.027223217702746685,-0.027223217702747608,-0.0316684732568216,0.14294703712494164,-1.284328181113838
KH00115930,44,Nữ,Nhà khoa học nghiên cứu khoa học tự nhiên,Hà Nội,606639166.6666666,2976900000,-1.2921204120271468,68.99166666666666,Cần theo dõi,1425047.4166666667,2.080094817610442,242.83333333333334,30.416666666666668,79.50833333333334,14.0,0.40243181711037784,-0.40243181711037884,-0.37575072389780484,1.542263542566446,-0.7889773970625069
KH00115965,63,Nữ,Biên tập viên chuyên đề tạp chí,Lạng Sơn,232639166.66666666,995900000,0.2727903125994296,60.275,Cần theo dõi,1745799.1666666667,1.4523061180173036,122.41666666666667,28.916666666666668,77.53333333333333,13.75,0.3399828643328157,-0.3399828643328171,-0.3278669534060404,0.6984730881174842,1.2648067856248684
KH00115970,40,Nam,Chuyên viên nghiên cứu vận hành,Thành phố Hồ Chí Minh,760711666.6666666,3309900000,-0.9269061841034318,68.15833333333333,Cần theo dõi,1517175.9166666667,1.9556611263389752,304.75,30.416666666666668,80.8,14.0,0.3561022538517405,-0.35610225385174143,-0.211852893911977,0.7953287708117132,-0.6184449624716623
KH00116005,65,Nam,Kỹ sư mạng,Thành phố Hồ Chí Minh,490613333.3333333,2198900000,-1.6845938078456497,74.06666666666666,Ổn định,1690852.0833333333,1.849792143423487,122.58333333333333,29.583333333333332,78.16666666666667,13.416666666666666,0.3700361014560069,-0.3700361014560074,-0.20184608350695943,0.9664112067691081,-1.7824240667732332
KH00116010,70,Nam,Nhân viên y tế cộng đồng,Thành phố Hồ Chí Minh,417387500.0,1297600000,0.8072751798698103,63.85833333333333,Cần theo dõi,1691505.0833333333,1.6674495699418106,182.58333333333334,30.333333333333332,77.45,14.0,0.2962397855774625,-0.29623978557746344,-0.594524901987934,-0.9067154806074165,0.384917686517179
KH00116045,54,Nữ,Nhà sinh thái học,Hưng Yên,192517500.0,542900000,2.6034491676037788,58.63333333333333,Cần theo dõi,1488053.5833333333,1.5269637905647493,122.33333333333333,29.0,76.46666666666667,13.416666666666666,0.8139303928135213,-0.8139303928135224,-0.4215075900313433,-1.3129838043742357,1.778476921223901
KH00116050,69,Nữ,Chuyên viên hoạch định quảng cáo,Vĩnh Long,291295000.0,855800000,1.4960821105445534,60.35,Cần theo dõi,1976075.5833333333,2.0112074016659216,122.25,29.833333333333332,76.43333333333334,13.916666666666666,-0.11115517838651737,0.11115517838651692,-0.5616040999734694,-1.1489036746601133,0.8738258851618238
KH00116085,60,Nam,Chuyên viên dự toán xây dựng,Lâm Đồng,116702500.0,522100000,0.16331397702197556,64.83333333333333,Cần theo dõi,1609066.4166666667,1.4502341505497538,61.333333333333336,25.25,73.48333333333333,13.166666666666666,0.5551398952736081,-0.5551398952736091,-0.3193092150805612,0.9608952536957186,1.2854230589262576
KH00116090,55,Nữ,Nhạc sĩ,Sơn La,215524166.66666666,969700000,0.8506553610357086,57.85,Có dấu hiệu căng thẳng tài chính,1794713.5833333333,1.7975007139964891,122.25,29.583333333333332,78.64166666666667,13.916666666666666,0.2704117626315325,-0.2704117626315325,-0.22749583854920086,0.9986481294943631,2.4742201226640126
KH00116125,57,Nữ,Chuyên viên xúc tiến bán hàng,Lào Cai,131640000.0,494800000,0.21109079817090465,60.2,Ổn định,14316714.0,0.4971777931858008,7.0,2.0,45.8,4.0,-2.072587498545805,2.0725874985458046,4.151125155429097,-0.03894388379189923,0.46066008190706714
KH00116130,85,Nữ,Nhà thiết kế sản phẩm,Thành phố Hồ Chí Minh,471750000.0,1968900000,0.5688307381234683,63.40833333333333,Có dấu hiệu căng thẳng tài chính,1704091.5,2.1009069938522877,243.66666666666666,30.333333333333332,79.64166666666667,14.0,0.5088670944172387,-0.5088670944172387,-0.3504171920563754,0.5547659582073096,1.6574683605418306
KH00116165,73,Nam,Kỹ sư kết cấu,Quảng Ninh,186081666.66666666,510000000,0.3885684988192263,70.76666666666667,Cần theo dõi,1771856.1666666667,1.218903240959704,61.333333333333336,25.75,74.76666666666667,12.833333333333334,0.7199167330622939,-0.719916733062294,-0.11917828169205992,-1.4247182435851875,-0.7024226626857479
KH00116170,74,Nam,Nhà trị liệu tâm lý trẻ em,Đà Nẵng,430708333.3333333,1322300000,0.4835359224526805,64.7,Cần theo dõi,1589219.3333333333,1.7769570213288688,182.5,30.416666666666668,79.20833333333333,13.916666666666666,0.27944270258846227,-0.2794427025884632,-0.34469095058145444,-0.9703913806292955,-0.17396259189223923
KH00116205,61,Nữ,Biên tập viên chuyên đề tạp chí,An Giang,121710833.33333333,507200000,0.3715681575515091,64.5,Cần theo dõi,1701215.5833333333,1.314099313559015,61.166666666666664,25.916666666666668,73.33333333333333,12.916666666666666,0.46362012316149814,-0.46362012316149914,-0.339863528594077,0.5524567579714559,1.2386442866255505
KH00116210,83,Nam,Chuyên viên khảo sát công trình,Hà Nội,561667500.0,2656900000,-0.7768342060159984,67.14166666666667,Cần theo dõi,1625371.1666666667,1.6289509827942192,243.91666666666666,30.416666666666668,79.81666666666668,14.0,0.5755602474122832,-0.5755602474122842,-0.33508295475039557,1.3185897584105786,0.0036846978868571995
KH00116245,26,Nữ,Nhà khảo cổ học,Hà Nội,466894166.6666667,1893800000,-0.703263763633292,69.03333333333333,Cần theo dõi,2290047.3333333335,1.3650695619825461,122.58333333333333,29.333333333333332,80.30833333333334,13.833333333333334,-0.009915859430150406,0.009915859430149488,0.021212590504941634,0.39690537814572824,-0.473514802062163
KH00116250,60,Nam,Kỹ sư năng lượng,An Giang,624321666.6666666,2686000000,-0.9043367655238765,69.71666666666667,Cần theo dõi,1521751.25,1.6853325193332067,243.75,30.25,78.60833333333333,13.916666666666666,0.8688349659311848,-0.8688349659311849,-0.4681581268032576,0.7226637879968321,-0.6586130819202939
KH00116285,64,Nam,Nhà khoa học thính học,Lâm Đồng,743580000.0,3190200000,-1.1199186793584612,70.05,Ổn định,1657912.1666666667,1.8184139956979524,243.5,30.333333333333332,79.97500000000001,13.916666666666666,0.3436990038362771,-0.34369900383627716,-0.2917230476841123,0.7119478082850048,-1.0167648080501468
KH00116290,37,Nữ,Nhà thiết kế web,Sơn La,204345833.33333334,884300000,0.14352909709833953,62.65833333333333,Cần theo dõi,1426504.9166666667,1.6677583684186938,122.08333333333333,29.666666666666668,78.01666666666667,14.0,0.7394647874937198,-0.7394647874937208,-0.34965872292888084,0.7548458216453193,1.1129298374725103
KH00116325,49,Nữ,Cán bộ thủy sản,Vĩnh Long,650026666.6666666,1948300000,1.6366280353354203,60.050000000000004,Cần theo dõi,2271101.0,1.4627297531002101,244.0,30.333333333333332,82.90833333333333,13.916666666666666,-0.1317836985589632,0.1317836985589623,0.10942899611995133,-1.0596519865965492,1.1312491890202119
KH00116330,33,Nữ,Chuyên viên tư vấn tâm lý,Vĩnh Long,717340000.0,2838600000,0.06907932671902628,63.84166666666667,Cần theo dõi,2265998.5,1.4302262325928128,243.66666666666666,30.416666666666668,81.45,14.0,-0.112033460061859,0.11203346006185856,-0.10782000000264189,0.25001853885796754,0.5521447946819849
KH00116365,62,Nam,Quản lý tổng đài,Gia Lai,424326666.6666667,1968400000,-0.7195313315705042,68.64999999999999,Cần theo dõi,1591162.4166666667,1.6036141518626736,182.83333333333334,30.083333333333332,76.03333333333333,13.75,0.6531246253141291,-0.6531246253141301,-0.733009629665034,1.1826476614206256,0.044132929744474726
KH00116370,79,Nam,Giám đốc tiếp thị,Đắk Lắk,312790000.0,1455600000,-1.8553299938533252,76.5,Ổn định,15457875.0,0.680212320801764,8.0,2.0,51.3,3.0,-2.1616624444117334,2.161662444411733,3.8453515324675283,1.1872638811481315,-1.999175048846814
KH00116405,62,Nữ,Chuyên viên thu mua công nghiệp,Hải Phòng,143212500.0,622000000,-0.45060351927515174,67.28333333333333,Cần theo dõi,1661162.6666666667,1.4773170143577652,61.083333333333336,26.166666666666668,71.89166666666667,12.916666666666666,0.40759396674734577,-0.40759396674734577,-0.5531149943198747,0.7817613751719421,0.1221722468880512
KH00116410,58,Nam,Sĩ quan hậu cần quân đội,Hà Nội,217510833.33333334,977300000,-0.16599435770699245,64.55,Cần theo dõi,1474901.9166666667,1.2976437287539535,122.08333333333333,29.75,78.0,13.833333333333334,0.7309146798152798,-0.7309146798152808,-0.3223218474714218,0.9846000904962458,0.8307445966597352
KH00116445,21,Nữ,Phi công hàng không,Lâm Đồng,356520000.0,1796400000,-1.7673971941927198,73.5,Ổn định,10779667.0,1.0427673466387133,15.0,2.0,44.5,5.0,-1.8560198356376143,1.8560198356376136,0.9780958061653947,1.7149633180568078,-1.6085863057563505
KH00116450,59,Nữ,Chuyên viên trị liệu bằng làm vườn,Hải Phòng,121551666.66666667,485100000,0.7609639053818912,62.81666666666666,Cần theo dõi,1800545.6666666667,1.6085538178945713,61.833333333333336,25.666666666666668,71.80833333333332,13.0,0.0828456628301518,-0.08284566283015227,-0.5618697669977236,0.29533492408051426,1.607160171887895
KH00116485,71,Nữ,Vũ công,Thành phố Hồ Chí Minh,111300000.0,492100000,-0.006982544987397414,56.0,Cần theo dõi,13363571.0,0.7569907250377726,7.0,2.0,17.6,3.0,-1.7741657838630047,1.7741657838630047,-1.695773578891339,0.869062678582334,0.9930977489081808
KH00116490,50,Nữ,Nhà thiết kế gốm sứ,Tây Ninh,419068333.3333333,1307200000,0.7474808761005978,65.14999999999999,Cần theo dõi,1627457.9166666667,1.6881628974248801,182.75,30.083333333333332,78.5,13.916666666666666,0.3605915633023678,-0.3605915633023678,-0.4220860624998949,-0.9015939886800868,0.20620596958393445
KH00116525,75,Nữ,Kỹ sư đóng tàu,Hà Nội,623072500.0,1717800000,0.5934519220284376,67.05,Cần theo dõi,1574868.25,1.5377761757726158,243.66666666666666,30.333333333333332,80.09166666666667,13.75,0.6875770893706383,-0.6875770893706389,-0.23733137356124628,-1.406277139272664,-0.4740190043983386
KH00116530,40,Nam,Kỹ sư nông nghiệp,Lâm Đồng,889990833.3333334,4315600000,-1.5915315948715087,74.55,Ổn định,2366314.4166666665,0.9197038355151603,182.91666666666666,30.25,78.875,13.916666666666666,-0.5203136819785915,0.5203136819785902,-0.38156127898477016,1.473939634227683,-1.3592302392767674
KH00116565,58,Nam,Quản lý dịch vụ y tế,Phú Thọ,256658333.33333334,895200000,0.6167541139384979,65.7,Cần theo dõi,1623073.5833333333,1.617740844081535,121.91666666666667,29.333333333333332,76.43333333333334,13.75,0.7637351124935601,-0.7637351124935606,-0.5129700018879426,-0.4029315714757663,0.6781393562440124
KH00116570,44,Nam,Nhà tâm lý học thể thao,Cần Thơ,450095833.3333333,1987900000,-0.8411717044343416,66.84166666666667,Ổn định,1589162.4166666667,1.9525793816586499,183.5,30.333333333333332,81.425,14.0,0.29727933056464967,-0.29727933056465106,-0.05591756257634261,0.8814677134858863,-0.42315059092643054
KH00116605,63,Nam,Nhà tâm lý học pháp y,Phú Thọ,245620000.0,935700000,-1.1272464126635113,72.3,Ổn định,11824100.0,0.8993809692392257,10.0,2.0,29.1,6.0,-2.1102920645176315,2.1102920645176306,-0.3593534837237953,0.030675789811519586,-1.4210230366991403
KH00116610,45,Nam,Nhà thiết kế triển lãm,Đắk Lắk,606714166.6666666,1988400000,0.7077645615872243,62.5,Cần theo dõi,1512618.75,1.8727990821470464,304.5833333333333,30.416666666666668,80.93333333333334,14.0,0.4058479626757797,-0.4058479626757802,-0.1948426554033537,-0.6864228577559469,0.4485592258388606
KH00116645,71,Nam,Điều dưỡng nhi khoa,Khánh Hòa,199330000.0,847600000,-0.07205281673624517,57.9,Cần theo dõi,17554667.0,0.5543072810508487,9.0,2.0,47.8,5.0,-2.9628868585070376,2.9628868585070376,3.3292935950613587,0.6372970164488714,0.6710805235375576
KH00116650,42,Nữ,Nhà giao dịch tài chính,Thanh Hóa,478246666.6666667,1420500000,0.09589883061551094,67.95,Cần theo dõi,2271914.8333333335,1.4131601658199047,122.25,29.583333333333332,82.72500000000001,13.916666666666666,-0.14952511205582972,0.14952511205582883,0.3069023012856455,-1.1063929982367526,-0.7489213225774698
KH00116685,29,Nam,Nhà trị liệu tâm lý trẻ em,Thành phố Hồ Chí Minh,124099166.66666667,428200000,0.5121140823423771,66.65833333333333,Cần theo dõi,1526383.5833333333,1.3633567295854878,61.583333333333336,25.583333333333332,74.22500000000001,13.5,0.8800116805343836,-0.8800116805343837,-0.3266627179962978,-0.4476100577776678,0.5454781193481111
KH00116690,42,Nam,Chuyên viên phục chế bảo tàng,Thành phố Hồ Chí Minh,409980833.3333333,2039900000,-0.6713148464232717,67.29166666666667,Cần theo dõi,2502460.3333333335,0.968953396646668,122.33333333333333,29.666666666666668,77.50833333333334,14.0,-0.7898388759176908,0.7898388759176909,-0.4153186692825181,1.6492292850470311,0.4093434885807818
KH00116725,19,Nam,Chuyên viên cắt tỉa cây,Khánh Hòa,264520000.0,918200000,0.03346654285648106,63.3,Ổn định,17670300.0,0.5301231994574662,10.0,2.0,48.1,5.0,-3.0346080688098303,3.0346080688098285,2.9366052077582774,-0.43295534270611696,-0.16656762429500163
KH00116730,48,Nam,Nhà khoa học y sinh,Thành phố Hồ Chí Minh,482407500.0,1924700000,-0.8484994377393918,68.25833333333334,Cần theo dõi,1507167.75,2.2262248907390108,182.33333333333334,30.25,82.48333333333333,14.0,0.30822663794111205,-0.308226637941113,0.092359721295981,0.29331342175434466,-0.8240474706675893
KH00116765,27,Nữ,Nhân viên phát triển cộng đồng,An Giang,148675000.0,496900000,1.6781030058420063,60.675000000000004,Cần theo dõi,2253191.6666666665,1.3119692461650776,62.0,24.416666666666668,78.05833333333334,13.25,-0.24524236257975118,0.2452423625797512,0.3110832840856199,-0.5960123245623116,1.798869104598102
KH00116770,34,Nữ,Chuyên viên công nghệ màu sắc,Nghệ An,114108333.33333333,498200000,0.08021748134270322,66.64999999999999,Cần theo dõi,1471290.5,1.4490453258070073,62.0,26.0,71.24166666666666,13.333333333333334,0.7447773005139681,-0.7447773005139686,-0.6857764115468855,0.8161406269890477,1.0557869060393095
KH00116805,82,Nam,Nhà thiết kế sản phẩm công nghiệp,Quảng Ngãi,143380000.0,446600000,0.7597914680530827,59.1,Cần theo dõi,9488909.0,1.0718733913380187,11.0,2.0,53.4,4.0,-1.210690802681357,1.2106908026813563,3.057077005673545,-0.9213105109616385,0.2367942446452354
KH00116810,45,Nam,Kỹ sư khoan,Hà Nội,686639166.6666666,3450200000,-1.27512007075943,69.45,Cần theo dõi,1608848.75,2.8693469175451525,243.33333333333334,30.333333333333332,78.125,13.916666666666666,0.10281637773645771,-0.10281637773645773,-0.5457354851037077,1.7131926375948956,-0.634243302338488
KH00116845,58,Nam,Chuyên viên dự toán xây dựng,Đồng Nai,375380000.0,1069200000,1.3400013911469781,63.449999999999996,Cần theo dõi,1580839.9166666667,1.436376846959039,183.0,30.333333333333332,80.74166666666666,13.833333333333334,0.5692682903726958,-0.5692682903726968,-0.1108633916626625,-1.2739350787769763,0.404917712518798
KH00116850,31,Nam,Chuyên viên trị liệu nghệ thuật,Quảng Ngãi,98561666.66666667,409100000,0.6421080711739726,62.59166666666667,Cần theo dõi,1523979.75,1.575349190634139,61.416666666666664,25.416666666666668,77.30833333333334,13.666666666666666,0.7119250630097893,-0.7119250630097899,0.08341469135269336,0.5112945607269822,1.7118101678851674
KH00116885,59,Nữ,Chuyên viên công nghệ kiến trúc,Nghệ An,237451666.66666666,723600000,1.1590063785122322,63.166666666666664,Cần theo dõi,1511195.75,1.5018481997697843,122.16666666666667,29.583333333333332,78.5,13.75,0.7597754909877487,-0.7597754909877497,-0.2321595771812157,-1.0022755894217272,0.5450299394937339
KH00116890,66,Nữ,Luật sư sáng chế,Tuyên Quang,785376666.6666666,1999500000,-0.08011332337180076,71.35833333333333,Cần theo dõi,1553600.25,1.5479286839386044,243.25,30.333333333333332,80.325,13.833333333333334,0.5565395991304996,-0.5565395991305001,-0.22977759535295128,-1.6879180202168378,-1.4517793792058333
KH00116925,54,Nam,Nhà giao dịch cổ phiếu,Vĩnh Long,608709166.6666666,2932900000,-1.5822986509071453,73.06666666666668,Ổn định,1610605.9166666667,1.580839191383382,182.5,30.083333333333332,78.75833333333334,13.916666666666666,0.4930565660856448,-0.49305656608564574,-0.38771113395675805,1.4302655696957631,-1.4001826734705614
KH00116930,35,Nam,Nhà khoa học địa chất,Thanh Hóa,863586666.6666666,2224800000,0.8669229289729203,66.73333333333333,Cần theo dõi,1675295.75,2.705551301013729,304.3333333333333,30.416666666666668,81.96666666666667,14.0,0.2642935940017056,-0.26429359400170654,-0.05000541056154061,-1.6501278890693458,-0.4870162201753019
KH00116965,75,Nam,Chuyên viên phân tích hệ thống,Thành phố Hồ Chí Minh,538275000.0,1986800000,-0.5567090975322829,70.18333333333334,Cần theo dõi,1667157.25,1.8856781572242671,183.16666666666666,30.333333333333332,80.40833333333333,14.0,0.5071441254812689,-0.5071441254812699,-0.1943247045802239,-0.11824818940940025,-0.7478008729415241
KH00116970,30,Nam,Chuyên viên gây quỹ từ thiện,Thái Nguyên,347350000.0,1346900000,0.5500717408625382,62.65,Cần theo dõi,2477349.5833333335,0.9549421329945877,122.25,30.0,78.91666666666667,13.833333333333334,-0.6975618472489968,0.697561847248997,-0.21236435506070164,0.14189842929672686,1.1064872520658249
KH00117005,79,Nam,Kỹ sư dầu khí,Cà Mau,547564166.6666666,2200700000,-0.8967159228866244,71.84166666666667,Cần theo dõi,1648145.8333333333,1.5221077422959528,182.75,30.0,76.84166666666667,14.0,0.5639330952059249,-0.5639330952059255,-0.6589531444916179,0.33351820976555946,-0.8724508949404169
KH00117010,67,Nữ,Nhà khoa học thổ nhưỡng,Quảng Ninh,174318333.33333334,778700000,-1.0379946210079973,70.11666666666666,Ổn định,1731502.25,1.2994955989384362,61.5,26.25,76.96666666666667,13.5,0.6462894922588942,-0.6462894922588952,0.038742626455620426,0.9497790805540132,-0.7187812273705461
KH00117045,34,Nữ,Cán bộ trại giam,Bắc Ninh,498864166.6666667,2477000000,-0.49794067642577833,64.22500000000001,Cần theo dõi,2205274.0,1.3405324371688419,183.25,30.083333333333332,82.70833333333333,14.0,0.01748763327230165,-0.01748763327230257,0.12494907232695289,1.64035543997289,0.7941619160461275
KH00117050,27,Nam,Nhà kinh tế học,Cần Thơ,189912500.0,625600000,0.9610110246097686,66.06666666666666,Cần theo dõi,2416433.6666666665,0.8561665097493467,61.416666666666664,25.416666666666668,75.25833333333334,13.333333333333334,-0.30359216169431635,0.30359216169431547,-0.11240187989985537,-0.6651166048715463,0.7385876141032505
KH00117085,36,Nữ,Chuyên viên viết nội dung quảng cáo,Đồng Tháp,1031411666.6666666,3185500000,0.14689985441866238,68.04166666666667,Cần theo dõi,2090429.4166666667,1.3407134669642773,303.6666666666667,30.416666666666668,83.24166666666666,14.0,0.11764764084201665,-0.11764764084201712,0.1211898764681133,-0.950183229993137,-0.517548472754806
KH00117090,29,Nam,Quản lý trường quay,Bắc Ninh,468074166.6666667,1296100000,0.41626733071231786,70.25,Cần theo dõi,2278727.6666666665,0.8086175681845442,122.25,29.583333333333332,75.85833333333333,13.666666666666666,-0.0639631736273731,0.06396317362737264,-0.5820942857640683,-1.3846365075018263,-0.6415262249721319
KH00117125,55,Nam,Giảng viên đại học,Huế,181462500.0,531100000,0.09179529996468265,71.63333333333334,Ổn định,1650147.25,1.2141442819928854,61.833333333333336,25.5,72.63333333333334,12.833333333333334,0.9416696293682211,-0.9416696293682226,-0.4122523421250552,-1.166118940717176,-0.8098177602910859
KH00117130,49,Nữ,Chuyên viên kinh doanh công nghệ thông tin,Thành phố Hồ Chí Minh,122430833.33333333,453600000,0.32056713374835866,66.2,Cần theo dõi,1434615.4166666667,1.556295456217936,61.833333333333336,25.583333333333332,75.28333333333333,13.333333333333334,0.38992396068639984,-0.3899239606863999,-0.1553928786961344,-0.09302477010380387,0.5497918504464997
KH00117165,25,Nữ,Cán bộ triển lãm bảo tàng,Vĩnh Long,551223333.3333334,1543500000,2.8162465427824444,54.6,Có dấu hiệu căng thẳng tài chính,1485852.6666666667,2.015803705582575,364.5,30.416666666666668,79.51666666666667,13.916666666666666,0.38002425119591166,-0.38002425119591265,-0.37368917407415675,-1.3385350171145347,1.9120345178285578
KH00117170,44,Nam,Nhân viên giao nhận vận tải,Thanh Hóa,631075833.3333334,1970500000,1.6715080458674605,62.46666666666667,Cần theo dõi,2279894.3333333335,0.8808307838576264,243.33333333333334,30.416666666666668,79.54166666666667,14.0,-0.30953966509119285,0.30953966509119196,-0.3693236893758081,-0.8978175302800827,1.3313054715182102
KH00117205,68,Nữ,Nhà địa chất công trình,Quảng Ngãi,348453333.3333333,1526400000,0.19760776888961135,61.699999999999996,Cần theo dõi,1708869.0833333333,1.5033293014308822,182.66666666666666,30.166666666666668,78.10000000000001,14.0,0.3735013023353374,-0.3735013023353384,-0.5015131568972266,0.8346971663165651,1.2577479529184143
KH00117210,70,Nữ,Chuyên viên khảo sát thủy văn,Thành phố Hồ Chí Minh,159273333.33333334,443500000,0.9135273127930414,65.56666666666666,Cần theo dõi,1754259.5833333333,1.5005068967331654,61.25,26.25,76.75,13.416666666666666,0.2796858041574423,-0.27968580415744326,0.02876505315623994,-1.3634159468617082,-0.07004088815833147
KH00117245,34,Nam,Luật sư sở hữu trí tuệ,Thành phố Hồ Chí Minh,992550000.0,4396200000,-1.9016412683412443,74.73333333333333,Ổn định,1496127.6666666667,2.1322368224535126,243.91666666666666,30.416666666666668,81.11666666666666,14.0,0.211327975409573,-0.21132797540957393,-0.16725485108234942,0.9005128388415509,-2.2075226586508063
KH00117250,23,Nam,Chuyên viên quan hệ công chúng,Đồng Nai,447534166.6666667,1649400000,0.1721072569880361,65.10000000000001,Cần theo dõi,1787766.8333333333,1.0116966130807719,182.75,30.333333333333332,83.81666666666666,14.0,-1.5319235135907578,1.531923513590758,0.2715819131972965,-0.1253357073947033,0.3224526193132385
KH00117285,59,Nữ,Kỹ sư công trường,Lâm Đồng,405250000.0,1281900000,-0.335851215718062,69.5,Ổn định,18312000.0,0.554074144797991,12.0,2.0,48.9,5.0,-2.9743587101723237,2.974358710172324,3.771826072509188,-0.854944558806255,-1.0122830095063662
KH00117290,60,Nữ,Cán bộ quan hệ sắc tộc,Tuyên Quang,267391666.66666666,951800000,0.35735235493971135,64.54166666666667,Cần theo dõi,1648790.75,1.5726633145676354,122.33333333333333,29.75,74.89999999999999,13.75,0.39431758609660295,-0.394317586096603,-0.7410242095772167,-0.3008107874971476,0.3751137522026593
KH00117325,31,Nam,Bác sĩ chuyên khoa bàn chân,Vĩnh Long,923083333.3333334,3261700000,-0.9695535919388257,73.72500000000001,Ổn định,2434747.9166666665,0.9438366375305421,183.08333333333334,30.333333333333332,79.47500000000001,13.916666666666666,-0.5618336313481366,0.5618336313481367,-0.30608379232898125,-0.33558311242239014,-1.4197345196178035
KH00117330,42,Nam,Chuyên viên công nghệ dệt may,Cần Thơ,188369166.66666666,522100000,1.9284183755425297,62.23333333333333,Cần theo dõi,2564354.9166666665,0.9327153517699552,61.083333333333336,24.833333333333332,72.68333333333334,13.166666666666666,-0.7568525321006584,0.7568525321006575,-0.3981667199374946,-1.3828514826436762,0.9935459287625589
KH00117365,47,Nam,Chuyên viên trưng bày bán lẻ,Đồng Nai,693524166.6666666,2622200000,-0.3603258449569307,67.125,Cần theo dõi,1471604.0833333333,2.009796278413161,304.4166666666667,30.416666666666668,80.61666666666666,14.0,0.7607322015038103,-0.7607322015038117,-0.2341661452923065,0.01336696254909911,-0.3693129859192686
KH00117370,84,Nữ,Kỹ sư xây dựng thi công,Tuyên Quang,605930000.0,2579800000,-1.0608571489197542,71.05,Cần theo dõi,1772560.6666666667,1.680870293014496,182.91666666666666,30.0,78.56666666666666,14.0,0.27824534512823884,-0.27824534512823984,-0.4212641600943259,0.6646893881470424,-0.9194537571683145
KH00117405,90,Nữ,Chuyên viên trang điểm,Bắc Ninh,531155833.3333333,1985200000,0.008552249619309314,66.38333333333334,Cần theo dõi,1518164.5,1.5799286058195434,242.5,30.25,79.5,13.75,0.7223817526654377,-0.7223817526654382,-0.3193922606455796,-0.042361295444793494,0.1805476729207914
KH00117410,52,Nam,Chuyên viên quản lý khách hàng quảng cáo,Thành phố Hồ Chí Minh,398930000.0,1849400000,-1.0023818371454516,66.9,Ổn định,20572833.0,0.3898289314616843,12.0,2.0,54.6,5.0,-3.755240542179733,3.755240542179733,2.6921582178892693,1.163009515175958,-0.49732435682599646
KH00117445,90,Nữ,Chuyên viên cắt tỉa cây,Hà Nội,184420000.0,525800000,0.40454295742423646,66.0,Ổn định,12472444.0,0.7454765214836149,9.0,2.0,38.4,5.0,-1.6807801374748979,1.6807801374748976,-0.15313534146253172,-1.2826495733223806,-0.5652236047642697
KH00117450,35,Nữ,Kỹ sư năng lượng,An Giang,818073333.3333334,3666000000,-1.3623200970895304,71.50833333333334,Ổn định,1379941.25,1.9009472856999086,303.5,30.416666666666668,78.69166666666666,14.0,0.7134831740335252,-0.7134831740335267,-0.5010169343542676,0.9685166249326581,-1.2461768710099066
KH00117485,37,Nữ,Giáo viên tiếng anh,Thanh Hóa,977095833.3333334,3999200000,0.14997750240678373,62.65833333333333,Cần theo dõi,2191462.5833333335,1.4476525141864256,364.0833333333333,30.416666666666668,83.33333333333333,14.0,-0.1485050247518539,0.14850502475185393,0.1339332657038461,0.4341578429208778,0.8121451327030463
KH00117490,29,Nữ,Chuyên viên thu mua công nghiệp,Thành phố Hồ Chí Minh,673550833.3333334,2674100000,-0.5959857480473534,68.30833333333334,Cần theo dõi,2318597.3333333335,1.3487368357039315,182.66666666666666,29.916666666666668,81.09166666666667,14.0,-0.04054779688653991,0.04054779688653899,-0.07888392558100678,0.27109004987200913,-0.4851114557941947
KH00117525,41,Nam,Trợ lý sản xuất truyền hình,Vĩnh Long,190223333.33333334,468600000,2.3100467260695585,60.85833333333333,Cần theo dõi,2491419.6666666665,0.9180449628788939,61.5,25.583333333333332,73.36666666666666,13.25,-0.4649212181352353,0.46492121813523446,-0.3792345757012012,-1.8022704358898434,0.6736575577002318
KH00117530,34,Nam,Nhà địa chấn học hiện trường,Thanh Hóa,101747500.0,340800000,1.641610893982855,57.824999999999996,Cần theo dõi,1586748.1666666667,1.4073231844769216,61.166666666666664,25.75,76.94166666666666,13.5,0.27770403176029623,-0.2777040317602972,0.04356641439405352,-0.5898349452538502,1.6897933325388466
KH00117565,27,Nam,Nhà tâm lý học thể thao,Hưng Yên,304424166.6666667,1029300000,0.1045455559154705,66.64166666666667,Cần theo dõi,1647888.6666666667,2.1828612505739393,122.33333333333333,29.75,77.80833333333334,14.0,0.20029682536920546,-0.2002968253692064,-0.3874657206263448,-0.5447616333564297,-0.1401250128866971
KH00117570,19,Nam,Kỹ sư trắc địa,Đắk Lắk,457094166.6666667,1547400000,-0.8399992671055332,71.96666666666667,Ổn định,1812880.6666666667,0.9957352086305967,121.66666666666667,29.25,81.41666666666667,14.0,-1.6601433201566267,1.660143320156626,0.13296626602219486,-0.540879116089994,-1.424048250716192
KH00117605,61,Nam,Kỹ sư ô tô,Lâm Đồng,376150000.0,959600000,0.3361019283550649,69.64166666666667,Ổn định,1705460.8333333333,1.434683020279464,122.16666666666667,28.416666666666668,76.55,13.833333333333334,0.42481050987551966,-0.4248105098755197,-0.4528865678690242,-1.68244832891303,-1.0342998448526877
KH00117610,49,Nữ,Giáo viên giáo dục đặc biệt,Nghệ An,621349166.6666666,2166500000,-0.19808982958311336,68.41666666666667,Cần theo dõi,2117649.0,1.266597726218734,182.83333333333334,29.833333333333332,81.91666666666667,13.916666666666666,0.09986209106088388,-0.09986209106088527,0.054017483171802,-0.40216020081274906,-0.4554195404416497
KH00117645,40,Nam,Nhạc sĩ,Đắk Lắk,651331666.6666666,2976100000,-0.6751252677418985,65.35833333333333,Cần theo dõi,1494955.5833333333,2.1349870819007384,304.5,30.416666666666668,81.31666666666666,14.0,0.41238705504233447,-0.4123870550423345,-0.14035449318014287,1.084885404651302,-0.0050548092735151415
KH00117650,73,Nam,Nhà thiết kế đa phương tiện,Đồng Tháp,257275833.33333334,1271500000,-0.5879252414117978,64.16666666666667,Ổn định,1664805.8333333333,1.4943896783473833,122.0,29.5,76.89166666666667,13.583333333333334,0.235052447542153,-0.23505244754215346,-0.4214890071961995,1.5950512367822138,0.5860383961693246
KH00117685,23,Nam,Chuyên viên trị liệu dinh dưỡng,Huế,392832500.0,1166900000,1.4354084787787353,58.38333333333333,Cần theo dõi,1303754.25,2.305339591174729,244.5,30.083333333333332,80.13333333333334,14.0,-0.14145295533372676,0.14145295533372537,-0.2784153847316692,-1.1092166288071503,0.8511367800339353
KH00117690,32,Nữ,Trình dược viên,Bắc Ninh,1028455000.0,3954400000,0.41524144804961044,62.19166666666666,Cần theo dõi,2322005.9166666665,1.6454596839791886,365.0,30.333333333333332,81.81666666666666,14.0,-0.17175887528522865,0.17175887528522776,-0.07170129473571306,0.09398955511445252,0.8667670524553704
KH00117725,47,Nữ,Nhà khoa học phát triển sản phẩm,Thanh Hóa,358865000.0,1502700000,-1.4219678461926408,74.48333333333333,Cần theo dõi,1344646.75,1.6286905457801037,121.58333333333333,29.416666666666668,76.38333333333334,13.75,1.1291810061688483,-1.1291810061688485,-0.5042470687891744,0.5619211518020107,-1.5607431063014947
KH00117730,78,Nam,Bác sĩ đa khoa,Thanh Hóa,457100833.3333333,1180800000,-0.11880375522246732,71.54166666666667,Ổn định,1751340.0833333333,1.6600831984982307,122.58333333333333,29.333333333333332,76.93333333333334,13.5,0.562563669191348,-0.5625636691913486,-0.385193484997305,-1.6416834302441112,-1.4683060113360236
KH00117765,69,Nữ,Kỹ sư khai thác mỏ,Lào Cai,686010833.3333334,2454100000,-0.6513834118335347,70.18333333333334,Ổn định,1546275.5,2.0301068540303997,243.33333333333334,30.416666666666668,78.23333333333333,13.833333333333334,0.6390650998387624,-0.6390650998387634,-0.5141944387188911,-0.26966682257497815,-0.9824230267084291
KH00117770,61,Nữ,Nhà báo,Lạng Sơn,165072500.0,701200000,-0.4591036899090108,67.47500000000001,Ổn định,1965557.75,1.5022917499670674,61.416666666666664,24.166666666666668,72.85000000000001,13.25,0.29139619207183715,-0.29139619207183715,-0.37433038245397376,0.6594617084056493,0.10133188365947232
KH00117805,47,Nữ,Nhà sản xuất phát thanh,Thành phố Hồ Chí Minh,435036666.6666667,1138200000,1.742293949594249,63.03333333333333,Cần theo dõi,1335214.5833333333,1.5802917558784026,243.58333333333334,30.416666666666668,79.10833333333333,13.916666666666666,0.8271868204931515,-0.8271868204931516,-0.4215129717125702,-1.590649324454358,0.4495116080294135
KH00117810,27,Nữ,Kỹ sư điện,Ninh Bình,1504606666.6666667,5676900000,-0.7630580674025036,70.15833333333333,Cần theo dõi,2272329.75,1.378407491180754,365.4166666666667,30.416666666666668,82.84166666666667,14.0,-0.07078320898101177,0.07078320898101131,0.06695617295430038,-0.0012324676718811765,-0.9058402940915818
KH00117845,77,Nam,Nhà thiết kế bối cảnh phim,Cà Mau,95690833.33333333,328500000,2.658553722057757,49.800000000000004,Có dấu hiệu căng thẳng tài chính,1770957.5,1.468642248024777,61.666666666666664,25.416666666666668,72.45833333333333,12.833333333333334,0.7106752543387488,-0.7106752543387498,-0.4258994577958561,-0.47283846139909647,3.255733743735724
KH00117850,34,Nam,Chuyên viên tư vấn tài chính,Phú Thọ,316870000.0,1109900000,0.8751299902745769,62.0,Cần theo dõi,1421323.6666666667,1.8317814600075535,182.25,30.25,79.68333333333334,14.0,0.46424835747837584,-0.4642483574783764,-0.28726317140742164,-0.3772084922254803,1.0654227729084371
KH00117885,49,Nữ,Kỹ sư vật liệu,Tuyên Quang,858082500.0,2875900000,-0.2867554025742239,68.25833333333334,Cần theo dõi,1388274.8333333333,1.8703881411801706,365.0,30.416666666666668,80.29166666666667,14.0,0.6769589893125929,-0.6769589893125939,-0.2841548440900862,-0.5842182476134109,-0.7447196364426757
KH00117890,89,Nữ,Chuyên viên dự toán xây dựng,Thành phố Hồ Chí Minh,190720000.0,568200000,1.1818689064239891,57.9,Cần theo dõi,14643400.0,0.6337251985633412,10.0,2.0,49.9,4.0,-2.032845720182946,2.0328457201829453,2.6877590015101296,-1.1070688336890346,0.5043576177089266
KH00117925,48,Nữ,Kỹ sư khai thác mỏ,Vĩnh Long,584372500.0,2672700000,-1.1369190206261783,69.27499999999999,Cần theo dõi,1393274.5833333333,1.7459824442476555,243.16666666666666,30.333333333333332,80.09166666666665,14.0,0.41617164511432836,-0.4161716451143298,-0.29290388609632567,1.1025640046590583,-0.7754199564675712
KH00117930,39,Nam,Nhà khoa học nghiên cứu khoa học tự nhiên,Hải Phòng,522995000.0,1339900000,0.7801625666411227,67.89999999999999,Cần theo dõi,2567868.3333333335,0.9651827837140541,122.66666666666667,29.166666666666668,78.10000000000001,14.0,-0.8006713002900144,0.8006713002900137,-0.32493821671639206,-1.670320521598692,-0.6265121998504669
KH00117965,50,Nam,Giáo viên dạy nhạc,Bắc Ninh,142913333.33333334,400400000,1.6804478804996221,63.675000000000004,Có dấu hiệu căng thẳng tài chính,1730642.5,1.5422799404707668,61.75,26.583333333333332,74.34166666666667,13.583333333333334,0.37498523535322775,-0.37498523535322914,-0.36202065323657834,-1.3378953596559977,0.7539377741156975
KH00117970,51,Nam,Nhà địa chấn học hiện trường,Bắc Ninh,228432500.0,808000000,1.2853365006913018,58.40833333333333,Cần theo dõi,1779887.6666666667,1.4837726605386852,122.25,29.333333333333332,77.2,13.833333333333334,0.24422830755469774,-0.24422830755469868,-0.41871596222045104,-0.3263891274419844,1.6435747850561104
KH00118005,60,Nữ,Chuyên viên thuế cấp cao,Quảng Ngãi,236079166.66666666,965500000,0.2623849313062576,65.05833333333334,Cần theo dõi,1548534.4166666667,1.287907625965704,122.0,29.416666666666668,77.11666666666666,13.916666666666666,0.6618630383772537,-0.6618630383772541,-0.4509441517069275,0.4275963510381303,1.0133218648369895
KH00118010,32,Nữ,Thanh tra thuế,Huế,755814166.6666666,3405400000,-0.7076604036163219,67.90833333333333,Cần theo dõi,1369028.0833333333,2.014583683135103,364.9166666666667,30.416666666666668,78.44166666666666,14.0,0.8156228277379529,-0.8156228277379544,-0.5389233794391367,0.9992820196979678,-0.10656754629014083
KH00118045,46,Nữ,Thủ thư thư viện công cộng,Hải Phòng,299117500.0,906900000,1.9725313300389336,61.60833333333333,Cần theo dõi,1448677.6666666667,2.211544855600671,183.0,30.25,78.40833333333333,13.916666666666666,0.605985855146625,-0.6059858551466251,-0.446681753828429,-1.0217451123601071,1.6454235269554194
KH00118050,64,Nữ,Cán bộ trại giam,Hà Nội,230713333.33333334,1060800000,-0.014749942290750535,64.69166666666666,Cần theo dõi,1624793.0,1.3265143015638532,122.25,29.416666666666668,77.14166666666667,13.5,0.7370317831130279,-0.737031783113028,-0.36373690999590325,1.1323387483725478,1.2559552335009017
KH00118085,25,Nữ,Giảng viên giáo dục thường xuyên,Đà Nẵng,702855833.3333334,2736000000,-0.7629115127364026,65.925,Cần theo dõi,1357593.0833333333,2.9139335838877822,305.0833333333333,30.25,82.34166666666667,14.0,-0.2770402448351106,0.2770402448351097,0.0063532998494523025,0.1642013350223069,-0.7943555553150436
KH00118090,68,Nam,Chuyên viên trị liệu âm nhạc,Cà Mau,170757500.0,595800000,-0.06355264610238708,67.96666666666667,Cần theo dõi,1777049.5,1.503710119086147,61.416666666666664,25.5,72.73333333333333,13.416666666666666,0.22295939717739016,-0.2229593971773911,-0.5028448651029171,-0.3959086263921951,-0.20270212505423135
KH00118125,39,Nữ,Nhạc sĩ,Thành phố Hồ Chí Minh,887979166.6666666,2827600000,0.8461121663865774,63.74166666666667,Cần theo dõi,2222952.25,1.3113391337241496,304.25,30.416666666666668,82.21666666666667,14.0,-0.06362764849208502,0.06362764849208502,-0.017978872637420384,-0.8209961588969075,0.4673827797227385
KH00118130,57,Nữ,Chuyên viên xúc tiến bán hàng,Đà Nẵng,219470000.0,946200000,-0.7139622542586656,66.2,Ổn định,20257000.0,0.3023918498812319,7.0,2.0,45.6,4.0,-3.3334375776788407,3.3334375776788403,2.4249307610141404,0.7182119969936765,-0.31379470645818847
KH00118165,20,Nữ,Nhà thiết kế đa phương tiện,Điện Biên,170190000.0,620100000,-0.06677684875660893,62.7,Ổn định,12862111.0,0.8009939175476546,9.0,2.0,57.2,5.0,-2.141029850302971,2.1410298503029703,3.8444320070854876,-0.19674576105578048,-0.08455071094382009
KH00118170,68,Nữ,Chuyên viên nghiên cứu chương trình,Phú Thọ,507987500.0,1610400000,0.7291615428379722,63.525000000000006,Cần theo dõi,1528476.9166666667,1.6821417505867426,243.25,30.25,77.7,13.666666666666666,0.4713596803564549,-0.4713596803564559,-0.5423644960446021,-0.8312114161417101,0.3390352739252264
KH00118205,45,Nữ,Kỹ sư cấp thoát nước,Hải Phòng,1579806666.6666667,7336500000,-1.3974932169537726,71.94166666666666,Ổn định,2263257.75,1.5741211828494295,364.5833333333333,30.416666666666668,81.58333333333333,14.0,0.010608182299280216,-0.010608182299281135,-0.10728577678499127,1.1937359257916378,-1.1810787471614965
KH00118210,63,Nam,Kỹ thuật viên phòng thí nghiệm,Thành phố Hồ Chí Minh,354161666.6666667,1030600000,0.09135563596638015,68.79166666666667,Cần theo dõi,1676165.5,1.5448463162514718,122.08333333333333,29.25,76.925,13.666666666666666,0.7859416092260135,-0.7859416092260145,-0.4154231196384925,-1.1853807233046365,-0.7950278250966106
KH00118245,46,Nam,Chuyên viên giám định tổn thất công chứng,Cần Thơ,410134166.6666667,1403600000,0.3482659656414493,65.8,Cần theo dõi,2418217.5,0.9403655427797059,122.25,29.75,78.11666666666666,13.916666666666666,-0.6406705079931189,0.6406705079931181,-0.3264321280238124,-0.4889085080157773,0.1867101459184888
KH00118250,71,Nữ,Kiến trúc sư,Vĩnh Long,677030000.0,2941200000,-1.7902597221044771,77.3,Ổn định,23720545.0,0.237724791371009,11.0,2.0,45.3,3.0,-3.5080880207339216,3.508088020733921,3.715408319666725,0.7633938629092455,-2.06640202700352
KH00118285,59,Nữ,Cán bộ hành chính địa phương,An Giang,113827500.0,477800000,0.30122191782302465,64.75833333333334,Cần theo dõi,1592416.1666666667,1.351349747642652,61.833333333333336,25.5,73.72500000000001,12.916666666666666,0.6631109457159071,-0.6631109457159081,-0.2699981527841174,0.5785976198521148,1.1042463527939348
KH00118290,77,Nữ,Kế toán viên công chứng,An Giang,170861666.66666666,457900000,0.9664335472555063,67.85000000000001,Cần theo dõi,1743405.3333333333,1.2439358656381405,61.833333333333336,25.0,72.20833333333333,13.083333333333334,0.5713040471262182,-0.5713040471262187,-0.46696300908829597,-1.5071002125211204,-0.21984500448419178
KH00118325,55,Nam,Kỹ thuật viên chẩn đoán hình ảnh,Cà Mau,493132500.0,1631500000,-0.0512420541499022,67.45,Cần theo dõi,1710209.9166666667,1.4584463423625331,183.0,30.166666666666668,79.3,14.0,0.3653211580140473,-0.36532115801404824,-0.34499321558225804,-0.639694558105365,-0.48247839914972435
KH00118330,34,Nữ,Quản lý hệ thống thông tin,Hà Nội,448946666.6666667,1723800000,-0.5842613747592725,67.675,Cần theo dõi,1459254.25,2.028284613584131,183.0,30.166666666666668,78.78333333333333,14.0,0.4431321637498262,-0.4431321637498267,-0.41703781093432385,0.09236163388816826,-0.6056158141400904
KH00118365,78,Nam,Giáo viên trung học,Lào Cai,341722500.0,1153700000,1.224809423591585,62.60833333333333,Cần theo dõi,1644050.3333333333,1.2258457948146984,183.33333333333334,30.166666666666668,77.88333333333334,13.833333333333334,0.634278482290375,-0.634278482290376,-0.4994040297046182,-0.5432954534443188,1.274274585048604
KH00118370,62,Nam,Thư ký luật sư tranh tụng,Hưng Yên,230178333.33333334,1077800000,-0.9323287067491691,73.43333333333332,Ổn định,2429750.75,1.6816915746747727,61.5,25.166666666666668,72.58333333333333,13.0,0.28657787302356946,-0.28657787302356996,-0.42134241049702875,1.2526913331149314,-0.29844454644574003
KH00118405,44,Nam,Trợ lý chính trị gia,Khánh Hòa,205511666.66666666,668000000,1.0301848270094451,64.175,Cần theo dõi,2706048.25,0.9876948991939988,61.916666666666664,25.5,73.99166666666666,13.5,-0.6979313142561493,0.6979313142561488,-0.3031584658692091,-0.7221400221664586,0.7815008351599477
KH00118410,48,Nam,Chuyên viên làm vườn thương mại,Tuyên Quang,114399166.66666667,348000000,1.6096619767728346,61.88333333333333,Cần theo dõi,1579223.8333333333,1.6932951249279753,61.25,26.333333333333332,72.15833333333333,13.666666666666666,0.49146885934843554,-0.4914688593484365,-0.6472955312549458,-1.0089518514064229,1.1832940746098617
KH00118445,57,Nữ,Lập trình viên ứng dụng,Cần Thơ,311390833.3333333,853300000,1.0514352535940916,64.3,Cần theo dõi,1738098.5833333333,1.6017066059207679,122.08333333333333,29.416666666666668,78.625,13.583333333333334,0.3600028499993334,-0.36000284999933435,-0.17246881773292835,-1.4240887220670349,-0.0785002829097172
KH00118450,78,Nam,Người quay phim truyền hình,Đắk Lắk,129945833.33333333,463200000,0.4580354105511048,66.39999999999999,Ổn định,1630458.5833333333,1.1423241779629136,61.833333333333336,26.083333333333332,74.05,13.333333333333334,0.5713264172003214,-0.5713264172003215,-0.3038978100820459,-0.2911269650215098,0.48110828776306563
KH00118485,56,Nữ,Sĩ quan huấn luyện quân đội,Gia Lai,86231666.66666667,334300000,1.2485512794999487,54.75833333333333,Có dấu hiệu căng thẳng tài chính,1396418.3333333333,1.276807788852577,61.333333333333336,25.583333333333332,71.70833333333333,13.083333333333334,0.7744678110558103,-0.7744678110558113,-0.5727766910852906,0.14188321668662696,2.192427039223821
KH00118490,42,Nữ,Giáo viên giáo dục đặc biệt,Lạng Sơn,677365000.0,2644100000,0.03947528416662276,65.05,Cần theo dõi,1377994.0833333333,1.8678081166429752,363.5,30.416666666666668,79.74166666666666,14.0,0.5595008504998882,-0.5595008504998887,-0.35952746286927384,0.1756209768269112,0.40839110639022747
KH00118525,39,Nữ,Nhà tâm lý học pháp y,Phú Thọ,925152500.0,3382900000,-0.5778129694508278,68.80833333333332,Cần theo dõi,1439052.5,2.0115221078676373,364.6666666666667,30.416666666666668,78.88333333333334,14.0,0.7048974402650996,-0.7048974402650997,-0.4760331391614193,-0.1587184469824874,-0.7321706005200904
KH00118530,50,Nam,Chuyên viên kỹ xảo,Thái Nguyên,321311666.6666667,1488100000,0.4400091866206807,57.21666666666667,Cần theo dõi,1744347.25,2.2487644182805604,183.25,30.166666666666668,78.52499999999999,13.75,0.41748612702402565,-0.41748612702402615,-0.3903914322361653,1.1729454816957625,2.0167965587894248
KH00118565,55,Nữ,Chuyên viên ngân hàng đầu tư doanh nghiệp,Cần Thơ,693876666.6666666,3344000000,-1.2692578841153894,70.175,Ổn định,1632349.3333333333,2.0257858501867547,243.08333333333334,30.333333333333332,78.00833333333334,13.916666666666666,0.5625686718970196,-0.5625686718970202,-0.5599733712271195,1.4377279818886595,-0.7879689923901565
KH00118570,48,Nữ,Nhà miễn dịch học,Lâm Đồng,644526666.6666666,1765300000,2.1756560972549335,57.38333333333333,Cần theo dõi,1529055.8333333333,2.6703715893068654,364.5,30.416666666666668,79.36666666666666,14.0,0.18504941704140723,-0.18504941704140818,-0.4112253466852167,-1.4267021062022391,1.150240810349482
KH00118605,84,Nữ,Luật sư tranh tụng,Thành phố Hồ Chí Minh,800931666.6666666,3161700000,-1.3045775586457327,73.65833333333333,Ổn định,1515165.3333333333,1.4573748236370465,243.08333333333334,30.416666666666668,78.73333333333333,13.833333333333334,0.6708578380683841,-0.6708578380683845,-0.44876798877950097,0.22952344059911,-1.5559811953487281
KH00118610,46,Nam,Nhà thiết kế nội thất,Hải Phòng,209126666.66666666,568900000,1.2668706127625748,66.64166666666667,Cần theo dõi,2388304.4166666665,0.8766838909511142,61.5,25.916666666666668,73.98333333333333,13.333333333333334,-0.04473884148440812,0.0447388414844072,-0.3298892745748344,-1.4536868203291626,0.11802658323505477
KH00118645,47,Nam,Giáo viên mầm non,Thanh Hóa,835093333.3333334,2034800000,1.624317443382936,65.59166666666667,Cần theo dõi,2353660.4166666665,0.9050069276369926,243.58333333333334,30.333333333333332,79.02499999999999,14.0,-0.6137915509396908,0.6137915509396901,-0.4323013524416651,-1.8429243543731846,-0.027015622138038996
KH00118650,29,Nữ,Tổng giám đốc điều hành,Thanh Hóa,1371522500.0,4696700000,-1.595048906857933,75.39166666666667,Ổn định,1523922.8333333333,2.4225267043104726,304.1666666666667,30.416666666666668,79.36666666666666,14.0,0.3950391181551823,-0.39503911815518233,-0.40512755802524475,-0.4821900812339903,-2.3382231086838026
KH00118685,38,Nam,Kỹ sư cơ khí,Thành phố Hồ Chí Minh,507756666.6666667,2368900000,-1.2927066306915511,74.00833333333334,Cần theo dõi,2258174.0833333335,0.820849298376897,122.25,29.583333333333332,77.74166666666666,13.75,-0.0791223586033348,0.0791223586033339,-0.33840556070255007,1.221050379334156,-0.9522829315015061
KH00118690,34,Nam,Quản trị viên giáo dục,Thành phố Hồ Chí Minh,421545000.0,1273400000,0.7764986999885979,67.14999999999999,Cần theo dõi,2380390.5,0.8923490246566992,122.41666666666667,29.0,77.35833333333333,13.916666666666666,-0.5924560514267745,0.5924560514267737,-0.39364321931491747,-1.033181816449952,0.16727034473484226
KH00118725,53,Nam,Kỹ sư điện tử,Bắc Ninh,144300000.0,401300000,0.7599380227191836,68.8,Cần theo dõi,1542820.6666666667,1.1328079295396292,61.083333333333336,25.166666666666668,70.89999999999999,12.833333333333334,0.9526928815422961,-0.9526928815422973,-0.6208464163469455,-1.3639851436370154,-0.23855651340447445
KH00118730,81,Nam,Quản lý bất động sản,Cà Mau,141385000.0,555000000,-0.2527547200387896,67.47500000000001,Cần theo dõi,1596278.3333333333,1.3660150074625559,61.083333333333336,24.833333333333332,73.8,13.0,0.48835404995984594,-0.4883540499598465,-0.22565366497787875,0.20754716616203964,-0.0007410781751258467
KH00118765,54,Nam,Kế toán viên công chứng,Sơn La,273570000.0,924700000,0.0703983187139357,64.2,Ổn định,19980444.0,0.3492164006000138,9.0,2.0,57.7,5.0,-3.429213808539196,3.4292138085391954,2.753060087388193,-0.5577472633238791,-0.23850049092267758
KH00118770,33,Nữ,Chuyên viên trưng bày bán lẻ,Vĩnh Long,193035833.33333334,643600000,0.38358564017179203,64.50833333333334,Cần theo dõi,2219854.5,1.4064186646503218,61.0,25.916666666666668,76.51666666666667,13.166666666666666,-0.14070427332836552,0.14070427332836555,0.05977806660204131,-0.6029718840004376,0.1421162504078741
KH00118805,35,Nam,Chuyên viên nhân sự,Tuyên Quang,208963333.33333334,631200000,0.9759596005520719,65.96666666666667,Cần theo dõi,2515149.0833333335,0.8776709746879211,61.333333333333336,24.916666666666668,74.075,13.083333333333334,-0.4366654805279833,0.43666548052798293,-0.22295945850888413,-1.04190649535251,0.34435740969596623
KH00118810,36,Nữ,Cán bộ phát triển thể thao,Hải Phòng,600958333.3333334,2767100000,0.20156474487433915,61.43333333333334,Cần theo dõi,2290813.75,1.3186431511660104,244.08333333333334,30.416666666666668,83.30833333333334,14.0,-0.10331509111304793,0.10331509111304656,0.143638635368839,1.1329200946613116,1.6173562635749958
KH00118845,35,Nữ,Bác sĩ phẫu thuật,Cần Thơ,692340000.0,3067500000,-1.8034496420535677,75.55833333333334,Ổn định,2221851.0,1.4053380495906718,122.33333333333333,29.166666666666668,81.89999999999999,14.0,-0.07034175839944075,0.07034175839944029,0.19826607039231436,0.887402431462642,-2.0317801332528163
KH00118850,74,Nam,Thông dịch viên,Quảng Ninh,324085000.0,1388300000,0.1422101051034301,63.50833333333333,Cần theo dõi,1521411.5833333333,1.4353295482802169,182.16666666666666,30.0,77.60000000000001,13.75,0.6191429460056728,-0.6191429460056738,-0.5044995129316086,0.696320236402237,1.0179157083443648
KH00118885,30,Nam,Chuyên viên trắc địa,Nghệ An,135206666.66666666,662700000,-0.9507945946778966,68.68333333333334,Ổn định,1476298.5,1.589550612241671,61.333333333333336,24.916666666666668,73.46666666666667,13.25,0.38617258792414816,-0.3861725879241491,-0.3199019045881915,1.5424777032422683,-0.13513901200674155
KH00118890,62,Nam,Thủ thư học thuật,Hà Tĩnh,482993333.3333333,1861600000,0.22882391276912628,64.05833333333334,Cần theo dõi,1561235.6666666667,1.6267515514809372,243.58333333333334,30.333333333333332,79.51666666666667,13.833333333333334,0.6784107937383227,-0.6784107937383232,-0.33337098244723606,0.110885199299517,0.6436295074569026
KH00118925,54,Nam,Chuyên viên vi lượng đồng căn,Phú Thọ,272010000.0,802300000,0.5223729089694481,63.6,Ổn định,16061182.0,0.5935805860823975,11.0,2.0,55.0,6.0,-2.6481026295437573,2.6481026295437564,2.8243659874790046,-1.1477832172021059,-0.2909375338849086
KH00118930,67,Nam,Nhà hóa sinh lâm sàng,Thành phố Hồ Chí Minh,118979166.66666667,543800000,-0.21230563219491164,66.03333333333333,Cần theo dõi,1594031.5,1.1960469736914767,61.166666666666664,25.416666666666668,71.76666666666667,13.416666666666666,0.44683143376232226,-0.4468314337623228,-0.6333945771660544,1.101512463007964,0.8148342118293143
KH00118965,68,Nữ,Kỹ sư hàng không,Cần Thơ,377623333.3333333,1250800000,-0.3034626345097391,69.50833333333334,Ổn định,1764172.5,1.4305221520869893,122.5,29.25,74.05,13.583333333333334,0.2855829431671434,-0.28558294316714433,-0.8046901300149679,-0.6323597696933849,-0.8245516730037642
KH00118970,56,Nam,Kỹ sư cơ khí,Cần Thơ,156965000.0,622000000,-0.21215907752881014,68.21666666666667,Cần theo dõi,1726200.25,1.3637912368730216,61.416666666666664,25.416666666666668,71.325,13.083333333333334,0.21305876852505057,-0.21305876852505107,-0.6194295631676356,0.2655694292951374,0.06026740450208394
KH00119005,83,Nam,Kỹ sư công trường,Ninh Bình,218128333.33333334,1003400000,-1.406433051585934,72.22500000000001,Ổn định,1790241.3333333333,1.5296359790861267,61.666666666666664,24.75,73.75833333333334,13.583333333333334,0.3972908380432458,-0.3972908380432467,-0.3446587621075746,1.1263660890402356,-1.2364849816589814
KH00119010,70,Nữ,Kỹ thuật viên y tế,Gia Lai,138763333.33333334,368600000,1.8088297680041068,59.36666666666667,Cần theo dõi,1823664.0833333333,1.3328577736810054,61.75,25.666666666666668,72.64166666666667,13.083333333333334,0.3724847011033371,-0.37248470110333715,-0.46791517079307904,-1.537320268216707,0.5572428405255349
KH00119045,55,Nữ,Bác sĩ phẫu thuật thần kinh,Phú Thọ,349780000.0,1073600000,-0.07732878471588141,70.19166666666666,Cần theo dõi,1597350.6666666667,1.763227919407276,122.08333333333333,29.5,75.60833333333333,13.583333333333334,0.7570413913145086,-0.7570413913145096,-0.5722113494933566,-0.9668036244993681,-0.8224788411772656
KH00119050,22,Nữ,Chuyên viên thẩm định bồi thường,Phú Thọ,712389166.6666666,3341400000,-0.8633014590155941,64.81666666666666,Cần theo dõi,1326428.9166666667,2.5447203827331975,365.25,30.416666666666668,79.85833333333333,14.0,-0.24174002518200072,0.24174002518200075,-0.34306456497223425,1.2560113424694646,-0.16611944444062363
KH00119085,53,Nữ,Nhà hóa học phân tích,Thái Nguyên,118006666.66666667,503500000,0.9240792487523145,59.98333333333333,Có dấu hiệu căng thẳng tài chính,2003618.0833333333,1.6859721280085556,61.25,25.75,71.175,12.916666666666666,0.04444004169185341,-0.04444004169185433,-0.6331115136298322,0.6776444606604172,2.4429035553393477
KH00119090,23,Nữ,Quản lý năng lượng,Đồng Tháp,1142936666.6666667,4121600000,-0.36179139161794066,67.76666666666667,Cần theo dõi,1904108.0,1.6510494514348493,366.0,30.416666666666668,83.43333333333334,14.0,-1.663201192625038,1.6632011926250372,0.14722713815499178,-0.23578935966087117,-0.5441031291267042
KH00119125,43,Nữ,Kỹ sư điều khiển và tự động hóa,Vĩnh Long,1267239166.6666667,4607400000,-0.29804011186400137,67.69166666666666,Cần theo dõi,2213238.75,1.3514401114698051,365.5,30.416666666666668,82.85833333333333,14.0,-0.14662771749532222,0.14662771749532177,0.06888319120015124,-0.19035906259915955,-0.3662877719022172
KH00119130,54,Nam,Nhà khoa học thổ nhưỡng,Đồng Nai,158846666.66666666,494200000,0.2773335072485608,68.24166666666666,Cần theo dõi,1658112.6666666667,1.347936131660205,61.416666666666664,24.75,73.88333333333334,13.416666666666666,0.6555435442662443,-0.6555435442662453,-0.3071988162727791,-0.909953554559759,-0.34830455524529763
KH00119165,53,Nam,Quản lý bán lẻ,Quảng Ngãi,306268333.3333333,1463700000,-1.0095630157844013,69.45833333333333,Cần theo dõi,1610072.5833333333,1.3382380929661746,121.75,28.916666666666668,79.08333333333333,13.833333333333334,0.4306230744709448,-0.4306230744709462,-0.12069102921431103,1.3739090429806096,-0.3678003789107425
KH00119170,38,Nam,Nhân viên nghệ thuật cộng đồng,Đà Nẵng,289247500.0,1085200000,1.0570043309059294,60.324999999999996,Cần theo dõi,1492664.3333333333,1.8489153001321637,182.66666666666666,30.166666666666668,80.98333333333333,14.0,0.40213198421269913,-0.40213198421269963,-0.10461034631589747,-0.02932885639322059,1.76340687362044
KH00119205,75,Nam,Chuyên viên tư vấn quản lý,Gia Lai,381513333.3333333,1101600000,1.2529479194829785,62.99166666666667,Cần theo dõi,1574295.5833333333,1.7832871888847006,182.91666666666666,30.083333333333332,79.45,14.0,0.5756225444702773,-0.5756225444702778,-0.31240728179294003,-1.2236113356832383,0.42587012071097136
KH00119210,36,Nam,Chuyên viên dự toán xây dựng,Gia Lai,243936666.66666666,931100000,0.32745520305510534,63.291666666666664,Cần theo dõi,1608172.8333333333,2.093812667516012,122.25,29.666666666666668,77.31666666666666,13.916666666666666,0.2148817227269635,-0.214881722726964,-0.4320208804553837,0.060025101332319905,0.7542178865246841
KH00119245,51,Nữ,Chuyên viên kinh doanh,Nghệ An,544490833.3333334,1493500000,0.8714661236220521,63.89166666666666,Cần theo dõi,1973114.0833333333,2.3492096158614912,182.91666666666666,29.833333333333332,78.75833333333334,14.0,-0.14611441968093697,0.14611441968093697,-0.3943996881091633,-1.4179071510469672,-0.1956993148295741
KH00119250,62,Nam,Chuyên viên quan hệ công chúng,Lào Cai,90300000.0,412000000,0.7041006949346995,57.15,Có dấu hiệu căng thẳng tài chính,1524071.0833333333,1.26820221578689,61.5,25.416666666666668,74.01666666666667,13.25,0.7020792672148526,-0.7020792672148536,-0.23398956659576775,1.0855669065108287,2.427609417808697
KH00119285,51,Nam,Nhà khoa học biển,Sơn La,209669166.66666666,725400000,-0.5852872574219795,71.95,Ổn định,1957407.5,1.2312868336290037,61.583333333333336,25.583333333333332,74.45833333333333,13.083333333333334,0.347089757455664,-0.3470897574556645,-0.20927925693692068,-0.4302634525563688,-0.9886975446697217
KH00119290,52,Nữ,Người bán sách,Cà Mau,423063333.3333333,1797000000,-0.384360810197496,66.08333333333333,Cần theo dõi,1741126.8333333333,1.6041289204013092,183.0,29.75,79.96666666666667,14.0,0.28661556833260043,-0.2866155683326014,-0.22197934261248042,0.647084616529574,0.1735448626961349
KH00119325,21,Nữ,Nhà môi giới tàu biển,Đà Nẵng,216170000.0,594000000,1.1801102504307772,60.4,Ổn định,21862714.0,0.3534636398575418,7.0,2.0,49.0,4.0,-3.332447943653369,3.332447943653369,3.343779397417468,-1.4241483560227521,0.1023402883318228
KH00119330,48,Nữ,Chuyên viên làm vườn thương mại,Cà Mau,212489166.66666666,553900000,1.2399045541999891,65.15833333333333,Cần theo dõi,2447984.3333333335,1.150437689271074,61.083333333333336,25.083333333333332,74.85000000000001,13.333333333333334,-0.09864500526533537,0.09864500526533493,-0.16828583093478114,-1.6069452491972718,-0.026847554692647626
KH00119365,26,Nam,Nhà hóa học phân tích,Lạng Sơn,263119166.66666666,914100000,0.5000965997220947,60.94166666666666,Cần theo dõi,1667373.1666666667,2.217227378010518,121.91666666666667,28.666666666666668,79.10833333333333,13.833333333333334,-0.08294111442156266,0.08294111442156267,-0.11759691508704555,-0.41918777344417746,0.46256484628817357
KH00119370,37,Nữ,Chuyên viên công nghệ màu sắc,Khánh Hòa,284247500.0,1381700000,-0.10268274195135613,62.175000000000004,Cần theo dõi,1407873.0,1.8258776171479978,182.5,30.083333333333332,78.11666666666666,14.0,0.7614588441407972,-0.7614588441407987,-0.49211504962873515,1.5027229628649068,1.3988125620839031
KH00119405,43,Nữ,Nhân viên cấp cứu,Bắc Ninh,494583333.3333333,2460800000,-0.6055118013439189,65.99166666666666,Cần theo dõi,2095736.1666666667,1.2578136969161922,182.66666666666666,30.25,81.69166666666666,13.833333333333334,0.10054434008506821,-0.10054434008506823,0.017193366988270262,1.6461141061940816,0.57287311294697
KH00119410,37,Nữ,Công chức diện đào tạo nhanh,Phú Thọ,189993333.33333334,667100000,0.2239876087877935,66.93333333333334,Cần theo dõi,2234747.0,1.1389326303773872,61.583333333333336,24.083333333333332,76.20833333333333,13.166666666666666,0.10787462998300208,-0.10787462998300301,0.10290136555114872,-0.36925276558755554,0.1647493330539657
KH00119445,51,Nữ,Nhà văn khoa học,Hà Nội,456141666.6666667,1374400000,0.31573082976702493,67.46666666666667,Cần theo dõi,1554014.1666666667,1.56218689562278,183.08333333333334,30.333333333333332,76.98333333333333,13.916666666666666,0.7612403520377817,-0.7612403520377827,-0.6476134027186089,-1.0516358726446546,-0.4030945424430131
KH00119450,61,Nam,Chuyên viên pháp lý nhà đất,Sơn La,248203333.33333334,851200000,1.0435213016246365,61.26666666666667,Cần theo dõi,1746583.5833333333,1.443628146227078,121.83333333333333,29.916666666666668,79.75,13.916666666666666,0.3366674128781434,-0.33666741287814433,-0.11262501132017759,-0.47733164390170973,1.1476637761868076
KH00119485,52,Nam,Bác sĩ đo mắt,Đồng Tháp,220913333.33333334,587100000,-0.3299890290740217,73.60833333333333,Ổn định,1632342.5,1.2940530533077081,61.916666666666664,26.0,70.90833333333333,13.083333333333334,0.9518665339625869,-0.9518665339625875,-0.7213858815075007,-1.5370476656819898,-1.596205337279157
KH00119490,56,Nam,Giám đốc công nghệ,Hưng Yên,1253489166.6666667,5889600000,-2.1963627018703735,77.16666666666667,Ổn định,1625657.1666666667,1.8992714554051127,243.58333333333334,30.416666666666668,80.075,13.666666666666666,0.30155883608281087,-0.3015588360828118,-0.2398799676176646,1.2750788187694213,-2.573517532232274
KH00119525,56,Nam,Nhà sản xuất truyền hình,Đắk Lắk,235855833.33333334,1060200000,1.0367797869839908,60.15833333333333,Có dấu hiệu căng thẳng tài chính,1929715.3333333333,2.0427612452211092,122.5,29.333333333333332,77.25833333333334,13.833333333333334,0.14784509241007548,-0.1478450924100755,-0.4103470989378501,0.9959230614703486,3.0355653902725104
KH00119530,20,Nữ,Bác sĩ chuyên khoa bàn chân,Quảng Trị,500387500.0,2389300000,-1.3753634623725202,69.34166666666667,Cần theo dõi,1492202.6666666667,2.644613201355423,183.58333333333334,29.75,81.60000000000001,14.0,-0.4622501800715329,0.46225018007153246,0.046590791350002304,1.3724693273882527,-1.0127872118425418
KH00119565,53,Nam,Chuyên viên chăm sóc bàn chân,Thanh Hóa,115741666.66666667,511300000,1.2601290981219282,61.175000000000004,Cần theo dõi,2004915.25,1.573137256098562,61.916666666666664,24.416666666666668,73.40833333333333,12.75,0.6798196156924476,-0.6798196156924491,-0.22752643695447017,0.885822719546593,2.9919798994342455
KH00119570,26,Nữ,Chuyên viên thuế cấp cao,Gia Lai,460414166.6666667,1598100000,0.3214464617449646,65.23333333333333,Cần theo dõi,1373428.0833333333,1.519437176828286,244.16666666666666,30.25,79.55,14.0,0.6674834837547667,-0.6674834837547668,-0.3585855973402265,-0.418278688671036,0.19819475468692746
KH00119605,35,Nữ,Phi công hàng không,Bắc Ninh,1174162500.0,5061700000,-1.3467853024828234,71.675,Cần theo dõi,2333329.5,1.6350068378920193,243.0,30.333333333333332,82.01666666666667,14.0,-0.19421310586285284,0.19421310586285195,-0.026853341766621977,0.7327523582510527,-1.3480817653991137
KH00119610,83,Nữ,Kỹ sư dầu khí,An Giang,374336666.6666667,1274400000,-0.5760543134576159,71.21666666666667,Cần theo dõi,1624613.6666666667,1.2970173653665629,122.08333333333333,28.75,77.6,13.416666666666666,0.5471863823367042,-0.5471863823367051,-0.24155956438244197,-0.5068369308277173,-1.0117788071701914
KH00119645,58,Nữ,Kỹ sư vật liệu,Tây Ninh,400489166.6666667,1208000000,-0.543665732249293,72.68333333333334,Cần theo dõi,1539316.5,1.3207244576190809,122.5,29.0,77.90833333333333,13.75,0.6537976952581236,-0.653797695258124,-0.2886514472284624,-1.0392356802863965,-1.4121714845751738
KH00119650,59,Nữ,Kỹ sư xây dựng dân dụng,Thành phố Hồ Chí Minh,690857500.0,3002000000,-1.5282199791158726,73.96666666666667,Cần theo dõi,1650072.6666666667,1.5297129016406241,182.58333333333334,30.083333333333332,77.75833333333334,14.0,0.29275197429659267,-0.29275197429659405,-0.5378978754137599,0.7862851170061692,-1.641975704907515
KH00119685,63,Nữ,Chuyên viên kinh doanh,Huế,315680000.0,1054500000,0.08798487864605682,64.8,Ổn định,18744455.0,0.4005909790925021,11.0,2.0,52.0,4.0,-2.862517826240975,2.8625178262409756,1.3593730555011267,-0.6121662952926719,-0.2660635519669271
KH00119690,37,Nữ,Chuyên viên dựng phim,Thái Nguyên,533875833.3333333,2590400000,-0.9519670320067046,67.31666666666666,Cần theo dõi,1430924.3333333333,1.9133608002801274,243.0,30.416666666666668,78.79166666666667,14.0,0.6219742306340408,-0.6219742306340409,-0.4768178123599765,1.476856546286226,-0.2273520170450239
KH00119725,28,Nam,Chuyên viên tiếp thị,Đồng Tháp,236457500.0,799200000,-0.08407029935652806,68.45833333333333,Cần theo dõi,2491804.9166666665,0.9059554861738305,61.333333333333336,25.916666666666668,73.325,13.083333333333334,-0.4258554422078357,0.42585544220783533,-0.38508601645804624,-0.5446191902268411,-0.41048951004025075
KH00119730,60,Nữ,Thanh tra công trình di tích,Ninh Bình,257131666.66666666,760700000,1.6646199765607128,59.50833333333333,Cần theo dõi,1834876.3333333333,1.7462559718349724,122.5,29.5,78.13333333333334,13.75,0.28369910137348486,-0.2836991013734858,-0.2818812542375421,-1.1292983015962232,1.050408747786773
KH00119765,52,Nữ,Chuyên viên tư vấn hướng nghiệp bậc đại học,Hà Nội,265664166.66666666,905400000,0.48881189043231676,64.56666666666666,Cần theo dõi,1635353.25,1.3262641911427837,122.25,28.75,75.5,13.416666666666666,0.31496582154843644,-0.31496582154843694,-0.5297372695988928,-0.49919965948217837,0.3981950147031281
KH00119770,34,Nam,Giám đốc tài chính,Ninh Bình,422468333.3333333,1160100000,-0.803800264578584,75.69166666666666,Ổn định,2681534.4166666665,0.8757141666893404,62.0,25.416666666666668,74.84166666666667,13.333333333333334,-0.7820519385438247,0.7820519385438238,-0.18033850850305078,-1.4143330906729579,-1.9967660821295314
KH00119805,70,Nữ,Biên tập viên đặt bài,Đồng Nai,447466666.6666667,1329800000,1.0869014827905359,63.083333333333336,Cần theo dõi,1839209.75,2.065231643977731,182.91666666666666,30.416666666666668,79.20833333333333,14.0,0.34694378956498095,-0.346943789564981,-0.35892156505561956,-1.101104451424953,0.3930409463777805
KH00119810,93,Nữ,Nhà giao dịch tài chính,Đắk Lắk,190029166.66666666,825300000,-1.167109281842986,73.59166666666667,Cần theo dõi,1621066.3333333333,1.2354658645741938,61.25,25.416666666666668,74.84166666666667,13.0,0.49417911114799407,-0.49417911114799457,-0.12741289873905332,0.7791942936506244,-1.0376611937605227
KH00119845,49,Nữ,Tổng giám đốc điều hành,Thành phố Hồ Chí Minh,676452500.0,3251800000,-1.9420903561851228,75.36666666666666,Ổn định,1412287.0,1.7582865402043508,182.66666666666666,30.166666666666668,78.63333333333334,14.0,0.7462891837700075,-0.7462891837700085,-0.4356700211362734,1.4352239581654611,-2.054301170935313
KH00119850,31,Nam,Chuyên viên dinh dưỡng vật nuôi,Đồng Nai,128547500.0,579000000,-0.22461622414739602,62.90833333333333,Cần theo dõi,1725773.0833333333,1.83568994649184,61.75,25.583333333333332,82.14999999999999,13.583333333333334,-0.09388955801997086,0.09388955801996995,0.7744363096687326,1.0057185507005728,0.7369629621311299
KH00119885,32,Nam,Giảng viên giáo dục thường xuyên,Bắc Ninh,265774166.66666666,1340500000,-1.067598663560401,68.49166666666666,Cần theo dõi,1420432.5833333333,1.69146413172231,122.0,29.25,77.47500000000001,14.0,0.5708926525965212,-0.5708926525965222,-0.4098510518827236,1.7365657190722716,-0.26090948364157945
KH00119890,48,Nữ,Nghiên cứu viên lâm sàng,Đồng Tháp,178702500.0,506100000,1.4902199239005127,63.1,Cần theo dõi,2263314.25,1.1556895502350077,60.916666666666664,26.166666666666668,80.06666666666666,13.25,-0.0127480803234888,0.012748080323487882,0.4939187259915073,-1.2935303511219798,0.5986994770555036
KH00119925,27,Nữ,Nhà văn,Nghệ An,199288333.33333334,664500000,0.33536915502456044,67.10000000000001,Cần theo dõi,2231577.4166666665,1.2342169707794768,61.75,24.916666666666668,75.5,12.916666666666666,0.19495078081496273,-0.19495078081496275,0.010762054958504772,-0.6073611249439437,0.031079691485714586
KH00119930,72,Nam,Kiểm soát viên không lưu,Thành phố Hồ Chí Minh,232430000.0,622600000,1.0271071790213238,61.7,Ổn định,19368625.0,0.5127404826497141,8.0,2.0,52.0,4.0,-3.349199663515992,3.349199663515993,4.829718782090585,-1.5189455987952587,-0.17597940123694095
KH00119965,46,Nam,Kỹ sư ô tô,Hà Nội,717057500.0,2215000000,-0.5370707722747474,70.10000000000001,Cần theo dõi,1463658.1666666667,2.036830059379838,243.75,30.416666666666668,80.075,14.0,0.29715818192554144,-0.29715818192554194,-0.3035572614043594,-0.9464182617267679,-1.362871700593589
KH00119970,33,Nữ,Cán bộ du lịch,An Giang,556341666.6666666,1677300000,1.4378999081024522,60.525,Cần theo dõi,1486612.0,2.3116446481667867,304.0833333333333,30.416666666666668,79.96666666666667,14.0,0.40935428369173177,-0.4093542836917327,-0.32504315492804126,-1.048578122823191,0.9063749470860296
