consumer_id,age,gender,occupation,province_city,monthly_income_vnd,credit_limit_vnd,credit_utilization_ratio,financial_health_score,financial_health_segment,average_transaction_value_vnd,spending_volatility,transaction_count,active_transaction_days,engagement_score,category_diversity,essential_spend_ratio,discretionary_spend_ratio,online_spend_ratio,credit_to_income_ratio,spend_to_income_ratio,cluster,credit_utilization_ratio_scaled,essential_spend_ratio_scaled,discretionary_spend_ratio_scaled,online_spend_ratio_scaled,credit_to_income_ratio_scaled,spend_to_income_ratio_scaled,cluster_name
KH00100010,27,Nam,Kỹ sư sản xuất,Đồng Nai,988895833.3333334,3780600000,0.15510833333333332,70.61666666666666,Cần theo dõi,2399368.5833333335,0.9194638004687573,243.5,30.333333333333332,78.29166666666667,14.0,0.3811141755569128,0.6188858244430872,0.1672506132064452,3.8395687941159493,0.59155,2,-0.6223655879455351,-0.6002355769097744,0.6002355769097736,-0.5480888860944432,0.0718189784805147,-0.6805178723030209,Financially Healthy & Highly Engaged
KH00100045,62,Nữ,Chuyên viên sinh lý vận động,Nghệ An,339306666.6666667,1478400000,0.14314166666666667,68.48333333333333,Cần theo dõi,1755498.4166666667,1.4446941506545683,122.33333333333333,29.416666666666668,77.425,13.833333333333334,0.47687758854471324,0.5231224114552867,0.19160152983570874,4.370028044334784,0.6245833333333334,3,-0.8328180884665841,0.19252959123493435,-0.1925295912349353,-0.3809912968229308,0.7986916128259244,-0.45844475445870114,Financially Healthy Moderate Spenders
KH00100050,81,Nữ,Nhà thiết kế dệt may,Cần Thơ,251587500.0,665100000,0.299525,60.958333333333336,Cần theo dõi,1706454.0,1.3591256607229483,122.33333333333333,29.666666666666668,78.7,13.75,0.5048527711157729,0.49514722888422713,0.21624688018743152,2.6519906682195713,0.7925166666666668,0,1.9174267755849543,0.424118562668631,-0.4241185626686315,-0.21187328400957733,-1.5554842319077933,0.6705202987195858,Financially Stretched but Highly Engaged
KH00100085,32,Nữ,Nhà địa vật lý,Thành phố Hồ Chí Minh,597105000.0,2353600000,0.16621666666666665,67.51666666666667,Cần theo dõi,2153895.75,1.2903391170158962,182.33333333333334,30.083333333333332,80.44166666666666,14.0,0.4507353990445504,0.5492646009554495,0.2199867093647635,3.954929649854293,0.658675,2,-0.4270082180328899,-0.023885181465445455,0.023885181465444077,-0.18621033056377365,0.22989454993351163,-0.22925678142613037,Financially Healthy & Highly Engaged
KH00100090,18,Nam,Kỹ sư hóa học,Tuyên Quang,190380000.0,620600000,0.161,67.85,Ổn định,16460314.5,0.8092470540779033,6.0,1.0,49.25,3.5,0.00116747606268695,0.998832523937313,0.8608831819260898,3.2720488175217923,0.51925,1,-0.5187514390121213,-3.7455757408922215,3.7455757408922215,4.211663358056071,-0.7058368739915872,-1.1665689243760071,Low-Engagement Online Discretionary Spenders
KH00100125,48,Nữ,Chuyên viên trắc địa,An Giang,890210833.3333334,4134900000,0.16637500000000002,64.30833333333334,Cần theo dõi,2265450.3333333335,1.448805073614521,304.5833333333333,30.416666666666668,82.10000000000001,14.0,0.44765548110583225,0.5523445188941677,0.2422232593936751,4.648656149431271,0.7729416666666666,2,-0.42422367937697003,-0.049381888259624196,0.04938188825962328,-0.033621663774893125,1.1804874711705617,0.5389234889778326,Financially Healthy & Highly Engaged
KH00100130,46,Nữ,Chuyên viên phân tích rủi ro,Thành phố Hồ Chí Minh,819580833.3333334,2095700000,0.20562500000000003,68.625,Cần theo dõi,1436776.6666666667,1.8255700010466605,304.5833333333333,30.416666666666668,80.875,14.0,0.5232826601632814,0.4767173398367186,0.2174438980735065,2.568211233458664,0.5279916666666667,2,0.2660487979587834,0.5766880423246841,-0.5766880423246846,-0.2036592686555253,-1.6702847154953782,-1.107801340970686,Financially Healthy & Highly Engaged
KH00100165,63,Nữ,Nhân viên cứu trợ quốc tế,Đồng Nai,104350000.0,453800000,0.1845,56.85,Ổn định,14652250.0,0.8836212026763299,5.0,1.0,32.75,3.0,0.0555190492220902,0.9444809507779097,0.3607761115858533,4.350538046393019,0.7908999999999999,1,-0.10546728060727549,-3.295633192999397,3.295633192999396,0.779895794486555,0.7719850446183327,0.6596519372509173,Low-Engagement Online Discretionary Spenders
KH00100170,63,Nữ,Nhà khoa học thính học,Sơn La,143450000.0,516600000,0.20545,68.33333333333333,Cần theo dõi,1616239.0,1.2916675353221658,61.583333333333336,24.916666666666668,73.77499999999999,12.916666666666666,0.5045395874611297,0.4954604125388702,0.21444600850963091,3.6099919168871257,0.7397416666666666,3,0.26297114997066157,0.4215259118337553,-0.42152591183375676,-0.2242309837434015,-0.24276343188798402,0.31572992149756784,Financially Healthy Moderate Spenders
KH00100205,22,Nữ,Nhà thủy văn học,Hà Tĩnh,247210000.0,1119600000,0.1846,55.7,Cần theo dõi,22960889.0,0.408628733327846,9.0,2.0,49.6,4.0,0.001490457202586,0.998509542797414,0.7817206070225697,4.528943003923789,0.8359,1,-0.10370862461406356,-3.742901982828563,3.742901982828563,3.6684445696919723,1.0164480856665838,0.9621733389560956,Low-Engagement Online Discretionary Spenders
KH00100210,31,Nam,Kỹ sư trắc địa,Thanh Hóa,669481666.6666666,2801600000,0.12480833333333334,70.74166666666666,Ổn định,1466236.5,1.7528720022723074,243.41666666666666,30.25,81.51666666666667,14.0,0.5223633019034567,0.47763669809654336,0.2332832631727291,4.199367515471994,0.5285916666666667,2,-1.1552383538888042,0.5690772525387352,-0.5690772525387353,-0.09496850501951713,0.5648405335166227,-1.1037677222812838,Financially Healthy & Highly Engaged
KH00100245,52,Nữ,Kỹ sư y sinh,Đồng Tháp,317449166.6666667,1564600000,0.131525,70.01666666666667,Ổn định,1697790.0833333333,1.2393031365689742,122.66666666666667,29.25,78.25,13.833333333333334,0.5159073119281984,0.4840926880718015,0.21081466207345423,4.947381850387977,0.6547916666666667,3,-1.037115293011391,0.5156321651238973,-0.5156321651238988,-0.24914952149428096,1.5898224711946036,-0.2553632579436514,Financially Healthy Moderate Spenders
KH00100250,78,Nữ,Giáo viên trung học,Thành phố Hồ Chí Minh,335254166.6666667,1101300000,0.19492500000000001,66.86666666666666,Cần theo dõi,1743625.3333333333,1.456949368349237,122.0,29.416666666666668,76.65833333333333,14.0,0.47157623120702935,0.5284237687929706,0.1700365288009167,3.2986561648456867,0.6429833333333334,3,0.07787260668508733,0.14864298245523735,-0.14864298245523827,-0.5289717503070098,-0.6693776122588833,-0.33474711465036183,Financially Healthy Moderate Spenders
KH00100285,57,Nam,Chuyên viên giám sát xây dựng,Tây Ninh,310667500.0,1364900000,0.16108333333333333,67.86666666666666,Cần theo dõi,1857978.5,1.473338841321399,122.16666666666667,29.583333333333332,75.46666666666667,13.833333333333334,0.4838757454948817,0.5161242545051182,0.15216062615701356,4.407019792030623,0.7062666666666667,3,-0.5172858923511113,0.25046293861897273,-0.2504629386189737,-0.6516373683338416,0.8493803115065918,0.09068761211799427,Financially Healthy Moderate Spenders
KH00100290,29,Nữ,Giáo viên tiếng anh,Hà Tĩnh,120280833.33333333,468800000,0.19038333333333332,64.44166666666666,Cần theo dõi,1476889.9166666667,1.6862331335235972,61.416666666666664,25.75,76.075,13.583333333333334,0.5017011133094376,0.49829888669056244,0.23405495994060133,3.9110975101071728,0.7464583333333333,0,-0.0019996863399631623,0.398027966554515,-0.3980279665545155,-0.08967307111354647,0.16983266417349943,0.3608840418261558,Financially Stretched but Highly Engaged
KH00100325,46,Nữ,Quản lý trung tâm giải trí,Phú Thọ,1561339166.6666667,5930800000,0.13440833333333332,72.34166666666667,Ổn định,2196124.1666666665,1.2728765839343887,365.1666666666667,30.416666666666668,81.31666666666666,14.0,0.4772709982917278,0.5227290017082722,0.22619924477895,3.808997687797246,0.5088166666666667,2,-0.9864073785404419,0.1957863835161525,-0.195786383516153,-0.14357950451400872,0.029928294934959937,-1.2367090715861704,Financially Healthy & Highly Engaged
KH00100330,34,Nam,Nhà sản xuất truyền hình,Khánh Hòa,825739166.6666666,3347900000,0.16903333333333334,69.01666666666667,Cần theo dõi,2316219.1666666665,0.8762964232454147,244.25,30.333333333333332,78.65833333333333,14.0,0.4256279102121631,0.5743720897878369,0.17516355133837944,4.079808628250248,0.6924166666666666,2,-0.3774727408907484,-0.23173431700570202,0.23173431700570205,-0.49378978491351055,0.40101252358291983,-0.0024217526290448103,Financially Healthy & Highly Engaged
KH00100365,52,Nam,Thanh tra công trình di tích,Hà Nội,267230000.0,941200000,0.2207,57.8,Cần theo dõi,17310000.0,0.4975071491011784,12.0,2.0,48.6,5.0,0.0734161371076449,0.9265838628923552,0.8767764298093588,3.5220596489915055,0.7773,1,0.5311661889355086,-3.1474744396276906,3.147474439627691,4.320723868895212,-0.3632544199947767,0.5682232469577972,Low-Engagement Online Discretionary Spenders
KH00100370,44,Nam,Cán bộ ứng phó khẩn cấp,Tây Ninh,210474166.66666666,702100000,0.25548333333333334,61.75833333333333,Cần theo dõi,1471555.0,1.6537335275600418,122.25,29.416666666666668,76.79166666666667,13.833333333333334,0.5173160297763878,0.48268397022361215,0.17857338579436952,3.345666640996301,0.8486583333333333,0,1.142885365241121,0.5272940556825662,-0.5272940556825672,-0.4703912769195175,-0.6049605460519459,1.0479437585876932,Financially Stretched but Highly Engaged
KH00100405,20,Nam,Kế toán công chứng,Thành phố Hồ Chí Minh,184504166.66666666,711000000,0.16578333333333334,70.26666666666667,Cần theo dõi,1835265.6666666667,0.9691257404045661,61.333333333333336,24.25,76.08333333333333,13.25,0.2953984589952137,0.7046015410047862,0.2527562231877975,3.8668665348339153,0.6476166666666666,3,-0.434629060670142,-1.3098221750956203,1.3098221750956194,0.03865622558253952,0.10922426587848222,-0.3035986147710884,Financially Healthy Moderate Spenders
KH00100410,53,Nữ,Kế toán công tài chính công,Thành phố Hồ Chí Minh,465653333.3333333,1721400000,0.17455,66.45,Cần theo dõi,1675662.25,1.8696316169393075,182.91666666666666,30.25,78.71666666666667,13.833333333333334,0.5010975987269354,0.4989024012730647,0.1900479397043555,3.710377172669817,0.6462333333333333,3,-0.2804535519318802,0.3930318482610277,-0.39303184826102777,-0.3916521343436493,-0.10520848249252965,-0.3128983467494325,Financially Healthy Moderate Spenders
KH00100445,56,Nữ,Nghiên cứu viên lâm sàng,Ninh Bình,367908333.3333333,1680000000,0.17730833333333332,64.31666666666666,Cần theo dõi,1629505.5833333333,1.4025695097226485,182.66666666666666,30.166666666666668,79.575,14.0,0.5046294596096857,0.4953705403903142,0.20338009310331198,4.574976216513601,0.8140666666666667,3,-0.23194395745244664,0.42226990692267974,-0.4222699069226807,-0.30016602206784193,1.0795260364964265,0.8153944366472875,Financially Healthy Moderate Spenders
KH00100450,28,Nữ,Giáo viên trung học,An Giang,522860833.3333333,1846400000,0.21844166666666665,63.824999999999996,Cần theo dõi,2190993.0,1.4073569538168804,182.58333333333334,29.916666666666668,82.85833333333333,13.916666666666666,0.4343169520862429,0.5656830479137571,0.2737319916928352,3.538037108656495,0.7698916666666666,0,0.4914498744221346,-0.15980319501030293,0.15980319501030252,0.1825933267468136,-0.3413609791846722,0.5184192606400372,Financially Stretched but Highly Engaged
KH00100485,78,Nữ,Lập trình viên ứng dụng,Vĩnh Long,596010000.0,1941900000,0.1950333333333333,68.325,Cần theo dõi,1522883.1666666667,1.41839830766612,242.41666666666666,30.333333333333332,79.68333333333334,13.916666666666666,0.5330638676876377,0.46693613231236236,0.19877430819007177,3.267943692102159,0.6377916666666666,3,0.07977781734439975,0.657660517989189,-0.6576605179891891,-0.3317712206491824,-0.7114620060386884,-0.3696491208100521,Financially Healthy Moderate Spenders
KH00100490,44,Nữ,Chuyên viên trị liệu bằng làm vườn,Đồng Nai,165844166.66666666,638900000,0.22224999999999998,62.76666666666667,Cần theo dõi,2283726.5833333335,1.4054353087630613,61.5,25.75,77.75833333333334,13.333333333333334,0.4609504668711177,0.5390495331288824,0.2753224108056866,3.8656882844619846,0.8517666666666667,0,0.5584253568302958,0.06067895122863323,-0.06067895122863324,0.1935068871574898,0.10760974421369765,1.0688401442980697,Financially Stretched but Highly Engaged
KH00100525,51,Nam,Chuyên viên tư vấn quan hệ công chúng,Bắc Ninh,321183333.3333333,1030100000,0.20945,67.575,Cần theo dõi,1770018.0,1.4037662659560841,122.08333333333333,29.083333333333332,75.75,13.916666666666666,0.5088347285322702,0.49116527146772987,0.158649352283297,3.2174046195164294,0.6687916666666668,3,0.33331738969914604,0.4570826879263295,-0.45708268792632956,-0.6071113034775376,-0.7807142036629324,-0.16124548852426185,Financially Healthy Moderate Spenders
KH00100530,67,Nam,Kỹ sư điều khiển và tự động hóa,Quảng Trị,493416666.6666667,2015400000,0.1421,70.41666666666667,Cần theo dõi,1560825.0833333333,1.477880466618088,182.33333333333334,30.083333333333332,78.03333333333333,14.0,0.5337329230114497,0.46626707698855024,0.17270708077057265,4.100418956620758,0.5812083333333333,3,-0.8511374217292101,0.6631992069282258,-0.6631992069282268,-0.5106462472901119,0.4292542474688097,-0.7500417722134147,Financially Healthy Moderate Spenders
KH00100565,65,Nữ,Cán bộ quản lý thị trường,Hà Nội,310168333.3333333,1069600000,0.16695833333333332,69.77499999999999,Cần theo dõi,1480064.25,1.4212484063561346,121.83333333333333,29.25,77.15833333333333,13.583333333333334,0.53094381604219,0.46905618395781,0.1932331580127745,3.4622037641323575,0.5803416666666666,3,-0.4139648527499,0.6401099415556514,-0.6401099415556519,-0.36979495710701576,-0.4452731701451338,-0.7558681103203294,Financially Healthy Moderate Spenders
KH00100570,50,Nam,Nhà khảo cổ học,Thái Nguyên,275374166.6666667,977600000,0.28949166666666665,57.725,Có dấu hiệu căng thẳng tài chính,1537657.1666666667,1.4304800128479116,182.66666666666666,30.0,79.075,13.75,0.5359931360586233,0.46400686394137663,0.20262457824096378,3.562835695807484,1.044875,0,1.7409749575993392,0.6819100916020386,-0.6819100916020396,-0.3053504146752837,-0.307380208064087,2.367049114985864,Financially Stretched but Highly Engaged
KH00100605,35,Nữ,Chuyên viên khảo sát công trình,Thành phố Hồ Chí Minh,256441666.66666666,788700000,0.18219166666666667,67.85833333333333,Cần theo dõi,2345075.5,1.511623580041922,61.25,24.5,73.74166666666666,13.166666666666666,0.3826782192467954,0.6173217807532047,0.2109152848132768,3.0847747390509697,0.559875,3,-0.14606292311725497,-0.5872878412337974,0.5872878412337975,-0.24845904164474467,-0.9624530093620973,-0.8934593256143879,Financially Healthy Moderate Spenders
KH00100610,48,Nữ,Nhà thiết kế triển lãm,Thành phố Hồ Chí Minh,1238363333.3333333,3164900000,0.2572583333333333,64.27499999999999,Cần theo dõi,2231902.5833333335,1.509818312971621,364.8333333333333,30.416666666666668,83.54166666666667,14.0,0.4208847636107628,0.5791152363892371,0.27112955006535894,2.5606345775363706,0.6572,2,1.1741015091206355,-0.270999849589353,0.27099984958935214,0.16473520137142136,-1.6806667831989657,-0.23917276070424456,Financially Healthy & Highly Engaged
KH00100645,59,Nữ,Nhà tâm lý học pháp y,An Giang,175381666.66666666,639400000,0.17123333333333335,68.625,Cần theo dõi,1798389.6666666667,1.4425153428292365,61.75,25.25,72.98333333333333,13.416666666666666,0.538412261457795,0.461587738542205,0.18142682443739044,3.658378906194766,0.6271166666666667,3,-0.33878230904008183,0.7019365118600737,-0.7019365118600747,-0.4508107935380427,-0.17646017038094455,-0.4414139199923359,Financially Healthy Moderate Spenders
KH00100650,84,Nữ,Kỹ sư hàng không,Hưng Yên,143180000.0,561800000,0.1426,72.7,Ổn định,11442000.0,0.6299032616895269,7.0,2.0,47.4,2.0,0.4573875696057133,0.5426124303942867,0.5426124303942867,3.9237323648554265,0.5594,1,-0.8423441417631496,0.031183961842128727,-0.03118396184212873,2.027668557109426,0.187145832247477,-0.8966526070768315,Low-Engagement Online Discretionary Spenders
KH00100685,61,Nam,Nhà khoa học nghiên cứu toán học,Thanh Hóa,343240000.0,1655200000,0.0976,74.4,Ổn định,13466250.0,0.6777644291074743,12.0,2.0,46.1,6.0,0.1952906958754912,0.8047093041245088,0.3885701909093721,4.822281785339704,0.4708,1,-1.6337393387085992,-2.1385514902497036,2.138551490249703,0.9706205923120255,1.4184015490391175,-1.4922836335452487,Low-Engagement Online Discretionary Spenders
KH00100690,64,Nữ,Kỹ sư bảo trì,Huế,591450000.0,1640200000,0.17581666666666665,70.54166666666667,Ổn định,1592434.0,1.696715987503623,183.16666666666666,30.333333333333332,80.05833333333334,13.75,0.49429085765339614,0.5057091423466039,0.21983022159140667,2.782753727595727,0.4918,3,-0.25817724268452735,0.3366831127333032,-0.3366831127333032,-0.18728415994262212,-1.3763034759786612,-1.3511069794161656,Financially Healthy Moderate Spenders
KH00100725,41,Nữ,Nhà môi giới bảo hiểm,Bắc Ninh,206214166.66666666,644200000,0.22295833333333334,65.30833333333334,Cần theo dõi,2317946.1666666665,1.3118412126777992,60.833333333333336,25.416666666666668,78.44166666666666,13.166666666666666,0.4198768777348762,0.5801231222651237,0.2977605442658429,3.1382017750820794,0.6927083333333334,0,0.5708825034488821,-0.2793435039239132,0.27934350392391233,0.347478832691516,-0.8892435207742764,-0.0004609657661399748,Financially Stretched but Highly Engaged
KH00100730,36,Nữ,Nhà khoa học nghiên cứu khoa học tự nhiên,Sơn La,830129166.6666666,3736000000,0.1421,69.15833333333333,Cần theo dõi,1409262.3333333333,2.0663560330574184,365.0,30.416666666666668,78.40833333333333,14.0,0.5340096886520699,0.4659903113479302,0.16828570162304754,4.5223320507580995,0.6521916666666666,2,-0.8511374217292101,0.6654903758911666,-0.6654903758911667,-0.5409860413953954,1.0073892919117449,-0.27284227226439534,Financially Healthy & Highly Engaged
KH00100765,61,Nữ,Chuyên viên giám sát xây dựng,Huế,263786666.66666666,671400000,0.3148166666666667,59.26666666666667,Cần theo dõi,1798032.9166666667,1.6676016064944028,122.16666666666667,29.0,76.19166666666666,13.916666666666666,0.4759567093880643,0.5240432906119357,0.16729843730213556,2.555970107986082,0.8038833333333333,0,2.186354587880307,0.18490621089911893,-0.18490621089911988,-0.5477607140087424,-1.6870583679784628,0.746934963891041,Financially Stretched but Highly Engaged
KH00100770,59,Nam,Nhà văn khoa học,Phú Thọ,133693333.33333333,556300000,0.190975,65.375,Cần theo dõi,1730589.3333333333,1.216803344213768,61.416666666666664,25.916666666666668,72.575,13.583333333333334,0.4981062206687917,0.5018937793312083,0.16067143335966796,4.175959841177505,0.7947416666666666,3,0.008405694953208809,0.3682681075456588,-0.36826810754565975,-0.5932356503217511,0.5327656891787871,0.6854783013594518,Financially Healthy Moderate Spenders
KH00100805,57,Nam,Giáo viên dạy nhạc,Thành phố Hồ Chí Minh,274077500.0,1153500000,0.16480833333333333,67.96666666666667,Cần theo dõi,1578670.5833333333,1.3079002042947965,122.08333333333333,29.583333333333332,76.58333333333333,13.5,0.5377027297785181,0.4622972702214818,0.18303599533733958,4.221110939662805,0.69805,3,-0.45177595660396014,0.6960627445884581,-0.6960627445884595,-0.4397685571326897,0.594634905119615,0.03544944506590001,Financially Healthy Moderate Spenders
KH00100810,63,Nam,Nhà tâm lý học pháp y,Nghệ An,307520833.3333333,813000000,0.22870000000000001,68.38333333333334,Cần theo dõi,1512918.5833333333,1.2998553944411222,121.91666666666667,29.166666666666668,75.98333333333333,13.416666666666666,0.5370661569184835,0.4629338430815164,0.17593912145650595,2.6509786893491074,0.6053000000000001,3,0.6718586683924775,0.6907929575719283,-0.6907929575719297,-0.4884677718236944,-1.5568709166478039,-0.5880807773375496,Financially Healthy Moderate Spenders
KH00100845,58,Nam,Kỹ sư cơ khí,Tây Ninh,496594166.6666667,1612900000,0.16935,70.26666666666667,Ổn định,1506799.0,1.4834880392315772,182.25,30.0,77.66666666666667,13.833333333333334,0.5568232743679532,0.44317672563204685,0.17173759244724754,3.2572022700762653,0.5482333333333334,3,-0.37190366357891014,0.8543497278269624,-0.8543497278269625,-0.5172989398404952,-0.7261806592082884,-0.9717227326851534,Financially Healthy Moderate Spenders
KH00100850,89,Nam,Bác sĩ tâm thần,Thành phố Hồ Chí Minh,676744166.6666666,2285400000,0.12045833333333333,75.24166666666666,Ổn định,1537757.6666666667,1.4544723242884923,183.0,30.0,76.99166666666666,13.666666666666666,0.5493339661343829,0.45066603386561704,0.1628132382804585,3.3874516550135145,0.40515833333333334,3,-1.2317398895935312,0.7923504473519623,-0.7923504473519632,-0.5785384442821284,-0.5477037761825881,-1.933572722662228,Financially Healthy Moderate Spenders
KH00100885,49,Nam,Chuyên viên dựng phim,Hưng Yên,474212500.0,2035600000,0.14018333333333333,68.2,Cần theo dõi,1573061.0,2.051028838414277,182.41666666666666,30.416666666666668,83.60833333333333,14.0,0.49776826102719524,0.5022317389728047,0.28241754193770213,4.303206969347631,0.6087083333333333,3,-0.8848449949324425,0.36547035187115645,-0.3654703518711574,0.24219414299164152,0.7071286684797429,-0.5651675822824729,Financially Healthy Moderate Spenders
KH00100890,65,Nữ,Kỹ sư xây dựng dân dụng,Tây Ninh,142025833.33333334,688500000,0.14889166666666667,68.44166666666666,Cần theo dõi,1627547.3333333333,1.5806481874842548,61.5,25.166666666666668,72.85833333333333,13.083333333333334,0.5373279954637306,0.4626720045362694,0.1879368007148338,4.858153434965138,0.7204666666666667,3,-0.7316953688568877,0.6929605544847076,-0.6929605544847086,-0.4061389087487753,1.467555410435254,0.18614992110051706,Financially Healthy Moderate Spenders
KH00100925,36,Nữ,Họa sĩ,Đồng Nai,985755833.3333334,3509100000,0.22771666666666668,63.00833333333333,Cần theo dõi,2193471.9166666665,1.3659829725543078,364.25,30.416666666666668,82.01666666666667,14.0,0.4630094862884527,0.5369905137115473,0.2402831491756111,3.573187117271227,0.8156333333333333,2,0.6545652177925585,0.07772428016657264,-0.07772428016657357,-0.046934827517153596,-0.2931959611394335,0.825926663225171,Financially Healthy & Highly Engaged
KH00100930,42,Nữ,Chuyên viên tư vấn môi trường,Thanh Hóa,516470833.3333333,1860500000,0.22247499999999998,63.75833333333333,Cần theo dõi,2253557.6666666665,1.5732729933011722,183.08333333333334,30.416666666666668,81.35833333333333,14.0,0.46515530979217545,0.5348446902078245,0.23660044688986723,3.611845769341253,0.808925,0,0.562382332815023,0.09548820563312183,-0.0954882056331223,-0.07220577248080123,-0.2402231526554824,0.7808285653783807,Financially Stretched but Highly Engaged
KH00100965,23,Nữ,Chuyên viên phân tích địa chấn,Hải Phòng,365301666.6666667,1101400000,0.19205833333333333,67.26666666666667,Cần theo dõi,1163060.0,1.796197055288058,182.5,30.083333333333332,79.14166666666667,14.0,0.4646108554973028,0.5353891445026971,0.19518234850521624,3.024952175787755,0.5778,3,0.02745780154633986,0.09098101037811547,-0.0909810103781164,-0.35641948392558515,-1.0444260999142732,-0.7729549672684922,Financially Healthy Moderate Spenders
KH00100970,38,Nam,Chuyên viên trị liệu bằng làm vườn,Thành phố Hồ Chí Minh,415095000.0,1779700000,0.17125833333333332,67.71666666666667,Cần theo dõi,2461750.75,0.9189870996328094,122.66666666666667,29.0,77.44166666666668,13.916666666666666,0.38111370560764257,0.6188862943923574,0.19045287051209855,4.302789244581066,0.7447416666666666,3,-0.3383426450417793,-0.6002394673247106,0.6002394673247102,-0.38887347254517235,0.7065562725767986,0.349343410575921,Financially Healthy Moderate Spenders
KH00101005,42,Nam,Cán bộ quan hệ sắc tộc,Lào Cai,337423333.3333333,1486100000,0.20315833333333333,64.34166666666667,Cần theo dõi,2421899.9166666665,0.8879898896887378,122.41666666666667,29.416666666666668,77.31666666666666,13.666666666666666,0.3897363427572175,0.6102636572427825,0.19493003396417993,4.4184365962957015,0.8931999999999999,0,0.22266861679288408,-0.5288580683492541,0.5288580683492541,-0.3581508828781259,0.865024420999526,1.3473839237940217,Financially Stretched but Highly Engaged
KH00101010,38,Nam,Chuyên viên hoạch định quảng cáo,Bắc Ninh,723800833.3333334,2523900000,0.19904166666666667,63.75,Cần theo dõi,1615608.0833333333,2.9156175319135405,304.0,30.416666666666668,80.90833333333333,14.0,0.45745106951165604,0.542548930488344,0.21836771451058182,3.4996441983002775,0.6910416666666667,2,0.1502706117389857,0.03170963769307481,-0.03170963769307527,-0.19731997958830502,-0.39396964965143916,-0.011665462125591273,Financially Healthy & Highly Engaged
KH00101045,36,Nữ,Chuyên viên trị liệu âm nhạc,Hà Nội,1024652500.0,4070800000,0.17364166666666667,65.7,Cần theo dõi,2320688.25,1.512095056707314,303.5833333333333,30.416666666666668,81.97500000000001,14.0,0.4407777165419498,0.5592222834580501,0.23981245787774494,3.9814223249553913,0.68965,2,-0.29642801053689044,-0.10631858266963433,0.10631858266963341,-0.05016474211798623,0.26619667970813277,-0.02102121658573298,Financially Healthy & Highly Engaged
KH00101050,57,Nữ,Nhà khoa học sinh lý,Đồng Nai,576811666.6666666,2113900000,0.1422,71.45833333333333,Ổn định,1657812.0833333333,1.634197203568365,182.83333333333334,30.416666666666668,78.125,14.0,0.5157292024169531,0.4842707975830469,0.173196663586875,3.6762028978442323,0.5254916666666667,3,-0.8493787657359982,0.5141577083117895,-0.5141577083117901,-0.5072866978489805,-0.1520364813615646,-1.1246080855098628,Financially Healthy Moderate Spenders
KH00101085,52,Nữ,Giáo viên tiểu học,Thành phố Hồ Chí Minh,446783333.3333333,1824600000,0.17231666666666667,67.09166666666667,Cần theo dõi,1695621.4166666667,1.554371966783471,182.83333333333334,30.083333333333332,77.76666666666667,14.0,0.5095347777393017,0.4904652222606983,0.17098515778138637,4.097139861623856,0.7088833333333334,3,-0.3197302024469508,0.46287795576408486,-0.46287795576408586,-0.5224621959373364,0.42476100049897425,0.1082786714023327,Financially Healthy Moderate Spenders
KH00101090,50,Nữ,Chuyên viên dinh dưỡng vật nuôi,Thành phố Hồ Chí Minh,371065833.3333333,1195200000,0.22927499999999998,64.75,Cần theo dõi,1510031.9166666667,1.4164778290388276,183.25,30.0,79.13333333333334,13.916666666666666,0.5441613954866388,0.45583860451336117,0.19912738258776871,3.2315792930730214,0.7406583333333333,0,0.6819709403534466,0.7495299827156231,-0.7495299827156241,-0.3293484009423567,-0.761291067380898,0.321892394495266,Financially Stretched but Highly Engaged
KH00101125,34,Nam,Chuyên viên thẩm định bồi thường,Đồng Nai,447054166.6666667,1495500000,0.19233333333333333,68.47500000000001,Cần theo dõi,2370873.25,0.9234030197687292,121.91666666666667,29.333333333333332,78.14166666666667,14.0,0.3977383792469585,0.6022616207530415,0.20019535330747318,3.3584098764934978,0.6428916666666666,3,0.03229410552767312,-0.46261423257349976,0.4626142325734989,-0.32201991571972155,-0.5874988670405795,-0.33536336195013194,Financially Healthy Moderate Spenders
KH00101130,61,Nam,Bác sĩ đa khoa,Quảng Trị,733204166.6666666,2036000000,0.14655833333333332,72.77499999999999,Ổn định,1657553.8333333333,1.6267150602804799,182.41666666666666,30.0,79.50833333333334,13.916666666666666,0.4710739744262052,0.5289260255737948,0.2055214885522236,2.7904030799265835,0.4094,3,-0.7727306753651706,0.1444851139240415,-0.14448511392404242,-0.2854716258511464,-1.3658217945347573,-1.9050572794274252,Financially Healthy Moderate Spenders
KH00101165,51,Nam,Bác sĩ chuyên khoa bàn chân,Lâm Đồng,740540000.0,3064900000,0.09400000000000001,75.68333333333334,Ổn định,1587272.8333333333,1.4891206506156822,183.33333333333334,30.333333333333332,80.38333333333334,13.833333333333334,0.5232667458469055,0.4767332541530945,0.22331796309331667,4.152049543288574,0.39176666666666665,2,-1.6970509544642352,0.5765562976916969,-0.5765562976916979,-0.16335104868261324,0.5000021145831116,-2.0236008509104173,Financially Healthy & Highly Engaged
KH00101170,66,Nữ,Nhà vật lý y khoa,Lào Cai,389043333.3333333,1555400000,0.18400833333333333,66.10000000000001,Cần theo dõi,1548965.9166666667,1.3864983759300815,182.66666666666666,30.083333333333332,80.01666666666667,13.916666666666666,0.5174146989515623,0.48258530104843755,0.2142426655686592,4.01105774372757,0.7302583333333333,3,-0.11411400590723506,0.5281108758313834,-0.5281108758313848,-0.22562633635985782,0.306805218260296,0.25197633721229173,Financially Healthy Moderate Spenders
KH00101205,27,Nam,Giảng viên đại học,Lai Châu,800140833.3333334,3805900000,0.09754166666666668,71.49166666666666,Ổn định,1530874.8333333333,2.458198700734039,243.5,30.333333333333332,81.325,14.0,0.46929615021439464,0.5307038497856054,0.2290723932063454,4.778762340175568,0.4628916666666667,2,-1.6347652213713062,0.12976762353564783,-0.1297676235356483,-0.12386377129762317,1.358768139425361,-1.5454489687708437,Financially Healthy & Highly Engaged
KH00101210,44,Nam,Nhân viên giao dịch,Thành phố Hồ Chí Minh,564816666.6666666,1608200000,0.266225,64.35000000000001,Cần theo dõi,2355760.0833333335,0.9172403361076316,182.91666666666666,30.333333333333332,79.53333333333333,14.0,0.39931238162261756,0.6006876183773825,0.20130713106223966,2.855669965931591,0.7579166666666667,0,1.3317943298453216,-0.4495840551908442,0.44958405519084427,-0.31439082374525684,-1.2763885094211314,0.4379149542973818,Financially Stretched but Highly Engaged
KH00101245,69,Nữ,Chuyên viên trị liệu nghề nghiệp,Huế,517579166.6666667,2329400000,0.16015833333333332,67.675,Cần theo dõi,1495109.75,1.5614184412814793,243.5,30.333333333333332,79.5,13.916666666666666,0.5499580311371922,0.45004196886280773,0.19504143928668852,4.50867682566588,0.7227750000000001,3,-0.5335534602883235,0.7975166896719638,-0.7975166896719648,-0.3573864122380011,0.9886779405096033,0.2016681485583569,Financially Healthy Moderate Spenders
KH00101250,48,Nữ,Giám đốc tiếp thị,Khánh Hòa,468251666.6666667,2041000000,0.08084166666666666,77.21666666666667,Ổn định,1353769.3333333333,1.5358148065385606,121.83333333333333,29.333333333333332,75.5,13.75,0.5534238836090993,0.4465761163909007,0.15449436197420616,4.374277114512828,0.3526583333333333,3,-1.928460772237729,0.8262083061456397,-0.8262083061456398,-0.6356231198771395,0.804513988121593,-2.286514357984936,Financially Healthy Moderate Spenders
KH00101285,69,Nam,Giám đốc vận hành,Thành phố Hồ Chí Minh,311015000.0,1506700000,0.06183333333333333,80.825,Ổn định,1559407.3333333333,1.1910489058183755,61.166666666666664,25.916666666666668,71.8,13.0,0.5842918863027168,0.41570811369728317,0.16336433354037186,4.855029375393602,0.30088333333333334,3,-2.262751965614131,1.0817451190285974,-1.0817451190285983,-0.5747567924128179,1.4632746039271611,-2.634582037391282,Financially Healthy Moderate Spenders
KH00101290,47,Nam,Nhà giao dịch hợp đồng tương lai,Thành phố Hồ Chí Minh,315300000.0,1147400000,0.13729166666666667,72.80833333333334,Ổn định,2571738.0,1.0042317486083085,61.416666666666664,24.75,74.95833333333333,13.666666666666666,0.3771402132144938,0.6228597867855062,0.21480969259033833,3.6450121467501515,0.5004333333333334,3,-0.9356994640694924,-0.6331335159691296,0.6331335159691297,-0.22173535969491684,-0.1947762458309626,-1.293067688274209,Financially Healthy Moderate Spenders
KH00101325,16,Nam,Kế toán viên tài chính công,Khánh Hòa,331560000.0,1139700000,0.18810833333333332,65.28333333333333,Cần theo dõi,1162820.1666666667,2.005131279604512,182.5,29.75,78.71666666666667,14.0,0.48870715372346485,0.5112928462765352,0.18813873748857748,3.4425193136726353,0.653025,0,-0.04200911018553866,0.29045913379631433,-0.29045913379631483,-0.40475320534419434,-0.47224619089158576,-0.2672400240846697,Financially Stretched but Highly Engaged
KH00101330,26,Nam,Kỹ sư điện,Khánh Hòa,1129109166.6666667,5607400000,0.10163333333333334,74.45833333333333,Ổn định,2334867.6666666665,0.89737084648526,243.0,30.333333333333332,78.95833333333333,13.916666666666666,0.40904326710717376,0.5909567328928262,0.18606513755564594,4.98394419964499,0.5040083333333333,2,-1.5628068803157107,-0.3690281640976159,0.36902816409761546,-0.41898238427744383,1.639922777884209,-1.2690340435831873,Financially Healthy & Highly Engaged
KH00101365,51,Nam,Chuyên viên làm vườn thương mại,Hưng Yên,378310833.3333333,1031500000,0.27394999999999997,63.40833333333333,Cần theo dõi,1587595.3333333333,1.4055541141219765,183.0,30.0,80.11666666666666,13.666666666666666,0.5136350665038576,0.4863649334961424,0.22521811365123426,2.7362450336652047,0.7529666666666667,0,1.4676505053209568,0.49682167195441257,-0.49682167195441307,-0.1503120907528168,-1.4400329648381671,0.40463760010981215,Financially Stretched but Highly Engaged
KH00101370,29,Nam,Cán bộ bình đẳng và đa dạng,Hà Nội,173935000.0,580500000,0.27074166666666666,62.78333333333333,Cần theo dõi,2577998.5,0.8943812219500641,61.166666666666664,24.583333333333332,75.36666666666666,13.5,0.36236589278243886,0.6376341072175612,0.23147294241040153,3.348606682172274,0.903075,0,1.4112269588720685,-0.755440838318156,0.7554408383181561,-0.10739104499197859,-0.6009318945131484,1.4137705647237697,Financially Stretched but Highly Engaged
KH00101405,76,Nam,Chuyên viên tư vấn hưu trí,Nghệ An,410440000.0,1898500000,0.14760833333333334,68.18333333333334,Cần theo dõi,1549388.6666666667,1.412935255960439,182.66666666666666,30.0,79.52499999999999,13.916666666666666,0.5523438050659356,0.44765619493406444,0.20675339664793999,4.637254674139961,0.6783250000000001,3,-0.754264787436443,0.8172670140470617,-0.8172670140470618,-0.2770181915869557,1.1648643665173777,-0.09715576934820225,Financially Healthy Moderate Spenders
KH00101410,48,Nữ,Chuyên viên thu mua công nghiệp,Bắc Ninh,358773333.3333333,1764200000,0.14725,67.44166666666666,Cần theo dõi,1376137.6666666667,1.6343634756688685,183.0,30.0,78.875,13.833333333333334,0.5218106835312247,0.47818931646877516,0.1953298045681621,4.932263676309395,0.7326583333333333,3,-0.7605666380787867,0.5645024720133361,-0.5645024720133376,-0.355407630736777,1.5691064840297875,0.26811081196990094,Financially Healthy Moderate Spenders
KH00101445,33,Nữ,Chuyên viên ngân hàng đầu tư vận hành,Nghệ An,173444166.66666666,538900000,0.15819166666666667,74.41666666666667,Cần theo dõi,1324573.1666666667,1.2546565141848345,61.083333333333336,25.416666666666668,70.35000000000001,13.583333333333334,0.5994624389721784,0.4005375610278216,0.12211014984823133,3.1101955942812185,0.492025,3,-0.5681403614881614,1.2073325992846116,-1.2073325992846118,-0.8578457104717231,-0.927619562681883,-1.3495943724076398,Financially Healthy Moderate Spenders
KH00101450,57,Nữ,Kỹ sư đóng tàu,Cần Thơ,171778333.33333334,741800000,0.13501666666666667,70.85833333333333,Cần theo dõi,1696169.0,1.2786172458607912,61.083333333333336,24.583333333333332,71.23333333333333,12.916666666666666,0.529172619887062,0.47082738011293795,0.16861828515504174,4.330726335285958,0.5864833333333334,3,-0.9757088879150679,0.625447320686905,-0.625447320686906,-0.5387038313548563,0.7448376423676625,-0.7145795412357521,Financially Healthy Moderate Spenders
KH00101485,41,Nữ,Nhà di truyền học phân tử,Phú Thọ,163020000.0,473800000,0.29789166666666667,61.958333333333336,Cần theo dõi,2220946.25,1.2177068817675074,62.083333333333336,25.416666666666668,74.89999999999999,13.666666666666666,0.440371021768249,0.5596289782317511,0.20854411574398737,2.9133793795634753,0.8690666666666668,0,1.8887020610291567,-0.10968535334537842,0.10968535334537843,-0.26473015953594087,-1.1973110053605807,1.1851428165091722,Financially Stretched but Highly Engaged
KH00101490,36,Nam,Chuyên viên vệ sinh lao động,Hà Nội,759592500.0,2397400000,0.17889166666666667,71.27499999999999,Cần theo dõi,2317885.8333333335,0.8832191060605793,183.08333333333334,30.166666666666668,79.31666666666666,13.916666666666666,0.4022741825919316,0.5977258174080684,0.19999981719124635,3.1680881751098955,0.5643333333333334,2,-0.20409857089325456,-0.4250651646230183,0.42506516462301785,-0.3233616973920284,-0.848291070024558,-0.8634872978528564,Financially Healthy & Highly Engaged
KH00101525,62,Nam,Chuyên viên trị liệu nghề nghiệp,Hải Phòng,148176666.66666666,639000000,0.16845833333333335,67.75833333333334,Ổn định,1710158.4166666667,1.3822176297496205,62.0,25.75,73.04166666666667,13.0,0.5057785614191307,0.49422143858086937,0.19086497664534782,4.331374148306662,0.73355,3,-0.38758501285171787,0.43178259930443574,-0.4317825993044358,-0.3860455731917984,0.7457253214056434,0.27410521752220773,Financially Healthy Moderate Spenders
KH00101530,63,Nữ,Chuyên viên trị liệu thảo dược,Hải Phòng,143521666.66666666,478600000,0.22615,65.35000000000001,Cần theo dõi,1753862.3333333333,1.4715019654691561,61.75,25.583333333333332,73.80833333333334,13.5,0.5297130565378058,0.4702869434621942,0.1896815982832409,3.3432359861270213,0.7595333333333333,0,0.6270129405655683,0.6299212563887687,-0.6299212563887697,-0.39416599323654133,-0.6082912005881594,0.44878331576604885,Financially Stretched but Highly Engaged
KH00101565,60,Nữ,Nhà vật lý y khoa,Thành phố Hồ Chí Minh,403050833.3333333,1874100000,0.15698333333333334,66.675,Ổn định,1645230.8333333333,1.697829423398714,183.0,29.916666666666668,77.55833333333334,13.833333333333334,0.5515520781571649,0.44844792184283516,0.1691249768353371,4.661137857068515,0.733425,3,-0.5893907880728078,0.81071280407925,-0.8107128040792501,-0.5352268797652995,1.1975907862841544,0.2732648802952486,Financially Healthy Moderate Spenders
KH00101570,57,Nữ,Chuyên viên giám sát xây dựng,Khánh Hòa,124634166.66666667,386000000,0.25535,62.9,Cần theo dõi,1582823.5,1.543744815475649,61.5,25.416666666666668,73.5,13.416666666666666,0.5484657309411117,0.4515342690588882,0.19050832328316125,3.108941816152827,0.7943583333333333,0,1.140540490583505,0.7851628733348326,-0.7851628733348336,-0.38849295198801737,-0.9293375777993359,0.6829012671967782,Financially Stretched but Highly Engaged
KH00101605,40,Nữ,Nhà tâm lý học giáo dục,Đồng Nai,504423333.3333333,1440800000,0.251875,62.43333333333334,Cần theo dõi,1507589.25,2.3590113273582456,243.66666666666666,30.416666666666668,79.85000000000001,14.0,0.4876922271747965,0.5123077728252035,0.19961663486510203,2.8659426955101424,0.7171666666666666,0,1.079427194819384,0.2820571941524954,-0.28205719415249636,-0.3259911196813405,-1.262312091661239,0.16396501830880345,Financially Stretched but Highly Engaged
KH00101610,61,Nam,Quản trị viên cơ sở dữ liệu,Thành phố Hồ Chí Minh,251730000.0,672600000,0.2553,60.3,Ổn định,17170200.0,0.61028674937331,10.0,2.0,55.3,5.0,0.0447985463186218,0.9552014536813782,0.6771615939243573,2.671910380169229,0.6821,1,1.139661162586899,-3.3843815053423025,3.3843815053423025,2.950953754404819,-1.5281888392941736,-0.07177758509404582,Low-Engagement Online Discretionary Spenders
KH00101645,24,Nam,Chuyên viên tư vấn hưu trí,Thanh Hóa,776815000.0,2197300000,0.292025,60.85,Cần theo dõi,1766524.5,1.0240148952545656,364.75,30.416666666666668,83.55833333333334,14.0,0.2728109487299207,0.7271890512700793,0.2712349604975289,2.838196734259012,0.8357,0,1.7855275760940459,-1.49680999032435,1.4968099903243492,0.16545853468029967,-1.3003315624099054,0.9608287993929616,Financially Stretched but Highly Engaged
KH00101650,60,Nữ,Kỹ sư cơ khí,Tây Ninh,314775000.0,913300000,0.22243333333333334,67.38333333333334,Cần theo dõi,1648656.6666666667,1.7670907012994184,122.5,28.75,75.90833333333333,13.75,0.5405770670974078,0.45942293290259223,0.16654332584595127,2.909795531892675,0.6447833333333334,3,0.5616495594845186,0.7198575785111435,-0.7198575785111435,-0.5529423384165917,-1.2022218459133516,-0.32264625858215457,Financially Healthy Moderate Spenders
KH00101685,58,Nam,Nhà khoa học phát triển sản phẩm,Lạng Sơn,606190833.3333334,1662300000,0.2086916666666667,70.19166666666666,Cần theo dõi,1429762.1666666667,1.2686373128937956,242.91666666666666,30.333333333333332,78.25,13.666666666666666,0.5822775627503168,0.41772243724968305,0.1776308671745923,2.750257718586019,0.5770166666666666,3,0.3199809150839547,1.0650697990927924,-1.0650697990927938,-0.4768589015927924,-1.4208317967966206,-0.7782210805574344,Financially Healthy Moderate Spenders
KH00101690,29,Nam,Cán bộ phát triển nghệ thuật,Hà Nội,774442500.0,2059600000,0.27274166666666666,65.45833333333333,Cần theo dõi,2320090.5833333335,0.8980234097232964,243.58333333333334,30.416666666666668,79.425,14.0,0.4132661596107627,0.5867338403892374,0.19059422349371613,2.6684144011166495,0.7346666666666666,0,1.446400078736311,-0.3340694885323331,0.33406948853233315,-0.3879034991012876,-1.5329792760761063,0.2816122300830391,Financially Stretched but Highly Engaged
KH00101725,33,Nữ,Nhà tâm lý học giáo dục,Cao Bằng,672117500.0,3180100000,0.12203333333333333,71.02499999999999,Cần theo dõi,2104272.0833333335,1.264594742354977,182.58333333333334,30.166666666666668,80.86666666666666,14.0,0.4744340901615145,0.5255659098384855,0.22846402768447496,4.743649886091135,0.578175,2,-1.2040410577004406,0.17230140234546099,-0.17230140234546149,-0.12803841546597824,1.3106545812431725,-0.7704339555876156,Financially Healthy & Highly Engaged
KH00101730,44,Nữ,Chuyên viên thẩm định bảo hiểm,Thành phố Hồ Chí Minh,771750833.3333334,3080300000,0.14460833333333334,68.69166666666666,Cần theo dõi,1469646.25,2.017952159921778,304.3333333333333,30.333333333333332,78.76666666666667,14.0,0.5199110577447886,0.4800889422552113,0.17630072753928674,4.003490550908725,0.5754333333333334,2,-0.8070244672328064,0.5487766628654532,-0.5487766628654542,-0.4859864071334645,0.29643611756770827,-0.7888653520989125,Financially Healthy & Highly Engaged
KH00101765,72,Nam,Chuyên viên gây quỹ từ thiện,Quảng Trị,264974166.66666666,1209100000,0.17747499999999997,62.925000000000004,Cần theo dõi,1766663.6666666667,1.9025830884303974,122.16666666666667,29.5,76.02499999999999,13.583333333333334,0.4724066160052795,0.5275933839947204,0.16868746848517,4.57423728236749,0.8093583333333334,3,-0.2290128641304268,0.1555172168175136,-0.15551721681751454,-0.5382290907995742,1.078513496873129,0.7837417344318385,Financially Healthy Moderate Spenders
KH00101770,94,Nữ,Kỹ thuật viên kế toán,Thái Nguyên,151686666.66666666,403000000,0.29269166666666663,62.225,Ổn định,1975748.8333333333,1.4365108334148504,61.5,26.166666666666668,72.95,13.25,0.45196328530234897,0.548036714697651,0.17711879320040078,2.6634694580521203,0.7792666666666667,0,1.7972519493821262,-0.01372028210298989,0.013720282102989432,-0.4803727868365724,-1.5397551854235625,0.5814445526619495,Financially Stretched but Highly Engaged
KH00101805,25,Nam,Chuyên viên quản lý đất đai,Đà Nẵng,865530833.3333334,3263400000,0.13381666666666667,68.425,Ổn định,1491017.0833333333,3.6049658409206398,304.1666666666667,30.416666666666668,80.70833333333333,14.0,0.3831558961723886,0.6168441038276115,0.2140501499439171,3.7821315374328144,0.5038666666666667,2,-0.9968127598336134,-0.5833334538908466,0.5833334538908467,-0.22694739122121135,-0.006885596955997077,-1.26998642577374,Financially Healthy & Highly Engaged
KH00101810,48,Nam,Người phụ trách bảo tàng,Thái Nguyên,406778333.3333333,1742000000,0.2060833333333333,61.75,Cần theo dõi,1455604.75,2.091281229547301,242.58333333333334,30.416666666666668,79.47500000000001,14.0,0.5145523696739795,0.48544763032602045,0.191986060293589,4.294667597337171,0.876925,0,0.274109304594338,0.5044154489430632,-0.5044154489430637,-0.3783526235651018,0.6954274193709045,1.2379720168439827,Financially Stretched but Highly Engaged
KH00101845,35,Nữ,Kỹ thuật viên phòng thí nghiệm giảng dạy,Thành phố Hồ Chí Minh,164140000.0,607400000,0.22224999999999998,62.86666666666667,Cần theo dõi,2249915.25,1.3435149751280748,60.833333333333336,24.416666666666668,74.89999999999999,12.916666666666666,0.39189886475412794,0.608101135245872,0.24195656172316607,3.7105075507677996,0.8278666666666666,0,0.5584253568302958,-0.510955906542263,0.5109559065422616,-0.03545176070655565,-0.10502982923782157,0.9081676665035416,Financially Stretched but Highly Engaged
KH00101850,62,Nữ,Chuyên viên châm cứu,Hà Tĩnh,414534166.6666667,1232400000,0.251875,62.791666666666664,Cần theo dõi,1759124.0,1.54390187538979,183.16666666666666,29.916666666666668,78.97500000000001,13.916666666666666,0.46599949577686534,0.5340005042231347,0.1966753767048701,2.980726530349246,0.7548,0,1.079427194819384,0.10247669135243655,-0.10247669135243656,-0.3461742263578789,-1.1050271948942425,0.4169625461052084,Financially Stretched but Highly Engaged
KH00101885,88,Nam,Kỹ sư vật liệu,Thanh Hóa,170967500.0,845300000,0.125425,69.25833333333334,Ổn định,1747528.9166666667,1.492466804731379,61.333333333333336,25.083333333333332,76.39166666666667,13.583333333333334,0.4333893209431901,0.5666106790568098,0.24509709897107046,4.963788839928607,0.6224666666666666,3,-1.1443933085973295,-0.16748247080211487,0.16748247080211395,-0.013901187841813168,1.612304484099752,-0.47267446483520464,Financially Healthy Moderate Spenders
KH00101890,53,Nữ,Chuyên viên quy hoạch giao thông,Hưng Yên,126892500.0,622300000,0.16655,65.02499999999999,Cần theo dõi,1737459.0833333333,1.5414496013897658,61.0,25.666666666666668,71.59166666666667,13.083333333333334,0.501579067800193,0.49842093219980693,0.16140212041393479,4.916790060440111,0.8167,3,-0.4211460313888492,0.3970176284134769,-0.3970176284134778,-0.5882216277640474,1.547903445483254,0.8330975408952197,Financially Healthy Moderate Spenders
KH00101925,23,Nữ,Cán bộ trại giam,Đắk Lắk,495776666.6666667,1493100000,0.25705,60.041666666666664,Cần theo dõi,1285379.5833333333,2.5626544432116867,303.8333333333333,30.416666666666668,80.10000000000001,14.0,0.44369527196443476,0.5563047280355652,0.2021493645748588,3.0218103616280723,0.77285,0,1.1704376424681107,-0.0821659732030895,0.0821659732030886,-0.3086113620639989,-1.0487312350098155,0.5383072416780632,Financially Stretched but Highly Engaged
KH00101930,51,Nam,Biên tập viên hiệu đính,Ninh Bình,124063333.33333333,511900000,0.22000833333333333,63.775,Cần theo dõi,1747533.5,1.277943975464595,61.416666666666664,24.75,72.86666666666666,13.083333333333334,0.5156345073511547,0.4843654926488452,0.19541130963434986,4.135638310521597,0.9024583333333333,0,0.5190021516491248,0.5133737873192314,-0.5133737873192329,-0.3548483376193663,0.4775142873102963,1.4096249010707724,Financially Stretched but Highly Engaged
KH00101965,32,Nam,Cán bộ triển lãm bảo tàng,Cao Bằng,192688333.33333334,545900000,0.3632416666666667,53.44166666666666,Có dấu hiệu căng thẳng tài chính,1637709.6666666667,2.1051957603433498,122.25,29.0,78.10833333333333,13.916666666666666,0.48410917351782584,0.5158908264821741,0.205829188278334,2.841932802808268,1.0269000000000001,0,3.0379837525932714,0.2523953426560193,-0.25239534265602026,-0.2833601701209435,-1.295212138085846,2.2462086217491857,Financially Stretched but Highly Engaged
KH00101970,70,Nữ,Chuyên viên tư vấn nông nghiệp,Sơn La,475666666.6666667,1387400000,0.22550833333333334,65.06666666666666,Cần theo dõi,1732031.6666666667,2.1656645044461174,182.91666666666666,30.25,77.91666666666667,13.833333333333334,0.4886311452265602,0.5113688547734397,0.1745127674558525,2.9196350167260388,0.6609916666666668,0,0.6157282312757909,0.28982990717469514,-0.2898299071746961,-0.4982555066587167,-1.1887390906244613,-0.2136825314864929,Financially Stretched but Highly Engaged
KH00102005,81,Nam,Quản lý lâm nghiệp,Cà Mau,168520000.0,697000000,0.1628,63.5,Ổn định,12610111.0,0.8059151215585951,9.0,2.0,37.7,5.0,0.1918301891779965,0.8081698108220035,0.3998554951493951,4.136007595537621,0.6735,1,-0.4870956311343034,-2.1671988524135264,2.167198852413526,1.0480610912227415,0.4780203076545754,-0.12959278630881352,Low-Engagement Online Discretionary Spenders
KH00102010,53,Nữ,Cán bộ tổ chức từ thiện,Đồng Tháp,118789166.66666667,392500000,0.27692500000000003,59.74166666666667,Cần theo dõi,1752297.25,1.3487391767284072,61.666666666666664,25.166666666666668,74.77499999999999,13.083333333333334,0.4783371240610987,0.5216628759389013,0.22416611707452094,3.318684126370632,0.9113333333333333,0,1.5199705211190182,0.20461216936117432,-0.20461216936117527,-0.15753096035706934,-0.6419338884512585,1.4692888441848497,Financially Stretched but Highly Engaged
KH00102045,39,Nữ,Thầy thuốc đông y,Thành phố Hồ Chí Minh,517152500.0,1821800000,0.208875,65.93333333333334,Cần theo dõi,2088280.9166666667,1.2424532761808023,182.91666666666666,29.833333333333332,81.14166666666667,13.916666666666666,0.46862874423317863,0.5313712557668214,0.23955590329618395,3.532087379932341,0.744025,0,0.32320511773817656,0.12424258846837329,-0.1242425884683733,-0.05192523650709206,-0.34951371662790154,0.34452547714135756,Financially Stretched but Highly Engaged
KH00102050,52,Nam,Kỹ sư cơ khí,Hải Phòng,536437500.0,1975900000,0.15746666666666667,70.025,Cần theo dõi,1663442.3333333333,1.47699364934482,183.41666666666666,30.083333333333332,78.56666666666666,14.0,0.5034529485717752,0.4965470514282247,0.1828509330340022,3.693323016226435,0.5803083333333333,3,-0.5808906174389492,0.41253031074817786,-0.4125303107481788,-0.4410384668130319,-0.12857728907932342,-0.7560922002475184,Financially Healthy Moderate Spenders
KH00102085,71,Nữ,Chuyên viên thu mua công nghiệp,An Giang,261290000.0,1185600000,0.1436,65.4,Ổn định,17019500.0,0.5099633253833495,10.0,2.0,48.1,5.0,0.0901965392637856,0.9098034607362144,0.7697464672875232,4.537487083317386,0.6514,1,-0.8247575818310284,-3.008560026264589,3.0085600262645893,3.5862772363718785,1.0281557851634222,-0.27816440803513437,Low-Engagement Online Discretionary Spenders
KH00102090,21,Nữ,Trình dược viên,Đồng Nai,396967500.0,1923600000,0.15608333333333332,63.26666666666667,Cần theo dõi,1247209.3333333333,1.9995474927660657,244.08333333333334,30.166666666666668,79.95833333333333,14.0,0.45578339527915857,0.5442166047208414,0.20384660699468896,4.865371284988805,0.7581083333333334,2,-0.605218692011717,0.017904009822388118,-0.01790400982238858,-0.2969647731047091,1.4774458170194509,0.4392034713787189,Financially Healthy & Highly Engaged
KH00102125,60,Nữ,Kiến trúc sư cảnh quan,Thành phố Hồ Chí Minh,841636666.6666666,3235600000,0.11837500000000001,73.325,Ổn định,1591586.4166666667,1.6897353987574546,243.91666666666666,30.416666666666668,78.98333333333333,13.916666666666666,0.5373534003699405,0.4626465996300595,0.18306703251338186,3.856428517156336,0.458675,2,-1.2683785561187833,0.6931708657519742,-0.6931708657519747,-0.43955557799217443,0.09492135872111637,-1.5737963445602552,Financially Healthy & Highly Engaged
KH00102130,59,Nam,Cán bộ quản chế,Hà Tĩnh,337855833.3333333,1636100000,0.17977500000000002,63.74166666666667,Cần theo dõi,1598007.9166666667,1.7580666502407478,183.25,29.916666666666668,78.34166666666667,13.833333333333334,0.507168783600982,0.4928312163990179,0.1846996108649894,4.860874681813314,0.8832333333333334,3,-0.18856377628654733,0.4432913758545604,-0.4432913758545614,-0.4283527181161464,1.4712842545725213,1.280381035564506,Financially Healthy Moderate Spenders
KH00102165,80,Nam,Giáo viên mầm non,Hải Phòng,125900833.33333333,325600000,0.31609166666666666,62.40833333333333,Cần theo dõi,1689526.1666666667,1.3382546836107474,61.583333333333336,25.5,72.59166666666667,13.0,0.5209313168173529,0.47906868318264695,0.18230176308309,2.5957556025040978,0.8224333333333332,0,2.2087774517937606,0.5572227471264188,-0.5572227471264203,-0.44480690708552273,-1.6325414805886875,0.8716410083717308,Financially Stretched but Highly Engaged
KH00102170,74,Nam,Chuyên viên tổ chức sự kiện,Tuyên Quang,436825000.0,1497100000,0.207,64.80833333333334,Cần theo dõi,1714539.25,1.490554621057654,183.16666666666666,30.083333333333332,78.69166666666666,14.0,0.49014568660571384,0.5098543133942862,0.18682504451318369,3.434839304369864,0.7083749999999999,3,0.2902303178654492,0.30236784430168334,-0.3023678443016834,-0.41376785282433987,-0.48276988067812365,0.10486130001269864,Financially Healthy Moderate Spenders
KH00102205,39,Nam,Điều dưỡng nhi khoa,Vĩnh Long,282389166.6666667,1165700000,0.15950833333333334,67.01666666666667,Cần theo dõi,1512293.5833333333,1.8721412869823872,122.33333333333333,28.833333333333332,79.71666666666667,13.916666666666666,0.4969855873455626,0.5030144126544375,0.2371787170540379,4.146970788777881,0.6619333333333334,3,-0.544984724244202,0.3589910878864759,-0.35899108788647593,-0.06823764463363678,0.4930428473653974,-0.20735199104340338,Financially Healthy Moderate Spenders
KH00102210,96,Nam,Chuyên viên phục chế đồ gỗ,Quảng Trị,136589166.66666666,669100000,0.17903333333333335,63.51666666666667,Cần theo dõi,1993035.0833333333,1.5145094826035457,61.25,25.833333333333332,73.5,13.083333333333334,0.45902559455407815,0.5409744054459219,0.19473385115315245,4.915849594686278,0.8773333333333334,3,-0.20160714156953718,0.04474414190568926,-0.04474414190568927,-0.3594971022126296,1.546614753053593,1.2407171184520491,Financially Healthy Moderate Spenders
KH00102245,64,Nam,Nhà khoa học thính học,Bắc Ninh,713884166.6666666,2494200000,0.14515,71.875,Ổn định,1514057.5,1.3832479267975184,244.25,30.416666666666668,79.575,13.916666666666666,0.5370587322620369,0.4629412677379631,0.1959822269900944,3.5042572980637305,0.509425,2,-0.7974984139362409,0.6907314935030046,-0.6907314935030046,-0.3509306652265523,-0.3876484553727533,-1.232619430414971,Financially Healthy & Highly Engaged
KH00102250,33,Nam,Chuyên viên khảo sát thủy văn,Hưng Yên,274127500.0,842900000,0.21568333333333334,66.53333333333333,Ổn định,1463476.6666666667,1.713356804988791,122.41666666666667,29.083333333333332,79.3,14.0,0.5243098993342833,0.47569010066571665,0.22440764402583735,3.0862356269543874,0.6740750000000001,0,0.4429402799427011,0.5851919104379466,-0.5851919104379476,-0.15587358655371242,-0.9604511978404724,-0.12572723506480224,Financially Stretched but Highly Engaged
KH00102285,33,Nam,Chuyên viên giám định rủi ro bảo hiểm,Lâm Đồng,171798333.33333334,744200000,0.20888333333333334,65.14999999999999,Cần theo dõi,2490362.0833333335,0.87122429390539,61.583333333333336,25.25,73.05833333333334,13.25,0.41471874596223696,0.5852812540377631,0.19078180572967918,4.347430614920181,0.919025,0,0.32335167240427753,-0.32204443817914746,0.3220444381791475,-0.3866162974777595,0.767727023102489,1.5209975948837162,Financially Stretched but Highly Engaged
KH00102290,27,Nam,Chuyên viên trắc địa,Quảng Ninh,542005000.0,1887200000,0.23205833333333334,63.88333333333333,Cần theo dõi,2418968.4166666665,0.9194138367915095,183.08333333333334,30.333333333333332,79.53333333333333,13.916666666666666,0.39522145872529557,0.6047785412747044,0.20292363700466876,3.4985278014064014,0.8139083333333333,0,0.7309201988311841,-0.4834502372469877,0.4834502372469873,-0.30329825379664277,-0.39549941532315097,0.8143300094931394,Financially Stretched but Highly Engaged
KH00102325,64,Nam,Nhà sản xuất phát thanh,Cần Thơ,292746666.6666667,1165600000,0.17206666666666667,65.875,Cần theo dõi,1702165.5833333333,1.3809902621121923,122.25,29.5,77.95,13.833333333333334,0.49218690818722227,0.5078130918127778,0.2000090552680468,3.9973928303575517,0.6886416666666667,3,-0.324126842429981,0.31926583613172904,-0.31926583613172904,-0.32329830510226937,0.2880805912973961,-0.027799936883200486,Financially Healthy Moderate Spenders
KH00102330,61,Nam,Kế toán công tài chính công,Thành phố Hồ Chí Minh,512880833.3333333,2528900000,0.13366666666666668,67.425,Ổn định,1874343.6666666667,2.1971809212238873,182.5,30.333333333333332,76.33333333333333,13.916666666666666,0.466779661086123,0.5332203389138769,0.14060852871193288,4.943958821313816,0.656575,3,-0.9994507438234312,0.10893519009718283,-0.10893519009718422,-0.7309086197405676,1.585131995612267,-0.2433744468390386,Financially Healthy Moderate Spenders
KH00102365,26,Nữ,Cán bộ trại giam,Thành phố Hồ Chí Minh,196902500.0,506700000,0.30185,61.44166666666666,Cần theo dõi,2511210.0833333335,1.268763389566186,61.833333333333336,25.666666666666668,77.175,13.25,0.4225267245008298,0.5774732754991702,0.26558705072352434,2.5788064020927957,0.7799416666666666,0,1.9583155274271362,-0.2574070863357418,0.2574070863357409,0.12670220685792022,-1.6557664690264027,0.585982373687527,Financially Stretched but Highly Engaged
KH00102370,74,Nam,Cán bộ quản lý thị trường,Nghệ An,380147500.0,1714000000,0.121375,71.04166666666667,Ổn định,1701079.0833333333,1.4403258425806091,121.83333333333333,29.5,77.55,13.916666666666666,0.4780813186359784,0.5219186813640216,0.19008994528795323,4.522632367559022,0.5449833333333333,3,-1.21561887632242,0.20249451686184627,-0.2024945168618463,-0.3913638892700865,1.0078008071490316,-0.9935715005860836,Financially Healthy Moderate Spenders
KH00102405,32,Nữ,Nhà tâm lý học tư vấn,Đắk Lắk,728238333.3333334,2457900000,0.22181666666666666,63.64166666666667,Cần theo dõi,2244494.25,1.418365177806775,243.91666666666666,30.416666666666668,83.27499999999999,14.0,0.4474815294360424,0.5525184705639575,0.2673837196383639,3.3840929014941783,0.7476166666666666,2,0.5508045141930437,-0.05082192491294986,0.05082192491294894,0.13903106695626924,-0.552306176871632,0.3686711667959738,Financially Healthy & Highly Engaged
KH00102410,42,Nam,Kỹ thuật viên kế toán,Lâm Đồng,747678333.3333334,3102000000,0.14130833333333334,71.01666666666667,Cần theo dõi,2414714.3333333335,0.9349295380580701,182.91666666666666,30.083333333333332,79.08333333333333,13.916666666666666,0.39848620107584315,0.6015137989241568,0.19495351082173484,4.164620304426682,0.59035,2,-0.865060115008806,-0.45642348519492043,0.45642348519491954,-0.3579897831396306,0.517227457077213,-0.6885851096818255,Financially Healthy & Highly Engaged
KH00102445,43,Nữ,Nhà thiết kế đồ gỗ,Thành phố Hồ Chí Minh,1147330833.3333333,4440100000,0.18614166666666665,65.18333333333334,Cần theo dõi,2261555.0,1.5486236156796005,364.3333333333333,30.333333333333332,81.76666666666667,14.0,0.43640935810703624,0.5635906418929638,0.23591447135705632,3.8801103033207336,0.7171,2,-0.07659601138537693,-0.1424814793451296,0.1424814793451296,-0.076912981641634,0.12737181045368384,0.16351683845442547,Financially Healthy & Highly Engaged
KH00102450,56,Nữ,Lập trình viên đa phương tiện,Hà Nội,615825000.0,1571200000,0.18678333333333333,71.71666666666667,Ổn định,1613997.8333333333,1.4477147609856142,182.91666666666666,30.166666666666668,77.25833333333334,13.916666666666666,0.5154671288696001,0.48453287113039994,0.15845946798794677,2.557046123050253,0.4753083333333333,3,-0.065311302095599,0.5119881659641288,-0.5119881659641289,-0.6084143019837791,-1.685583936334625,-1.4619754708929342,Financially Healthy Moderate Spenders
KH00102485,25,Nữ,Quản lý công viên giải trí,Nghệ An,193087500.0,826600000,0.14564166666666667,69.48333333333333,Cần theo dõi,1900190.1666666667,1.0109309170472027,61.583333333333336,24.166666666666668,78.91666666666667,13.666666666666666,0.25482750343851146,0.7451724965614885,0.30376830333739396,4.289667425264844,0.624425,3,-0.7888516886362813,-1.6456836424369934,1.6456836424369932,0.38870447002846253,0.6885758313462009,-0.45950918161284926,Financially Healthy Moderate Spenders
KH00102490,74,Nữ,Chuyên viên thuế cấp cao,Hà Nội,223260000.0,719000000,0.1848,65.5,Ổn định,16608875.0,0.6219245264281286,8.0,2.0,54.6,4.0,0.0032437476951328,0.9967562523048672,0.8244236891421002,3.2204604496999014,0.5951,1,-0.10019131262763925,-3.728387591697709,3.728387591697709,3.961475923922877,-0.7765268898689772,-0.6566522950573905,Low-Engagement Online Discretionary Spenders
KH00102525,80,Nữ,Dược sĩ bệnh viện,Đà Nẵng,382443333.3333333,1449300000,0.14305833333333332,70.36666666666666,Cần theo dõi,1700820.3333333333,1.736982934688337,122.5,29.5,77.58333333333333,13.75,0.47848773555390495,0.5215122644460951,0.1966729966189871,3.805371672247576,0.5466166666666666,3,-0.8342836351275945,0.20585898734409533,-0.20585898734409536,-0.34619055866353143,0.02495967298392631,-0.9825910941538212,Financially Healthy Moderate Spenders
KH00102530,40,Nam,Điều phối viên tình nguyện,Hưng Yên,754214166.6666666,3740600000,0.15194166666666667,67.26666666666667,Cần theo dõi,2346873.8333333335,0.8779079824127921,243.0,30.416666666666668,79.05,14.0,0.38982504583166727,0.6101749541683327,0.1837415494625474,4.971721718777048,0.7536999999999999,2,-0.6780563610639183,-0.5281237512908169,0.528123751290816,-0.43492699838491283,1.6231746735518744,0.40956757850797004,Financially Healthy & Highly Engaged
KH00102565,23,Nam,Kỹ sư điện tử,Lào Cai,939077500.0,3902500000,0.11914166666666666,69.43333333333334,Ổn định,1281196.5,2.3898943708465943,364.5,30.416666666666668,81.02499999999999,14.0,0.44553409236431324,0.5544659076356867,0.22047793528871948,4.164794367625837,0.4939166666666666,2,-1.2548955268374906,-0.06694353367199957,0.06694353367199865,-0.18283950601000415,0.517465970735067,-1.3368772690396633,Financially Healthy & Highly Engaged
KH00102570,46,Nữ,Bác sĩ giải phẫu bệnh,Tuyên Quang,665550000.0,1760200000,0.16010833333333332,73.63333333333334,Ổn định,2320619.0,1.2700514396222256,122.25,29.75,80.25,14.0,0.460460569753044,0.5395394302469559,0.23921354800597502,2.6527227993806495,0.42451666666666665,3,-0.5344327882849295,0.0566234005849572,-0.05662340058495812,-0.05427450099430702,-1.5544810142138428,-1.8034324974472042,Financially Healthy Moderate Spenders
KH00102605,93,Nữ,Nhà tâm lý học thể thao,Lâm Đồng,412423333.3333333,1120700000,0.1857,70.23333333333333,Cần theo dõi,1690136.6666666667,1.4963071308369946,122.33333333333333,29.333333333333332,77.31666666666666,13.916666666666666,0.49766313511516863,0.5023368648848313,0.18696733899695062,2.724985098219912,0.5089666666666667,3,-0.08436340868873005,0.3646000804520002,-0.3646000804520012,-0.4127914187308686,-1.4554621216231656,-1.23570066691382,Financially Healthy Moderate Spenders
KH00102610,49,Nữ,Chuyên viên nhân sự,Lạng Sơn,214042500.0,973500000,0.14373333333333332,68.51666666666667,Cần theo dõi,2226134.8333333335,1.2902383666917012,61.916666666666664,25.916666666666668,78.39166666666667,13.25,0.43378943935049147,0.5662105606495085,0.2875436548302246,4.5708917715085144,0.64965,3,-0.8224127071734126,-0.16417014173461944,0.16417014173461855,0.2773698663418154,1.0739292422102273,-0.28992912921255815,Financially Healthy Moderate Spenders
KH00102645,41,Nam,Kỹ thuật viên sản xuất bia,Đồng Tháp,759458333.3333334,3648300000,0.15432500000000002,68.33333333333333,Cần theo dõi,2310643.75,0.8363364797550502,243.33333333333334,30.416666666666668,79.15833333333333,14.0,0.42075232945921304,0.5792476705407869,0.18502890879952302,4.819642980152795,0.749025,2,-0.6361417265590295,-0.27209618877721015,0.2720961887772088,-0.4260930540611789,1.4147856722739538,0.3781389662197107,Financially Healthy & Highly Engaged
KH00102650,50,Nam,Nhà luyện kim,Lâm Đồng,442673333.3333333,1257300000,0.2780666666666667,61.666666666666664,Cần theo dõi,1444056.25,1.7568170180744318,243.83333333333334,30.416666666666668,81.60000000000001,14.0,0.528144549346706,0.4718554506532941,0.2346330535283481,2.8480509364803726,0.7970916666666666,0,1.540048510374856,0.6169365701887601,-0.6169365701887602,-0.08570615494540032,-1.2868286403191744,0.7012766412262782,Financially Stretched but Highly Engaged
KH00102685,27,Nam,Dược sĩ cộng đồng,Ninh Bình,975207500.0,4489200000,0.12671666666666667,71.79166666666667,Cần theo dõi,2343493.6666666665,0.895282513412993,243.66666666666666,30.333333333333332,79.925,14.0,0.3986341103297463,0.6013658896702537,0.20080014589685583,4.61991412655363,0.5820083333333333,2,-1.1216773353516731,-0.4551990373511949,0.45519903735119494,-0.3178697892487669,1.1411031266108846,-0.7446636139608781,Financially Healthy & Highly Engaged
KH00102690,45,Nam,Nhà luyện kim,Lâm Đồng,412645000.0,1309400000,0.2278416666666667,66.0,Cần theo dõi,2465480.9166666665,0.911357014655234,122.66666666666667,29.416666666666668,78.03333333333335,13.666666666666666,0.39852363559193565,0.6014763644080644,0.20754971293658306,3.1830738028729773,0.7204,0,0.6567635377840738,-0.4561135883405939,0.45611358834059396,-0.2715538169124521,-0.8277567071588386,0.18570174124613906,Financially Stretched but Highly Engaged
KH00102725,44,Nam,Quản lý tour du lịch,Hà Nội,147582500.0,530800000,0.170825,70.25833333333334,Cần theo dõi,1498761.75,1.4043367000470839,61.583333333333336,25.166666666666668,75.95833333333333,13.583333333333334,0.5520611999650499,0.44793880003495007,0.23595955967798707,3.6083726357444577,0.6135333333333334,3,-0.34596348767903146,0.8149275038590656,-0.8149275038590666,-0.07660358262201866,-0.24498228498448754,-0.5327305653218616,Financially Healthy Moderate Spenders
KH00102730,35,Nữ,Nhân viên cấp cứu,Cà Mau,623560833.3333334,3006700000,0.21735000000000002,55.74166666666667,Có dấu hiệu căng thẳng tài chính,2170782.0833333335,1.2251494099804499,304.1666666666667,30.416666666666668,83.09166666666667,14.0,0.47264075822635876,0.5273592417736412,0.2625553909981246,4.833507886595591,1.0567,0,0.4722512131629031,0.15745553325248987,-0.15745553325249034,0.10589875870365023,1.4337843438342475,2.4465450166561693,Financially Stretched but Highly Engaged
KH00102765,27,Nữ,Chuyên viên chăm sóc cây,Đà Nẵng,900947500.0,4074300000,0.13264166666666666,69.58333333333333,Cần theo dõi,2208565.1666666665,1.361173575399385,244.41666666666666,30.25,83.16666666666667,14.0,0.45428728083485853,0.5457127191651414,0.2659854199909047,4.530798760869763,0.6048,2,-1.0174769677538558,0.005518617719139455,-0.005518617719140376,0.12943584293546806,1.0189909745679802,-0.5914421262453853,Financially Healthy & Highly Engaged
KH00102770,86,Nữ,Phi công hàng không,Đồng Nai,674110000.0,2701000000,0.11880833333333334,72.10833333333333,Cần theo dõi,1756588.1666666667,1.7804439041932607,182.91666666666666,30.333333333333332,78.63333333333334,13.833333333333334,0.4687918550454624,0.5312081449545376,0.18829398171939551,4.023530679386775,0.4784,3,-1.2607577134815309,0.12559288046916933,-0.1255928804691698,-0.4036879092359226,0.32389651339161285,-1.4411911301461522,Financially Healthy Moderate Spenders
KH00102805,49,Nữ,Chuyên viên quản lý khách hàng quảng cáo,Hà Nội,424600833.3333333,1411500000,0.182325,68.53333333333333,Cần theo dõi,2132009.3333333335,1.3026491812798975,121.66666666666667,29.166666666666668,80.45,14.0,0.45900748191784646,0.5409925180821534,0.24866323146186198,3.336368960182907,0.6060833333333333,3,-0.14371804845963906,0.04459419876289848,-0.04459419876289987,0.01056984753259927,-0.6177008833037636,-0.5828146640486082,Financially Healthy Moderate Spenders
KH00102810,33,Nữ,Chuyên viên kính thuốc,Đà Nẵng,370080833.3333333,966300000,0.2718916666666667,64.41666666666667,Cần theo dõi,2128679.3333333335,1.288086546203912,122.41666666666667,29.25,80.24166666666666,14.0,0.4493598703239889,0.5506401296760111,0.2440184788041568,2.618333641233561,0.7127416666666667,0,1.4314515027940085,-0.03527232007528952,0.035272320075288605,-0.02130275027065051,-1.6016034613480628,0.1342170804744616,Financially Stretched but Highly Engaged
KH00102845,27,Nam,Kỹ sư khoan,Đà Nẵng,642624166.6666666,3104600000,0.11767499999999999,69.04166666666667,Cần theo dõi,1498640.8333333333,1.9602755883327132,243.41666666666666,30.416666666666668,81.72500000000001,14.0,0.4993801819275854,0.5006198180724146,0.2365339257567376,4.844052955541831,0.5655583333333333,2,-1.2806891480712683,0.37881443291175754,-0.37881443291175804,-0.0726622448654265,1.448233940181461,-0.8552519930286604,Financially Healthy & Highly Engaged
KH00102850,26,Nữ,Nhà thiết kế sản phẩm công nghiệp,Đồng Tháp,867051666.6666666,2980400000,0.2209,63.824999999999996,Cần theo dõi,2152940.3333333335,1.3947805905867048,304.4166666666667,30.416666666666668,82.69166666666666,14.0,0.4521669816482731,0.5478330183517269,0.254645047680469,3.450876454627465,0.7668666666666667,2,0.534683500921933,-0.012034007952050884,0.012034007952050885,0.05161746330872464,-0.46079464761295125,0.498083099747634,Financially Healthy & Highly Engaged
KH00102885,28,Nữ,Kỹ sư sản xuất,Lâm Đồng,833439166.6666666,3812900000,0.10525833333333334,73.90833333333333,Cần theo dõi,2171592.3333333335,1.2406018429328112,183.0,30.083333333333332,80.99166666666666,13.916666666666666,0.473720325407851,0.5262796745921491,0.23445152321025975,4.584909239542561,0.4797833333333334,2,-1.4990556005617717,0.16639259210886348,-0.16639259210886348,-0.08695182791098391,1.0931369644104836,-1.4318913981678072,Financially Healthy & Highly Engaged
KH00102890,40,Nữ,Kỹ sư điều khiển và tự động hóa,Huế,465463333.3333333,1746200000,0.17276666666666665,70.14166666666667,Cần theo dõi,1528068.9166666667,2.2938171613207,182.75,30.083333333333332,76.99166666666666,13.916666666666666,0.5321350824710414,0.4678649175289586,0.15442609617453731,3.759623238583664,0.6463083333333334,3,-0.31181625047749667,0.6499716883471303,-0.6499716883471313,-0.636091564278146,-0.03772805369959496,-0.31239414441325686,Financially Healthy Moderate Spenders
KH00102925,78,Nam,Chuyên viên phôi học lâm sàng,Hải Phòng,269675000.0,1147000000,0.18125,65.44166666666666,Cần theo dõi,1607767.9166666667,1.9387103027654964,122.41666666666667,29.666666666666668,81.60833333333333,13.666666666666666,0.5001074291122453,0.4998925708877547,0.27703817935439773,4.260973227429939,0.7679916666666666,3,-0.16262360038666912,0.38483485572921816,-0.38483485572921916,0.20528060362995196,0.6492570200292489,0.505646134790263,Financially Healthy Moderate Spenders
KH00102930,54,Nam,Điều dưỡng nhi khoa,Ninh Bình,345700833.3333333,1101700000,0.25009166666666666,62.25833333333333,Cần theo dõi,1516490.3333333333,1.5087775943471768,182.91666666666666,30.166666666666668,78.60833333333333,13.75,0.5228249897603553,0.47717501023964465,0.19045807883922408,3.1937200933959016,0.8034,0,1.0480644962737677,0.5728992764211882,-0.5728992764211892,-0.38883773266235544,-0.8131684098764138,0.7436856599468006,Financially Stretched but Highly Engaged
KH00102965,58,Nữ,Nhà sản xuất phát thanh,Quảng Ngãi,323678333.3333333,894600000,0.32908333333333334,59.458333333333336,Cần theo dõi,1603233.0,1.3129391847107998,182.91666666666666,30.25,78.64999999999999,13.75,0.5049885937976716,0.4950114062023283,0.19106685333130882,2.7718344222607794,0.9122583333333334,0,2.437256176245234,0.4252429533716547,-0.4252429533716561,-0.3846602821135288,-1.3912658773898174,1.4755073396643454,Financially Stretched but Highly Engaged
KH00102970,54,Nữ,Lập trình viên ứng dụng,Nghệ An,729134166.6666666,2670700000,0.14031666666666667,72.16666666666667,Cần theo dõi,1550687.6666666667,1.3721470716713633,243.08333333333334,30.416666666666668,79.77499999999999,14.0,0.5436552658837207,0.45634473411627924,0.19671097186336653,3.6772722725098697,0.5164166666666666,2,-0.882500120274826,0.7453400535219813,-0.7453400535219823,-0.3459299700423962,-0.15057114885959877,-1.185616568187074,Financially Healthy & Highly Engaged
KH00103005,67,Nữ,Cán bộ chính quyền địa phương,Hà Nội,100942500.0,392400000,0.23059166666666667,63.300000000000004,Cần theo dõi,1455130.1666666667,1.4402120791133306,61.0,25.666666666666668,71.98333333333333,12.916666666666666,0.5503579004927025,0.44964209950729744,0.17503808271232216,3.8971431672888315,0.902625,0,0.7051265775974064,0.8008269569960557,-0.8008269569960567,-0.4946507588662604,0.15071144059083535,1.4107453507067182,Financially Stretched but Highly Engaged
KH00103010,33,Nữ,Giám đốc chiến lược,Tây Ninh,1450474166.6666667,6452500000,0.08345000000000001,76.075,Ổn định,2223992.1666666665,1.399595073049239,243.25,30.416666666666668,82.50833333333334,14.0,0.451943130403341,0.5480568695966589,0.25171322823121994,4.4691857599117695,0.3744,2,-1.8825891617481127,-0.013887131857008485,0.013887131857007108,0.03149912568688246,0.9345645001539941,-2.140351702975897,Financially Healthy & Highly Engaged
KH00103045,43,Nữ,Biên tập viên hiệu đính,Vĩnh Long,856885833.3333334,3160700000,0.20669166666666663,64.175,Cần theo dõi,2114667.9166666665,1.4554607766721865,304.8333333333333,30.416666666666668,82.0,14.0,0.45453000007380767,0.5454699999261923,0.24066113773872957,3.7067008122663583,0.7693083333333334,2,0.2848077952197115,0.007527937899718066,-0.007527937899718985,-0.04434104517084984,-0.1102460905089093,0.5144976869142298,Financially Healthy & Highly Engaged
KH00103050,46,Nam,Chuyên viên chỉnh thị,Lào Cai,583031666.6666666,2923400000,0.14666666666666667,67.66666666666667,Cần theo dõi,2341517.5,0.9059348317795103,182.75,30.25,78.79166666666667,14.0,0.3849582819223212,0.6150417180776788,0.18627426957433169,5.033632854056751,0.7403749999999999,2,-0.7708254647058572,-0.5684126339500519,0.5684126339500515,-0.41754730662948875,1.7080096726163796,0.31998763011415876,Financially Healthy & Highly Engaged
KH00103085,42,Nam,Nhà trị liệu tâm lý trẻ em,Khánh Hòa,615603333.3333334,2656800000,0.16598333333333334,64.50833333333334,Cần theo dõi,1450935.0,2.0492301702486837,304.0833333333333,30.416666666666668,82.94166666666666,14.0,0.5050176825684292,0.49498231743157084,0.259047789611376,4.327417282618207,0.7163583333333333,2,-0.4311117486837177,0.42548376104048424,-0.42548376104048474,0.08182936760948707,0.7403033452867762,0.15853083757446992,Financially Healthy & Highly Engaged
KH00103090,43,Nam,Nhà biên soạn từ điển,Điện Biên,498958333.3333333,1643600000,0.20305833333333334,64.66666666666667,Cần theo dõi,1939846.75,2.648193196350845,182.91666666666666,30.333333333333332,79.55,14.0,0.4567704731440329,0.5432295268559671,0.2019332730553168,3.303871023768307,0.673025,0,0.22090996079967218,0.026075407698722318,-0.02607540769872232,-0.31009419626392765,-0.6622318451876882,-0.1327860677712571,Financially Stretched but Highly Engaged
KH00103125,40,Nam,Nhà thiết kế triển lãm,Thành phố Hồ Chí Minh,623717500.0,1870400000,0.2389416666666667,62.833333333333336,Cần theo dõi,1483993.0,2.042917179899779,304.1666666666667,30.416666666666668,81.80833333333334,14.0,0.497263807420081,0.502736192579919,0.23613361135769748,3.009557401848807,0.7174333333333333,0,0.8519743530306181,0.3612942971944498,-0.3612942971944503,-0.0754092285641794,-1.0655211036936185,0.1657577377263154,Financially Stretched but Highly Engaged
KH00103130,44,Nữ,Biên tập viên hiệu đính báo chí,Hải Phòng,760792500.0,3314100000,0.15094166666666667,66.375,Cần theo dõi,1378358.5,2.044410054720699,364.0833333333333,30.416666666666668,78.7,14.0,0.5096724288442478,0.4903275711557522,0.17402360877511902,4.374784111246876,0.6539666666666667,2,-0.6956429209960394,0.46401748283348687,-0.46401748283348737,-0.5016121456537175,0.805208710763398,-0.26090948364157945,Financially Healthy & Highly Engaged
KH00103165,62,Nam,Kỹ thuật viên sản xuất bia,Thành phố Hồ Chí Minh,286265000.0,811400000,0.24475,65.3,Cần theo dõi,1602457.5,1.7091266768034934,122.0,29.583333333333332,78.16666666666667,13.666666666666666,0.525456558501915,0.474543441498085,0.21045888410712119,2.840506525835473,0.6942916666666666,0,0.9541229553030209,0.5946843817218178,-0.5946843817218188,-0.25159089326665723,-1.2971665232720675,0.010183305775338086,Financially Stretched but Highly Engaged
KH00103170,67,Nam,Giám đốc vận hành,Thành phố Hồ Chí Minh,528537500.0,2166900000,0.08676666666666666,77.83333333333333,Ổn định,1553849.75,1.3296667316310098,122.08333333333333,29.25,77.39999999999999,13.666666666666666,0.5466592421873006,0.45334075781269934,0.19638303230623214,4.116468557941541,0.3532916666666666,3,-1.8242604046399113,0.7702080872011232,-0.7702080872011247,-0.3481803128224323,0.45124654185790464,-2.2822566493683447,Financially Healthy Moderate Spenders
KH00103205,59,Nam,Nhà khoa học địa chất,Thành phố Hồ Chí Minh,631043333.3333334,1819400000,0.1549,73.53333333333333,Cần theo dõi,1544862.75,1.35915516678404,183.0,29.916666666666668,78.60833333333333,13.75,0.5450407984736533,0.4549592015263466,0.19306586009658191,2.8906007212013685,0.44985,3,-0.6260294545980599,0.7568100078851137,-0.7568100078851151,-0.3709429663960104,-1.2285239277550684,-1.6331241527835483,Financially Healthy Moderate Spenders
KH00103210,44,Nữ,Giám đốc vận hành,Điện Biên,608679166.6666666,2220600000,0.12265833333333333,73.675,Cần theo dõi,1433378.3333333333,1.7754366985608527,182.41666666666666,30.333333333333332,77.925,14.0,0.5415475244503768,0.4584524755496231,0.16976181489082698,3.6589240182970535,0.45565833333333333,3,-1.1930494577428647,0.7278913856051087,-0.7278913856051101,-0.5308568552011795,-0.17571321937643297,-1.5940764829708616,Financially Healthy Moderate Spenders
KH00103245,48,Nữ,Chuyên viên tư vấn môi trường,Đồng Tháp,696785833.3333334,1949900000,0.265025,60.949999999999996,Cần theo dõi,1413353.75,2.257766540801827,366.0,30.416666666666668,79.96666666666667,14.0,0.49170389003814025,0.5082961099618597,0.19929188457780236,2.8054033701529915,0.7389583333333333,0,1.3106904579267766,0.31526723215316427,-0.3152672321531652,-0.32821957748230035,-1.34526734012885,0.3104638082086257,Financially Stretched but Highly Engaged
KH00103250,20,Nam,Chuyên viên thông tin hướng nghiệp,Phú Thọ,816605833.3333334,2896900000,0.2289,62.76666666666667,Cần theo dõi,1786758.6666666667,1.0259166378466535,364.5833333333333,30.333333333333332,83.38333333333334,14.0,0.26920047268591835,0.7307995273140816,0.268299180283158,3.56250152618974,0.8123166666666667,2,0.6753759803789015,-1.5266988545450788,1.5266988545450781,0.14531301802804997,-0.3078381108158394,0.8036297154698637,Financially Healthy & Highly Engaged
KH00103285,59,Nam,Biên tập viên đặt bài,Hà Nội,517506666.6666667,2211600000,0.1398,68.86666666666666,Ổn định,1715282.8333333333,1.7530560359556089,182.33333333333334,29.833333333333332,77.61666666666666,14.0,0.48677495858635217,0.5132250414136478,0.1668150830837861,4.286560193921683,0.594225,3,-0.8915865095730886,0.2744637034438408,-0.27446370344384174,-0.5510775224016286,0.6843180840621396,-0.6625346556461021,Financially Healthy Moderate Spenders
KH00103290,66,Nữ,Nhà di truyền tế bào học,Khánh Hòa,415931666.6666667,1810900000,0.1621,66.66666666666667,Cần theo dõi,1612312.8333333333,1.6026330595777674,182.66666666666666,29.916666666666668,80.91666666666667,13.916666666666666,0.5599715153386812,0.4400284846613187,0.2341831272074517,4.368673446241497,0.7088166666666668,3,-0.4994062230867883,0.8804120381044498,-0.8804120381044512,-0.08879357891042829,0.7968354470900256,0.10783049154795471,Financially Healthy Moderate Spenders
KH00103325,58,Nam,Chuyên viên viết nội dung quảng cáo,Thanh Hóa,387641666.6666667,1216400000,0.25525,63.23333333333333,Cần theo dõi,1718827.25,1.8015031889780184,182.83333333333334,30.416666666666668,77.27499999999999,14.0,0.4912718535814567,0.5087281464185432,0.15511116524953994,3.1438014419380167,0.8023583333333333,0,1.1387818345902923,0.31169067359555513,-0.3116906735955561,-0.6313905752903296,-0.8815704627639718,0.7366828497221433,Financially Stretched but Highly Engaged
KH00103330,53,Nữ,Chuyên viên pháp lý được cấp chứng chỉ,Tây Ninh,271396666.6666667,861000000,0.21384166666666668,66.99166666666666,Cần theo dõi,1528717.8333333333,1.4425519978659078,122.0,29.416666666666668,78.23333333333333,13.666666666666666,0.5672852400976417,0.43271475990235836,0.2119642021439184,3.1857253604692617,0.6804583333333333,3,0.4105516987343782,0.9409577732385985,-0.9409577732385986,-0.24126130202928023,-0.8241233561439685,-0.08281401400810574,Financially Healthy Moderate Spenders
KH00103365,53,Nam,Công chức diện đào tạo nhanh,Tây Ninh,103570000.0,372700000,0.24808333333333332,61.15,Cần theo dõi,1550615.9166666667,1.2647848347096133,61.416666666666664,25.083333333333332,74.31666666666666,13.25,0.5382181679632203,0.46178183203677964,0.21452246450607312,3.609810646007375,0.8961916666666667,0,1.0127448217434245,0.7003297336860138,-0.7003297336860148,-0.22370633767420625,-0.2430118220175559,1.3674959947592376,Financially Stretched but Highly Engaged
KH00103370,58,Nữ,Người dẫn chương trình phát sóng,Hưng Yên,136970000.0,471600000,0.218975,63.53333333333333,Ổn định,1719792.4166666667,1.6145098331777563,61.25,25.416666666666668,73.375,13.25,0.5258638604033519,0.4741361395966481,0.19135805196175262,3.4514504669363024,0.7586083333333332,0,0.5008293730525997,0.5980561784268853,-0.5980561784268863,-0.3826620579855775,-0.46000809550946886,0.4425648202865531,Financially Stretched but Highly Engaged
KH00103405,38,Nam,Quản lý trung tâm thể hình,Cà Mau,328304166.6666667,1103900000,0.23656666666666668,63.275,Cần theo dõi,1402187.9166666667,1.798639580094408,183.0,30.333333333333332,81.26666666666667,14.0,0.5260014002047902,0.4739985997952097,0.23712737934692493,3.3721047481678297,0.7989916666666668,0,0.8102062731918301,0.5991947840844319,-0.5991947840844329,-0.06858992735169242,-0.5687331890986125,0.7140497670760532,Financially Stretched but Highly Engaged
KH00103410,59,Nam,Nhân viên phát triển cộng đồng,Hải Phòng,197483333.33333334,805900000,0.2298083333333333,62.81666666666666,Cần theo dõi,1502915.0,1.2242524504056755,122.08333333333333,29.416666666666668,76.7,13.416666666666666,0.5437524058413961,0.45624759415860394,0.18818660942340962,4.089419282170906,0.9416083333333334,0,0.6913504389839111,0.7461442142392887,-0.7461442142392892,-0.40442470498316074,0.41418171863458214,1.6728185205542783,Financially Stretched but Highly Engaged
KH00103445,64,Nam,Nhà địa chất hiện trường,Quảng Ngãi,156191666.66666666,604600000,0.17998333333333336,67.19166666666666,Cần theo dõi,1748929.25,1.420502785890058,61.166666666666664,25.5,74.8,13.25,0.5061528210277161,0.49384717897228386,0.22411868372966368,3.878831009576914,0.69385,3,-0.18489990963402203,0.43488085961359757,-0.4348808596135985,-0.15785645108488894,0.12561883204245197,0.0072141142400835145,Financially Healthy Moderate Spenders
KH00103450,92,Nữ,Chuyên viên trưng bày bán lẻ,Phú Thọ,307983333.3333333,1139400000,0.17383333333333337,67.84166666666667,Cần theo dõi,1664874.9166666667,1.5136382832262563,122.25,29.25,77.21666666666667,13.75,0.5124740933621709,0.4875259066378292,0.18928927244738344,3.7129655176079184,0.6375583333333333,3,-0.2930572532165666,0.487210704266805,-0.4872107042668051,-0.3968581588900482,-0.10166174991509555,-0.37121775030037507,Financially Healthy Moderate Spenders
KH00103485,27,Nữ,Nhân viên xe cứu thương,Đồng Tháp,317404166.6666667,1261600000,0.22144166666666668,60.74166666666667,Cần theo dõi,2315634.8333333335,1.4136696467835028,122.08333333333333,29.833333333333332,80.35833333333333,14.0,0.4172600900186956,0.5827399099813043,0.2410546757489307,3.9926487259100942,0.8876,0,0.5442095542184985,-0.30100624639614754,0.3010062463961462,-0.04164056149738152,0.2815798851716936,1.3097368160262666,Financially Stretched but Highly Engaged
KH00103490,29,Nữ,Nhà trị liệu tâm lý,Lạng Sơn,415414166.6666667,1755900000,0.21698333333333333,60.625,Cần theo dõi,1536532.1666666667,2.4606180872062193,243.41666666666666,30.333333333333332,79.18333333333334,13.916666666666666,0.5108597141307137,0.4891402858692863,0.1885130306993208,4.238302101854961,0.91,0,0.46580280785445843,0.47384627224683845,-0.4738462722468385,-0.40218478074859865,0.6181914466351353,1.4603252470972892,Financially Stretched but Highly Engaged
KH00103525,47,Nam,Chuyên viên vệ sinh lao động,Hà Nội,116562500.0,483200000,0.27666666666666667,62.93333333333334,Ổn định,2097059.8333333333,1.7818478161756104,61.5,25.333333333333332,72.35000000000001,13.666666666666666,0.5346069856215833,0.4653930143784168,0.16018468179016485,4.158158218282037,1.1463666666666665,0,1.5154273264698863,0.6704350224706377,-0.6704350224706377,-0.5965757715613906,0.5083726514019656,3.0493469207946347,Financially Stretched but Highly Engaged
KH00103530,51,Nam,Người dẫn chương trình phát sóng,Nghệ An,252286666.66666666,910000000,0.23981666666666668,60.833333333333336,Cần theo dõi,1804551.3333333333,1.649382660203375,122.16666666666667,29.166666666666668,79.27499999999999,13.916666666666666,0.4640740121734015,0.5359259878265985,0.22698908271683826,3.6215789845856245,0.8703916666666668,0,0.8673625929712238,0.08653682157300054,-0.086536821573001,-0.138159584707881,-0.22688601544388978,1.1940503911149358,Financially Stretched but Highly Engaged
KH00103565,38,Nam,Chủ nhiệm ánh sáng trường quay,An Giang,837135833.3333334,3307000000,0.176725,67.91666666666667,Cần theo dõi,2402412.0,0.9436087022658889,243.33333333333334,30.416666666666668,79.29166666666667,14.0,0.3885504951207836,0.6114495048792165,0.1883184695627991,3.9600925599248225,0.701375,2,-0.24220278407951715,-0.538674956360663,0.5386749563606631,-0.4035198720461324,0.2369691330278889,0.057802415303004985,Financially Healthy & Highly Engaged
KH00103570,25,Nữ,Trợ lý phát thanh,Vĩnh Long,122133333.33333333,525700000,0.2056083333333333,56.25833333333333,Cần theo dõi,1826027.3333333333,2.0225029753611854,61.5,25.333333333333332,73.75,13.083333333333334,0.41967786878235236,0.5803221312176476,0.20416785557278375,4.317174678299732,0.8829916666666667,0,0.26575568862658044,-0.28099097408801404,0.2809909740880136,-0.2947603442623044,0.726268207280499,1.2787563835923854,Financially Stretched but Highly Engaged
KH00103605,39,Nữ,Cán bộ đào tạo và phát triển,Thành phố Hồ Chí Minh,490543333.3333333,1588000000,0.26371666666666665,60.574999999999996,Cần theo dõi,2275247.9166666665,1.439921354912839,183.16666666666666,29.916666666666668,80.51666666666667,14.0,0.4368532710272301,0.56314672897277,0.22280979602834708,3.2476813563592444,0.85025,0,1.2876813753489178,-0.13880660300311867,0.13880660300311867,-0.1668381244587076,-0.7392268859109266,1.0586440526109688,Financially Stretched but Highly Engaged
KH00103610,27,Nữ,Chuyên viên phân tích địa chấn,Vĩnh Long,109534166.66666667,485400000,0.18024166666666666,68.10000000000001,Cần theo dõi,1390465.75,1.3553774715064806,61.666666666666664,26.583333333333332,72.575,13.25,0.6139656322726629,0.38603436772733707,0.16782106369998648,4.439855294317186,0.788425,3,-0.18035671498489123,1.3273954303468094,-1.3273954303468105,-0.5441744173407314,0.8943738299290579,0.6430132601571332,Financially Healthy Moderate Spenders
KH00103645,65,Nữ,Chuyên viên tư vấn tâm lý,Vĩnh Long,283502500.0,1179400000,0.15585000000000002,69.02499999999999,Cần theo dõi,1488481.5833333333,1.3903447773170223,122.5,29.25,75.85000000000001,13.666666666666666,0.5625468615761617,0.4374531384238382,0.16449393150252414,4.165543802527316,0.6439833333333334,3,-0.6093222226625448,0.9017317125948234,-0.9017317125948244,-0.5670054170048454,0.5184928992331256,-0.32802441683469125,Financially Healthy Moderate Spenders
KH00103650,67,Nam,Thủ thư thư viện công cộng,Quảng Ngãi,131058333.33333333,462000000,0.229175,66.21666666666667,Cần theo dõi,1675022.8333333333,1.5645649523636578,61.333333333333336,24.25,71.99166666666666,13.166666666666666,0.54868196946798,0.45131803053201996,0.17649305092525916,3.5404012060968366,0.8143583333333333,0,0.6802122843602347,0.7869529763268167,-0.7869529763268177,-0.48466667142717473,-0.33812152632641507,0.8173552235101909,Financially Stretched but Highly Engaged
KH00103685,82,Nam,Chuyên viên nhân sự,Hưng Yên,228440000.0,965700000,0.1824,58.7,Cần theo dõi,14678667.0,0.680670161981653,12.0,2.0,50.0,6.0,0.1321191752202743,0.8678808247797257,0.6651660005450086,4.227368236736123,0.7711,1,-0.14239905646472964,-2.6615088455871723,2.6615088455871727,2.8686392047684555,0.6032090943823879,0.5265425205006394,Low-Engagement Online Discretionary Spenders
KH00103690,47,Nữ,Biên tập viên chuyên đề tạp chí,Thành phố Hồ Chí Minh,478863333.3333333,2346000000,0.15045,65.54166666666667,Cần theo dõi,1460919.25,1.9740330427104178,243.91666666666666,30.416666666666668,81.04166666666667,14.0,0.5269360105139668,0.4730639894860332,0.22298756486371488,4.910258621294437,0.7308166666666667,2,-0.704289646295999,0.6069318360104999,-0.6069318360105009,-0.16561826303460558,1.5389536074402292,0.25572984349270783,Financially Healthy & Highly Engaged
KH00103725,55,Nam,Chuyên viên tư vấn làm vườn,Thành phố Hồ Chí Minh,164430000.0,699900000,0.14859166666666665,69.79166666666667,Cần theo dõi,1742246.3333333333,1.3134032673454141,61.583333333333336,25.25,72.83333333333333,13.166666666666666,0.4862669505506057,0.5137330494493942,0.18953199813960206,4.267174164730084,0.6302666666666666,3,-0.7369713368365244,0.2702582238842441,-0.27025822388424503,-0.3951925592478874,0.6577539811603963,-0.4202374218729736,Financially Healthy Moderate Spenders
KH00103730,45,Nữ,Chuyên viên thu mua bán lẻ,Thanh Hóa,147184166.66666666,525200000,0.19535,67.11666666666666,Cần theo dõi,1644072.1666666667,2.0969582169397274,61.166666666666664,25.0,74.71666666666667,13.416666666666666,0.5122768985829572,0.48772310141704284,0.21886823325602178,3.576408922715268,0.6991416666666667,3,0.08534689465623846,0.4855782525044552,-0.48557825250445524,-0.19388538708316247,-0.28878121635085174,0.04278839018134075,Financially Healthy Moderate Spenders
KH00103765,41,Nữ,Kỹ sư hàng không,Tuyên Quang,427006666.6666667,1239200000,0.21772500000000003,66.02499999999999,Cần theo dõi,1488320.5833333333,2.0119642896234518,183.41666666666666,30.25,79.01666666666667,14.0,0.5335030057478549,0.4664969942521451,0.1910087512100058,2.911877436965486,0.6301166666666667,0,0.47884617313744876,0.661295866263495,-0.6612958662634955,-0.3850589826860415,-1.1993690729169209,-0.42124582654532405,Financially Stretched but Highly Engaged
KH00103770,30,Nam,Cán bộ giáo dục bảo tàng,Thành phố Hồ Chí Minh,100663333.33333333,462700000,0.20756666666666668,58.725,Cần theo dõi,1606568.75,1.5517643080081946,61.333333333333336,25.833333333333332,75.19166666666666,13.583333333333334,0.5450750042283552,0.45492499577164475,0.21840649651068933,4.606813643807012,0.9560166666666666,0,0.3001960351603182,0.7570931758511639,-0.757093175851165,-0.19705385495637617,1.1231519222510724,1.769681391581732,Financially Stretched but Highly Engaged
KH00103805,65,Nam,Nhà khoa học nghiên cứu y học,Hải Phòng,352391666.6666667,1468800000,0.153175,66.9,Ổn định,1845647.4166666667,2.0354452437860906,122.5,29.75,75.23333333333333,13.833333333333334,0.45171572148611777,0.5482842785138823,0.14618845729553429,4.182069045388472,0.646125,3,-0.656366270480969,-0.01576970749707098,0.01576970749707098,-0.6926187833117203,0.5411369511687468,-0.3136266390127971,Financially Healthy Moderate Spenders
KH00103810,47,Nữ,Nhà độc chất học,Đồng Tháp,859041666.6666666,3203200000,0.20945833333333333,63.46666666666667,Cần theo dõi,2224187.25,1.3776736260294065,303.1666666666667,30.416666666666668,82.64166666666667,14.0,0.4304105629964237,0.5695894370035762,0.2530811263602381,3.7358776681702017,0.7803249999999999,2,0.33346394436524707,-0.19214173753931305,0.19214173753931216,0.04088573249137794,-0.07026590710369193,0.5885594078502004,Financially Healthy & Highly Engaged
KH00103845,54,Nam,Chuyên viên quy hoạch đô thị,Phú Thọ,317828333.3333333,1238800000,0.23015,62.61666666666667,Cần theo dõi,1551231.9166666667,1.4952907917621865,182.91666666666666,30.166666666666668,79.075,13.833333333333334,0.5339019561977568,0.4660980438022431,0.1984158878105856,3.9127276331726235,0.8950333333333335,0,0.6973591802940529,0.6645985265450179,-0.6645985265450189,-0.3342307248341684,0.17206637363638952,1.3597088697894195,Financially Stretched but Highly Engaged
KH00103850,22,Nữ,Nhà khoa học nghiên cứu toán học,Sơn La,559698333.3333334,2212900000,0.13109166666666666,69.64999999999999,Cần theo dõi,1205615.25,2.3740670509819095,243.0,30.25,82.48333333333333,14.0,0.45424177798665877,0.5457582220133412,0.2530264008713264,3.9634107538842347,0.5249750000000001,2,-1.0447361356486435,0.005141928209245485,-0.005141928209245945,0.04051020259211065,0.2415159561505925,-1.1280814793812923,Financially Healthy & Highly Engaged
KH00103885,75,Nam,Nhà thiết kế trang sức,Tây Ninh,165299166.66666666,701900000,0.15784166666666666,67.88333333333334,Ổn định,1812079.3333333333,1.5236587751048887,61.333333333333336,25.666666666666668,73.64999999999999,13.5,0.4842251696676439,0.515774830332356,0.1904856295415197,4.262852438522531,0.6698416666666667,3,-0.574295657464404,0.25335560194864043,-0.2533556019486414,-0.38864867793368035,0.6518320474546355,-0.15418665581780847,Financially Healthy Moderate Spenders
KH00103890,33,Nam,Quản lý khách sạn,Thái Nguyên,138685000.0,434000000,0.20188333333333333,68.34166666666667,Cần theo dõi,1349483.4166666667,1.603393143522462,61.416666666666664,25.916666666666668,72.5,13.416666666666666,0.5463449819615455,0.4536550180384544,0.1669447920279393,3.139829777134747,0.6239083333333334,3,0.2002457528794297,0.76760652410997,-0.7676065241099714,-0.5501874511076015,-0.8870127176725225,-0.4629825754842787,Financially Healthy Moderate Spenders
KH00103925,86,Nữ,Chuyên viên chăm sóc cây,Quảng Ninh,290934166.6666667,1064300000,0.18905833333333333,66.88333333333334,Cần theo dõi,1667512.1666666667,1.3736415031460194,121.91666666666667,29.583333333333332,76.55,13.666666666666666,0.48649383975527677,0.5135061602447232,0.17644311605803611,3.6651796967889356,0.6955333333333332,3,-0.0253018782500235,0.27213649715040467,-0.2721364971504056,-0.4850093277657676,-0.1671412480079698,0.018530655563128565,Financially Healthy Moderate Spenders
KH00103930,60,Nữ,Chuyên viên tư vấn làm vườn,Lâm Đồng,63600000.0,270100000,0.1385,76.8,Ổn định,5343143.0,0.6558292673627972,7.0,2.0,12.8,2.0,1.0,0.0,0.0,4.24685534591195,0.5881,3,-0.914449037484846,4.523131577302904,-4.523131577302906,-1.695773578891339,0.6299117041993835,-0.703711179767085,Financially Healthy Moderate Spenders
KH00103965,77,Nữ,Giảng viên giáo dục thường xuyên,Cần Thơ,285340000.0,1045800000,0.1379,70.8,Ổn định,13106727.0,0.8141620220749275,11.0,2.0,45.4,7.0,0.1028826279356888,0.8971173720643112,0.4864608043059081,3.665101282680311,0.5053,1,-0.9250009734441189,-2.903539863497821,2.9035398634978207,1.6423524108676162,-0.1672486965437098,-1.2603505589046125,Low-Engagement Online Discretionary Spenders
KH00103970,49,Nữ,Quản lý hồ sơ,Bắc Ninh,829043333.3333334,3221900000,0.13367500000000002,70.89999999999999,Cần theo dõi,2356643.3333333335,1.4587812743882707,183.25,30.25,84.31666666666666,14.0,0.4447423786147516,0.5552576213852484,0.29696293798589346,3.8963987169558347,0.5234833333333334,2,-0.9993041891573302,-0.07349763470298189,0.07349763470298097,0.3420056060119418,0.14969134229966327,-1.138109503623001,Financially Healthy & Highly Engaged
KH00104005,40,Nam,Bác sĩ bệnh viện,Hưng Yên,888811666.6666666,2945300000,0.143675,71.78333333333333,Cần theo dõi,1428348.6666666667,1.6555498851102646,304.0,30.416666666666668,81.35833333333333,14.0,0.5308556471322654,0.46914435286773454,0.22767604950745413,3.320286329291618,0.4763916666666666,2,-0.8234385898361195,0.6393800465099266,-0.6393800465099276,-0.13344557347088512,-0.6397384371372273,-1.454692548259291,Financially Healthy & Highly Engaged
KH00104010,85,Nam,Kỹ sư vận hành phát sóng,Đồng Nai,353985833.3333333,891400000,0.21919166666666667,68.95,Cần theo dõi,1595431.3333333333,1.70188983791219,122.08333333333333,29.333333333333332,76.85833333333333,13.583333333333334,0.5462703085177094,0.4537296914822906,0.18688570319890144,2.5259867661725526,0.5582333333333334,3,0.504639794371226,0.7669883495544518,-0.7669883495544524,-0.41335160893889883,-1.7281436551923028,-0.9044957545284471,Financially Healthy Moderate Spenders
KH00104045,61,Nam,Chuyên viên công nghệ màu sắc,An Giang,232154166.66666666,698700000,0.25743333333333335,63.94166666666666,Cần theo dõi,1486674.0833333333,1.2925035408039893,122.66666666666667,28.75,76.70833333333333,13.416666666666666,0.5343615051458249,0.46563849485417513,0.1947235004470008,3.0169044690600013,0.7726833333333333,0,1.1771791571087573,0.6684028437442424,-0.6684028437442425,-0.3595681294380738,-1.0554536346160024,0.5371867920421175,Financially Stretched but Highly Engaged
KH00104050,81,Nam,Quản trị viên giáo dục,Đà Nẵng,379385833.3333333,960500000,0.30968333333333337,59.76666666666667,Cần theo dõi,1663722.5,1.6183199051370885,183.58333333333334,30.0,80.81666666666666,14.0,0.5122199211160127,0.4877800788839872,0.22884952324479454,2.538322321649311,0.7899333333333334,0,2.096076913562085,0.48510657183066264,-0.4851065718306641,-0.1253931196118229,-1.711240608065108,0.6531533293624364,Financially Stretched but Highly Engaged
KH00104085,21,Nữ,Kỹ sư ô tô,Lào Cai,177021666.66666666,729500000,0.16515,65.45833333333333,Cần theo dõi,1994037.25,0.9850154087802299,61.666666666666664,24.75,78.175,13.583333333333334,0.265831238797366,0.7341687612026341,0.2861335074426639,4.133654476234692,0.6872333333333334,3,-0.44576721529381896,-1.5545906264320868,1.554590626432087,0.26769334235028147,0.47479589781358605,-0.03726773630693669,Financially Healthy Moderate Spenders
KH00104090,42,Nam,Chuyên viên y tế môi trường,Hà Nội,576802500.0,1605100000,0.26864166666666667,64.95833333333333,Cần theo dõi,2351522.4166666665,0.8969736572088296,183.25,30.25,79.64999999999999,14.0,0.4060356792420185,0.5939643207579816,0.204477961136857,2.7914139961600353,0.750175,0,1.3742951830146144,-0.3939260956274115,0.39392609562741154,-0.2926323795139855,-1.364436565894841,0.38587006870773183,Financially Stretched but Highly Engaged
KH00104125,30,Nữ,Quản lý nhà hát,Phú Thọ,689529166.6666666,1821300000,0.22005,67.18333333333334,Cần theo dõi,2200693.1666666665,1.4175732321888013,182.25,30.083333333333332,79.7,14.0,0.4171562276909151,0.5828437723090848,0.20575977404498255,2.650082848095231,0.5809833333333333,2,0.5197349249796297,-0.30186605739471006,0.3018660573947087,-0.2838364951493088,-1.5580984614439248,-0.7515543792219409,Financially Healthy & Highly Engaged
KH00104130,50,Nữ,Nhà thiết kế trang sức,Lào Cai,119590000.0,301200000,0.3434083333333333,63.4,Cần theo dõi,1574882.4166666667,1.2240982386735944,61.916666666666664,25.416666666666668,74.04166666666667,12.916666666666666,0.5075124729434176,0.49248752705658244,0.21611642541781043,2.5291980496544593,0.8599166666666666,0,2.6891836472728685,0.4461365641247423,-0.44613656412474234,-0.21276847320695064,-1.723743328337487,1.1236301314957844,Financially Stretched but Highly Engaged
KH00104165,33,Nữ,Kiểm soát viên tài chính,Thành phố Hồ Chí Minh,835738333.3333334,3108500000,0.17134166666666664,66.23333333333333,Cần theo dõi,1483156.3333333333,2.5023028545235126,365.1666666666667,30.416666666666668,80.59166666666667,14.0,0.524609848164824,0.4753901518351759,0.21149304822917428,3.735413080873476,0.6380583333333333,2,-0.3368770983807694,0.5876749984739664,-0.5876749984739674,-0.24449439113751387,-0.07090251734682614,-0.3678564013925401,Financially Healthy & Highly Engaged
KH00104170,58,Nữ,Quản lý tổng đài,Sơn La,490122500.0,2252200000,0.13680833333333334,69.45833333333333,Cần theo dõi,1696296.8333333333,1.4731510976396633,182.91666666666666,30.0,77.65833333333333,13.833333333333334,0.4958614535748927,0.5041385464251072,0.17085308618993336,4.612857352537344,0.624575,3,-0.944199634703351,0.3496850902207934,-0.34968509022079436,-0.5233684798723127,1.131433437719453,-0.45850077694049873,Financially Healthy Moderate Spenders
KH00104205,49,Nữ,Chuyên viên kính thuốc,Đà Nẵng,272255833.3333333,1176300000,0.16820833333333332,62.60833333333333,Cần theo dõi,1702099.3333333333,2.334879025735742,122.08333333333333,29.75,78.60833333333333,13.75,0.4643185116095679,0.5356814883904321,0.21451015230781315,4.34008088237531,0.7214999999999999,3,-0.3919816528347486,0.0885608788885896,-0.08856087888859053,-0.223790824787328,0.7576559017969027,0.19309670884337593,Financially Healthy Moderate Spenders
KH00104210,71,Nữ,Chuyên viên chăm sóc bàn chân,Thành phố Hồ Chí Minh,503050000.0,2469500000,0.119475,70.15833333333333,Cần theo dõi,1632082.1666666667,1.5208159787347484,183.0,30.25,79.825,13.916666666666666,0.5045163585313589,0.49548364146864116,0.2106946873329286,4.924867237374878,0.5921333333333334,3,-1.2490333401934501,0.4213336141091753,-0.42133361410917536,-0.2499727960436758,1.5589713623387442,-0.6765962985772127,Financially Healthy Moderate Spenders
KH00104245,45,Nam,Chuyên viên nghiên cứu xã hội,Lâm Đồng,342712500.0,1630700000,0.17203333333333334,63.1,Cần theo dõi,1543067.5833333333,2.043134840359611,183.08333333333334,30.416666666666668,80.43333333333334,14.0,0.47354670989112463,0.5264532901088753,0.21794147122194238,4.776486569353169,0.8139249999999999,3,-0.324713061094385,0.16495533825568653,-0.16495533825568748,-0.20024488903049079,1.3556497179214264,0.8144420544567331,Financially Healthy Moderate Spenders
KH00104250,64,Nữ,Nhà địa chất hiện trường,Bắc Ninh,275207500.0,1130100000,0.17450833333333335,66.75,Ổn định,1619870.1666666667,1.3613519600647839,122.25,29.25,77.11666666666666,13.833333333333334,0.5253786368481811,0.47462136315181885,0.18579192796378396,4.127816601446988,0.7162333333333333,3,-0.2811863252623852,0.5940393172760433,-0.5940393172760443,-0.4208571664411315,0.4667964305139472,0.1576905003475108,Financially Healthy Moderate Spenders
KH00104285,53,Nữ,Chuyên viên tư vấn thuế,Đồng Nai,364997500.0,1648600000,0.17845,64.85833333333333,Cần theo dõi,1606296.5833333333,1.431561927591524,182.66666666666666,29.833333333333332,77.8,13.916666666666666,0.5012795137754832,0.4987204862245167,0.17241491837841103,4.532328975070418,0.8005833333333333,3,-0.21186596819660816,0.39453780872704025,-0.39453780872704164,-0.5126510848142705,1.0210877818659663,0.7247500610993282,Financially Healthy Moderate Spenders
KH00104290,34,Nữ,Chuyên viên tư vấn môi trường,Thành phố Hồ Chí Minh,1413734166.6666667,5483300000,0.14890833333333334,69.34166666666667,Cần theo dõi,2253488.8333333335,1.3763741759202492,365.4166666666667,30.416666666666668,82.97500000000001,14.0,0.44405234553813394,0.5559476544618661,0.25952421716115454,3.8953735940072183,0.580125,2,-0.7314022595246856,-0.07920998528597414,0.07920998528597416,0.08509864474769795,0.1482866466177963,-0.7573246948470579,Financially Healthy & Highly Engaged
KH00104325,60,Nam,Trợ lý sản xuất phát thanh,Thành phố Hồ Chí Minh,208889166.66666666,1019700000,0.1753,64.95,Cần theo dõi,1480731.8333333333,1.2175846689129717,122.16666666666667,29.416666666666668,77.27499999999999,13.416666666666666,0.5455875222344028,0.4544124777655973,0.20085475136574338,4.894330146855494,0.8588416666666667,3,-0.2672636319827894,0.7613359906231609,-0.761335990623161,-0.3174950829347884,1.517127289637756,1.1164032313439398,Financially Healthy Moderate Spenders
KH00104330,80,Nam,Dược sĩ cộng đồng,Lào Cai,325840000.0,1528300000,0.1006,75.2,Ổn định,15373600.0,0.5763558135282361,10.0,2.0,48.3,5.0,0.2378037674975282,0.7621962325024718,0.4184706249674767,4.6903388165971025,0.4718,1,-1.580979658912236,-1.7866124634202636,1.7866124634202636,1.1757993346710234,1.2376039981740439,-1.4855609357295783,Low-Engagement Online Discretionary Spenders
KH00104365,36,Nam,Nhà giao dịch tài chính,Sơn La,689489166.6666666,2936800000,0.11440833333333333,72.25,Ổn định,1394186.5833333333,1.7083620275638653,243.41666666666666,30.416666666666668,80.93333333333334,14.0,0.539924921893693,0.46007507810630693,0.2211892016858641,4.269767892355578,0.48823333333333335,2,-1.3381385771828638,0.7144588778388564,-0.7144588778388574,-0.17795874927701652,0.6613080894752944,-1.3750846016253908,Financially Healthy & Highly Engaged
KH00104370,70,Nam,Kỹ sư sản xuất,Đồng Tháp,598012500.0,2872000000,0.11081666666666667,70.79166666666667,Cần theo dõi,1707774.4166666667,1.7722740609329308,183.16666666666666,30.0,78.825,13.833333333333334,0.4819350149927304,0.5180649850072695,0.19372578916432803,4.813385655825843,0.5354166666666667,3,-1.4013036382723987,0.23439684933853366,-0.23439684933853508,-0.36641448978917684,1.4062114456663315,-1.0578853096893321,Financially Healthy Moderate Spenders
KH00104405,35,Nữ,Chuyên viên pháp chế,Thanh Hóa,690285000.0,2723000000,0.18957500000000002,64.7,Cần theo dõi,1393404.0,1.854955529776715,364.8333333333333,30.416666666666668,79.44166666666666,14.0,0.536229589283469,0.463770410716531,0.1885380745112116,3.9548001235534413,0.7509833333333332,2,-0.016215488951760466,0.6838675393861627,-0.6838675393861633,-0.40201292846653325,0.22971706387123975,0.3913042494420646,Financially Healthy & Highly Engaged
KH00104410,59,Nữ,Dược sĩ bệnh viện,Hưng Yên,219323333.33333334,1111300000,0.1087,70.79166666666667,Cần theo dõi,2104919.6666666665,1.6281686415773304,61.583333333333336,25.083333333333332,74.72500000000001,13.333333333333334,0.43538879206173253,0.5646112079382675,0.23490359355523827,5.0855155789862865,0.5485916666666667,3,-1.438528523462055,-0.15093010484066247,0.15093010484066202,-0.08384969151188541,1.7791030373394787,-0.9693137659678713,Financially Healthy Moderate Spenders
KH00104445,37,Nam,Nhà khoa học thính học,Đà Nẵng,193856666.66666666,695700000,0.14805833333333332,68.99166666666666,Cần theo dõi,1702307.8333333333,2.1187798735906056,61.583333333333336,25.583333333333332,75.18333333333334,13.583333333333334,0.4868413201527866,0.5131586798472134,0.22564792331826355,3.603116694769088,0.53395,3,-0.7463508354669889,0.2750130691852166,-0.2750130691852171,-0.14736270858788106,-0.25218434557850083,-1.0677452664856486,Financially Healthy Moderate Spenders
KH00104450,29,Nữ,Nhà thống kê,Thành phố Hồ Chí Minh,1063217500.0,4371600000,0.14826666666666666,69.05833333333334,Cần theo dõi,2109116.6666666665,1.3617675487918166,303.75,30.416666666666668,82.8,14.0,0.46427033725516803,0.5357296627448319,0.2563311458837026,4.129907907212975,0.606325,2,-0.7426869688144636,0.08816207365625177,-0.0881620736562527,0.06318757992177955,0.46966208500242573,-0.5811900120764876,Financially Healthy & Highly Engaged
KH00104485,47,Nam,Cán bộ hành chính địa phương,Cà Mau,319242500.0,1132800000,0.25067500000000004,62.324999999999996,Cần theo dõi,2366411.5,0.8853420385000672,122.16666666666667,29.25,77.77499999999999,13.916666666666666,0.41084735713958564,0.5891526428604144,0.19660747869647102,3.554369722718222,0.8877166666666666,0,1.0583233229008393,-0.3540932354722608,0.3540932354722604,-0.3466401469510359,-0.31898088080030645,1.3105211307714282,Financially Stretched but Highly Engaged
KH00104490,52,Nữ,Kỹ sư y sinh,Hải Phòng,200860000.0,1042300000,0.113,68.8,Ổn định,11774900.0,0.8440503389376623,10.0,2.0,49.3,7.0,0.2210294779573499,0.77897052204265,0.5698901901502348,5.1891864980583495,0.5862,1,-1.3629063157539343,-1.925476274273805,1.9254762742738043,2.2148503361504988,1.9211602340418328,-0.7164843056168585,Low-Engagement Online Discretionary Spenders
KH00104525,25,Nam,Nhà biên soạn từ điển,Đồng Tháp,96621666.66666667,317800000,0.2657916666666667,61.73333333333333,Cần theo dõi,1348678.6666666667,1.9182311467406326,61.916666666666664,23.25,74.77499999999999,13.333333333333334,0.45335400043854945,0.5466459995614505,0.23271329079821554,3.29685361384751,0.8855083333333335,0,1.32417348720807,-0.002207424693325318,0.002207424693324859,-0.09887969288905796,-0.6718475946223655,1.2956751730951568,Financially Stretched but Highly Engaged
KH00104530,72,Nam,Sĩ quan hậu cần quân đội,Hà Nội,158322500.0,454300000,0.23743333333333336,66.39166666666667,Cần theo dõi,1726442.25,1.5490609034642135,61.5,24.833333333333332,72.325,13.333333333333334,0.47988151494389847,0.5201184850561015,0.17528215030984118,2.8755787530446963,0.68745,0,0.8254479584663355,0.21739721178692722,-0.21739721178692817,-0.49297595098179225,-1.2491080867881865,-0.03581115178020822,Financially Stretched but Highly Engaged
KH00104565,63,Nam,Quản trị viên cơ sở dữ liệu,Khánh Hòa,288616666.6666667,1308100000,0.15965,66.69166666666666,Cần theo dõi,1694433.3333333333,1.5011987339266097,121.75,29.416666666666668,76.40833333333333,13.916666666666666,0.49654266270923625,0.5034573372907637,0.16883522751326896,4.546710803966103,0.724025,3,-0.5424932949204851,0.35532439292608,-0.3553243929260809,-0.5372151586439867,1.0407947769872667,0.210071520827945,Financially Healthy Moderate Spenders
KH00104570,70,Nữ,Chuyên viên nghiên cứu viễn thông,Thành phố Hồ Chí Minh,482138333.3333333,2120700000,0.1705,66.10000000000001,Cần theo dõi,1487515.25,1.4007635834195575,243.5,30.416666666666668,79.26666666666667,13.916666666666666,0.5675535582251136,0.4324464417748864,0.18904886255589157,4.4214824530193235,0.747575,3,-0.3516791196569707,0.9431790105442133,-0.9431790105442144,-0.398507867355521,0.8691980684561864,0.36839105438698794,Financially Healthy Moderate Spenders
KH00104605,36,Nam,Nhà tâm lý học pháp y,Điện Biên,661776666.6666666,2592000000,0.17226666666666668,67.48333333333333,Cần theo dõi,2468189.75,0.9454523059025209,183.08333333333334,30.083333333333332,79.70833333333333,14.0,0.3829792790510604,0.6170207209489397,0.20546587626529544,3.9250931770246615,0.67645,2,-0.3206095304435567,-0.5847955561438734,0.5847955561438734,-0.2858532410166471,0.18901051294800789,-0.10976082775258514,Financially Healthy & Highly Engaged
KH00104610,63,Nữ,Nhà khoa học nghiên cứu y học,Lào Cai,370050000.0,1492200000,0.1129,74.7,Ổn định,21055875.0,0.3122025971173781,8.0,2.0,54.6,4.0,0.0439544782631925,0.9560455217368076,0.6737727593842574,4.032428050263478,0.4552,1,-1.3646649717471464,-3.3913690147993143,3.3913690147993147,2.9276993492129337,0.3360883177672159,-1.5971577194697106,Low-Engagement Online Discretionary Spenders
KH00104645,37,Nam,Nhân viên y tế cộng đồng,Nghệ An,111910833.33333333,400300000,0.25195833333333334,60.041666666666664,Cần theo dõi,1691456.75,1.7010497849970594,61.25,26.083333333333332,77.54166666666667,13.416666666666666,0.4734715634908601,0.5265284365091398,0.2641797735453008,3.5903238455113864,0.9050833333333334,0,1.0808927414803942,0.1643332483908573,-0.16433324839085822,0.11704537843137237,-0.269714008859692,1.4272719828369085,Financially Stretched but Highly Engaged
KH00104650,21,Nam,Chuyên viên công nghệ dệt may,An Giang,887945833.3333334,3943700000,0.14281666666666668,67.83333333333333,Cần theo dõi,1868632.0,1.0577092162161257,303.8333333333333,30.333333333333332,82.90833333333333,14.0,0.2505883697298655,0.7494116302701346,0.25882495164835345,4.455063771651597,0.6347416666666666,2,-0.8385337204445233,-1.6807767687414072,1.6807767687414075,0.08030023887129038,0.9152135569766775,-0.3901533491478475,Financially Healthy & Highly Engaged
KH00104685,57,Nam,Cán bộ quản lý thị trường,Lâm Đồng,240210000.0,1178400000,0.1172,69.6,Ổn định,15343000.0,0.6300398067970423,9.0,2.0,46.4,5.0,0.158892582212663,0.841107417787337,0.5071802559256121,4.905707505932309,0.5749,1,-1.2890427640390258,-2.4398686195978203,2.4398686195978203,1.784530648729908,1.5327173485549046,-0.7924507909339371,Low-Engagement Online Discretionary Spenders
KH00104690,68,Nữ,Nhà tâm lý học giáo dục,Đồng Tháp,186309166.66666666,534100000,0.22848333333333334,67.36666666666666,Cần theo dõi,1901939.3333333333,1.7774629151203456,61.416666666666664,25.5,71.46666666666667,13.0,0.4959025663702246,0.5040974336297753,0.16624509955363784,2.8751159284028467,0.6483916666666666,3,0.6680482470738512,0.3500254372394232,-0.35002543723942414,-0.5549887868218674,-1.249742281717434,-0.2983885239639439,Financially Healthy Moderate Spenders
KH00104725,41,Nam,Chuyên viên nghiên cứu chương trình,Đồng Nai,447519166.6666667,1410500000,0.26735000000000003,61.93333333333334,Cần theo dõi,1512709.3333333333,2.3478465526295778,242.75,30.416666666666668,80.5,14.0,0.5316086178148928,0.4683913821851071,0.2129313448624536,3.15881006399731,0.8386833333333333,0,1.3515792097689585,0.6456134180157768,-0.6456134180157782,-0.23462470517302392,-0.8610045914936855,0.9808848478763791,Financially Stretched but Highly Engaged
KH00104730,21,Nữ,Nhà tâm lý học tư vấn,Huế,527989166.6666667,2358100000,0.13835,65.875,Cần theo dõi,1360940.6666666667,2.6145839861491087,244.25,30.333333333333332,81.13333333333334,14.0,0.4184372172122124,0.5815627827877876,0.2251200349101733,4.477510490037325,0.6200583333333334,2,-0.9170870214746644,-0.2912615494562531,0.2912615494562527,-0.15098511351576185,0.945971631831085,-0.4888649620746107,Financially Healthy & Highly Engaged
KH00104765,44,Nam,Nhà địa chất hiện trường,Đồng Nai,679720833.3333334,2280700000,0.19931666666666667,64.81666666666666,Cần theo dõi,1508193.4166666667,2.1965943140773185,304.6666666666667,30.416666666666668,82.175,14.0,0.4900047513275802,0.5099952486724199,0.24418558904665863,3.3623570622559438,0.6691166666666666,2,0.15510691572031896,0.30120112962453033,-0.3012011296245304,-0.020156028810848246,-0.5820901550382604,-0.15906061173417024,Financially Healthy & Highly Engaged
KH00104770,72,Nữ,Nhà khoa học y sinh,Hà Nội,562080000.0,1835900000,0.1628,70.96666666666667,Cần theo dõi,1644073.4166666667,1.4582535236005505,182.58333333333334,30.083333333333332,77.54166666666667,13.916666666666666,0.5281960763538803,0.4718039236461197,0.16581079442488653,3.2779510722169944,0.5322416666666666,3,-0.4870956311343034,0.6173631299283528,-0.6173631299283528,-0.5579690171404003,-0.6977491888072695,-1.0792298752540865,Financially Healthy Moderate Spenders
KH00104805,28,Nam,Chuyên viên viết nội dung quảng cáo,Điện Biên,429332500.0,1459800000,0.19124166666666667,67.14999999999999,Cần theo dõi,1481532.3333333333,1.8793083628803726,182.83333333333334,30.083333333333332,81.09166666666667,14.0,0.5228989509354213,0.4771010490645788,0.23442575309848349,3.4112174088224516,0.64805,3,0.013095444268441074,0.5735115545507785,-0.5735115545507786,-0.08712866411056648,-0.5151382660681353,-0.30068544571763073,Financially Healthy Moderate Spenders
KH00104810,31,Nam,Chánh văn phòng,Tây Ninh,388910833.3333333,1843700000,0.16225,65.98333333333333,Cần theo dõi,2479620.75,0.9827180529456278,121.66666666666667,29.416666666666668,77.625,14.0,0.3573610634785053,0.6426389365214946,0.18980570496069285,4.755081961676416,0.7647749999999999,3,-0.4967682390969699,-0.7968726776906091,0.7968726776906082,-0.3933143650645737,1.3263196165748803,0.48402145681652187,Financially Healthy Moderate Spenders
KH00104845,61,Nữ,Họa sĩ,Đồng Nai,419501666.6666667,2059200000,0.13859166666666667,69.94166666666666,Cần theo dõi,1509883.1666666667,1.3316896982138526,182.91666666666666,30.166666666666668,77.72500000000001,13.75,0.5492556118098948,0.4507443881901052,0.17273931455444866,4.927039772836751,0.6869999999999999,3,-0.9128369361577351,0.7917018010966791,-0.7917018010966796,-0.5104250569480486,1.5619483234789806,-0.03883636579726041,Financially Healthy Moderate Spenders
KH00104850,19,Nam,Kỹ sư viễn thông,Phú Thọ,417932500.0,2027800000,0.11974166666666668,67.73333333333333,Ổn định,1367589.1666666667,2.8796028054327096,182.5,29.916666666666668,80.95833333333333,14.0,0.41372066867822604,0.5862793313217739,0.23900332957740045,4.871289356316669,0.5813083333333333,2,-1.2443435908782177,-0.33030689334019236,0.3303068933401915,-0.05571703365827433,1.485555175268089,-0.7493695024318477,Financially Healthy & Highly Engaged
KH00104885,29,Nam,Kỹ sư sản xuất,Gia Lai,280735000.0,1003800000,0.18186666666666665,67.76666666666667,Cần theo dõi,1461541.0833333333,1.6710348052160937,122.33333333333333,29.666666666666668,78.14999999999999,13.833333333333334,0.5359452636476569,0.464054736352343,0.20353321815114922,3.5803282244336843,0.651875,3,-0.15177855509519467,0.6815137859698022,-0.6815137859698032,-0.2991152679323718,-0.2834107130300322,-0.2749711265726908,Financially Healthy Moderate Spenders
KH00104890,60,Nữ,Kỹ sư khai thác mỏ,Đắk Lắk,188011666.66666666,732800000,0.136725,71.64999999999999,Ổn định,1633334.0833333333,1.29899549396922,61.5,25.0,72.36666666666666,13.083333333333334,0.5364974962884562,0.4635025037115437,0.17795362727102418,3.907976861008003,0.533625,3,-0.945665181364361,0.6860853732668633,-0.6860853732668643,-0.4746441006122825,0.16555653093490372,-1.0699301432757418,Financially Healthy Moderate Spenders
KH00104925,47,Nam,Trợ lý sản xuất truyền hình,Cần Thơ,493456666.6666667,2243700000,0.20326666666666668,59.05833333333334,Cần theo dõi,1515683.3333333333,2.5244478339020024,302.3333333333333,30.333333333333332,80.97500000000001,14.0,0.4972808934277073,0.5027191065722927,0.2208432495241457,4.557342717961386,0.9329666666666666,0,0.22457382745219748,0.36143574152361646,-0.36143574152361696,-0.180332695732771,1.0553633745387225,1.614723206930524,Financially Stretched but Highly Engaged
KH00104930,35,Nam,Chuyên viên trắc địa,Đắk Lắk,436328333.3333333,2010200000,0.16520833333333332,66.45833333333333,Cần theo dõi,1352503.8333333333,1.5556158407352072,243.16666666666666,30.416666666666668,79.91666666666667,14.0,0.5555090114359489,0.44449098856405106,0.20063482313578107,4.620041081371146,0.7647583333333333,3,-0.444741332631112,0.8434697702129884,-0.8434697702129894,-0.3190042448936154,1.141277089045534,0.4839094118529281,Financially Healthy Moderate Spenders
KH00104965,84,Nữ,Nhà hóa sinh lâm sàng,Nghệ An,140490833.33333334,679300000,0.1734416666666667,62.76666666666667,Cần theo dõi,1941127.8333333333,1.4878811065173165,61.5,25.083333333333332,76.26666666666667,13.25,0.47159127048580746,0.5284087295141925,0.25449888886908234,4.849128828313401,0.836875,3,-0.29994532252331424,0.14876748320137115,-0.1487674832013721,0.050614511945318665,1.4551892586372166,0.9687279693263748,Financially Healthy Moderate Spenders
KH00104970,54,Nữ,Nhà khoa học lâm sàng miễn dịch di truyền,Thanh Hóa,319760833.3333333,1227100000,0.15739166666666668,68.64166666666667,Cần theo dõi,1557485.25,1.4671867035478086,122.25,29.25,77.85000000000001,13.916666666666666,0.4932242064691914,0.5067757935308086,0.1967775384865885,3.851752607108175,0.6083583333333333,3,-0.5822096094338581,0.32785297730876956,-0.32785297730877005,-0.34547318550176953,0.08851409736547623,-0.5675205265179573,Financially Healthy Moderate Spenders
KH00105005,65,Nữ,Chuyên viên tư vấn tài chính,Nghệ An,622225833.3333334,1827900000,0.19110000000000002,69.8,Cần theo dõi,1448658.6666666667,1.3564178461439251,243.25,30.333333333333332,78.58333333333333,13.916666666666666,0.5496804912084878,0.45031950879151217,0.17684197561219697,2.9437993107234472,0.56595,3,0.010604014944724193,0.7952191108641342,-0.7952191108641348,-0.48227232730812997,-1.1556274726674791,-0.8526189363841893,Financially Healthy Moderate Spenders
KH00105010,53,Nam,Kỹ sư đóng tàu,Thành phố Hồ Chí Minh,865763333.3333334,2669500000,0.1461083333333333,71.96666666666667,Cần theo dõi,1604709.1666666667,1.7234868751905463,243.5,30.25,80.75,13.916666666666666,0.49908460145864325,0.5009153985413567,0.2204824528983035,3.0909111234795112,0.4490416666666666,2,-0.7806446273346251,0.37636750779860345,-0.3763675077986044,-0.18280850587632316,-0.9540445031232296,-1.6385583335178824,Financially Healthy & Highly Engaged
KH00105045,68,Nam,Nhà di truyền tế bào học,Cần Thơ,422196666.6666667,2055600000,0.15734166666666669,65.36666666666666,Cần theo dõi,1763171.3333333333,1.7723592819553635,182.5,30.333333333333332,77.89166666666667,14.0,0.47747534821172427,0.5225246517882757,0.16888395052933713,4.874701214336646,0.7646416666666666,3,-0.5830889374304641,0.1974780681964697,-0.19747806819647065,-0.5368808181076126,1.4902303434850075,0.48312509710776586,Financially Healthy Moderate Spenders
KH00105050,30,Nữ,Thư ký y khoa,Hà Tĩnh,268311666.66666666,1213300000,0.225,55.125,Có dấu hiệu căng thẳng tài chính,1510229.0,2.0790646529994636,182.91666666666666,30.25,79.40833333333333,13.916666666666666,0.5060067259635416,0.4939932740364583,0.20143080548142492,4.533328502888615,1.0240833333333332,0,0.6067883966436294,0.43367143030754124,-0.4336714303075427,-0.3135421617579058,1.022457405297012,2.227273022901712,Financially Stretched but Highly Engaged
KH00105085,79,Nam,Kế toán công tài chính công,Phú Thọ,287665000.0,1108200000,0.174775,69.02499999999999,Cần theo dõi,1531407.5833333333,1.3502456917636296,121.83333333333333,29.083333333333332,77.45833333333333,13.583333333333334,0.5733863286955213,0.42661367130447875,0.20047745455109037,3.862026760195524,0.6681499999999999,3,-0.27649657594715293,0.9914648549857785,-0.9914648549857786,-0.32008411845768836,0.10259246571740617,-0.16555921962265188,Financially Healthy Moderate Spenders
KH00105090,50,Nữ,Lập trình viên hệ thống,Phú Thọ,1221739166.6666667,3801100000,0.17720833333333333,69.15833333333333,Cần theo dõi,2213569.6666666665,1.4160075546244364,303.6666666666667,30.416666666666668,81.61666666666666,14.0,0.44578642575058797,0.554213574249412,0.2323500171605363,3.123040033931593,0.5579333333333333,2,-0.23370261344565857,-0.06485462400224822,0.0648546240022473,-0.1013725004505255,-0.9100192066102208,-0.9065125638731488,Financially Healthy & Highly Engaged
KH00105125,24,Nữ,Bác sĩ bệnh viện,Thành phố Hồ Chí Minh,1038062500.0,3985800000,0.09688333333333334,73.24166666666666,Ổn định,1288653.3333333333,2.220615859375078,304.5,30.25,80.49166666666666,14.0,0.4357839712048884,0.5642160287951116,0.21191103212696646,3.853698097364925,0.3722083333333333,2,-1.6463430399932861,-0.1476586648397601,0.14765866483975917,-0.24162615817779645,0.09117994517081432,-2.1550856156885754,Financially Healthy & Highly Engaged
KH00105130,31,Nam,Quản lý bối cảnh quay,Tây Ninh,446730000.0,2021000000,0.12945833333333334,68.45,Cần theo dõi,1438569.6666666667,1.8592043361435906,182.75,30.0,80.73333333333333,14.0,0.4914684519325367,0.5085315480674634,0.229293216111898,4.536944560511901,0.5852416666666667,2,-1.073460850204441,0.31331818790387195,-0.313318187903872,-0.12234847001613344,1.0274123821957994,-0.7229268910235432,Financially Healthy & Highly Engaged
KH00105165,59,Nam,Điều dưỡng sức khỏe tâm thần,Điện Biên,231695000.0,685000000,0.30377499999999996,61.333333333333336,Cần theo dõi,1671361.0,1.3707662443429183,122.25,29.916666666666668,79.03333333333333,13.416666666666666,0.5155327820207809,0.4844672179792191,0.23083408875934652,2.9690126250278617,0.9116583333333333,0,1.9921696552964685,0.51253166718042,-0.5125316671804205,-0.11177490070525013,-1.121078413184648,1.471473720974943,Financially Stretched but Highly Engaged
KH00105170,91,Nữ,Nhà khoa học thính học,Hà Nội,668755833.3333334,3199500000,0.089025,76.00833333333334,Ổn định,1571726.6666666667,1.4544185246064256,182.91666666666666,30.083333333333332,79.88333333333334,13.75,0.5401945529359308,0.4598054470640693,0.21809275578226986,4.796776831398574,0.4236166666666667,3,-1.7845440901265377,0.7166909839414646,-0.7166909839414646,-0.1992067644411953,1.383452864380684,-1.8094829254813076,Financially Healthy Moderate Spenders
KH00105205,19,Nam,Nhân viên giao nhận vận tải,Lâm Đồng,301355000.0,1291400000,0.18315833333333334,63.19166666666666,Cần theo dõi,1992628.6666666667,1.0351551347637564,123.08333333333333,29.083333333333332,82.73333333333333,13.916666666666666,0.2549225494368597,0.7450774505631402,0.3020315556864391,4.301713119600461,0.7780166666666667,0,-0.1290625818495378,-1.6448968162941988,1.6448968162941981,0.37678679357850214,0.7050816903177194,0.5730411803923614,Financially Stretched but Highly Engaged
KH00105210,24,Nam,Chuyên viên tư vấn hướng nghiệp,Thái Nguyên,351550000.0,1108400000,0.2117,62.3,Ổn định,15640067.0,0.6685059254904442,15.0,2.0,56.5,6.0,0.0958094807780018,0.9041905192219982,0.9006184969373532,3.15289432513156,0.6673,1,0.37288714954641855,-2.962094007725015,2.962094007725015,4.48432969946792,-0.8691107536384179,-0.17127351276597128,Low-Engagement Online Discretionary Spenders
KH00105245,45,Nữ,Lính cứu hỏa,Tây Ninh,1248555833.3333333,4395300000,0.18264166666666667,67.825,Cần theo dõi,2188326.4166666665,1.300673914263452,364.25,30.416666666666668,82.93333333333334,14.0,0.4492605779252177,0.5507394220747822,0.2583789211459175,3.529674951542163,0.639525,2,-0.13814897114780036,-0.036094299500953664,0.03609429950095229,0.07723954826841406,-0.3528193959584344,-0.3579964445962228,Financially Healthy & Highly Engaged
KH00105250,42,Nam,Điều dưỡng sức khỏe tâm thần,Hưng Yên,564063333.3333334,2158700000,0.20501666666666665,65.10833333333333,Cần theo dõi,2420956.1666666665,0.9450369626389019,182.91666666666666,29.916666666666668,78.48333333333333,14.0,0.38218644065875046,0.6178135593412496,0.18444617744356626,3.8390909470169508,0.7793916666666667,0,0.25535030733340897,-0.5913589673860272,0.5913589673860273,-0.4300917948993894,0.07116419872218245,0.5822848898889086,Financially Stretched but Highly Engaged
KH00105285,50,Nữ,Kỹ sư khoan,Lào Cai,568767500.0,2254700000,0.145925,70.28333333333333,Cần theo dõi,1356125.3333333333,1.543138870631742,244.33333333333334,30.416666666666668,80.13333333333334,14.0,0.5587074170950145,0.4412925829049856,0.20414364747169778,3.975675934741997,0.5749416666666667,2,-0.783868829988847,0.8699473624477925,-0.8699473624477926,-0.29492646184193777,0.2583225710171005,-0.7921706785249505,Financially Healthy & Highly Engaged
KH00105290,30,Nam,Chuyên viên trị liệu kịch nghệ,Đồng Tháp,585766666.6666666,2576600000,0.14590833333333333,65.43333333333334,Cần theo dõi,1556200.25,2.2547943189762303,242.75,30.333333333333332,82.78333333333333,14.0,0.46103224145610683,0.5389677585438931,0.25862482888493316,4.4193070244048025,0.642675,2,-0.784161939321049,0.06135591167308965,-0.061355911673090575,0.07892698332469225,0.8662171429143753,-0.3368199464768604,Financially Healthy & Highly Engaged
KH00105325,79,Nam,Kế toán viên công chứng,Lạng Sơn,195270000.0,635600000,0.2101,63.0,Ổn định,12142727.0,0.7907115799111621,11.0,2.0,36.8,6.0,0.2956502208579771,0.7043497791420229,0.3416560604926256,3.254980283709735,0.684,1,0.344748653655025,-1.3077379967101708,1.3077379967101705,0.64869274808513,-0.7292253814617945,-0.05900445924427155,Low-Engagement Online Discretionary Spenders
KH00105330,34,Nữ,Thủ thư thư viện công cộng,Hải Phòng,491866666.6666667,2230600000,0.17785833333333334,64.27499999999999,Cần theo dõi,2151702.0833333335,1.3656711046045518,182.75,30.166666666666668,82.16666666666667,14.0,0.444575645169657,0.555424354830343,0.255055202797009,4.5453157650058875,0.8111166666666666,2,-0.22227134948977964,-0.07487791620623833,0.07487791620623788,0.05443197465729713,1.0388831963265321,0.7955624780910584,Financially Healthy & Highly Engaged
KH00105365,36,Nam,Nhân viên cấp cứu,Thái Nguyên,507230833.3333333,1322000000,0.34084166666666665,57.78333333333333,Cần theo dõi,1478035.3333333333,2.376823091637838,304.3333333333333,30.416666666666668,81.41666666666667,14.0,0.5060564889045263,0.49394351109547374,0.22826702346300218,2.6152384539186326,0.8916666666666666,0,2.644044810113758,0.4340833864507724,-0.4340833864507729,-0.12939027137290757,-1.6058447050561637,1.3370757871433272,Financially Stretched but Highly Engaged
KH00105370,30,Nam,Chuyên viên dựng phim,Lai Châu,371791666.6666667,1060400000,0.28485,61.975,Cần theo dõi,2518854.6666666665,0.9197457055361072,122.33333333333333,29.333333333333332,77.91666666666667,14.0,0.38229104131121416,0.6177089586887858,0.19692455059157343,2.8626404925773064,0.8078083333333334,0,1.6593440085810771,-0.590493044260992,0.5904930442609917,-0.34446437878164826,-1.2668370027527949,0.7733215528175487,Financially Stretched but Highly Engaged
KH00105405,65,Nam,Nhà thiết kế đồ gỗ,Hà Nội,550723333.3333334,1429800000,0.26065,65.23333333333333,Cần theo dõi,1521681.8333333333,1.4230616636340427,243.75,30.416666666666668,79.56666666666666,13.833333333333334,0.5417941883544087,0.4582058116455912,0.19821238399171318,2.607377692016311,0.6872333333333334,0,1.2337492582237464,0.7299333611911295,-0.7299333611911305,-0.3356271814053459,-1.6166160747882314,-0.03726773630693669,Financially Stretched but Highly Engaged
KH00105410,55,Nữ,Chuyên viên công nghệ màu sắc,Hà Nội,161985000.0,641300000,0.17445833333333335,68.59166666666667,Cần theo dõi,1821666.6666666667,1.2849431099530133,61.666666666666664,25.833333333333332,74.26666666666667,13.25,0.5312751074679006,0.4687248925320993,0.20805392245660684,3.9685783804720813,0.6875916666666667,3,-0.28206565325899113,0.6428524952576781,-0.6428524952576791,-0.26809389806970635,0.24859700214926606,-0.03485876958965461,Financially Healthy Moderate Spenders
KH00105445,46,Nữ,Chuyên viên nghiên cứu xã hội,Quảng Ninh,629523333.3333334,1572900000,0.276725,62.083333333333336,Cần theo dõi,1452086.75,2.0814425051191017,304.5,30.333333333333332,78.16666666666667,14.0,0.5068860759491088,0.49311392405089105,0.16555598762359905,2.5061269216436064,0.693025,0,1.5164532091325933,0.4409510167113288,-0.44095101671133025,-0.5597175181464755,-1.7553570132485345,0.0016678885421554882,Financially Stretched but Highly Engaged
KH00105450,57,Nữ,Luật sư tư vấn,Hà Nội,324200000.0,1250600000,0.1001,75.6,Ổn định,11380818.0,0.8080322292360357,11.0,2.0,51.1,7.0,0.1798081301072778,0.8201918698927222,0.6627978496513272,3.8574953732264032,0.3861,1,-1.5897729388782966,-2.2667219310433375,2.266721931043337,2.852388797796514,0.09638324006600221,-2.0616961385325507,Low-Engagement Online Discretionary Spenders
KH00105485,80,Nữ,Chuyên viên sinh lý vận động,Lâm Đồng,256422500.0,724700000,0.290875,61.775,Cần theo dõi,1705670.8333333333,1.7611505863925456,122.25,29.333333333333332,76.56666666666668,13.416666666666666,0.5161116171476782,0.4838883828523219,0.18474564140220784,2.8347169855046226,0.8314833333333334,0,1.7653030321721068,0.5173234797567036,-0.5173234797567037,-0.4280368535464804,-1.3050997592938696,0.9324814236035507,Financially Stretched but Highly Engaged
KH00105490,33,Nữ,Kiểm lâm,Thành phố Hồ Chí Minh,428834166.6666667,2189700000,0.11758333333333333,69.89999999999999,Cần theo dõi,2133736.6666666665,1.3183030837142538,121.58333333333333,29.666666666666668,81.39999999999999,13.916666666666666,0.4460616048662478,0.5539383951337523,0.2650294367993797,5.127575713473325,0.601875,3,-1.2823012493983794,-0.062576588883306,0.06257658888330646,0.12287582348651038,1.836736796658227,-0.6111060173562215,Financially Healthy Moderate Spenders
KH00105525,34,Nữ,Nhà khảo cổ học,Thanh Hóa,300612500.0,1001700000,0.2551333333333333,61.50833333333333,Cần theo dõi,1394129.9166666667,1.7130683604886972,183.08333333333334,30.0,77.04166666666667,13.916666666666666,0.5297071880622528,0.4702928119377472,0.15819067921852611,3.346497107820198,0.8499,0,1.1367300692648783,0.6298726749643674,-0.6298726749643678,-0.6102587481735161,-0.6038225819052685,1.0562911083754845,Financially Stretched but Highly Engaged
KH00105530,35,Nữ,Quản lý công ty du lịch,Hưng Yên,295758333.3333333,1441100000,0.11444166666666666,71.76666666666667,Cần theo dõi,1348558.8333333333,1.5651625859843596,122.66666666666667,29.0,76.25,13.916666666666666,0.5825883878630157,0.41741161213698424,0.1669652169302186,4.891693561674467,0.5604,3,-1.3375523585184599,1.0676429250397936,-1.0676429250397947,-0.550047294086659,1.5135144548810453,-0.8899299092611609,Financially Healthy Moderate Spenders
KH00105565,86,Nam,Kỹ sư năng lượng,Đà Nẵng,299260000.0,1321900000,0.0906,75.0,Ổn định,11970400.0,0.9162376940591718,10.0,2.0,48.0,5.0,0.1876044242464746,0.8123955757535254,0.6069387823297467,4.417229165274343,0.4,1,-1.756845258233447,-2.202181307006125,2.2021813070061245,2.469080209027653,0.863369913953183,-1.9682506388947287,Low-Engagement Online Discretionary Spenders
KH00105570,57,Nam,Kỹ sư hóa học,Cần Thơ,162714166.66666666,680700000,0.161725,69.18333333333334,Cần theo dõi,1812026.4166666667,1.31361541052024,61.666666666666664,25.333333333333332,72.35833333333333,13.333333333333334,0.4896150497859924,0.5103849502140075,0.18130776591984954,4.199900037608837,0.6895416666666666,3,-0.5060011830613335,0.2979750352477305,-0.2979750352477315,-0.4516277809051391,0.5655702328635475,-0.021749508849097588,Financially Healthy Moderate Spenders
KH00105605,45,Nữ,Nhà khoa học biển,Cần Thơ,1196183333.3333333,4004100000,0.16949999999999998,68.64999999999999,Cần theo dõi,2256979.4166666665,1.4914655522761004,303.9166666666667,30.416666666666668,82.075,14.0,0.44320438500525966,0.5567956149947403,0.24196605379392666,3.356367220623429,0.5668666666666667,2,-0.3692656795890923,-0.08622971811974224,0.08622971811974132,-0.03538662549355988,-0.5902978580143924,-0.8464564633864904,Financially Healthy & Highly Engaged
KH00105610,56,Nam,Nghệ sĩ,Hà Nội,133991666.66666667,428100000,0.2621833333333333,65.70833333333333,Cần theo dõi,1727479.75,1.2385918782696788,61.5,24.833333333333332,75.86666666666666,13.666666666666666,0.49071598872579253,0.5092840112742075,0.23360742547082358,3.20675281179153,0.8511833333333333,0,1.260715316786332,0.3070890174722246,-0.30708901747222467,-0.09274408203910223,-0.7953100610041787,1.0649185705722615,Financially Stretched but Highly Engaged
KH00105645,26,Nữ,Giảng viên công nghệ thông tin,Quảng Ninh,558481666.6666666,1538800000,0.22549166666666667,66.28333333333333,Cần theo dõi,1420787.25,1.8917543332273794,243.5,30.333333333333332,79.53333333333333,14.0,0.5175425237343427,0.48245747626565727,0.1941592811572116,2.7651685910020043,0.62745,0,0.615435121943589,0.5291690569493316,-0.529169056949332,-0.363439839262375,-1.400399868973844,-0.43917302072044595,Financially Stretched but Highly Engaged
KH00105650,69,Nam,Nhân viên giao dịch,Phú Thọ,185435833.33333334,925100000,0.204075,56.083333333333336,Có dấu hiệu căng thẳng tài chính,1549014.9166666667,1.338387077923717,122.41666666666667,29.333333333333332,77.35833333333333,13.416666666666666,0.5302169167086694,0.46978308329133056,0.20110670366512098,5.001143283660908,1.0102833333333334,0,0.23878963006399528,0.6340923983793644,-0.6340923983793649,-0.3157661697083015,1.6634901744407233,2.1344997930454586,Financially Stretched but Highly Engaged
KH00105685,23,Nam,Kỹ sư vật liệu,Phú Thọ,684043333.3333334,3072400000,0.11853333333333334,69.35833333333333,Cần theo dõi,1197419.9166666667,2.10806355944233,303.6666666666667,30.25,80.28333333333333,14.0,0.45598839295225263,0.5440116070477473,0.20763915137028532,4.512830158306149,0.5329916666666666,2,-1.2655940174628642,0.019601056843888843,-0.019601056843889762,-0.27094008450609547,0.9943691294865125,-1.0741878518923336,Financially Healthy & Highly Engaged
KH00105690,80,Nữ,Chuyên viên khảo sát khoáng sản,Lâm Đồng,332185833.3333333,1288300000,0.22911666666666666,61.50833333333333,Cần theo dõi,1631741.9166666667,1.6085844139911656,183.58333333333334,30.083333333333332,78.54166666666667,13.75,0.5098528858121424,0.4901471141878575,0.1918474201079422,3.8963205958528846,0.8923083333333333,0,0.6791864016975278,0.4655113727652718,-0.46551137276527327,-0.37930398162485934,0.14958429526093991,1.3413895182417157,Financially Stretched but Highly Engaged
KH00105725,53,Nam,Luật sư sáng chế,Nghệ An,195489166.66666666,886600000,0.13983333333333334,71.52499999999999,Ổn định,1981800.5,1.4967878886047545,61.916666666666664,25.333333333333332,73.64999999999999,12.833333333333334,0.5371736269026471,0.46282637309735275,0.21168105195130496,4.549152353077086,0.637325,3,-0.8910002909086847,0.6916826340925101,-0.6916826340925115,-0.24320429724822037,1.0441403595809384,-0.37278637979069806,Financially Healthy Moderate Spenders
KH00105730,42,Nam,Chuyên viên giám định tổn thất công chứng,Hà Nội,998798333.3333334,3850000000,0.15493333333333334,70.10833333333333,Cần theo dõi,2467492.5,0.9679772757790571,243.5,30.333333333333332,78.96666666666667,13.833333333333334,0.3728416881342935,0.6271583118657065,0.18667963514322827,3.8643808014538297,0.5960333333333333,2,-0.6254432359336559,-0.6687183061479566,0.6687183061479561,-0.4147656614714213,0.10581813888660155,-0.6503777770960979,Financially Healthy & Highly Engaged
KH00105765,36,Nữ,Kỹ thuật viên phòng thí nghiệm,Thanh Hóa,197260833.33333334,712000000,0.2629333333333333,62.11666666666667,Cần theo dõi,1492007.8333333333,1.7852613554939711,122.25,29.5,78.56666666666666,13.833333333333334,0.5306487911158134,0.4693512088841865,0.2148538257492,3.62099226909924,0.9545416666666666,0,1.2739052367354224,0.6376676154305833,-0.6376676154305843,-0.22143251506015427,-0.22768997433615842,1.7597654123036177,Financially Stretched but Highly Engaged
KH00105770,52,Nữ,Dược sĩ bệnh viện,Quảng Ngãi,312700000.0,878600000,0.1954,69.2,Ổn định,21462125.0,0.3097776580361638,8.0,2.0,46.0,4.0,0.0391911332172373,0.9608088667827628,0.8094899736163125,2.8097217780620403,0.5491,1,0.08622622265284442,-3.4308017576232257,3.430801757623226,3.858999787142594,-1.3393499533894662,-0.9658963945782387,Low-Engagement Online Discretionary Spenders
KH00105805,40,Nam,Trợ lý phát thanh,Tuyên Quang,545381666.6666666,1602600000,0.271725,63.18333333333334,Cần theo dõi,2377602.4166666665,0.9552535139072348,182.83333333333334,30.416666666666668,78.48333333333333,14.0,0.38175350116716594,0.6182464988328341,0.17993088012318115,2.9444414823039327,0.8029666666666667,0,1.4285204094719877,-0.5949430016025835,0.5949430016025836,-0.461076061675358,-1.154747523928313,0.7407724908933436,Financially Stretched but Highly Engaged
KH00105810,39,Nam,Nhà thiết kế nội thất,Tây Ninh,108328333.33333333,512200000,0.1787,64.23333333333333,Cần theo dõi,1484420.0,1.6499387810333859,61.666666666666664,25.75,75.05,13.25,0.5122959960819585,0.4877040039180414,0.23732389309412907,4.7419003279049265,0.8386583333333334,3,-0.20746932821357789,0.48573634870773946,-0.48573634870774046,-0.06724143711140874,1.3082572133638766,0.9807167804309876,Financially Healthy Moderate Spenders
KH00105845,65,Nữ,Nhà văn khoa học,Hà Nội,121739166.66666667,551400000,0.19926666666666668,61.48333333333333,Cần theo dõi,1720304.0,1.3326929292204424,61.583333333333336,25.5,72.43333333333334,13.083333333333334,0.4998246447131651,0.5001753552868348,0.17796045091852974,4.540814170351573,0.898075,0,0.154227587723713,0.3824938612440485,-0.38249386124404994,-0.47459727629492404,1.0327147942036794,1.3801570756454165,Financially Stretched but Highly Engaged
KH00105850,51,Nữ,Kỹ thuật viên y tế,Đồng Tháp,130814166.66666667,379500000,0.26987500000000003,63.43333333333334,Cần theo dõi,1659359.8333333333,1.3776045206341276,61.666666666666664,25.25,75.52499999999999,12.916666666666666,0.5211168262564196,0.4788831737435803,0.2454567840102445,2.913615689816618,0.7924416666666666,0,1.3959852735975644,0.5587584632946895,-0.5587584632946905,-0.011433005478986395,-1.196987196404183,0.6700160963834095,Financially Stretched but Highly Engaged
KH00105885,55,Nữ,Chuyên viên thẩm định bảo hiểm,Tuyên Quang,410976666.6666667,1794700000,0.153925,68.51666666666667,Cần theo dõi,1503807.25,1.4484925123442585,182.5,30.25,78.10833333333333,13.75,0.5613810500544866,0.43861894994551337,0.18044024194383948,4.382435527284401,0.6717583333333333,3,-0.643176350531878,0.8920806909972161,-0.8920806909972172,-0.4575807874072562,0.815693220043563,-0.1413014850044397,Financially Healthy Moderate Spenders
KH00105890,37,Nam,Kỹ sư phát thanh truyền hình,Cần Thơ,276660833.3333333,1381600000,0.10561666666666665,74.06666666666666,Ổn định,2397887.0833333335,0.8006418283137515,61.25,24.75,72.31666666666666,13.0,0.42667859760066834,0.5733214023993317,0.18823522757066133,5.007653261208943,0.5302416666666666,3,-1.4927537499194288,-0.22303633582240837,0.2230363358224084,-0.4040910840634929,1.67241060429074,-1.092675270885428,Financially Healthy Moderate Spenders
KH00105925,33,Nam,Giám đốc chiến lược,Vĩnh Long,850250833.3333334,2297900000,0.14743333333333333,73.2,Cần theo dõi,1361427.25,1.8839138289454016,243.58333333333334,30.25,83.21666666666667,14.0,0.5384249081087703,0.4615750918912296,0.2683842525909838,2.708889991438174,0.39809999999999995,2,-0.7573424354245644,0.7020412055429127,-0.7020412055429142,0.14589678979187629,-1.4775167708006214,-1.9810237647445035,Financially Healthy & Highly Engaged
KH00105930,28,Nam,Cán bộ thủy sản,An Giang,513800000.0,1868500000,0.23413333333333333,63.050000000000004,Cần theo dõi,2435658.0833333335,0.9414319584122017,182.75,30.166666666666668,78.175,14.0,0.3867666497854439,0.613233350214556,0.17534144586178424,3.643541305420286,0.8563666666666667,0,0.7674123106903353,-0.5534422918502084,0.5534422918502075,-0.49256906100984343,-0.1967916962387036,1.0997645542501548,Financially Stretched but Highly Engaged
KH00105965,76,Nữ,Kỹ sư cấp thoát nước,Đồng Nai,163410000.0,780500000,0.1176,68.0,Ổn định,11472250.0,1.0653750374246778,8.0,2.0,47.4,5.0,0.1496001220336028,0.8503998779663972,0.8419011091982828,4.776329478000123,0.5616,1,-1.2820081400661774,-2.516795062865555,2.5167950628655547,4.081407128260544,1.3554344602827393,-0.8818626718823563,Low-Engagement Online Discretionary Spenders
KH00105970,79,Nữ,Kỹ sư vật liệu,Đồng Nai,186100000.0,825800000,0.12710000000000002,72.00833333333334,Ổn định,1677636.1666666667,1.39430660943039,61.833333333333336,25.25,72.74166666666666,13.0,0.5405163475628509,0.459483652437149,0.18872159088269216,4.455323720233589,0.5767166666666667,3,-1.1149358207110265,0.7193549196091598,-0.7193549196091608,-0.4007536270721288,0.9155697568365332,-0.7802378899021354,Financially Healthy Moderate Spenders
KH00106005,17,Nam,Chuyên viên khảo sát bất động sản,Thành phố Hồ Chí Minh,809340000.0,3654800000,0.153425,66.325,Cần theo dõi,1820715.25,1.3858384209788939,303.5833333333333,30.416666666666668,82.91666666666667,14.0,0.24785520805057348,0.7521447919494264,0.25892041437389485,4.528895753679125,0.693275,2,-0.6519696304979387,-1.7034028981852964,1.7034028981852953,0.080955310363921,1.016383340052668,0.0033485629960729587,Financially Healthy & Highly Engaged
KH00106010,81,Nữ,Kỹ thuật viên kế toán,Đồng Nai,201723333.33333334,985000000,0.12578333333333333,68.40833333333333,Ổn định,1981242.4166666667,1.48985133593592,61.833333333333336,26.166666666666668,75.60833333333333,13.333333333333334,0.48410842228325257,0.5158915777167474,0.22672577708999841,4.896374796736857,0.6161,3,-1.1380914579549863,0.25238912365667276,-0.25238912365667326,-0.1399664052130972,1.5199290129463172,-0.5154756409283073,Financially Healthy Moderate Spenders
KH00106045,57,Nam,Kỹ sư kết cấu,Lào Cai,130900000.0,425900000,0.2157083333333333,67.55833333333334,Cần theo dõi,1472874.0833333333,1.3181279879395,61.5,24.916666666666668,73.35000000000001,13.083333333333334,0.5823542754127007,0.4176457245872993,0.2011147681046084,3.263988868799391,0.7120666666666667,3,0.44337994394100355,1.0657048550582822,-1.0657048550582826,-0.3157108309948687,-0.7168811835368047,0.12967925944888406,Financially Healthy Moderate Spenders
KH00106050,52,Nam,Kỹ sư viễn thông,Gia Lai,143010833.33333334,475500000,0.19974999999999998,68.54166666666667,Cần theo dõi,1499421.0,1.308087346723644,61.833333333333336,25.916666666666668,72.89999999999999,13.0,0.5442917263523922,0.4557082736476077,0.18545987416337703,3.3358222919366773,0.6744499999999999,3,0.16272775835757108,0.7506089101209843,-0.7506089101209857,-0.4231357414287262,-0.6184499666463317,-0.12320622338392714,Financially Healthy Moderate Spenders
KH00106085,60,Nam,Chuyên viên phân tích rủi ro,Quảng Ngãi,215600000.0,541400000,0.2298,65.3,Ổn định,12440600.0,0.8290936473344064,10.0,2.0,54.1,6.0,0.1192064691413597,0.8807935308586402,0.8810587913766217,2.5111317254174397,0.577,1,0.6912038843178107,-2.768405031577933,2.7684050315779323,4.350109715234099,-1.7484990785401338,-0.7783331255210288,Low-Engagement Online Discretionary Spenders
KH00106090,43,Nữ,Giáo viên tiếng anh,Cần Thơ,418602500.0,1410100000,0.19828333333333334,65.55833333333334,Cần theo dõi,2285289.0833333335,1.458075568102011,122.41666666666667,29.25,80.39166666666667,13.916666666666666,0.4202296005765809,0.5797703994234191,0.2490987235963713,3.38478975789416,0.6684166666666668,0,0.13693413712379388,-0.2764235329852405,0.27642353298524014,0.013558223162605893,-0.5513512951403658,-0.16376650020513842,Financially Stretched but Highly Engaged
KH00106125,48,Nữ,Giáo viên mầm non,Quảng Trị,508000833.3333333,1274700000,0.3326,57.449999999999996,Cần theo dõi,1431647.5833333333,2.1401698228731516,304.0833333333333,30.416666666666668,80.38333333333334,14.0,0.5149258600732481,0.4850741399267519,0.20844549267647583,2.5209751898526256,0.8377666666666667,0,2.49910224533986,0.5075073414512628,-0.5075073414512629,-0.26540691750274104,-1.7350108701204725,0.9747223748786809,Financially Stretched but Highly Engaged
KH00106130,83,Nữ,Chánh văn phòng,Thanh Hóa,278910000.0,722800000,0.2962,56.3,Cần theo dõi,19464000.0,0.417977560560732,11.0,2.0,57.3,5.0,0.0383411799872958,0.961658820012704,0.8594935171692262,2.591516976802553,0.7676,1,1.8589514638106521,-3.4378379867448374,3.4378379867448356,4.202127387221673,-1.638349544126867,0.5030130781457919,Low-Engagement Online Discretionary Spenders
KH00106165,68,Nữ,Nhà báo tạp chí,Thành phố Hồ Chí Minh,168610833.33333334,613400000,0.17680833333333335,68.59166666666667,Ổn định,1882425.5833333333,1.347338633858617,62.0,25.916666666666668,71.71666666666667,13.25,0.5483195434651174,0.45168045653488265,0.1549854407768297,3.6493354939818965,0.6434083333333334,3,-0.24073723741850672,0.7839526790093433,-0.7839526790093437,-0.632253304879616,-0.18885209088365607,-0.3318899680787018,Financially Healthy Moderate Spenders
KH00106170,21,Nam,Kế toán công tài chính công,Hải Phòng,723763333.3333334,2735900000,0.174575,65.63333333333334,Cần theo dõi,1288976.6666666667,2.4201124437416444,363.6666666666667,30.333333333333332,80.14999999999999,14.0,0.4611584547908729,0.538841545209127,0.20351871031914626,3.7921798982159842,0.6543583333333333,2,-0.28001388793357723,0.06240075262472418,-0.06240075262472557,-0.29921482162844654,0.006883374874172033,-0.2582764269971091,Financially Healthy & Highly Engaged
KH00106205,58,Nam,Nhân viên phát triển cộng đồng,Lào Cai,130870000.0,428100000,0.21,60.8,Ổn định,12840286.0,0.7870876666855412,7.0,1.0,56.8,6.0,0.0854898644889966,0.9145101355110034,0.676931977481587,3.2711851455643006,0.6868,1,0.34298999766181254,-3.0475236314956744,3.047523631495674,2.9493781112933846,-0.7070203381515454,-0.040180905360394384,Low-Engagement Online Discretionary Spenders
KH00106210,68,Nữ,Thư ký pháp lý,Huế,150430000.0,550400000,0.2316,54.5,Cần theo dõi,10622000.0,0.8902349077439645,12.0,2.0,53.8,5.0,0.289940689135756,0.710059310864244,0.7057443670369673,3.6588446453499968,0.8473,1,0.7228596921956285,-1.3550036249347077,1.3550036249347075,3.147090620812225,-0.17582198178014086,1.0388120940547412,Low-Engagement Online Discretionary Spenders
KH00106245,36,Nam,Bác sĩ đo mắt,Nghệ An,426575833.3333333,1524000000,0.12319166666666666,72.86666666666666,Ổn định,1541251.0,1.7918996043651358,122.41666666666667,29.333333333333332,80.81666666666666,13.916666666666666,0.4953954566939555,0.5046045433060445,0.2568412922465011,3.587888100827232,0.43517500000000003,3,-1.1836699591124002,0.3458273946338772,-0.34582739463387724,0.06668823776957566,-0.2730516378188134,-1.7317797432285145,Financially Healthy Moderate Spenders
KH00106250,64,Nữ,Luật sư tranh tụng,Phú Thọ,979130833.3333334,2834100000,0.13641666666666666,74.54166666666667,Ổn định,1592621.75,1.8377489347435028,243.0,30.25,78.10833333333333,13.75,0.5346714861876004,0.4653285138123997,0.17369071726497054,2.899642786276369,0.39543333333333336,2,-0.9510877040100987,0.6709689821580448,-0.6709689821580445,-0.5038964690605792,-1.2161338531955677,-1.9989509589196246,Financially Healthy & Highly Engaged
KH00106285,58,Nam,Luật sư,Ninh Bình,430100000.0,1492000000,0.1083,74.8,Ổn định,14687818.0,0.7885102382682994,11.0,2.0,49.6,6.0,0.0876112548432219,0.912388745156778,0.7552145872275108,3.468960706812369,0.3756,1,-1.4455631474349036,-3.0299619727327163,3.029961972732716,3.486558520950189,-0.43601433127312844,-2.1322844655970923,Low-Engagement Online Discretionary Spenders
KH00106290,54,Nam,Nhà thiết kế trang sức,Ninh Bình,372496666.6666667,1254400000,0.22585833333333336,64.02499999999999,Cần theo dõi,1562280.0833333333,1.5322518667343168,182.75,30.166666666666668,79.28333333333333,13.583333333333334,0.550984942458927,0.4490150575410729,0.21100456615890995,3.3766041493010626,0.7532333333333333,0,0.6218835272520336,0.8060178437269945,-0.8060178437269955,-0.24784638718703572,-0.5625677926928745,0.4064303195273241,Financially Stretched but Highly Engaged
KH00106325,58,Nam,Nhà tâm lý học lâm sàng,Hưng Yên,412205833.3333333,1838400000,0.157125,68.15833333333333,Cần theo dõi,1560890.9166666667,1.417944822887943,183.33333333333334,30.166666666666668,80.05,13.916666666666666,0.5534031732470123,0.4465968267529877,0.21500914562848905,4.470930340858044,0.7020333333333334,3,-0.5868993587490908,0.8260368580615537,-0.8260368580615547,-0.2203666998471059,0.9369550478684967,0.06222819136498878,Financially Healthy Moderate Spenders
KH00106330,55,Nam,Chuyên viên dựng phim,Thanh Hóa,328010000.0,1279800000,0.1631,64.5,Ổn định,17397000.0,0.5870112620510589,12.0,2.0,50.0,6.0,0.0148828342051311,0.9851171657948689,0.8871884041309804,3.901710313709948,0.6365,1,-0.4818196631546671,-3.632034902437093,3.6320349024370926,4.392171520545789,0.15696966636253887,-0.3783326054886268,Low-Engagement Online Discretionary Spenders
KH00106365,87,Nam,Chuyên viên trang điểm,Thành phố Hồ Chí Minh,427965000.0,1427500000,0.21071666666666666,65.33333333333333,Cần theo dõi,1656980.6666666667,1.5211021680760315,183.0,30.083333333333332,79.39999999999999,13.916666666666666,0.5128315096319964,0.4871684903680035,0.20243695995997937,3.3479169643578164,0.7037416666666667,3,0.35559369894649945,0.4901695291499783,-0.4901695291499793,-0.3066378636421157,-0.6018769944516318,0.07371280013342595,Financially Healthy Moderate Spenders
KH00106370,58,Nữ,Kỹ sư phần mềm,Hải Phòng,407390000.0,1091700000,0.1829,71.4,Ổn định,18154545.0,0.5031256448929673,11.0,2.0,40.5,5.0,0.0735903855783675,0.9264096144216324,0.4434001001502253,2.6797417707847515,0.4902,1,-0.1336057764986691,-3.146031945945798,3.146031945945797,1.3468670307361166,-1.5174577161684208,-1.3618632959212384,Low-Engagement Online Discretionary Spenders
KH00106405,37,Nam,Bác sĩ ung bướu,Cà Mau,259011666.66666666,1102300000,0.12905,73.30833333333332,Cần theo dõi,2287812.3333333335,0.760960385089331,61.5,25.166666666666668,72.825,12.75,0.4067614952190821,0.5932385047809178,0.19725520819796108,4.269636557938492,0.5436833333333333,3,-1.0806420288433907,-0.38791752087901304,0.3879175208790117,-0.34219538456911563,0.6611281258047808,-1.0023110077464552,Financially Healthy Moderate Spenders
KH00106410,44,Nữ,Chuyên viên giám định tổn thất công chứng,Đồng Tháp,1113068333.3333333,5280200000,0.14666666666666667,67.325,Cần theo dõi,2135629.5833333335,1.376559310080413,364.5,30.333333333333332,83.05,14.0,0.4551851769504185,0.5448148230495815,0.2615677113294283,4.754007543399933,0.7002333333333333,2,-0.7708254647058572,0.012951735888382786,-0.012951735888383248,0.09912123594652737,1.3248473729620214,0.05012733529678075,Financially Healthy & Highly Engaged
KH00106445,73,Nữ,Nhân viên cứu trợ quốc tế,Đà Nẵng,92659166.66666667,329000000,0.24632500000000002,62.71666666666667,Cần theo dõi,1358809.75,1.2263835890127857,61.083333333333336,25.25,71.875,13.0,0.5784883200045904,0.4215116799954095,0.17248581289990353,3.563636959498277,0.881825,0,0.9818217871961121,1.0337010375926186,-1.03370103759262,-0.5121646019514563,-0.30628226010768517,1.270913236140769,Financially Stretched but Highly Engaged
KH00106450,55,Nam,Chuyên viên thu mua bán lẻ,Hưng Yên,414292500.0,1831400000,0.16679166666666667,65.22500000000001,Cần theo dõi,1693066.25,1.8469330272840976,182.58333333333334,30.083333333333332,77.26666666666667,13.916666666666666,0.46430877255890385,0.5356912274410962,0.16184506661494955,4.427112464865314,0.735125,3,-0.4168959460719199,0.0884802554031022,-0.08848025540310221,-0.5851821018400996,0.8769127073096008,0.28469346658188893,Financially Healthy Moderate Spenders
KH00106485,36,Nữ,Chuyên viên nghiên cứu chính trị,Gia Lai,623344166.6666666,2595200000,0.18538333333333334,64.03333333333333,Cần theo dõi,1327543.75,1.7543810019160537,365.0833333333333,30.416666666666668,79.0,14.0,0.5405319622261346,0.45946803777386536,0.17976449645193057,4.1768852933255465,0.7750833333333333,2,-0.08993248600056827,0.7194841836023427,-0.7194841836023432,-0.4622177973555132,0.5340338089081157,0.5533212667997275,Financially Healthy & Highly Engaged
KH00106490,74,Nữ,Cán bộ thông tin,Cần Thơ,45470000.0,132900000,0.2537,63.4,Ổn định,4214125.0,0.8529006795025609,8.0,2.0,17.4,5.0,0.7323880995461691,0.2676119004538309,0.0,2.922806245876402,0.7414,0,1.1115226666955047,2.3077406817441486,-2.3077406817441495,-1.695773578891339,-1.1843936490364666,0.3268783953752215,Financially Stretched but Highly Engaged
KH00106525,50,Nam,Nghệ nhân thổi thủy tinh,Thành phố Hồ Chí Minh,190652500.0,695600000,0.21835833333333332,65.65833333333333,Cần theo dõi,2455939.3333333335,0.8628953766543078,61.833333333333336,24.5,72.175,13.0,0.38384587780346485,0.6161541221965351,0.18072389409336487,3.659139621732318,0.7925583333333334,0,0.4899843277611247,-0.5776215291931898,0.5776215291931889,-0.4556343477270179,-0.17541778436064215,0.6708004111285717,Financially Stretched but Highly Engaged
KH00106530,72,Nam,Tiếp viên hàng không,Đồng Nai,269285000.0,1238000000,0.18758333333333335,64.31666666666666,Cần theo dõi,1861910.0,1.9196144817899568,121.91666666666667,29.166666666666668,74.34166666666667,13.666666666666666,0.47583163208711077,0.5241683679128892,0.13584698747989019,4.60743067271052,0.863025,3,-0.05124205414990171,0.18387077445812522,-0.18387077445812572,-0.763582628411563,1.1239974187229977,1.1445265172061618,Financially Healthy Moderate Spenders
KH00106565,21,Nam,Nhà giao dịch hợp đồng tương lai,Gia Lai,627401666.6666666,2738800000,0.14051666666666668,66.55833333333334,Cần theo dõi,1295133.9166666667,2.559576325170671,305.0833333333333,30.333333333333332,80.05,14.0,0.4321167631087903,0.5678832368912096,0.20185724913279113,4.380517485724641,0.61205,2,-0.8789828082884018,-0.17801717809883918,0.17801717809883782,-0.31061587741352914,0.8130649843765414,-0.5427025670817733,Financially Healthy & Highly Engaged
KH00106570,16,Nữ,Giảng viên đại học,Thành phố Hồ Chí Minh,274750833.3333333,739100000,0.16128333333333333,72.56666666666666,Cần theo dõi,1904412.5833333333,1.0300685494508302,61.666666666666664,24.583333333333332,77.55833333333334,13.583333333333334,0.25195200834108317,0.7480479916589168,0.27358538744430316,2.6954211410768667,0.43851666666666667,3,-0.5137685803646871,-1.6694880608812528,1.6694880608812521,0.18158731876446016,-1.495972738416774,-1.7093147280278154,Financially Healthy Moderate Spenders
KH00106605,89,Nữ,Chuyên viên chăm sóc bàn chân,Hải Phòng,493171666.6666667,2194600000,0.14135833333333334,67.8,Cần theo dõi,1707656.4166666667,1.6329280844818779,182.58333333333334,30.333333333333332,79.84166666666667,13.916666666666666,0.46741428934676815,0.5325857106532318,0.20967686745468292,4.462456359491011,0.63095,3,-0.8641807870122,0.11418887899634333,-0.11418887899634426,-0.2569571428983273,0.925343401625909,-0.4156435783655984,Financially Healthy Moderate Spenders
KH00106610,63,Nam,Nhà địa chất công trình,Thành phố Hồ Chí Minh,352283333.3333333,1470000000,0.13709166666666667,70.11666666666666,Ổn định,1679268.8333333333,1.69973002121229,122.16666666666667,28.5,78.2,13.75,0.509335828487855,0.490664171512145,0.2138740821437826,4.184391307123367,0.572775,3,-0.9392167760559168,0.46123097982771655,-0.46123097982771755,-0.2281555800298191,0.5443190777961675,-0.8067365237922368,Financially Healthy Moderate Spenders
KH00106645,46,Nam,Nhà độc chất học,Bắc Ninh,819367500.0,3579500000,0.163475,68.08333333333333,Cần theo dõi,2415341.5,0.9569664430378132,243.08333333333334,30.333333333333332,78.075,14.0,0.39674558149553807,0.6032544185044618,0.16492615694408774,4.377260644435299,0.7144750000000001,2,-0.4752247031801215,-0.47083298179914357,0.47083298179914224,-0.5640394576363879,0.8086022310045289,0.14586975668829089,Financially Healthy & Highly Engaged
KH00106650,29,Nữ,Quản lý công viên giải trí,Thành phố Hồ Chí Minh,683913333.3333334,3369400000,0.12169166666666666,69.85833333333333,Ổn định,2253038.0833333335,1.421481498253212,182.58333333333334,30.0,80.41666666666667,14.0,0.4559104740102806,0.5440895259897194,0.2220972505951091,4.948601332487779,0.6054166666666666,2,-1.2100497990105819,0.018956014847088164,-0.018956014847088625,-0.17172765802137469,1.5914934914776022,-0.5872964625923888,Financially Healthy & Highly Engaged
KH00106685,35,Nam,Quản lý hoạt động ngoài trời,Cần Thơ,527068333.3333333,2289800000,0.12689166666666665,72.575,Cần theo dõi,2386572.1666666665,0.8930402549462809,122.16666666666667,29.416666666666668,78.25,14.0,0.3937622421625397,0.6062377578374604,0.2016480504584155,4.361184568861193,0.5565333333333333,3,-1.1185996873635522,-0.4955301749563933,0.49553017495639334,-0.31205141245720613,0.7865736597284788,-0.9159243408150874,Financially Healthy Moderate Spenders
KH00106690,90,Nữ,Nhà thiết kế dệt may,Lào Cai,124309166.66666667,452900000,0.21594166666666667,66.31666666666666,Cần theo dõi,1582691.5833333333,1.1798146646135426,61.25,25.333333333333332,74.675,13.166666666666666,0.5535473203455507,0.4464526796544493,0.22196125083327958,3.648495450818402,0.7898999999999999,3,0.44748347459183235,0.8272301613831982,-0.8272301613831992,-0.17266089731947576,-0.19000317720548202,0.6529292394352467,Financially Healthy Moderate Spenders
KH00106725,65,Nam,Thủ thư học thuật,Đắk Lắk,467427500.0,1659100000,0.22283333333333333,63.86666666666667,Cần theo dõi,1513868.25,1.5735048311306148,243.25,30.25,78.80833333333334,13.75,0.5351213254082353,0.46487867459176474,0.18641653957160942,3.558897133932902,0.7897416666666667,0,0.5686841834573668,0.6746929186203986,-0.6746929186203987,-0.41657104056391464,-0.31277710300772044,0.6518648122810993,Financially Stretched but Highly Engaged
KH00106730,67,Nam,Chuyên viên phôi học lâm sàng,Tuyên Quang,134401666.66666666,465700000,0.18300000000000002,69.325,Cần theo dõi,1400514.4166666667,1.2224309178784134,61.166666666666664,26.083333333333332,71.73333333333333,13.0,0.5553886139100026,0.44461138608999734,0.16127103727749337,3.471820266247997,0.6321333333333333,3,-0.1318471205054567,0.84247307469094,-0.842473074690941,-0.5891211288558128,-0.4320959614847145,-0.4076883859503883,Financially Healthy Moderate Spenders
KH00106765,65,Nam,Người hướng dẫn học tập,Thành phố Hồ Chí Minh,402344166.6666667,1164700000,0.2543916666666667,63.416666666666664,Cần theo dõi,1650392.5,1.6242415180091874,182.91666666666666,30.083333333333332,78.91666666666667,14.0,0.49488043045154284,0.5051195695484572,0.1922665592088855,2.907328638761921,0.7416083333333333,0,1.123686703981889,0.3415638157478862,-0.3415638157478867,-0.3764278215852456,-1.2056021566683441,0.3282789574201531,Financially Stretched but Highly Engaged
KH00106770,51,Nữ,Nhà di truyền tế bào học,Hà Nội,522585833.3333333,1345200000,0.2790416666666667,64.49166666666666,Cần theo dõi,1536214.25,1.4130914681766429,242.91666666666666,30.333333333333332,79.58333333333333,13.916666666666666,0.5532690499719415,0.44673095002805846,0.19698239011743224,2.5840261605257324,0.7229833333333334,0,1.5571954063086744,0.824926535680634,-0.824926535680635,-0.344067480156321,-1.6486139883010118,0.2030687106032885,Financially Stretched but Highly Engaged
KH00106805,31,Nữ,Chuyên viên dựng phim,Đồng Tháp,718750000.0,2764500000,0.17808333333333334,66.28333333333333,Cần theo dõi,1384466.0833333333,1.805874842141997,365.0833333333333,30.416666666666668,80.175,14.0,0.5436153943875006,0.45638460561249933,0.203472521766927,3.860790501110111,0.6863083333333333,2,-0.21831437350505234,0.7450099824393108,-0.7450099824393118,-0.2995317705074264,0.10089845642682073,-0.04348623178643245,Financially Healthy & Highly Engaged
KH00106810,43,Nam,Chuyên viên khảo sát khoáng sản,Lào Cai,117684166.66666667,336900000,0.3616,47.166666666666664,Có dấu hiệu căng thẳng tài chính,2014287.25,2.130698029145309,61.666666666666664,25.916666666666668,74.09166666666667,13.166666666666666,0.4478463264761045,0.5521536735238954,0.2238494141130651,2.8691050852813116,1.0324833333333332,0,3.0091124833713714,-0.04780199926723004,0.047801999267229126,-0.15970419687954265,-1.2579787624133305,2.283743684553345,Financially Stretched but Highly Engaged
KH00106845,36,Nam,Nhà hóa sinh lâm sàng,Cà Mau,457318333.3333333,1137000000,0.3753166666666667,58.94166666666666,Cần theo dõi,2333362.0833333335,0.9155699514290424,182.41666666666666,30.333333333333332,79.2,14.0,0.38993778050216715,0.6100622194978328,0.19449096733555446,2.494264510080442,0.9448,0,3.2503414637736334,-0.5271904917376515,0.5271904917376508,-0.36116378692152934,-1.7716117252533674,1.6942751310826265,Financially Stretched but Highly Engaged
KH00106850,53,Nam,Chuyên viên nghiên cứu chính trị,Đồng Nai,113864166.66666667,287900000,0.37761666666666666,58.21666666666667,Cần theo dõi,1791605.1666666667,1.4705688145757196,61.833333333333336,25.916666666666668,78.35833333333333,13.416666666666666,0.4897463851089425,0.5102536148910575,0.2846471169801607,2.5393658560096344,0.9571833333333334,0,3.2907905516175116,0.2990622779235436,-0.29906227792354456,0.2574936333708677,-1.7098106837698768,1.7775245390333483,Financially Stretched but Highly Engaged
KH00106885,58,Nữ,Kỹ sư bảo trì,Lâm Đồng,398625000.0,1410400000,0.151,71.98333333333333,Ổn định,1705331.5833333333,1.5708597339927923,122.33333333333333,29.416666666666668,76.15,13.75,0.5160627435564763,0.48393725644352364,0.16825321408853422,3.554906510238805,0.5347333333333334,3,-0.6946170383333324,0.516918885981919,-0.51691888598192,-0.5412089729909981,-0.31824533672409544,-1.0624791531967066,Financially Healthy Moderate Spenders
KH00106890,23,Nữ,Trợ lý sản xuất truyền hình,Đồng Nai,312130000.0,1475900000,0.1541,60.6,Ổn định,17494769.0,0.7763036060429355,13.0,2.0,44.7,7.0,0.1078827957367476,0.8921172042632524,0.4614522142882268,4.728478518565982,0.7286,1,-0.6400987025437572,-2.862146613780801,2.8621466137808005,1.470741823608974,1.2898657046705027,0.24082786333463807,Low-Engagement Online Discretionary Spenders
KH00106925,43,Nam,Nhà khoa học nghiên cứu khoa học tự nhiên,Đồng Nai,246330000.0,824300000,0.214225,66.38333333333334,Cần theo dõi,1404255.5,1.7972531808149317,122.25,29.75,80.43333333333334,13.833333333333334,0.5435009921333757,0.4564990078666244,0.24971562640847825,3.3548515023839323,0.7169666666666666,0,0.41729321337502434,0.7440629180083569,-0.744062918008357,0.017791450777290718,-0.5923748019251901,0.16262047874566948,Financially Stretched but Highly Engaged
KH00106930,58,Nữ,Nhà khoa học nghiên cứu y học,Cà Mau,314171666.6666667,1402200000,0.139675,71.41666666666667,Cần theo dõi,1556089.3333333333,1.375161613726447,121.83333333333333,29.333333333333332,75.43333333333332,13.666666666666666,0.5719625138100195,0.42803748618998044,0.15566061936880213,4.474369664424151,0.6225833333333334,3,-0.893784829564604,0.9796779855343359,-0.979677985534337,-0.6276201850359571,0.941667851311609,-0.47189015009004237,Financially Healthy Moderate Spenders
KH00106965,61,Nam,Sĩ quan huấn luyện quân đội,Phú Thọ,399730000.0,2010000000,0.18596666666666664,62.46666666666667,Cần theo dõi,1538933.9166666667,1.725315108664167,243.25,30.333333333333332,79.58333333333333,14.0,0.5297226125573901,0.47027738744261,0.1946236208228442,5.042004042217947,0.9403916666666667,0,-0.07967365937349827,0.6300003646748686,-0.6300003646748688,-0.3602535099791025,1.7194804643667714,1.664639238211879,Financially Stretched but Highly Engaged
KH00106970,70,Nữ,Chuyên viên ngân hàng đầu tư doanh nghiệp,Lâm Đồng,313272500.0,1494700000,0.147825,66.55833333333334,Ổn định,1791842.9166666667,1.8986740409952496,122.08333333333333,29.583333333333332,78.43333333333334,13.916666666666666,0.4850463978640886,0.5149536021359113,0.2063966222000495,4.784166323979509,0.7007,3,-0.7504543661178167,0.26015403455382125,-0.2601540345538222,-0.27946640128122774,1.3661730587323766,0.05326459427742744,Financially Healthy Moderate Spenders
KH00107005,53,Nam,Kỹ sư vật liệu,Tuyên Quang,209867500.0,960900000,0.10585,73.86666666666666,Ổn định,1665592.9166666667,1.3980856395214847,61.583333333333336,25.333333333333332,74.30833333333334,13.166666666666666,0.5438291844066433,0.4561708155933566,0.21859263091621703,4.591544722950103,0.48491666666666666,3,-1.4886502192686002,0.7467798157732053,-0.7467798157732067,-0.19577658844038853,1.1022293712308115,-1.3973815493806985,Financially Healthy Moderate Spenders
KH00107010,82,Nam,Kỹ sư năng lượng,Đắk Lắk,366689166.6666667,934400000,0.2245,68.425,Cần theo dõi,1703105.9166666667,1.5605773887004906,121.75,29.166666666666668,75.11666666666666,13.916666666666666,0.5051603589898807,0.4948396410101194,0.1426945421956498,2.5596976728046994,0.5765,3,0.5979951166775688,0.4266648895499358,-0.42666488954993587,-0.7165942582065103,-1.6819505960651937,-0.7816944744288639,Financially Healthy Moderate Spenders
KH00107045,57,Nam,Thư ký y khoa,Quảng Ninh,134838333.33333334,463100000,0.23488333333333333,64.26666666666667,Cần theo dõi,1753621.4166666667,1.3343365804526737,61.583333333333336,26.166666666666668,72.23333333333333,13.25,0.4889549276037257,0.5110450723962743,0.16375494527735437,3.44819997599385,0.8060416666666667,0,0.7806022306394261,0.29251029817860197,-0.29251029817860247,-0.5720763890183724,-0.46446214718880446,0.7614447866765304,Financially Stretched but Highly Engaged
KH00107050,47,Nam,Chuyên viên nghiên cứu thị trường,Khánh Hòa,107526666.66666667,474200000,0.20724166666666666,63.43333333333334,Cần theo dõi,1570823.5833333333,1.4556105753568394,61.583333333333336,26.083333333333332,76.65833333333333,13.5,0.5330207206987871,0.46697927930121286,0.25229474408133995,4.419720515265548,0.9191666666666668,0,0.2944804031823785,0.657303331159649,-0.6573033311596495,0.03548952564420703,0.8667837372212973,1.5219499770742706,Financially Stretched but Highly Engaged
KH00107085,49,Nữ,Nhà vật lý y tế,Lâm Đồng,1149315000.0,3850900000,0.2227083333333333,64.3,Cần theo dõi,2334436.3333333335,1.7942648221951902,364.5,30.416666666666668,82.98333333333333,14.0,0.45036246879180947,0.5496375312081906,0.2597673744122511,3.3631168147604655,0.7513166666666667,2,0.5664858634658514,-0.026972436872247606,0.02697243687224761,0.08676720577522407,-0.5810490886336602,0.39354514871395607,Financially Healthy & Highly Engaged
KH00107090,56,Nam,Chuyên viên quan hệ công chúng,Quảng Trị,114609166.66666667,373100000,0.2502166666666667,63.00833333333333,Cần theo dõi,1566574.75,1.331541068402736,61.083333333333336,25.25,74.60000000000001,13.0,0.5098698026223345,0.49013019737766544,0.2246853592406017,3.270270439582738,0.8156,0,1.0502628162652836,0.4656514164151168,-0.46565141641511776,-0.1539678865097405,-0.7082737327265207,0.8257025732979821,Financially Stretched but Highly Engaged
KH00107125,29,Nam,Chuyên viên quy hoạch giao thông,Quảng Ngãi,370743333.3333333,1343400000,0.22799166666666668,64.73333333333333,Cần theo dõi,2463282.75,0.9225856099360349,122.25,29.916666666666668,78.45,13.916666666666666,0.3817387629472088,0.6182612370527911,0.20489815643798281,3.631501235081471,0.8265333333333333,0,0.6594015217738917,-0.5950650100717674,0.5950650100717665,-0.28974897175934844,-0.21328984881360571,0.899204069415981,Financially Stretched but Highly Engaged
KH00107130,58,Nữ,Nhà khoa học y sinh,Thành phố Hồ Chí Minh,373169166.6666667,1349500000,0.15895833333333334,69.03333333333333,Cần theo dõi,1745524.6666666667,1.745642419401909,122.25,29.5,77.85833333333333,13.833333333333334,0.5209931312102283,0.4790068687897717,0.20106480241817903,3.628023654489194,0.579425,3,-0.5546573322068685,0.5577344696729808,-0.5577344696729813,-0.31605369881687956,-0.21805507472910027,-0.7620305833180275,Financially Healthy Moderate Spenders
KH00107165,22,Nam,Quản lý công ty du lịch,Đồng Nai,664623333.3333334,2440200000,0.15540833333333334,66.58333333333333,Cần theo dõi,1259875.5,2.330646264117694,304.6666666666667,30.25,81.19166666666666,14.0,0.452132138533566,0.547867861466434,0.22577862130234272,3.6871660969703615,0.5734166666666667,2,-0.6170896199658984,-0.012322452221398402,0.012322452221397485,-0.14646585043692217,-0.1370139335855095,-0.8024227926938482,Financially Healthy & Highly Engaged
KH00107170,62,Nữ,Nhà sản xuất phát thanh,Đà Nẵng,462184166.6666667,1823700000,0.21016666666666664,62.5,Cần theo dõi,1575712.8333333333,1.7220330359327718,243.91666666666666,30.416666666666668,78.72500000000001,13.916666666666666,0.5227265412403759,0.4772734587596241,0.179911344883764,3.961853122053095,0.8368083333333334,0,0.34592109098383245,0.5720842829381863,-0.5720842829381868,-0.46121011377130755,0.23938157928380424,0.9682797894719969,Financially Stretched but Highly Engaged
KH00107205,26,Nam,Kỹ sư y sinh,Lâm Đồng,678246666.6666666,2043200000,0.17775833333333332,68.81666666666666,Cần theo dõi,1526444.0833333333,2.2509532070999865,243.33333333333334,30.416666666666668,80.7,14.0,0.5110711367733368,0.48892886322666324,0.2166247947314852,3.020748227951392,0.5373249999999999,2,-0.22403000548299204,0.47559650755695676,-0.4755965075569568,-0.20928000958695775,-1.0501866453986002,-1.045056161357761,Financially Healthy & Highly Engaged
KH00107210,46,Nam,Cán bộ quản lý thị trường,Đồng Tháp,835011666.6666666,2924100000,0.15305,72.26666666666667,Cần theo dõi,2441477.5,0.9136778272010716,183.08333333333334,29.916666666666668,77.64999999999999,13.916666666666666,0.4034874753588389,0.596512524641161,0.168631835504812,3.5159042930738083,0.5346916666666667,2,-0.6585645904724843,-0.415021075608683,0.4150210756086817,-0.5386108479647495,-0.37168892230458545,-1.0627592656056932,Financially Healthy & Highly Engaged
KH00107245,53,Nam,Phó giáo sư,Sơn La,166709166.66666666,470400000,0.21714999999999998,68.60833333333333,Cần theo dõi,1672574.5,1.2875054154739534,61.166666666666664,25.25,71.80833333333334,12.583333333333334,0.5542190885090037,0.4457809114909963,0.17905880305466285,2.830803954204358,0.6140083333333334,3,0.4687339011764783,0.832791308218284,-0.8327913082182845,-0.46706031179731256,-1.3104616704460001,-0.529537283859418,Financially Healthy Moderate Spenders
KH00107250,30,Nữ,Chuyên viên kinh doanh công nghệ thông tin,Sơn La,416652500.0,1991500000,0.18045,61.083333333333336,Cần theo dõi,1516286.0833333333,1.9896362415026978,243.83333333333334,30.416666666666668,81.11666666666666,13.916666666666666,0.512528560869833,0.48747143913016694,0.2270087263376098,4.798471445012846,0.8717916666666666,0,-0.17669284833236593,0.4876616065636529,-0.4876616065636539,-0.13802478889195915,1.3857749433367872,1.2034621680568738,Financially Stretched but Highly Engaged
KH00107285,51,Nữ,Lập trình viên hệ thống,Cao Bằng,282629166.6666667,856800000,0.21472500000000003,66.24166666666666,Cần theo dõi,1515701.25,1.5197030701085108,122.0,28.666666666666668,77.39999999999999,13.333333333333334,0.5331088529461021,0.46689114705389784,0.21080226887897777,3.035270129235101,0.6551,0,0.4260864933410854,0.6580329226986485,-0.6580329226986495,-0.24923456440876005,-1.0302877132234354,-0.2532904261171528,Financially Stretched but Highly Engaged
KH00107290,19,Nữ,Người phụ trách bảo tàng,Thành phố Hồ Chí Minh,431065000.0,1926400000,0.136225,67.05833333333332,Cần theo dõi,1435312.3333333333,2.5498266882818648,183.5,29.333333333333332,80.79166666666667,14.0,0.4204174782028391,0.579582521797161,0.23311859699381957,4.482368960074982,0.6094916666666667,2,-0.9544584613304214,-0.27486821208214995,0.27486821208215,-0.09609845515442368,0.9526290497452854,-0.5599014689935307,Financially Healthy & Highly Engaged
KH00107325,31,Nữ,Kỹ sư điện tử,Nghệ An,910385000.0,2807000000,0.185075,67.50833333333334,Cần theo dõi,1419322.5833333333,2.1115570321789825,365.0,30.416666666666668,79.19166666666666,14.0,0.5171470688867834,0.4828529311132166,0.18395887716406945,3.09137426841732,0.57355,2,-0.09535500864630599,0.5258953345647822,-0.5258953345647828,-0.43343568142304484,-0.9534098693018948,-0.8015264329850922,Financially Healthy & Highly Engaged
KH00107330,16,Nữ,Giáo viên trung học,Đồng Nai,589267500.0,2119700000,0.18084166666666668,65.00833333333334,Cần theo dõi,1262108.5833333333,2.22773509673773,305.3333333333333,30.333333333333332,81.6,14.0,0.4612199510136786,0.5387800489863214,0.2325352084671589,3.6083496981197576,0.6469833333333334,2,-0.16980477902561827,0.06290984124105202,-0.06290984124105295,-0.10010170554116721,-0.24501371573375713,-0.3078563233876793,Financially Healthy & Highly Engaged
KH00107365,55,Nam,Kỹ sư xây dựng tư vấn,Thành phố Hồ Chí Minh,167253333.33333334,510500000,0.19779999999999998,70.675,Cần theo dõi,1575625.0,1.3674738445334318,61.166666666666664,24.833333333333332,71.8,13.0,0.5706767840984325,0.42932321590156747,0.17399890380262104,3.066527500417196,0.6043916666666667,3,0.12843396648993483,0.9690342365367435,-0.9690342365367446,-0.5017816727976144,-0.9874566612162007,-0.5941872278534508,Financially Healthy Moderate Spenders
KH00107370,80,Nam,Quản lý trung tâm thể hình,Ninh Bình,225810000.0,1030300000,0.1301,67.1,Ổn định,14896889.0,0.8081087458967683,9.0,2.0,49.1,6.0,0.111223820036995,0.888776179963005,0.6049361537084551,4.562685443514459,0.5937,1,-1.0621761409146635,-2.834488371363119,2.8344883713631184,2.4553380398962528,1.0626843534748895,-0.6660640719993292,Low-Engagement Online Discretionary Spenders
KH00107405,30,Nam,Chuyên viên tư vấn tài chính,Vĩnh Long,205225833.33333334,809900000,0.19465833333333335,67.825,Cần theo dõi,2482646.0,0.8154879833249908,61.416666666666664,25.5,75.25833333333334,13.166666666666666,0.39958774089649013,0.6004122591035098,0.2323892961038794,3.958124004372524,0.7620999999999999,3,0.07318285736985507,-0.44730452865517656,0.4473045286551757,-0.10110296576147494,0.23427167952969039,0.46603824015960305,Financially Healthy Moderate Spenders
KH00107410,39,Nữ,Nhà thầu,Thành phố Hồ Chí Minh,1016640000.0,4513500000,0.17141666666666666,65.51666666666667,Cần theo dõi,2139006.3333333335,1.276709810833785,363.8333333333333,30.416666666666668,82.84166666666667,14.0,0.45775205790983536,0.5422479420901646,0.25685562408108326,4.452491005557971,0.7696166666666667,2,-0.33555810638586,0.03420133165685027,-0.03420133165685119,0.0667865837597894,0.9116881716294397,0.5165705187407283,Financially Healthy & Highly Engaged
KH00107445,28,Nữ,Kỹ sư vật liệu,Hải Phòng,161565000.0,559400000,0.15033333333333335,72.5,Ổn định,1378804.9166666667,1.3085593558930162,60.916666666666664,26.083333333333332,70.91666666666667,13.0,0.5640765531602935,0.43592344683970646,0.14801204509365753,3.4762022485143818,0.5193416666666667,3,-0.706341411621413,0.9143950687563069,-0.9143950687563079,-0.6801052040682537,-0.42609146068223464,-1.1659526770762372,Financially Healthy Moderate Spenders
KH00107450,37,Nữ,Kỹ sư y sinh,Ninh Bình,937955833.3333334,3104200000,0.17986666666666665,67.53333333333333,Cần theo dõi,2325062.0,1.7293614043381649,243.5,30.416666666666668,82.38333333333334,14.0,0.4297275457156224,0.5702724542843776,0.25001617360729284,3.315942176047191,0.59795,2,-0.1869516749594369,-0.19779600875382367,0.19779600875382278,0.01985382539541377,-0.6456911019488484,-0.6374926062827292,Financially Healthy & Highly Engaged
KH00107485,91,Nam,Chuyên viên thu mua công nghiệp,Hưng Yên,143356666.66666666,487500000,0.20579999999999998,67.29166666666667,Cần theo dõi,1626754.8333333333,1.1934717597990832,61.333333333333336,25.583333333333332,72.5,13.333333333333334,0.5104228564272504,0.4895771435727496,0.169132538348534,3.4118816716223144,0.7016083333333333,3,0.26912644594690377,0.4702298016143062,-0.4702298016143067,-0.5351749921651041,-0.5142280463839,0.05937104479332796,Financially Healthy Moderate Spenders
KH00107490,52,Nam,Nhà tâm lý học tư vấn,Thái Nguyên,135588333.33333334,594100000,0.166375,67.72500000000001,Ổn định,1622156.9166666667,1.351345002648926,61.25,24.583333333333332,72.64999999999999,13.166666666666666,0.558552896696633,0.4414471033033669,0.18450435822909317,4.398491511075843,0.7396916666666667,3,-0.42422367937697053,0.8686681850899398,-0.8686681850899414,-0.42969255452780575,0.8376942601435856,0.31539378660678513,Financially Healthy Moderate Spenders
KH00107525,26,Nữ,Chuyên viên trưng bày sản phẩm,Thái Nguyên,234495000.0,1175800000,0.15948333333333334,65.80833333333334,Cần theo dõi,1473059.9166666667,1.804369027765108,122.5,29.416666666666668,76.93333333333334,13.75,0.5128641453480222,0.4871358546519778,0.1826198922411629,5.037025414898004,0.7961583333333334,3,-0.5454243882425049,0.49043969975162516,-0.49043969975162616,-0.44262388390819096,1.712658398479565,0.6950021232649863,Financially Healthy Moderate Spenders
KH00107530,45,Nam,Giảng viên công nghệ thông tin,Đồng Tháp,291180000.0,1284400000,0.11118333333333334,74.55833333333334,Ổn định,2319824.9166666665,0.8832811856110996,61.416666666666664,25.083333333333332,73.925,13.5,0.40670548517360056,0.5932945148263994,0.19709585457866788,4.430557490850558,0.492825,3,-1.394855232963954,-0.3883811928779385,0.38838119287793765,-0.34328887957100745,0.8816333246091375,-1.3442162141551033,Financially Healthy Moderate Spenders
KH00107565,56,Nam,Quản lý tổng đài,Nghệ An,129901666.66666667,456000000,0.2664083333333333,60.56666666666666,Cần theo dõi,1948040.5833333333,1.4226842483917583,61.083333333333336,24.416666666666668,71.23333333333333,13.0,0.49786741975028703,0.502132580249713,0.1629324062370362,3.5222683026622406,0.9484583333333333,0,1.3350185324995434,0.3662912246798031,-0.3662912246798036,-0.5777207059371736,-0.3629685080359401,1.7188690005916214,Financially Stretched but Highly Engaged
KH00107570,63,Nữ,Quản lý sản xuất,Thanh Hóa,162111666.66666666,667800000,0.15874166666666667,68.27499999999999,Cần theo dõi,1734738.0833333333,1.4957501504839732,61.5,25.75,72.54166666666667,13.0,0.4832144856850056,0.5167855143149944,0.18053397902141324,4.126836490248951,0.6564583333333333,3,-0.5584677535254948,0.2449887838451597,-0.2449887838451602,-0.4569375574243196,0.4654534131037028,-0.24415876158420086,Financially Healthy Moderate Spenders
KH00107605,54,Nam,Biên tập viên chuyên đề tạp chí,Thành phố Hồ Chí Minh,527373333.3333333,1950000000,0.21125833333333333,63.69166666666667,Cần theo dõi,1646608.9166666667,2.103863517168319,243.41666666666666,30.333333333333332,78.7,13.75,0.49115829999065647,0.5088417000093436,0.18417333393402988,3.7098835961524395,0.77725,0,0.365119752243065,0.31075063471540737,-0.31075063471540737,-0.4319640649821147,-0.10588481580802785,0.5678871120670137,Financially Stretched but Highly Engaged
KH00107610,59,Nữ,Cán bộ giáo dục bảo tàng,Khánh Hòa,126569166.66666667,447700000,0.26948333333333335,58.36666666666667,Cần theo dõi,1970629.75,1.4553699164391884,61.75,24.833333333333332,74.6,12.75,0.4694883835506489,0.530511616449351,0.2379680221956588,3.5484557892654407,0.9525666666666667,0,1.3890972042908167,0.13135900262693045,-0.13135900262693184,-0.06282138091048958,-0.32708456904100214,1.7464880841176686,Financially Stretched but Highly Engaged
KH00107645,42,Nữ,Chuyên viên trắc địa,Đồng Tháp,247134166.66666666,732100000,0.23771666666666666,64.65833333333333,Cần theo dõi,1439337.5833333333,1.6811000543033316,121.66666666666667,29.333333333333332,74.72500000000001,13.583333333333334,0.5712668300995152,0.4287331699004848,0.1452446042848819,2.9723801654098687,0.6982916666666666,0,0.8304308171137692,0.9739188569013187,-0.9739188569013193,-0.6990955646628232,-1.1164639721173575,0.0370740970380206,Financially Stretched but Highly Engaged
KH00107650,35,Nữ,Kỹ sư kết cấu,Đồng Nai,1614900833.3333333,7436500000,0.10965833333333334,72.05,Ổn định,2252228.0833333335,1.404175093794355,365.0,30.416666666666668,82.18333333333334,14.0,0.44243952341245635,0.5575604765875436,0.24384806238038825,4.624854296259223,0.5049750000000001,2,-1.4216747368604388,-0.09256152700486826,0.09256152700486735,-0.02247215896345417,1.1478724951656538,-1.262535435694705,Financially Healthy & Highly Engaged
KH00107685,50,Nữ,Chuyên viên cây xanh cảnh quan,Đà Nẵng,447950000.0,1537200000,0.23034999999999997,61.541666666666664,Cần theo dõi,1454869.9166666667,2.0169630840076547,243.16666666666666,30.416666666666668,79.06666666666666,14.0,0.5099631753922503,0.4900368246077496,0.18389345497855983,3.439155334006317,0.791125,0,0.7008764922804767,0.4664243909503069,-0.46642439095030785,-0.43388461275692297,-0.4768557528153954,0.6611645442594434,Financially Stretched but Highly Engaged
KH00107690,57,Nam,Nhà văn khoa học,Thanh Hóa,299679166.6666667,1378100000,0.17505,64.75833333333334,Cần theo dõi,1951485.8333333333,2.317262123680657,122.08333333333333,29.5,75.925,13.416666666666666,0.4658397329126864,0.5341602670873136,0.17242938866702492,4.61127815918033,0.792875,3,-0.27166027196581966,0.10115411491188876,-0.10115411491188969,-0.5125517887433974,1.1292695157309491,0.6729292654368672,Financially Healthy Moderate Spenders
KH00107725,22,Nam,Thủ thư thư viện công cộng,An Giang,347675000.0,1246000000,0.20126666666666668,62.34166666666667,Cần theo dõi,1403105.1666666667,2.349604855038629,182.83333333333334,29.916666666666668,82.35000000000001,14.0,0.4213126223645158,0.5786873776354842,0.26014752636994115,3.598094680557585,0.7300916666666667,0,0.18940070758795524,-0.26745787561120804,0.26745787561120715,0.08937583347716908,-0.2590658632410344,0.25085588757634675,Financially Stretched but Highly Engaged
KH00107730,36,Nữ,Chuyên viên nắn chỉnh xương,Thành phố Hồ Chí Minh,1106457500.0,5265200000,0.131475,67.96666666666667,Cần theo dõi,2287476.25,1.6646519355001272,304.25,30.416666666666668,80.72500000000001,14.0,0.4399051865902432,0.5600948134097569,0.21498221511227178,4.775635760701283,0.626425,2,-1.0379946210079969,-0.11354171029525588,0.1135417102952559,-0.2205514988181777,1.3544838799690002,-0.446063785981508,Financially Healthy & Highly Engaged
KH00107765,26,Nam,Cán bộ hành chính địa phương,Cà Mau,309930833.3333333,1558800000,0.19761666666666666,61.4,Cần theo dõi,2505978.0833333335,0.9522088770615981,122.41666666666667,29.75,79.19166666666666,13.916666666666666,0.38414429143751777,0.6158557085624822,0.22127819320310338,5.048514421582008,1.0063833333333334,0,0.12520976383571297,-0.5751511500849725,0.5751511500849718,-0.17734808364078214,1.7284014448134148,2.108281271564343,Financially Stretched but Highly Engaged
KH00107770,46,Nam,Chuyên viên công nghệ dệt may,Sơn La,628109166.6666666,2952800000,0.14985,68.63333333333334,Cần theo dõi,2408671.1666666665,0.9154632442587277,183.0,30.25,79.25,13.916666666666666,0.39543309400751636,0.6045669059924836,0.19849338646555506,4.717629225731263,0.7066916666666666,2,-0.7148415822552715,-0.4816982416271523,0.4816982416271519,-0.3336989239736777,1.2749992393193865,0.09354475868965359,Financially Healthy & Highly Engaged
KH00107805,23,Nữ,Giáo viên mầm non,Cần Thơ,533113333.3333333,2701800000,0.16415,63.25833333333333,Cần theo dõi,1855048.5833333333,1.038230251111454,243.58333333333334,30.25,84.18333333333332,14.0,0.25580140993047334,0.7441985900695266,0.2873374710383955,5.084164150331282,0.82705,2,-0.46335377522594007,-1.637621282086953,1.6376212820869522,0.27595501962018953,1.7772512145911947,0.9026774632874105,Financially Healthy & Highly Engaged
KH00107810,23,Nam,Biên tập viên đặt bài,Thành phố Hồ Chí Minh,561360000.0,1386400000,0.2099,69.7,Ổn định,20787857.0,0.4483077019362196,14.0,2.0,48.8,5.0,0.0550939765659897,0.9449060234340102,0.6338521801876095,2.469716403021234,0.5184,1,0.34123134166860064,-3.2991521026244137,3.299152102624413,2.653761712792875,-1.805249270906419,-1.1722832175193274,Low-Engagement Online Discretionary Spenders
KH00107845,36,Nam,Phóng viên ảnh,Sơn La,742951666.6666666,3103300000,0.15805,65.375,Cần theo dõi,1623386.25,2.2241934951651676,304.4166666666667,30.416666666666668,81.625,14.0,0.4787929215990819,0.5212070784009181,0.23316034435131316,4.189356420282698,0.657525,2,-0.5706317908118786,0.2083854309917432,-0.20838543099174414,-0.09581198204534766,0.5511226256284593,-0.2369878839141515,Financially Healthy & Highly Engaged
KH00107850,48,Nữ,Nhân viên cứu trợ quốc tế,Lâm Đồng,558135833.3333334,1430700000,0.32675000000000004,57.5,Cần theo dõi,1555909.25,2.1766104571760256,305.0,30.416666666666668,78.55,14.0,0.5061032883489694,0.49389671165103044,0.17143033580427466,2.571207955094214,0.8414,0,2.3962208697369523,0.43447080966685814,-0.4344708096668596,-0.5194073551051068,-1.6661783963978536,0.9991481769422844,Financially Stretched but Highly Engaged
KH00107885,45,Nữ,Nhà khoa học thính học,Thành phố Hồ Chí Minh,1760517500.0,6467900000,0.12708333333333333,72.7,Ổn định,2248238.1666666665,1.380299540012043,364.3333333333333,30.416666666666668,82.45833333333333,14.0,0.4416156254896677,0.5583843745103323,0.24944241272149334,3.686128780031599,0.4694416666666667,2,-1.115228930043229,-0.0993820605981814,0.09938206059818096,0.015916640512600475,-0.13843533833171456,-1.5014152980782012,Financially Healthy & Highly Engaged
KH00107890,23,Nam,Chuyên viên viết nội dung quảng cáo,Hà Nội,257550000.0,716000000,0.219,65.1,Ổn định,17420444.0,0.5875034069286643,9.0,2.0,50.5,5.0,0.0955518420246964,0.9044481579753036,0.7208388611082763,2.7800427101533685,0.6088,1,0.5012690370509026,-2.9642268371972764,2.964226837197277,3.250670030531766,-1.3800183030634383,-0.5645513349827027,Low-Engagement Online Discretionary Spenders
KH00107925,33,Nam,Nhà thiết kế bối cảnh,Hà Tĩnh,347005833.3333333,893300000,0.29759166666666664,61.86666666666667,Cần theo dõi,1454831.0,1.9135805737387812,182.41666666666666,30.416666666666668,79.96666666666667,13.916666666666666,0.5188387205828923,0.4811612794171078,0.21415962218867365,2.5807646392936827,0.7602333333333333,0,1.88342609304952,0.5398994568017252,-0.5398994568017254,-0.226196185487585,-1.6530831544602134,0.4534892042370185,Financially Stretched but Highly Engaged
KH00107930,85,Nữ,Quản lý thu mua,Tây Ninh,151480833.33333334,681800000,0.16048333333333334,65.69166666666666,Cần theo dõi,1808636.9166666667,1.742200573465895,61.5,25.75,76.58333333333333,13.333333333333334,0.45232543404724757,0.5476745659527524,0.2501823212835941,4.522628852088101,0.7221583333333333,3,-0.5278378283103838,-0.010722280030115739,0.01072228003011528,0.02099394166272657,1.0077959900031177,0.19752248490535973,Financially Healthy Moderate Spenders
KH00107965,85,Nam,Thư ký luật sư tranh tụng,Hải Phòng,423876666.6666667,1689600000,0.13538333333333333,71.39999999999999,Ổn định,1891614.8333333333,1.8424659623878092,122.33333333333333,29.083333333333332,77.10000000000001,13.833333333333334,0.45523202054011497,0.5447679794598851,0.18529466112610934,3.9986698687967697,0.5380333333333334,3,-0.9692604826066238,0.013339524555302585,-0.013339524555302587,-0.42426944414160384,0.2898304793313814,-1.0402942504049937,Financially Healthy Moderate Spenders
KH00107970,61,Nữ,Chuyên viên trang điểm,Quảng Trị,428070000.0,1919400000,0.19691666666666666,61.53333333333333,Cần theo dõi,1546800.5,1.5800748844074894,243.5,30.416666666666668,81.19166666666666,13.916666666666666,0.5298161461588373,0.4701838538411627,0.22820758819554263,4.497794367249123,0.887375,0,0.11289917188322808,0.6307746706333245,-0.630774670633325,-0.12979812008190703,0.9737660293415371,1.3082242090177414,Financially Stretched but Highly Engaged
KH00108005,56,Nam,Giáo viên tiếng anh,Hà Tĩnh,104946666.66666667,415500000,0.23795833333333336,61.925000000000004,Cần theo dõi,1582067.8333333333,1.4321177727009147,61.583333333333336,24.833333333333332,70.575,13.0,0.5260255689233162,0.4739744310766838,0.148254292371552,3.9766780867720217,0.9266916666666667,0,0.8346809024306989,0.5993948617300409,-0.5993948617300414,-0.6784428873366073,0.25969579032806206,1.5725382781371913,Financially Stretched but Highly Engaged
KH00108010,63,Nam,Quản lý trường quay,Hưng Yên,147810833.33333334,379600000,0.2586583333333333,65.4,Cần theo dõi,1584379.5,1.459478278152468,60.75,25.0,72.48333333333333,13.083333333333334,0.4867426075066508,0.5132573924933491,0.18305561859069697,2.574607384755775,0.6707333333333333,0,1.1987226930256052,0.274195889167606,-0.27419588916760695,-0.4396339010793014,-1.661520258393188,-0.14819225026550245,Financially Stretched but Highly Engaged
KH00108045,27,Nam,Nhà khoa học nghiên cứu toán học,Đồng Tháp,924105833.3333334,3918900000,0.11852499999999999,70.68333333333334,Ổn định,1541202.75,2.208195274637256,304.5,30.416666666666668,81.40833333333333,14.0,0.49243886281219984,0.5075611371878,0.22844297532603478,4.251246631022028,0.5058666666666667,2,-1.2657405721289654,0.32135161027451803,-0.3213516102745195,-0.12818287813230791,0.6359289524136567,-1.2565410301423987,Financially Healthy & Highly Engaged
KH00108050,32,Nữ,Người quay phim,Đồng Nai,827227500.0,2297100000,0.23586666666666667,64.125,Cần theo dõi,1484069.1666666667,2.021117300466944,364.5833333333333,30.333333333333332,79.63333333333334,14.0,0.5041321155184079,0.495867884481592,0.1934702108836954,2.7849739529559514,0.653975,2,0.7978956812393453,0.41815270746365546,-0.41815270746365685,-0.36816828473718916,-1.3732611667800543,-0.26085346115978253,Financially Healthy & Highly Engaged
KH00108085,47,Nam,Nhân viên tư vấn hỗ trợ,Điện Biên,397732500.0,1629500000,0.2292,60.0,Cần theo dõi,1504488.9166666667,2.395890363747703,242.41666666666666,30.416666666666668,81.175,14.0,0.5071961316571075,0.4928038683428925,0.22523411672231464,4.108090125903225,0.9348666666666667,0,0.6806519483585377,0.4435177732399116,-0.44351777323991165,-0.1502022766279859,0.43976582403676723,1.627496332780299,Financially Stretched but Highly Engaged
KH00108090,68,Nữ,Chuyên viên xử lý bồi thường bảo hiểm,An Giang,269460000.0,947100000,0.20062499999999997,66.77499999999999,Cần theo dõi,1558321.8333333333,1.2934870187201315,122.08333333333333,29.166666666666668,76.14999999999999,13.833333333333334,0.516056615273654,0.48394338472634607,0.16650832253089196,3.5227217305381635,0.7073833333333334,3,0.17811599829817684,0.5168681537762625,-0.5168681537762625,-0.5531825334635369,-0.362347189217347,0.09819462467882638,Financially Healthy Moderate Spenders
KH00108125,27,Nam,Chuyên viên phục chế đồ gỗ,Vĩnh Long,304895000.0,933600000,0.20080833333333334,65.78333333333333,Cần theo dõi,1532401.75,1.9843320152789143,121.83333333333333,29.166666666666668,77.46666666666667,14.0,0.48294724645572934,0.5170527535442707,0.18750041909891815,3.0697325489045917,0.621175,0,0.18134020095239964,0.24277647806028727,-0.2427764780602873,-0.40913338805861293,-0.9830648779901054,-0.4813579495137786,Financially Stretched but Highly Engaged
KH00108130,63,Nam,Nhà khoa học y sinh,Hải Phòng,205201666.66666666,924700000,0.10459166666666665,75.18333333333334,Ổn định,1647310.0833333333,1.1320534702816172,61.5,25.833333333333332,73.375,13.416666666666666,0.5423131869211348,0.4576868130788651,0.18554046064907057,4.522571876651546,0.47300000000000003,3,-1.5107799738498529,0.7342298244559663,-0.7342298244559673,-0.4225827516709989,1.0077179182461558,-1.4774936983507732,Financially Healthy Moderate Spenders
KH00108165,27,Nữ,Kỹ sư hệ thống sản xuất,Cần Thơ,529037500.0,2569500000,0.121075,68.53333333333333,Cần theo dõi,2526373.1666666665,1.5955954602763114,122.66666666666667,29.583333333333332,80.11666666666666,13.916666666666666,0.3871555703721754,0.6128444296278246,0.24177044388635174,4.881070003343037,0.5865,2,-1.2208948443020564,-0.5502226625083174,0.5502226625083171,-0.036728913526943886,1.4989573068488395,-0.7144674962721576,Financially Healthy & Highly Engaged
KH00108170,50,Nữ,Thủ thư thư viện công cộng,Điện Biên,734587500.0,2183900000,0.30512500000000004,59.324999999999996,Cần theo dõi,2200474.75,1.3099855565108374,304.1666666666667,30.416666666666668,82.48333333333333,14.0,0.4614063558666602,0.5385936441333398,0.25053414100997934,2.982081281590567,0.9146666666666666,0,2.015911511204833,0.06445296997891119,-0.06445296997891212,0.023408151732605083,-1.1031708193041188,1.4916978369037517,Financially Stretched but Highly Engaged
KH00108205,35,Nam,Quản lý di sản,An Giang,663557500.0,2762400000,0.137425,68.22500000000001,Cần theo dõi,1565870.75,2.1131219664940817,243.41666666666666,30.416666666666668,81.35833333333333,14.0,0.48766659714896293,0.512333402851037,0.228245261552019,4.174486570997035,0.5724916666666667,2,-0.9333545894118765,0.2818450192612133,-0.28184501926121425,-0.12953960303539053,0.5307469105888409,-0.8086412881733432,Financially Healthy & Highly Engaged
KH00108210,25,Nam,Chuyên viên trắc địa,Thành phố Hồ Chí Minh,127370000.0,335600000,0.31131666666666663,59.40833333333333,Cần theo dõi,1751736.25,2.116992083957061,61.5,25.166666666666668,77.66666666666667,13.0,0.39507919710093714,0.6049208028990628,0.29648272696662625,2.6418984712469755,0.83825,0,2.124801628117882,-0.48462793191174885,0.484627931911748,0.33871036645760255,-1.5693132711728774,0.9779716788229221,Financially Stretched but Highly Engaged
KH00108245,50,Nam,Chuyên viên biên tập nội dung,Thành phố Hồ Chí Minh,148965000.0,478000000,0.27735,63.574999999999996,Ổn định,2155285.9166666665,1.8194584934513687,61.166666666666664,25.916666666666668,73.25,13.166666666666666,0.4848580701420216,0.5151419298579784,0.19058428181707068,3.215673876924559,0.9011583333333334,0,1.5274448090901687,0.2585949875901361,-0.25859498759013705,-0.3879717195393952,-0.7830857890893487,1.4008853939104016,Financially Stretched but Highly Engaged
KH00108250,88,Nữ,Chuyên viên giám định rủi ro bảo hiểm,Cao Bằng,206426666.66666666,656200000,0.2839083333333334,62.50833333333333,Cần theo dõi,1498362.75,1.507610600313584,122.58333333333333,29.25,77.21666666666667,13.75,0.5779278692003239,0.42207213079967615,0.19097745460521698,3.188802629958094,0.9153416666666666,0,1.642783331311664,1.0290614172802375,-1.0290614172802375,-0.3852737420436548,-0.8199066647034562,1.4962356579293292,Financially Stretched but Highly Engaged
KH00108285,94,Nam,Quản lý cơ sở vật chất,Vĩnh Long,659110833.3333334,2639900000,0.13939166666666666,71.08333333333333,Cần theo dõi,1517578.0,1.6852355488940862,243.66666666666666,30.333333333333332,77.93333333333334,13.916666666666666,0.5614630264493092,0.43853697355069077,0.16388200327670907,4.0134165824355685,0.560825,3,-0.8987676882120382,0.8927593220985718,-0.8927593220985723,-0.5712045086816661,0.31003746523303005,-0.8870727626895009,Financially Healthy Moderate Spenders
KH00108290,71,Nam,Nhà chọn giống cây trồng,Hà Nội,313519166.6666667,1276200000,0.19799166666666668,65.02499999999999,Cần theo dõi,2104234.0,1.8444187350130097,122.16666666666667,29.166666666666668,77.01666666666667,14.0,0.46604984848919156,0.5339501515108084,0.17906406746446235,4.087385548428827,0.7976333333333333,3,0.13180472381025862,0.10289352984229834,-0.10289352984229927,-0.46702418707150334,0.41139495338908594,0.7049181025430997,Financially Healthy Moderate Spenders
KH00108325,44,Nữ,Công chức hành chính,Phú Thọ,167572500.0,766600000,0.17875833333333335,65.48333333333333,Cần theo dõi,2140323.5,1.3333507399749556,61.583333333333336,26.083333333333332,78.00833333333334,13.083333333333334,0.43741080043413877,0.5625891995658613,0.2867138311993804,4.583711960559614,0.8227416666666666,3,-0.20644344555087044,-0.1341911671051742,0.1341911671051742,0.27167556208437454,1.0914963684023613,0.8737138401982294,Financially Healthy Moderate Spenders
KH00108330,66,Nam,Nhà địa chất công trình,Lào Cai,120858333.33333333,417300000,0.24205,64.19166666666666,Cần theo dõi,1626386.6666666667,1.3470111009156016,61.416666666666664,25.333333333333332,74.05,13.25,0.5455400920278102,0.45445990797218977,0.2066392627506092,3.462779855051371,0.833025,0,0.9066392434862939,0.7609433457232836,-0.7609433457232846,-0.2778013858867225,-0.44448376978355475,0.9428455827360429,Financially Stretched but Highly Engaged
KH00108365,15,Nam,Quản lý cơ sở vật chất,Đồng Nai,644558333.3333334,2193800000,0.19862500000000002,66.29166666666667,Cần theo dõi,1759177.5,0.9990211528847418,243.5,30.333333333333332,83.52499999999999,14.0,0.2525393415086175,0.7474606584913825,0.2731231152093457,3.4115143810743835,0.6736749999999999,2,0.14294287843393558,-1.664625898362289,1.6646258983622892,0.17841517632626866,-0.5147313337674917,-0.12841631419107166,Financially Healthy & Highly Engaged
KH00108370,29,Nam,Chuyên viên trị liệu nghề nghiệp,Bắc Ninh,119291666.66666667,412400000,0.23464166666666667,61.14166666666667,Cần theo dõi,1650062.4166666667,1.34391471256197,61.5,24.833333333333332,73.93333333333334,13.083333333333334,0.5436957204409203,0.4563042795590797,0.21238364210391877,3.47230695093494,0.816275,0,0.7763521453224969,0.7456749514004084,-0.745674951400409,-0.23838307747505644,-0.43142907184079243,0.8302403943235597,Financially Stretched but Highly Engaged
KH00108405,52,Nam,Kỹ thuật viên chẩn đoán hình ảnh,Đồng Tháp,409300833.3333333,1451600000,0.20004999999999998,65.49166666666666,Cần theo dõi,1590488.8333333333,1.5613724056202212,183.16666666666666,30.0,78.325,13.75,0.5399531116632063,0.4600468883367937,0.18584543505042472,3.5558368464370087,0.71,3,0.16800372633720734,0.7146922432408495,-0.7146922432408505,-0.4204899972982719,-0.31697052452516344,0.11578568396316406,Financially Healthy Moderate Spenders
KH00108410,33,Nữ,Kỹ sư dầu khí,Thành phố Hồ Chí Minh,1451355000.0,5030500000,0.15821666666666667,70.68333333333332,Cần theo dõi,2188955.1666666665,1.2540475623073937,365.25,30.416666666666668,82.47500000000001,14.0,0.4666453897912619,0.5333546102087381,0.24932959454267287,3.475733794162526,0.554975,2,-0.5677006974898583,0.10782364235335787,-0.10782364235335834,0.015142474759667438,-0.4267333698367334,-0.9264005449111741,Financially Healthy & Highly Engaged
KH00108445,70,Nữ,Chuyên viên phục chế bảo tàng,Hà Nội,166708333.33333334,737100000,0.14189166666666667,69.64999999999999,Ổn định,1686047.5833333333,1.527071124845991,61.916666666666664,25.916666666666668,75.71666666666667,13.083333333333334,0.49983736521587424,0.5001626347841258,0.24102500416933267,4.437638417351506,0.634975,3,-0.8548012883817355,0.38259916629902146,-0.3825991662990215,-0.0418441698254043,0.8913361089365426,-0.3885847196575245,Financially Healthy Moderate Spenders
KH00108450,49,Nữ,Chuyên viên phân tích tình báo,Hà Nội,1263811666.6666667,4817600000,0.13940833333333333,70.40833333333333,Cần theo dõi,2224789.8333333335,1.4368826095512996,303.4166666666667,30.416666666666668,81.50833333333334,14.0,0.4468973264081209,0.553102673591879,0.23025590928136486,3.823425162278538,0.5385749999999999,2,-0.8984745788798363,-0.05565817497141257,0.05565817497141166,-0.1157424062578294,0.049697836853291315,-1.036652789088173,Financially Healthy & Highly Engaged
KH00108485,69,Nam,Kế toán viên tài chính công,Hà Nội,401906666.6666667,1641800000,0.1272,71.05,Cần theo dõi,1762791.3333333333,1.6626910106974782,122.25,29.166666666666668,78.25,13.666666666666666,0.46098818283773374,0.5390118171622663,0.21421340989033713,4.101489847030606,0.519375,3,-1.1131771647178146,0.06099117803512695,-0.06099117803512696,-0.22582709074600876,0.43072165695027315,-1.1657285871490481,Financially Healthy Moderate Spenders
KH00108490,35,Nữ,Quản trị viên tổ chức từ thiện,Đắk Lắk,490432500.0,1500400000,0.2719333333333333,60.333333333333336,Cần theo dõi,2218334.0833333335,1.4372962329221963,183.33333333333334,30.083333333333332,82.20833333333333,14.0,0.4340843425073426,0.5659156574926574,0.2559666635887596,3.0754567251957123,0.8313416666666665,0,1.4321842761245125,-0.16172882366299543,0.16172882366299499,0.06068647847478372,-0.9752212083802948,0.9315290414129963,Financially Stretched but Highly Engaged
KH00108525,44,Nam,Bác sĩ đa khoa,Đồng Nai,411155000.0,1232600000,0.159325,70.90833333333335,Ổn định,1677159.6666666667,2.0312623094386386,121.91666666666667,29.833333333333332,78.71666666666667,13.916666666666666,0.468428305023498,0.531571694976502,0.2107834136506593,3.007870063906872,0.47868333333333335,3,-0.5482089268984244,0.12258327810330225,-0.12258327810330226,-0.24936395022388752,-1.0678332130109307,-1.4392863657650452,Financially Healthy Moderate Spenders
KH00108530,36,Nữ,Chuyên viên kính thuốc,Phú Thọ,937612500.0,2799100000,0.22978333333333334,65.43333333333334,Cần theo dõi,2111377.0,1.3238204538215732,303.6666666666667,30.416666666666668,82.73333333333333,14.0,0.4467186854600953,0.5532813145399046,0.25469200718463886,2.9977049541077836,0.6823333333333333,2,0.6909107749856086,-0.05713703121494573,0.05713703121494436,0.05193970251062533,-1.0817621625674245,-0.07020895560372285,Financially Healthy & Highly Engaged
KH00108565,17,Nam,Chuyên viên khảo sát nông thôn,Cần Thơ,303683333.3333333,1112200000,0.22980833333333336,60.65,Cần theo dõi,1403731.25,2.848632088567254,182.5,30.0,78.65833333333333,14.0,0.4210728480396811,0.5789271519603189,0.18709259869243478,3.6717924451457224,0.835025,0,0.6913504389839121,-0.26944281669688724,0.26944281669688636,-0.411931878473434,-0.15807999435582218,0.9562909783673841,Financially Stretched but Highly Engaged
KH00108570,54,Nam,Quản trị viên giáo dục,Hà Nội,319880000.0,1040500000,0.19203333333333336,67.25833333333334,Cần theo dõi,1706492.1666666667,1.5276006784119611,122.25,29.083333333333332,76.55833333333334,13.416666666666666,0.5432450695798697,0.4567549304201303,0.18750448086967944,3.262277201663052,0.6257,3,0.027018137548037367,0.7419442958766665,-0.7419442958766667,-0.40910551592087296,-0.7192266304302274,-0.450937741897869,Financially Healthy Moderate Spenders
KH00108605,46,Nữ,Cán bộ quan hệ sắc tộc,Đồng Nai,557295833.3333334,2346400000,0.18853333333333333,63.65,Cần theo dõi,1433425.4166666667,1.8743346028602048,303.8333333333333,30.416666666666668,79.41666666666667,14.0,0.5168006999378171,0.483199300062183,0.1882293897141635,4.217006925153015,0.7973750000000001,2,-0.034534822214387036,0.5230279635146048,-0.5230279635146049,-0.4041311438182098,0.5890112953194429,0.7031814056073854,Financially Healthy & Highly Engaged
KH00108610,44,Nữ,Giáo viên mầm non,Đồng Tháp,253583333.33333334,1019600000,0.17280833333333334,66.18333333333334,Cần theo dõi,1458806.6666666667,1.7255745644823184,122.41666666666667,29.416666666666668,76.99166666666666,13.916666666666666,0.503952080464397,0.49604791953560295,0.18004539619815194,4.03497408432573,0.6888500000000001,3,-0.3110834771469912,0.4166623102920023,-0.41666231029200324,-0.4602902448475241,0.3395770730018515,-0.026399374838268885,Financially Healthy Moderate Spenders
KH00108645,68,Nam,Bác sĩ đa khoa,Thành phố Hồ Chí Minh,486165833.3333333,2095500000,0.09635,75.05833333333334,Cần theo dõi,1640771.4166666667,1.6166345106194993,121.66666666666667,29.583333333333332,76.55,13.916666666666666,0.5131384004365788,0.4868615995634212,0.1704609686968915,4.33139094031538,0.4142333333333333,3,-1.6557225386237506,0.49271008543035844,-0.4927100854303594,-0.526059215863735,0.7457483309989488,-1.8725642399850173,Financially Healthy Moderate Spenders
KH00108650,91,Nữ,Cán bộ ứng phó khẩn cấp,Thành phố Hồ Chí Minh,135603333.33333334,517600000,0.19340833333333332,67.64999999999999,Cần theo dõi,1568562.4166666667,1.2449674642352313,61.666666666666664,25.166666666666668,75.29166666666667,13.416666666666666,0.5024548245483021,0.4975451754516979,0.22801691991077166,3.8285217749505303,0.7339666666666668,3,0.051199657454703174,0.4042674686604723,-0.40426746866047236,-0.13110649837504584,0.05668157458168593,0.27690634161207095,Financially Healthy Moderate Spenders
KH00108685,71,Nam,Lập trình viên đa phương tiện,Cần Thơ,367270000.0,1528800000,0.12436666666666667,71.375,Cần theo dõi,1585031.4166666667,1.6069962131638693,121.5,28.666666666666668,76.2,13.5,0.5154323073840968,0.4845676926159031,0.1830281250824138,4.1740390279681945,0.5149666666666667,3,-1.1630057511921579,0.5116999007493795,-0.5116999007493805,-0.4398225633389065,0.5301336556022943,-1.1953644800197962,Financially Healthy Moderate Spenders
KH00108690,50,Nam,Lập trình viên đa phương tiện,Hà Nội,501296666.6666667,1912700000,0.15275000000000002,68.89999999999999,Cần theo dõi,1573297.3333333333,1.6797789622945878,183.25,30.083333333333332,79.51666666666667,13.916666666666666,0.5006582049658589,0.49934179503414106,0.2052623261420292,3.8267728344925955,0.5772916666666666,3,-0.6638405584521201,0.3893943831998575,-0.3893943831998585,-0.28725001533161626,0.054285053157188505,-0.7763723386581248,Financially Healthy Moderate Spenders
KH00108725,54,Nam,Quản lý di sản,Bắc Ninh,425493333.3333333,1972300000,0.15900833333333333,67.27499999999999,Cần theo dõi,1703747.5,1.6319858500438382,183.16666666666666,30.166666666666668,79.44166666666666,13.75,0.5163927257460595,0.4836072742539405,0.20736685789287712,4.650559879483976,0.737175,3,-0.5537780042102626,0.5196506013400908,-0.5196506013400909,-0.27280858023223126,1.1830960962024022,0.29847499710401365,Financially Healthy Moderate Spenders
KH00108730,35,Nữ,Điều dưỡng khuyết tật học tập,Sơn La,996986666.6666666,4790800000,0.1745,61.975,Cần theo dõi,2315981.25,1.955464546844209,364.9166666666667,30.416666666666668,82.14166666666667,14.0,0.4265728476484277,0.5734271523515723,0.24270619982131403,4.820242141073982,0.8446250000000001,2,-0.28133287992848666,-0.2239117732786741,0.2239117732786732,-0.030307694841040282,1.4156066847777422,1.0208288773978225,Financially Healthy & Highly Engaged
KH00108765,20,Nữ,Nhà thiết kế gốm sứ,Đà Nẵng,877031666.6666666,4200000000,0.15564166666666665,65.46666666666667,Cần theo dõi,1794656.5,1.0822111013293805,364.6666666666667,30.416666666666668,83.25,14.0,0.25525882363431973,0.7447411763656803,0.2649664730464983,4.79881610598587,0.7480583333333333,2,-0.6129860893150706,-1.6421130133534445,1.642113013353444,0.12244376207879629,1.3862472220826374,0.3716403583312283,Financially Healthy & Highly Engaged
KH00108770,64,Nữ,Giáo viên tiếng anh,Thành phố Hồ Chí Minh,348700000.0,880500000,0.2441,65.0,Ổn định,21497200.0,0.3612883449132348,10.0,2.0,55.3,4.0,0.0697625737305323,0.9302374262694676,0.8204882496325103,2.5250932033266418,0.6165,1,0.9426916913471425,-3.1777199968255423,3.1777199968255414,3.934470679529487,-1.7293680779533207,-0.5127865618020386,Low-Engagement Online Discretionary Spenders
KH00108805,39,Nam,Cán bộ quản lý thị trường,Đắk Lắk,561528333.3333334,2111400000,0.13325,74.26666666666667,Ổn định,2325118.8333333335,0.792534857214544,122.33333333333333,29.583333333333332,78.84166666666667,13.916666666666666,0.4142933763036925,0.5857066236963074,0.21438643686494693,3.7754547248796357,0.5032916666666667,3,-1.0067784771284818,-0.3255658065009157,0.3255658065009148,-0.2246397682818722,-0.0160346358832235,-1.2738519770177505,Financially Healthy Moderate Spenders
KH00108810,33,Nam,Kiểm soát viên tài chính,Cần Thơ,116401666.66666667,320100000,0.3124166666666667,58.074999999999996,Cần theo dõi,1658103.8333333333,1.6274041411921256,61.5,25.333333333333332,73.55833333333334,13.25,0.5437617610886004,0.45623823891139953,0.19485870865209465,2.7605089517595798,0.859975,0,2.144146844043216,0.7462216604569161,-0.7462216604569171,-0.358640321854282,-1.4067848349252212,1.1240222888683664,Financially Stretched but Highly Engaged
KH00108845,50,Nữ,Chuyên viên trị liệu thảo dược,Thái Nguyên,821144166.6666666,2493700000,0.26614166666666667,62.09166666666667,Cần theo dõi,2173601.9166666665,1.3244634175282217,304.0,30.416666666666668,82.64166666666667,14.0,0.44959002253623986,0.5504099774637602,0.25313252087049204,3.0457334284008617,0.8157916666666667,0,1.3303287831843116,-0.03336703441815377,0.03336703441815377,0.04123840499631772,-1.0159501635899375,0.8269910903793192,Financially Stretched but Highly Engaged
KH00108850,50,Nam,Chuyên viên kính thuốc,Thành phố Hồ Chí Minh,482710000.0,2149100000,0.1434,68.55,Cần theo dõi,1693265.4166666667,1.6412519400640389,182.66666666666666,30.166666666666668,75.73333333333333,13.916666666666666,0.5108221344871481,0.489177865512852,0.12885097584729086,4.4616032094885,0.6393666666666666,3,-0.8282748938174528,0.4735351739732845,-0.47353517397328454,-0.8115897197305793,0.9241743553899141,-0.35906087175037094,Financially Healthy Moderate Spenders
KH00108885,78,Nam,Cán bộ giáo dục bảo tàng,Bắc Ninh,189941666.66666666,519700000,0.34912499999999996,59.26666666666667,Cần theo dõi,1487588.0833333333,1.2526706196971116,122.66666666666667,29.083333333333332,75.89166666666667,13.583333333333334,0.5697104645307641,0.4302895354692358,0.17014490091866577,2.747133087569143,0.9644,0,2.7897201482181604,0.9610346835692474,-0.9610346835692484,-0.5282280937171647,-1.4251133863393748,1.8260400082697712,Financially Stretched but Highly Engaged
KH00108890,72,Nữ,Nhà thiết kế gốm sứ,Hải Phòng,506825000.0,2287800000,0.16396666666666668,66.14999999999999,Cần theo dõi,1542482.0,1.668385571648546,243.58333333333334,30.416666666666668,79.23333333333333,13.916666666666666,0.5481656493673247,0.45183435063267535,0.1891762828953735,4.5272602449009165,0.7437416666666667,3,-0.4665779778801619,0.7826786864008236,-0.7826786864008237,-0.39763350061706315,1.014142250706746,0.34262071276025113,Financially Healthy Moderate Spenders
KH00108925,36,Nam,Kỹ thuật viên phân tích mẫu khoan,Thành phố Hồ Chí Minh,410964166.6666667,1274500000,0.21271666666666667,64.30833333333332,Cần theo dõi,1495056.5833333333,2.320686749668863,182.41666666666666,30.25,82.35833333333333,14.0,0.5038360057077059,0.496163994292294,0.25876155148117874,3.1112688880666073,0.6608083333333333,0,0.39076681881074166,0.41570140026243524,-0.4157014002624362,0.07986518276003199,-0.9261488599259403,-0.21491502608603313,Financially Stretched but Highly Engaged
KH00108930,93,Nam,Nhà thiết kế triển lãm,An Giang,124795833.33333333,553000000,0.19658333333333333,62.458333333333336,Cần theo dõi,1799660.25,1.571639430121368,61.25,25.166666666666668,74.075,13.333333333333334,0.4869024165045675,0.5130975834954324,0.207670108018938,4.44468854923471,0.86315,3,0.10703698523918788,0.2755188475204019,-0.27551884752040284,-0.27072765794981657,0.9009966963093017,1.1453668544331201,Financially Healthy Moderate Spenders
KH00108965,49,Nam,Cảnh sát,Đắk Lắk,757392500.0,3050600000,0.1602,64.76666666666667,Cần theo dõi,1629528.1666666667,2.5075894210141056,303.9166666666667,30.416666666666668,81.675,14.0,0.45139464075087776,0.5486053592491221,0.233713904363926,4.039007690346267,0.6451,2,-0.5328206869578181,-0.018427733303784857,0.01842773330378348,-0.09201341688112902,0.34510420412992604,-0.3205174042738591,Financially Healthy & Highly Engaged
KH00108970,44,Nữ,Chuyên viên nghiên cứu công đoàn,Hà Nội,512620000.0,1361100000,0.25048333333333334,64.35833333333333,Cần theo dõi,1380067.5,2.0520703113321135,243.83333333333334,30.416666666666668,82.0,14.0,0.5512521542693329,0.448747845730667,0.24201290681132362,2.662074170465639,0.6625916666666667,0,1.0549525655805154,0.8082299225282551,-0.8082299225282561,-0.03506511701088866,-1.5416671067695222,-0.20292621498142036,Financially Stretched but Highly Engaged
KH00109005,92,Nam,Chuyên viên thu mua bán lẻ,Đắk Lắk,160720000.0,573100000,0.2060833333333333,66.77499999999999,Cần theo dõi,1908731.25,1.3024788580101159,61.416666666666664,24.833333333333332,73.79166666666667,13.0,0.4950109295235369,0.504989070476463,0.21597853277777615,3.5770892493632704,0.74295,3,0.274109304594338,0.34264413562710033,-0.34264413562710133,-0.21371470155961653,-0.2878489848502324,0.3372985769895113,Financially Healthy Moderate Spenders
KH00109010,53,Nam,Kỹ thuật viên kế toán,Hà Nội,569910833.3333334,2807200000,0.13143333333333332,70.10000000000001,Cần theo dõi,1501797.75,1.5390687610650409,243.33333333333334,30.25,78.54166666666667,13.916666666666666,0.5726559519819499,0.42734404801805015,0.17641229236436629,4.936577322239651,0.6468333333333334,2,-1.0387273943385023,0.9854185247634292,-0.9854185247634297,-0.4852208419762217,1.575017345570358,-0.3088647280600298,Financially Healthy & Highly Engaged
KH00109045,34,Nam,Nhà trị liệu tâm lý qua chuyển động,Vĩnh Long,653346666.6666666,2050200000,0.28309999999999996,61.73333333333333,Cần theo dõi,2381016.75,0.929013239732225,243.5,30.333333333333332,79.21666666666667,14.0,0.4095534900983391,0.5904465099016609,0.18646894786152005,3.1496892069035543,0.888575,0,1.6285675286998647,-0.36480434831283387,0.3648043483128335,-0.41621141143638585,-0.8735026324280103,1.3162914463965458,Financially Stretched but Highly Engaged
KH00109050,62,Nữ,Đạo diễn sân khấu,Thành phố Hồ Chí Minh,116130000.0,289900000,0.2823,55.9,Cần theo dõi,8182500.0,1.3206937514898924,10.0,2.0,57.2,7.0,0.1316468072105102,0.8683531927894897,0.8590528567063855,2.496340308275209,0.7046,1,1.6144982807541683,-2.665419283749339,2.6654192837493387,4.199103546183204,-1.768767320331449,0.07948311575854297,Low-Engagement Online Discretionary Spenders
KH00109085,58,Nam,Cán bộ quản lý chất thải,Quảng Ninh,449630833.3333333,2008100000,0.16956666666666667,63.833333333333336,Cần theo dõi,1883005.8333333333,2.2788052765073585,182.75,30.25,78.21666666666667,14.0,0.4728329094685617,0.5271670905314383,0.17480084252691455,4.475600468318763,0.7571083333333334,3,-0.36809324226028384,0.15904623273866678,-0.15904623273866725,-0.4962787166003975,0.9433543855154535,0.43248077356304826,Financially Healthy Moderate Spenders
KH00109090,77,Nam,Nhà thiết kế web,Cao Bằng,343275000.0,1170900000,0.24089166666666664,62.475,Cần theo dõi,1538444.75,1.5674380014598521,183.08333333333334,30.166666666666668,79.875,13.916666666666666,0.5466172707081852,0.45338272929181483,0.21133503155807964,3.4246943403858214,0.8160833333333333,0,0.8862681448982533,0.7698606316786014,-0.7698606316786015,-0.24557871191305675,-0.49667122501961336,0.8289518772422225,Financially Stretched but Highly Engaged
KH00109125,72,Nam,Điều dưỡng sức khỏe tâm thần,Quảng Ninh,239220000.0,754400000,0.25855,61.84166666666667,Cần theo dõi,1611386.4166666667,1.70769973210806,121.75,29.333333333333332,78.44166666666666,13.75,0.527164738056236,0.4728352619437641,0.21364447239934167,3.167259337071926,0.820375,0,1.1968174823662923,0.6088253277193791,-0.6088253277193793,-0.22973117717687752,-0.8494268022940132,0.8578034553678091,Financially Stretched but Highly Engaged
KH00109130,47,Nữ,Nhà nghiên cứu bò sát,An Giang,541698333.3333334,2634400000,0.138475,67.58333333333333,Cần theo dõi,1475620.0833333333,1.85512547973601,243.91666666666666,30.166666666666668,79.26666666666667,14.0,0.527512563938079,0.47248743606192106,0.19018641470003736,4.87476201738434,0.6704916666666666,2,-0.9148887014831495,0.6117047598020628,-0.6117047598020628,-0.3907019098282807,1.4903136601043994,-0.14981690223762303,Financially Healthy & Highly Engaged
KH00109165,51,Nam,Chuyên viên thẩm định bồi thường,Quảng Trị,270425833.3333333,1208300000,0.16519999999999999,66.875,Cần theo dõi,1634337.0,1.329932215661627,122.0,29.75,75.14166666666667,13.666666666666666,0.502915186627326,0.4970848133726739,0.14660352704103155,4.477701006932409,0.736225,3,-0.444887887297213,0.40807851726033073,-0.40807851726033173,-0.6897705474564514,0.9462326915022282,0.29208843417912655,Financially Healthy Moderate Spenders
KH00109170,46,Nam,Quản lý trung tâm thông tin du lịch,Đồng Nai,1097780000.0,4153400000,0.14390833333333333,71.86666666666666,Ổn định,2449255.5,0.9437183178261486,243.33333333333334,30.416666666666668,78.75,14.0,0.37709667416836684,0.6229033258316331,0.17652444634953143,3.798065947412269,0.5432083333333333,2,-0.8193350591852913,-0.633493948394696,0.6334939483946952,-0.48445123396377554,0.014948854142230988,-1.0055042892088988,Financially Healthy & Highly Engaged
KH00109205,59,Nam,Kỹ thuật viên xạ trị,Thành phố Hồ Chí Minh,338271666.6666667,1671000000,0.12046666666666667,70.8,Ổn định,1656945.25,1.3017976049853976,122.0,29.75,76.03333333333333,13.583333333333334,0.5026487907770743,0.49735120922292575,0.16747705362976995,4.950777514079028,0.5984333333333334,3,-1.2315933349274302,0.40587319328086047,-0.40587319328086097,-0.546535037037044,1.5944754488011716,-0.634243302338488,Financially Healthy Moderate Spenders
KH00109210,38,Nữ,Nhà môi giới bảo hiểm,Lâm Đồng,716184166.6666666,2831200000,0.181925,64.56666666666666,Cần theo dõi,1401302.1666666667,1.969253187252327,364.8333333333333,30.416666666666668,78.15833333333333,14.0,0.5246583704585667,0.4753416295414333,0.1632186361050191,3.9692596610444597,0.7161,2,-0.15075267243248722,0.5880766840776589,-0.5880766840776599,-0.5757565777835759,0.2495305407842672,0.15679414063875483,Financially Healthy & Highly Engaged
KH00109245,35,Nam,Nhà thiết kế trang sức,Lào Cai,483925000.0,2321800000,0.13975833333333335,65.04166666666667,Cần theo dõi,1813093.9166666667,2.490499394847094,183.16666666666666,30.25,81.89999999999999,14.0,0.42847357666876107,0.5715264233312389,0.2503967665283597,4.811258192277514,0.6702666666666667,2,-0.8923192829035936,-0.2081768311500546,0.20817683115005414,0.022465479017012836,1.4032962452372517,-0.15132950924614838,Financially Healthy & Highly Engaged
KH00109250,63,Nữ,Nhà khoa học sinh lý,Cà Mau,146508333.33333334,577400000,0.17854166666666668,68.38333333333333,Cần theo dõi,1674675.25,1.2524483115420881,61.416666666666664,25.0,73.88333333333334,13.083333333333334,0.5008243898589151,0.49917561014108486,0.21154088820322858,3.95474191384608,0.706925,3,-0.21025386686949674,0.3907701235852131,-0.39077012358521407,-0.2441661100934369,0.22963730082946646,0.09511338817997732,Financially Healthy Moderate Spenders
KH00109285,46,Nữ,Chuyên viên phân tích đầu tư,Hưng Yên,846468333.3333334,2540900000,0.177975,67.425,Cần theo dõi,1504252.5,2.534608486018851,304.5,30.333333333333332,79.675,14.0,0.48850201652357245,0.5114979834764275,0.19418159890121042,3.007244341060933,0.5357999999999999,2,-0.22021958416436574,0.28876093172005635,-0.2887609317200573,-0.36328669343723174,-1.0686906225352442,-1.0553082755266587,Financially Healthy & Highly Engaged
KH00109290,55,Nam,Chuyên viên giám định rủi ro bảo hiểm,Lâm Đồng,497362500.0,1519800000,0.23010833333333333,66.01666666666667,Cần theo dõi,1432087.4166666667,1.2974602705261187,243.58333333333334,30.25,77.45,13.833333333333334,0.5704037086302954,0.4295962913697046,0.1576992046317561,3.0628711767366688,0.7027083333333334,0,0.6966264069635478,0.9667736161948032,-0.9667736161948033,-0.6136312790678475,-0.9924668135032763,0.06676601239056631,Financially Stretched but Highly Engaged
KH00109325,54,Nữ,Lập trình viên hệ thống,Thành phố Hồ Chí Minh,501493333.3333333,2381800000,0.15713333333333332,65.89999999999999,Cần theo dõi,1539528.5,1.5168485365745799,244.08333333333334,30.416666666666668,79.45,13.916666666666666,0.5186906723405718,0.4813093276594282,0.19317031214676925,4.769104701330106,0.7470166666666667,3,-0.5867528040829899,0.5386738583601608,-0.5386738583601618,-0.37022620956724295,1.3455345623197468,0.36463754810657184,Financially Healthy Moderate Spenders
KH00109330,59,Nữ,Luật sư,Thành phố Hồ Chí Minh,273348333.3333333,1024600000,0.10429166666666667,76.39999999999999,Ổn định,1702551.8333333333,1.3094313736392684,61.416666666666664,25.416666666666668,74.25833333333334,13.25,0.5275580760289327,0.4724419239710673,0.20805655876878346,3.7591523959088877,0.3948833333333333,3,-1.5160559418294888,0.6120815258260853,-0.6120815258260859,-0.2680758075223982,-0.03837323550241128,-2.0026484427182436,Financially Healthy Moderate Spenders
KH00109365,62,Nam,Quản lý trung tâm thông tin du lịch,Cà Mau,356102500.0,1445500000,0.16219166666666665,68.80833333333334,Cần theo dõi,1842277.4166666667,1.7533494182355398,121.25,29.166666666666668,78.55,13.916666666666666,0.4792048281097796,0.5207951718902204,0.2136276838506054,4.066575710567252,0.6675083333333333,3,-0.49779412175967735,0.21179534636573663,-0.2117953463657371,-0.22984638130097304,0.3828798475435313,-0.16987295072104044,Financially Healthy Moderate Spenders
KH00109370,51,Nam,Giáo viên giáo dục đặc biệt,Thái Nguyên,346550833.3333333,1095100000,0.25639166666666663,62.9,Cần theo dõi,1520128.9166666667,1.3319438453672396,181.91666666666666,30.25,79.02499999999999,13.916666666666666,0.5031600645671598,0.49683993543284016,0.19382082626680774,3.170358163476329,0.8097583333333334,0,1.1588598238461303,0.41010570797012674,-0.4101057079701277,-0.36576233894995036,-0.8451805720491482,0.7864308135581064,Financially Stretched but Highly Engaged
KH00109405,53,Nam,Nhà thiết kế sản phẩm,Đà Nẵng,103574166.66666667,455700000,0.24785833333333332,57.55833333333334,Có dấu hiệu căng thẳng tài chính,1753863.1666666667,1.4123786237729279,61.416666666666664,25.166666666666668,74.16666666666667,13.166666666666666,0.4967052839689046,0.5032947160310953,0.21579433518342114,4.408891748285243,1.0900166666666666,0,1.0087878457586972,0.35667063222815376,-0.3566706322281547,-0.2149786775501279,0.8519453978419014,2.6705228988815954,Financially Stretched but Highly Engaged
KH00109410,56,Nữ,Thủ thư học thuật,Thanh Hóa,308532500.0,1335000000,0.169,65.73333333333333,Cần theo dõi,1803127.1666666667,1.6146472828379856,122.08333333333333,29.583333333333332,77.76666666666667,13.916666666666666,0.4674555445959015,0.5325444554040984,0.1927351595673077,4.343408432765691,0.7328083333333333,3,-0.37805895955515234,0.11453040530055111,-0.11453040530055204,-0.3732122551482099,0.7622155457604596,0.26911921664225147,Financially Healthy Moderate Spenders
KH00109445,45,Nam,Kỹ sư khai thác mỏ,Huế,588949166.6666666,2697300000,0.13268333333333335,69.91666666666667,Cần theo dõi,1417238.9166666667,2.0988861999922253,243.16666666666666,30.166666666666668,80.3,14.0,0.5202725241181723,0.47972747588182774,0.21038957846573383,4.596026302153031,0.6060833333333333,2,-1.0167441944233504,0.5517690160130029,-0.5517690160130034,-0.2520664731298327,1.1083703467721293,-0.5828146640486082,Financially Healthy & Highly Engaged
KH00109450,38,Nam,Chuyên viên thuế cấp cao,Sơn La,186436666.66666666,769000000,0.19036666666666668,66.95,Cần theo dõi,2330269.0833333335,0.8242949273789529,61.666666666666664,25.75,73.65833333333333,13.083333333333334,0.3988122915720224,0.6011877084279776,0.19959523461370146,4.135240537530224,0.7868583333333333,3,-0.00229279567216466,-0.45372398672292175,0.4537239867229218,-0.3261379696120138,0.476969230735279,0.6324810335792489,Financially Healthy Moderate Spenders
KH00109485,77,Nam,Chuyên viên làm vườn thương mại,Lào Cai,309590000.0,1409000000,0.1283,68.3,Ổn định,16431545.0,0.6181845046026817,11.0,2.0,52.4,5.0,0.0902864224579107,0.9097135775420891,0.797418491039962,4.551180593688427,0.5838,1,-1.0938319487924815,-3.007815939736334,3.007815939736332,3.776164480852022,1.0469195977517185,-0.7326187803744685,Low-Engagement Online Discretionary Spenders
KH00109490,56,Nữ,Nhà khoa học sinh lý,Hải Phòng,517913333.3333333,1898500000,0.16263333333333332,68.35000000000001,Cần theo dõi,1704285.0,1.7351198031817203,182.41666666666666,30.25,77.30833333333334,13.916666666666666,0.4874531327716156,0.5125468672283843,0.16011680209813786,3.6862241278599015,0.6010333333333333,3,-0.4900267244563237,0.28007788171127856,-0.28007788171127995,-0.5970415664663994,-0.13830468602032814,-0.6167642880177447,Financially Healthy Moderate Spenders
KH00109525,85,Nữ,Chuyên viên khảo sát công trình,Hưng Yên,262403333.33333334,990500000,0.20085833333333333,65.79166666666667,Cần theo dõi,1638763.5,1.3067811623134509,122.41666666666667,29.083333333333332,77.05,13.833333333333334,0.5214679139573738,0.47853208604262626,0.1850476184548613,3.7851986666131503,0.76405,3,0.18221952894900562,0.5616648979297617,-0.5616648979297617,-0.42596466717740256,-0.0026828004805491998,0.47914750090016156,Financially Healthy Moderate Spenders
KH00109530,34,Nữ,Luật sư tranh tụng,Nghệ An,479420833.3333333,2310300000,0.10984166666666667,72.20833333333333,Cần theo dõi,1368110.0,1.8064004917745358,182.91666666666666,30.333333333333332,78.45833333333333,13.916666666666666,0.5636894709733232,0.43631052902667683,0.18137079066777237,4.841098051111923,0.52935,3,-1.4184505342062168,0.911190658371744,-0.9111906583717441,-0.4511953009454445,1.4441849219650382,-1.098669676437734,Financially Healthy Moderate Spenders
KH00109565,54,Nam,Giám đốc chiến lược,Đắk Lắk,237458333.33333334,738800000,0.13944166666666666,74.71666666666667,Cần theo dõi,1631941.4166666667,1.6124518372124992,61.25,25.583333333333332,70.95833333333333,13.083333333333334,0.5518715749332511,0.4481284250667488,0.15038623629047113,3.1226521685156334,0.4393666666666666,3,-0.8978883602154323,0.8133577172826668,-0.8133577172826678,-0.6638133481394941,-0.9105506871274401,-1.7036004348844958,Financially Healthy Moderate Spenders
KH00109570,90,Nam,Quản lý sân khấu,Thành phố Hồ Chí Minh,355856666.6666667,1088200000,0.18484166666666668,69.75,Cần theo dõi,1621804.25,1.6660202169499494,121.66666666666667,29.25,74.775,13.916666666666666,0.508676850581011,0.49132314941898897,0.13653123164506428,3.06727024445242,0.57095,3,-0.09945853929713379,0.4557757154963442,-0.4557757154963452,-0.7588873000091698,-0.986438901014442,-0.8190054473058361,Financially Healthy Moderate Spenders
KH00109605,74,Nữ,Nhà tâm lý học thể thao,Nghệ An,124877500.0,365000000,0.29389166666666666,64.53333333333333,Cần theo dõi,1714664.4166666667,1.2721550390082341,61.583333333333336,25.25,75.825,13.333333333333334,0.5612700376714316,0.43872996232856837,0.24640374102349735,2.932911186420362,0.8580583333333333,0,1.8183558213006723,0.8911616891804164,-0.8911616891804174,-0.004934924258169251,-1.170547147632142,1.111137118054997,Financially Stretched but Highly Engaged
KH00109610,25,Nữ,Chuyên viên khảo sát công trình,Nghệ An,491309166.6666667,1992100000,0.18148333333333333,62.74166666666667,Cần theo dõi,1191331.75,2.142105290902339,304.5833333333333,30.333333333333332,80.45833333333333,14.0,0.4647297565988655,0.5352702434011344,0.2102128359035368,4.065228257509556,0.7365333333333334,2,-0.15852006973584082,0.09196531794226796,-0.09196531794226935,-0.2532792922000317,0.38103347243875113,0.2941612660056251,Financially Healthy & Highly Engaged
KH00109645,23,Nữ,Nhà khoa học địa chất,Bắc Ninh,447125833.3333333,1937900000,0.11998333333333333,69.4,Ổn định,1289825.25,2.275633921305426,182.75,29.583333333333332,81.48333333333333,14.0,0.44847457599773666,0.5515254240022632,0.24722392333278578,4.351336402325386,0.5268833333333333,2,-1.2400935055612887,-0.04260111594327213,0.042601115943270755,0.0006932206175164242,0.7730790081592934,-1.1152523310497218,Financially Healthy & Highly Engaged
KH00109650,32,Nam,Kỹ sư đóng tàu,Lâm Đồng,1153576666.6666667,3108900000,0.18951666666666667,71.79166666666667,Ổn định,2409596.4166666665,0.9181241210948089,243.75,30.416666666666668,79.40833333333333,14.0,0.3918346879977303,0.6081653120022698,0.19036785334763318,2.7008616332788162,0.512325,2,-0.017241371614467906,-0.511487185613144,0.511487185613144,-0.38945686591163775,-1.4885177927308701,-1.213123606749526,Financially Healthy & Highly Engaged
KH00109685,37,Nữ,Kiểm lâm,Hưng Yên,406249166.6666667,1561100000,0.21561666666666668,62.125,Cần theo dõi,1383457.0833333333,1.8115837990363122,244.16666666666666,30.416666666666668,78.725,14.0,0.5292383816585443,0.47076161834145575,0.1758591287313925,3.8540563537151264,0.8322250000000001,0,0.4417678426138931,0.625991721102472,-0.625991721102472,-0.489016687157323,0.0916708532602376,0.937467424483507,Financially Stretched but Highly Engaged
KH00109690,31,Nữ,Chuyên viên công nghệ chăn nuôi,Hà Nội,516548333.3333333,1609500000,0.2347,62.74166666666667,Cần theo dõi,1541548.5833333333,2.0556704052225543,243.25,30.333333333333332,79.55833333333334,14.0,0.48502739220752455,0.5149726077924754,0.19353559167060563,3.122781252029656,0.7361166666666668,0,0.7773780279852038,0.259996698656409,-0.2599966986564095,-0.367719637483219,-0.9103738078028748,0.29136014191576265,Financially Stretched but Highly Engaged
KH00109725,80,Nam,Nhà thiết kế đồ gỗ,Nghệ An,180170000.0,821200000,0.1494,64.0,Ổn định,13634889.0,0.6722291386732181,9.0,2.0,54.4,5.0,0.1786674707042391,0.8213325292957608,0.7323777238130939,4.557917522340012,0.6811,1,-0.722755534224726,-2.2761647340432787,2.2761647340432782,3.3298504642815523,1.0561510119920292,-0.07850028290971645,Low-Engagement Online Discretionary Spenders
KH00109730,29,Nữ,Chuyên viên thẩm định bồi thường,Huế,160203333.33333334,658500000,0.19165,64.69166666666666,Cần theo dõi,2101155.0,1.1925278953603742,61.0,24.75,75.10000000000001,12.5,0.46600114205761795,0.533998857942382,0.251034385523376,4.124951761208748,0.7940166666666667,0,0.020276622907390223,0.10249031987711979,-0.10249031987712072,0.026840862439454872,0.46287082459777257,0.6806043454430915,Financially Stretched but Highly Engaged
KH00109765,52,Nữ,Nhà thiết kế sản phẩm công nghiệp,Phú Thọ,434408333.3333333,1812100000,0.20136666666666667,64.48333333333333,Cần theo dõi,1494938.5833333333,1.3188149435893857,242.41666666666666,30.333333333333332,79.26666666666667,13.833333333333334,0.5767171594515789,0.4232828405484212,0.19277266707533233,4.187781650074884,0.8436916666666666,0,0.19115936358116717,1.0190387114514408,-1.0190387114514408,-0.372954876164662,0.5489647645505913,1.0145543594365292,Financially Stretched but Highly Engaged
KH00109770,30,Nữ,Nhà biên soạn từ điển,Lâm Đồng,482560833.3333333,1344900000,0.2711166666666667,61.74166666666667,Cần theo dõi,1495014.0833333333,2.0694891644438758,243.25,30.333333333333332,77.68333333333334,13.916666666666666,0.5356973890093694,0.4643026109906307,0.15907257397313315,2.7927197663942462,0.7515666666666667,0,1.4178219188466143,0.6794617874750755,-0.6794617874750756,-0.6042071284447976,-1.3626473075312642,0.3952258231678735,Financially Stretched but Highly Engaged
KH00109805,49,Nam,Nghệ nhân thổi thủy tinh,Khánh Hòa,560107500.0,2208200000,0.20166666666666666,64.69166666666666,Cần theo dõi,2457861.5833333335,0.9392622937722296,183.16666666666666,30.416666666666668,78.74166666666666,14.0,0.3904056598398249,0.609594340160175,0.1843432837907413,3.9564991605857993,0.8017083333333334,0,0.1964353315608034,-0.5233172124735037,0.5233172124735024,-0.43079785790310104,0.23204520410642457,0.7323130961419578,Financially Stretched but Highly Engaged
KH00109810,23,Nữ,Sĩ quan kỹ thuật quân đội,Thành phố Hồ Chí Minh,125460000.0,566700000,0.1334,64.6,Ổn định,9448125.0,1.1884914264361088,8.0,2.0,56.7,5.0,0.0997023218892637,0.9002976781107362,0.8973738175563934,4.516977522716403,0.6025,1,-1.004140493138664,-2.9298676204039684,2.929867620403968,4.462064496446125,1.0000521403742073,-0.6069043312214275,Low-Engagement Online Discretionary Spenders
KH00109845,58,Nam,Cán bộ bảo tồn thiên nhiên,Thành phố Hồ Chí Minh,171050833.33333334,465600000,0.22995833333333335,66.44166666666666,Cần theo dõi,1744554.75,1.4550283630089913,61.25,26.5,76.25,13.666666666666666,0.4901061869778041,0.5098938130221958,0.2320166566045745,2.729591968265227,0.63295,0,0.69398842297373,0.30204085168326555,-0.3020408516832665,-0.10366004248056505,-1.4491494637431421,-0.4021981827342571,Financially Stretched but Highly Engaged
KH00109850,41,Nữ,Chuyên viên viết nội dung quảng cáo,Thành phố Hồ Chí Minh,351861666.6666667,1485500000,0.16573333333333332,66.05833333333334,Cần theo dõi,1375608.3333333333,1.7963946851240464,182.58333333333334,30.166666666666668,79.425,14.0,0.5673574402080837,0.43264255979191635,0.20051016896176477,4.238420238677728,0.7036250000000001,3,-0.43550838866674846,0.9415554726199048,-0.9415554726199054,-0.3198596300229671,0.6183533260321716,0.07292848538826446,Financially Healthy Moderate Spenders
KH00109885,62,Nữ,Giảng viên giáo dục thường xuyên,Hưng Yên,413864166.6666667,2014300000,0.10339166666666666,72.88333333333334,Cần theo dõi,1678025.8333333333,1.5303547047289932,122.41666666666667,29.416666666666668,78.08333333333333,13.583333333333334,0.5128728294673777,0.48712717053262233,0.2102145915673069,4.887086705409707,0.49920000000000003,3,-1.531883845768398,0.4905115901231801,-0.4905115901231806,-0.2532672447199297,1.5072018158841092,-1.3013590155802028,Financially Healthy Moderate Spenders
KH00109890,31,Nam,Trợ lý phát thanh,Đồng Nai,528651666.6666667,2397000000,0.20795,59.51666666666667,Cần theo dõi,1635898.4166666667,2.6060755909010287,304.1666666666667,30.416666666666668,80.18333333333332,14.0,0.48007021820389645,0.5199297817961035,0.2037433114298974,4.554354350997837,0.9511916666666668,0,0.3069375498009644,0.21895936759335,-0.21895936759335094,-0.297673594054733,1.0512685036013427,1.7372443746211221,Financially Stretched but Highly Engaged
KH00109925,26,Nam,Thầy thuốc đông y,Gia Lai,533704166.6666667,1759700000,0.246375,61.9,Cần theo dõi,1411358.75,1.8169015680701646,303.1666666666667,30.416666666666668,80.825,14.0,0.5342868986061146,0.4657131013938855,0.21653399458367908,3.3124120795526806,0.8130833333333333,0,0.9827011151927181,0.6677852230459731,-0.6677852230459732,-0.20990308616493197,-0.6505282888532145,0.8087837837952107,Financially Stretched but Highly Engaged
KH00109930,52,Nam,Nhà thiết kế sản phẩm công nghiệp,Nghệ An,236172500.0,764000000,0.25371666666666665,62.40833333333333,Cần theo dõi,1603097.0833333333,1.4509306470732684,122.16666666666667,29.416666666666668,79.90833333333333,13.75,0.506098795010845,0.49390120498915496,0.24260217145288268,3.2460602459140193,0.8266583333333334,0,1.1118157760277065,0.43443361214180515,-0.4344336121418061,-0.031021544337770806,-0.741448245646664,0.9000444066429402,Financially Stretched but Highly Engaged
KH00109965,37,Nữ,Chuyên viên hoạt hình,Đắk Lắk,533756666.6666667,2521100000,0.1662,64.70833333333333,Cần theo dõi,2311272.0,1.3569444801417685,183.25,30.0,81.78333333333333,14.0,0.46865794122660764,0.5313420587733924,0.24835047971051347,4.733050983535382,0.7858583333333332,2,-0.42730132736509185,0.12448429204474876,-0.12448429204474923,0.00842372447339679,1.2961312182917437,0.6257583357635775,Financially Healthy & Highly Engaged
KH00109970,85,Nữ,Quản trị viên tổ chức từ thiện,Ninh Bình,199540833.33333334,642800000,0.2997166666666667,56.525,Cần theo dõi,1589181.4166666667,1.6227089962836556,121.83333333333333,28.916666666666668,77.71666666666667,13.416666666666666,0.5384125899421388,0.4615874100578612,0.21259185695763985,3.2294478664116517,0.9610083333333334,0,1.920797532905278,0.7019392311757073,-0.7019392311757079,-0.23695429347332808,-0.7642116983466597,1.803238858178288,Financially Stretched but Highly Engaged
KH00110005,71,Nữ,Kỹ sư bảo trì,Quảng Ngãi,522690833.3333333,2336300000,0.1236,70.1,Cần theo dõi,1575936.3333333333,1.7866304982509815,182.75,30.416666666666668,81.21666666666667,13.75,0.4877985095664504,0.5122014904335496,0.2418902426659804,4.4862610393333116,0.5491416666666666,3,-1.1764887804734505,0.2829370393403549,-0.28293703934035586,-0.03590684643278124,0.9579622509335308,-0.9656162821692529,Financially Healthy Moderate Spenders
KH00110010,43,Nữ,Người dẫn chương trình phát sóng,Thành phố Hồ Chí Minh,214775000.0,538900000,0.2609666666666667,65.19166666666666,Cần theo dõi,2290458.5,1.3291897074849026,61.833333333333336,25.666666666666668,77.95833333333333,13.583333333333334,0.43573390982067295,0.5642660901793269,0.271174296715939,2.5164042478014705,0.656275,0,1.2393183355355852,-0.1480730916071118,0.1480730916071104,0.16504225582664955,-1.7412742969318489,-0.24539125618373958,Financially Stretched but Highly Engaged
KH00110045,37,Nam,Quản trị viên,Vĩnh Long,670863333.3333334,2242600000,0.20315000000000003,67.71666666666667,Cần theo dõi,2489615.8333333335,0.9596873022170801,182.83333333333334,30.083333333333332,78.79166666666667,13.916666666666666,0.3910326885389348,0.6089673114610651,0.19121503831540435,3.352587687500146,0.6806749999999999,2,0.22252206212678358,-0.5181264355726768,0.5181264355726755,-0.3836434270199163,-0.5954768405597681,-0.08135742948137727,Financially Healthy & Highly Engaged
KH00110050,50,Nữ,Quản lý môi trường,Đồng Tháp,207719166.66666666,994400000,0.13655833333333334,70.35833333333333,Ổn định,2155839.6666666665,1.1532948656811433,61.333333333333336,25.416666666666668,75.96666666666667,13.666666666666666,0.4794227289284796,0.5205772710715203,0.23106540983255072,4.807452316289792,0.6437,3,-0.9485962746863813,0.21359921042807506,-0.21359921042807647,-0.11018756030781847,1.3980811658432242,-0.3299291812157977,Financially Healthy Moderate Spenders
KH00110085,92,Nữ,Quản lý sản phẩm,Đà Nẵng,313045833.3333333,1240400000,0.17348333333333332,65.72500000000001,Ổn định,1781932.4166666667,1.662316198287562,121.91666666666667,29.25,78.93333333333334,13.916666666666666,0.47775141706207885,0.5222485829379212,0.21901051492576232,3.9756575303221013,0.6886916666666667,3,-0.29921254919280976,0.1997634688703027,-0.19976346887030272,-0.19290904092038197,0.2582973519844083,-0.027463801992416992,Financially Healthy Moderate Spenders
KH00110090,47,Nữ,Chuyên viên khảo sát mỏ,Quảng Ngãi,318498333.3333333,1588100000,0.17348333333333332,63.5,Cần theo dõi,1470957.9166666667,2.1349634790394236,182.58333333333334,30.166666666666668,78.925,14.0,0.5283899863975208,0.47161001360247923,0.18969331265974124,5.0081855493133105,0.859625,3,-0.29921254919280976,0.6189683894273136,-0.618968389427314,-0.39408560841559903,1.673139982949879,1.1216693446328811,Financially Healthy Moderate Spenders
KH00110125,72,Nam,Đạo diễn sân khấu,Đồng Nai,502755833.3333333,1386200000,0.226075,66.3,Cần theo dõi,1701395.1666666667,1.5615834044098171,182.75,30.166666666666668,76.80833333333334,13.916666666666666,0.4734279379564848,0.5265720620435151,0.15031060861385503,2.7660151156561716,0.6262166666666666,3,0.6256939485706594,0.16397209998338716,-0.1639720999833881,-0.6643323102236387,-1.3992399012568908,-0.4474643480264396,Financially Healthy Moderate Spenders
KH00110130,57,Nữ,Nhà khoa học thính học,Hưng Yên,301393333.3333333,1296600000,0.13544166666666665,69.75,Cần theo dõi,1443809.75,1.586621309324606,122.0,29.75,75.625,13.666666666666666,0.5198121308764158,0.4801878691235842,0.15751827085312062,4.315247561636936,0.5863333333333333,3,-0.9682345999439168,0.5479577094364475,-0.5479577094364485,-0.6148728585405251,0.7236275362679773,-0.7155879459081033,Financially Healthy Moderate Spenders
KH00110165,89,Nữ,Quản lý mỏ đá,Cần Thơ,451331666.6666667,1919600000,0.15081666666666668,67.69166666666666,Cần theo dõi,1579916.5,1.6648545218232107,182.66666666666666,30.333333333333332,80.51666666666667,14.0,0.5065666404426735,0.49343335955732653,0.22147001922706178,4.269089139761774,0.6473,3,-0.6978412409875543,0.43830661072088184,-0.4383066107208819,-0.17603176086529912,0.6603780148546265,-0.30572746907938386,Financially Healthy Moderate Spenders
KH00110170,34,Nữ,Trợ lý chính trị gia,Đà Nẵng,283787500.0,1183300000,0.24219166666666667,57.39166666666667,Có dấu hiệu căng thẳng tài chính,1543155.3333333333,2.207541400501737,183.41666666666666,30.25,80.14999999999999,14.0,0.4847535617858533,0.5152464382141467,0.21490407132905795,4.1838397820926385,1.0197333333333334,0,0.9091306728100113,0.25772982852817977,-0.25772982852817977,-0.2210877265910532,0.5435633393453291,2.198029287403546,Financially Stretched but Highly Engaged
KH00110205,40,Nữ,Biên tập viên hiệu đính,Lai Châu,709781666.6666666,3409500000,0.15675833333333333,64.40833333333333,Cần theo dõi,2216454.75,1.575657450272675,242.75,30.25,81.73333333333333,14.0,0.42364678056158955,0.5763532194384104,0.2382106246593194,4.820045832536224,0.7573083333333334,2,-0.5933477640575351,-0.2481348454700906,0.24813484547009018,-0.06115662687078753,1.4153376889897986,0.4338253131261822,Financially Healthy & Highly Engaged
KH00110210,53,Nữ,Kỹ sư khai thác mỏ,Hà Nội,390965000.0,1199800000,0.1722,72.14999999999999,Cần theo dõi,1655321.5,1.7674388093334825,121.33333333333333,28.833333333333332,76.03333333333333,13.75,0.5370187326295223,0.4629812673704777,0.16995787737816337,3.085678524266687,0.5192666666666667,3,-0.3217819677723652,0.6904003616604055,-0.6904003616604065,-0.5295114615357469,-0.9612145791898269,-1.1664568794124126,Financially Healthy Moderate Spenders
KH00110245,24,Nam,Chuyên viên thông tin hướng nghiệp,Cần Thơ,348640000.0,1311700000,0.1488,68.9,Ổn định,16265167.0,0.6756407270515558,12.0,2.0,53.1,5.0,0.1179207099015278,0.8820792900984722,0.7341660603949135,3.7623336392840754,0.5598,1,-0.733307470183999,-2.7790490250213247,2.7790490250213247,3.3421221473634537,-0.03401407171808176,-0.8939635279505636,Low-Engagement Online Discretionary Spenders
KH00110250,55,Nam,Chuyên viên vẽ bản đồ,Hà Nội,563274166.6666666,2705700000,0.13718333333333332,68.47500000000001,Cần theo dõi,1553865.0,1.4114234512208388,243.41666666666666,30.416666666666668,80.46666666666667,13.916666666666666,0.5436564230567489,0.45634357694325106,0.21371606613132446,4.820226925843767,0.6584333333333333,2,-0.9376046747288058,0.7453496330309152,-0.7453496330309162,-0.229239896285755,1.4155858357974214,-0.23088143339825096,Financially Healthy & Highly Engaged
KH00110285,51,Nữ,Quản lý bán lẻ,Hải Phòng,83455000.0,243600000,0.2142,60.9,Ổn định,12176825.0,1.131881584551481,4.5,1.0,49.25,4.0,0.11690885072655215,0.8830911492734479,0.869526958867723,2.920128761442031,0.6298,1,0.41685354937672137,-2.787425571804286,2.787425571804286,4.27097752315045,-1.1880625268313723,-0.4233746808536195,Low-Engagement Online Discretionary Spenders
KH00110290,37,Nữ,Lập trình viên đa phương tiện,Ninh Bình,788037500.0,3852500000,0.10426666666666666,72.71666666666667,Ổn định,2207056.0833333335,1.3077602587719372,182.33333333333334,30.25,82.18333333333334,14.0,0.46690859952487634,0.5330914004751236,0.2534502440575617,4.9065135803697855,0.5121749999999999,2,-1.516495605827792,0.11000259047368804,-0.11000259047368899,0.04341864237396143,1.5338218885353183,-1.2141320114218772,Financially Healthy & Highly Engaged
KH00110325,75,Nam,Kỹ sư y sinh,Quảng Ninh,715782500.0,1905600000,0.19471666666666668,70.39999999999999,Cần theo dõi,1515743.1666666667,1.448672603820645,243.83333333333334,30.416666666666668,79.8,13.916666666666666,0.5459555589078441,0.45404444109215586,0.1999613873888871,2.669983895310903,0.5177416666666667,3,0.07420874003256202,0.7643827351595247,-0.7643827351595257,-0.32362540521987637,-1.5308286445637023,-1.1767089935813104,Financially Healthy Moderate Spenders
KH00110330,45,Nam,Nhà thiết kế gốm sứ,Hưng Yên,598224166.6666666,2571600000,0.18983333333333333,61.09166666666667,Cần theo dõi,1694757.5833333333,2.5164992523524767,304.5833333333333,30.333333333333332,81.39166666666667,14.0,0.4741753871383361,0.5258246128616638,0.22911511222291214,4.314416050622736,0.8171583333333334,2,-0.01167229430262968,0.17015976245115527,-0.17015976245115622,-0.12357063060016892,0.7224881412981848,0.8361787773940695,Financially Healthy & Highly Engaged
KH00110365,33,Nam,Cán bộ quản chế,Thành phố Hồ Chí Minh,361723333.3333333,911300000,0.3103916666666667,61.28333333333333,Cần theo dõi,1519943.1666666667,2.0901241082532827,182.5,30.166666666666668,78.21666666666667,14.0,0.486328041946337,0.513671958053663,0.1765949933873423,2.5272771114104775,0.7901833333333332,0,2.108534060180671,0.27076396119140633,-0.2707639611914073,-0.4839671355568073,-1.7263755332452946,0.6548340038163531,Financially Stretched but Highly Engaged
KH00110370,38,Nam,Kỹ sư dầu khí,Hà Nội,257507500.0,1179700000,0.132,71.675,Ổn định,2474659.8333333335,0.8862615850957959,61.666666666666664,25.25,73.59166666666667,13.25,0.39004510790495556,0.6099548920950445,0.20203383946104234,4.596549186960604,0.6057416666666667,3,-1.0287616770436332,-0.5263019955587516,0.5263019955587517,-0.3094041029826652,1.1090868403715586,-0.5851115858022949,Financially Healthy Moderate Spenders
KH00110405,32,Nữ,Chuyên viên trị liệu âm nhạc,Tây Ninh,256412500.0,1275400000,0.14520833333333333,64.36666666666666,Cần theo dõi,1546758.0,1.952078511504406,122.16666666666667,28.916666666666668,77.11666666666666,13.916666666666666,0.47244821560375594,0.5275517843962442,0.18697666122991666,4.986341292696048,0.71895,3,-0.7964725312735339,0.1558615937737226,-0.1558615937737222,-0.41272744895597396,1.643207443652739,0.17595382941341622,Financially Healthy Moderate Spenders
KH00110410,34,Nữ,Cán bộ giáo dục cộng đồng,Cần Thơ,93025833.33333333,237400000,0.3554166666666667,60.56666666666667,Cần theo dõi,1409540.5,1.328479326690274,61.5,25.5,71.09166666666667,13.166666666666666,0.5760221730209006,0.4239778269790994,0.15084509918623876,2.5616193547550776,0.8998583333333333,0,2.900368921124424,1.0132853551602954,-1.0132853551602954,-0.6606646008107478,-1.6793173720784893,1.3921458867500294,Financially Stretched but Highly Engaged
KH00110445,86,Nữ,Giáo viên tiểu học,Thanh Hóa,159822500.0,619400000,0.178675,67.2,Cần theo dõi,1821622.5,1.4730051604818586,61.416666666666664,25.333333333333332,73.075,13.25,0.4911670132871317,0.5088329867128683,0.1896876068038178,3.8856132624314736,0.6926583333333333,3,-0.20790899221188086,0.31082276662601666,-0.3108227666260176,-0.39412476237370475,0.1349123526986698,-0.0007971006569242154,Financially Healthy Moderate Spenders
KH00110450,75,Nữ,Chuyên viên lưu trữ,Thái Nguyên,377229166.6666667,1438700000,0.20754166666666665,63.90833333333333,Cần theo dõi,1617432.1666666667,1.5978049253926878,182.91666666666666,30.25,78.36666666666666,13.833333333333334,0.5006386961833481,0.49936130381665184,0.1846460958130671,3.831340583419557,0.800925,0,0.29975637116201476,0.38923288223863517,-0.38923288223863617,-0.4287199419172911,0.060544104524846355,0.7270469828530157,Financially Stretched but Highly Engaged
KH00110485,66,Nữ,Người dẫn chương trình phát sóng,Lâm Đồng,102375833.33333333,278200000,0.42945833333333333,42.31666666666666,Có dấu hiệu căng thẳng tài chính,1880381.75,1.516432769131007,61.583333333333336,25.583333333333332,73.96666666666667,13.416666666666666,0.45797754507016947,0.5420224549298305,0.1966616206647218,2.7239152663806454,1.1686666666666667,0,4.20250712943189,0.036067998278261425,-0.03606799827826235,-0.34626862120886953,-1.456928080576645,3.199263082084091,Financially Stretched but Highly Engaged
KH00110490,67,Nam,Thư ký luật sư tranh tụng,Sơn La,516090000.0,1372800000,0.20603333333333332,69.44166666666666,Cần theo dõi,1523431.5,1.51075789431557,182.91666666666666,29.916666666666668,79.89999999999999,13.75,0.5360385747771219,0.4639614252228781,0.21876597219142632,2.6666732215479922,0.5479999999999999,3,0.27322997659773207,0.6822862502224025,-0.6822862502224031,-0.1945871092248951,-1.5353651629833782,-0.9732913621754772,Financially Healthy Moderate Spenders
KH00110525,71,Nữ,Kỹ sư sản xuất,Ninh Bình,721381666.6666666,3296400000,0.11066666666666668,72.01666666666667,Cần theo dõi,1485408.8333333333,1.64806340943776,243.33333333333334,30.333333333333332,80.65833333333333,13.916666666666666,0.5044634227439957,0.49553657725600425,0.21748409384797393,4.583245135887865,0.50615,2,-1.4039416222622167,0.4208953919629449,-0.42089539196294584,-0.2033834426110824,1.0908566923503522,-1.2546362657612924,Financially Healthy & Highly Engaged
KH00110530,48,Nữ,Nhà khoa học thính học,Cà Mau,385393333.3333333,1255900000,0.149625,71.64166666666667,Ổn định,1543301.6666666667,1.9203489770345694,122.25,29.5,77.78333333333333,13.916666666666666,0.505928666442219,0.49407133355778104,0.19398807792723216,3.2738945940523454,0.4878833333333333,3,-0.7187985582399988,0.4330252245425644,-0.4330252245425645,-0.36461464707107494,-0.7033076609584983,-1.377437545860876,Financially Healthy Moderate Spenders
KH00110565,59,Nam,Quản lý sản xuất,An Giang,162325833.33333334,746900000,0.14414166666666667,67.225,Cần theo dõi,1715111.9166666667,1.5595765981265772,61.583333333333336,25.916666666666668,75.65833333333333,13.416666666666666,0.4718427233957481,0.5281572766042518,0.23021978896679104,4.618592631412217,0.6627333333333333,3,-0.8152315285344629,0.15084910396038673,-0.15084910396038764,-0.11599026622880722,1.139292320871674,-0.20197383279086747,Financially Healthy Moderate Spenders
KH00110570,76,Nam,Chuyên viên an toàn lao động,Thành phố Hồ Chí Minh,536306666.6666667,1734300000,0.227075,63.425000000000004,Cần theo dõi,1641866.1666666667,1.6871308220701018,242.91666666666666,30.333333333333332,80.22500000000001,14.0,0.5026924757198244,0.4973075242801756,0.2069094127979988,3.2409144529361265,0.7348833333333333,0,0.6432805085027805,0.4062348334929649,-0.40623483349296496,-0.2759475985181543,-0.7484993736948488,0.2830688146097683,Financially Stretched but Highly Engaged
KH00110605,31,Nam,Nhân viên giao dịch,Hưng Yên,670001666.6666666,2667900000,0.219275,63.55833333333334,Cần theo dõi,2387473.9166666665,0.8952564791724503,243.5,30.333333333333332,79.50833333333334,14.0,0.39166395741497845,0.6083360425850215,0.19259130817586254,3.991593932341288,0.8726583333333333,2,0.5061053410322359,-0.51290055690934,0.5129005569093391,-0.37419937284442634,0.2801345327158124,1.2092885061637884,Financially Healthy & Highly Engaged
KH00110610,43,Nam,Nhân viên cứu trợ,Thành phố Hồ Chí Minh,537609166.6666666,2595000000,0.13965,66.575,Cần theo dõi,1508695.0,2.083933749663346,243.08333333333334,30.416666666666668,81.23333333333333,14.0,0.484740607036348,0.515259392963652,0.22688530497484014,4.838510642382613,0.6721916666666666,2,-0.894224493562907,0.2576225842910602,-0.25762258429106066,-0.13887171438956572,1.440639472246844,-0.13838831595098275,Financially Healthy & Highly Engaged
KH00110645,37,Nữ,Nhà khoa học nghiên cứu khoa học sự sống,Thành phố Hồ Chí Minh,876288333.3333334,3042300000,0.11423333333333334,73.875,Ổn định,1425076.3333333333,2.3068770211268563,243.58333333333334,30.333333333333332,81.27499999999999,14.0,0.5133438675024581,0.48665613249754197,0.2280181939663726,3.474674431696853,0.3953,2,-1.341216225170985,0.49441101826000566,-0.4944110182600057,-0.1310977557218326,-0.42818498291697005,-1.999847318628381,Financially Healthy & Highly Engaged
KH00110650,54,Nam,Bác sĩ thú y,Thanh Hóa,236750000.0,1142300000,0.1057,71.4,Ổn định,15098875.0,0.7185811190807445,8.0,2.0,54.5,5.0,0.060418408656274,0.939581591343726,0.7330844185411165,4.824920802534319,0.5102,1,-1.4912882032584183,-3.2550744724561254,3.2550744724561254,3.334699849920759,1.422017716312176,-1.2274093396078263,Low-Engagement Online Discretionary Spenders
KH00110685,41,Nữ,Luật sư tranh tụng,Thành phố Hồ Chí Minh,171556666.66666666,809600000,0.10831666666666667,74.23333333333333,Cần theo dõi,1348205.0833333333,1.4940755602098588,61.583333333333336,26.083333333333332,72.0,13.5,0.5300707505423439,0.46992924945765613,0.15568073597809637,4.735743128174243,0.522425,3,-1.4452700381027015,0.6328823804632432,-0.6328823804632437,-0.6274821435417266,1.2998201845316215,-1.1452243588112527,Financially Healthy Moderate Spenders
KH00110690,25,Nữ,Nhà khoa học dữ liệu,Hà Nội,175300000.0,869000000,0.11099999999999999,71.60833333333333,Ổn định,1614911.5833333333,1.6421432159836113,61.666666666666664,25.5,70.85000000000001,13.416666666666666,0.5340532188771737,0.4659467811228262,0.13701578987653987,4.9714763703759575,0.5512333333333334,3,-1.3980794356181767,0.665850735293021,-0.665850735293022,-0.755562229599133,1.622838479888441,-0.9515546392381415,Financially Healthy Moderate Spenders
KH00110725,47,Nam,Nhà khoa học biển,Bắc Ninh,574184166.6666666,1776100000,0.18189999999999998,68.93333333333334,Cần theo dõi,1345483.9166666667,1.7175652435422564,243.33333333333334,30.416666666666668,79.39999999999999,13.916666666666666,0.5369899738128463,0.4630100261871537,0.19340736416146276,3.096646627332858,0.5634750000000001,3,-0.1511923364307907,0.690162285474246,-0.6901622854742465,-0.368599543072905,-0.9461853116896549,-0.8692576134779734,Financially Healthy Moderate Spenders
KH00110730,59,Nữ,Cán bộ thử nghiệm hiện trường,Quảng Ngãi,259010000.0,838200000,0.2073,63.6,Ổn định,17375600.0,0.4770459252475233,10.0,2.0,53.9,5.0,0.1383376689150302,0.8616623310849697,0.531532724049817,3.2361684877031776,0.6708,1,0.2955062858450859,-2.610029840759327,2.6100298407593256,1.9516388844616095,-0.75500262959992,-0.14774407041112445,Low-Engagement Online Discretionary Spenders
KH00110765,22,Nam,Cảnh sát,Lạng Sơn,347800000.0,1764600000,0.1474,61.3,Ổn định,17341600.0,0.5047211267971106,15.0,2.0,58.4,5.0,0.113565068967108,0.8864349310328921,0.7168696467838416,5.073605520414031,0.7479,1,-0.7579286540889684,-2.8151066414953028,2.815106641495303,3.2234330211405897,1.7627830360461612,0.370575931177081,Low-Engagement Online Discretionary Spenders
KH00110770,58,Nữ,Quản trị viên cơ sở dữ liệu,Lạng Sơn,343264166.6666667,1557200000,0.18230833333333332,63.56666666666666,Cần theo dõi,1593310.4166666667,1.692305369568486,182.16666666666666,30.333333333333332,79.15833333333333,13.75,0.5256213971171269,0.47437860288287315,0.20120499597336972,4.5508407774018105,0.82645,3,-0.14401115779184107,0.596048977118202,-0.5960489771182026,-0.315091681433287,1.0464539575364815,0.8986438445980085,Financially Healthy Moderate Spenders
KH00110805,48,Nữ,Giáo viên giáo dục đặc biệt,Tây Ninh,516424166.6666667,1572400000,0.21564166666666665,66.05833333333334,Cần theo dõi,1379247.5,1.8564784691559064,243.41666666666666,30.333333333333332,77.54166666666667,13.916666666666666,0.5347389358534297,0.46526106414657026,0.1571201295309678,3.049362033714303,0.6573583333333334,0,0.4422075066121956,0.6715273555911143,-0.6715273555911153,-0.6176049304429503,-1.0109779929621416,-0.23810833355009647,Financially Stretched but Highly Engaged
KH00110810,27,Nam,Chuyên viên mua quảng cáo,An Giang,622277500.0,3105600000,0.1512,63.30833333333333,Cần theo dõi,1581738.9166666667,2.226045835614832,304.25,30.416666666666668,82.22500000000001,14.0,0.48902789297898713,0.5109721070210128,0.24436806391578458,5.004066147626442,0.7554666666666666,2,-0.6910997263469082,0.2931143327068536,-0.29311433270685455,-0.018903874274006742,1.66749528855568,0.42144434464898833,Financially Healthy & Highly Engaged
KH00110845,86,Nữ,Cán bộ triển lãm bảo tàng,Khánh Hòa,126601666.66666667,645500000,0.16422499999999998,65.09166666666667,Cần theo dõi,1717551.6666666667,1.3170859628245657,61.416666666666664,25.75,71.27499999999999,13.0,0.5039104893850829,0.496089510614917,0.15351275826936778,5.112676900070138,0.8296083333333334,3,-0.46203478323103114,0.4163180038605891,-0.41631800386059054,-0.6423589489712017,1.8163213929443174,0.9198763651991685,Financially Healthy Moderate Spenders
KH00110850,42,Nam,Chuyên viên truyền thông sức khỏe,Cần Thơ,477590833.3333333,2326600000,0.1773,62.175000000000004,Cần theo dõi,1682926.8333333333,2.625280628440041,243.66666666666666,30.25,80.18333333333334,14.0,0.46710293055906216,0.5328970694409377,0.2064637391080768,4.880323109360583,0.8629583333333333,2,-0.23209051211854714,0.11161133508904211,-0.1116113350890435,-0.27900584065012435,1.4979338600970304,1.144078337351783,Financially Healthy & Highly Engaged
KH00110885,39,Nữ,Chuyên viên làm vườn thương mại,An Giang,747444166.6666666,2336900000,0.17679999999999998,68.925,Ổn định,2253514.5833333335,1.5018222469298077,182.5,30.166666666666668,83.375,14.0,0.43309423134105446,0.5669057686589455,0.27796231493599605,3.137092873922386,0.5578500000000001,2,-0.2408837920846082,-0.16992533233718382,0.1699253323371829,0.2116220826878504,-0.890763015262953,-0.9070727886911206,Financially Healthy & Highly Engaged
KH00110890,38,Nữ,Nhà khoa học thính học,Lào Cai,155233333.33333334,729700000,0.13515833333333335,69.14166666666667,Cần theo dõi,1591621.5833333333,1.5749947291233892,61.333333333333336,25.5,73.53333333333333,13.666666666666666,0.5085022987558109,0.49149770124418907,0.18122358913766545,4.709173378213772,0.6333083333333334,3,-0.9732174585913506,0.45433071053320295,-0.4543307105332039,-0.4522054075131942,1.2634124413549326,-0.39978921601697504,Financially Healthy Moderate Spenders
KH00110925,93,Nam,Giáo viên tiếng anh,Hà Tĩnh,149740000.0,559200000,0.2286,52.6,Cần theo dõi,11622727.0,0.9245106012577722,11.0,2.0,55.1,7.0,0.135831052014079,0.864168947985921,0.8807587016034415,3.7344730866835847,0.8538,1,0.6701000123992652,-2.630780548226385,2.6307805482263853,4.348050479500723,-0.07219056360635248,1.0825096298566,Low-Engagement Online Discretionary Spenders
KH00110930,32,Nữ,Chuyên viên trắc địa,Thanh Hóa,634128333.3333334,2816300000,0.16059166666666666,64.40833333333333,Cần theo dõi,1485943.0,2.1193392732917324,304.75,30.25,82.30833333333334,14.0,0.5000194349716851,0.49998056502831484,0.24716289830444957,4.459164248602367,0.7100416666666667,2,-0.5259326176510709,0.3841064074893272,-0.3841064074893281,0.000274462864966245,0.9208323193642672,0.11606579637215068,Financially Healthy & Highly Engaged
KH00110965,54,Nữ,Kỹ thuật viên sản xuất bia,Hà Nội,496717500.0,1898000000,0.16216666666666668,68.50833333333334,Cần theo dõi,1670027.0,1.4707767316231404,182.66666666666666,30.0,78.14999999999999,14.0,0.505878995967726,0.49412100403227405,0.17526525342206567,3.8305266290830566,0.6210166666666667,3,-0.49823378575797983,0.4326140338713601,-0.4326140338713601,-0.49309189853549074,0.05942876695166826,-0.4824223766679267,Financially Healthy Moderate Spenders
KH00110970,22,Nam,Nhà tâm lý học giáo dục,Thành phố Hồ Chí Minh,115154166.66666667,370100000,0.25074166666666664,64.95833333333333,Cần theo dõi,1419739.9166666667,1.7031882585681046,61.333333333333336,24.916666666666668,75.35000000000001,13.166666666666666,0.41126901666531324,0.5887309833346867,0.23913808105949277,3.2215877057108826,0.8163166666666667,0,1.0594957602296462,-0.35060258101056324,0.3506025810105619,-0.0547923601377165,-0.774982244270007,0.8305205067325463,Financially Stretched but Highly Engaged
KH00111005,28,Nữ,Quản lý nông trại,Nghệ An,652264166.6666666,2718800000,0.13886666666666667,70.3,Cần theo dõi,2056420.5833333333,1.2984444717958967,182.91666666666666,30.25,80.675,14.0,0.47010481295420825,0.5298951870457916,0.2244086763269287,4.181546003224189,0.5820833333333334,2,-0.9080006321764018,0.1364620346149853,-0.13646203461498668,-0.15586650283582226,0.5404202419480681,-0.7441594116247026,Financially Healthy & Highly Engaged
KH00111010,57,Nam,Kỹ sư cơ điện công trình,Huế,317158333.3333333,1273500000,0.157825,68.75,Cần theo dõi,1624772.3333333333,1.2971005275381715,122.5,29.25,77.77499999999999,13.833333333333334,0.4798545585259084,0.5201454414740915,0.1983028061090406,4.030347117647955,0.63125,3,-0.574588766796606,0.21717405652779725,-0.21717405652779864,-0.33500669889734525,0.33323687730026885,-0.41362676902089746,Financially Healthy Moderate Spenders
KH00111045,91,Nữ,Chuyên viên sinh lý vận động,Thái Nguyên,125018333.33333333,367200000,0.2499583333333333,65.24166666666666,Cần theo dõi,1520480.3333333333,1.2483821205801564,61.166666666666664,25.166666666666668,71.85000000000001,12.75,0.598102106800899,0.4018978931991009,0.17666686301985737,2.9458882501269605,0.733925,0,1.0457196216161513,1.1960712633646569,-1.196071263364658,-0.4834739614181112,-1.1527650607355668,0.27662622920308433,Financially Stretched but Highly Engaged
KH00111050,49,Nữ,Nhà địa chất công trình,Quảng Ninh,440214166.6666667,1752200000,0.20466666666666666,64.10833333333333,Cần theo dõi,1445780.0,1.8985082156574122,244.0,30.25,80.58333333333333,14.0,0.5260030889888061,0.47399691101119384,0.21572909607587162,4.000722319035456,0.8192166666666667,0,0.24919501135716676,0.5992087644669446,-0.5992087644669456,-0.21542635259101933,0.29264289123906634,0.8500163303979912,Financially Stretched but Highly Engaged
KH00111085,24,Nữ,Cán bộ quản lý thị trường,Vĩnh Long,330200000.0,1667400000,0.1012,73.2,Ổn định,12984385.0,0.7037566300931937,13.0,2.0,50.5,6.0,0.2225098787300722,0.7774901212699278,0.6712204600792668,5.049666868564507,0.5112,1,-1.5704277229529633,-1.9132209657912402,1.9132209657912398,2.910185303747772,1.7299806088562069,-1.2206866417921558,Low-Engagement Online Discretionary Spenders
KH00111090,38,Nam,Nhà khoa học thính học,Hà Nội,553583333.3333334,2555500000,0.114275,73.49166666666666,Ổn định,2414251.0,0.9107606268351005,122.5,29.25,77.825,13.75,0.4033913447766155,0.5966086552233845,0.20312027111982678,4.625819654122803,0.5249333333333334,3,-1.34048345184048,-0.4158168803403909,0.41581688034039005,-0.3019489375835538,1.1491952965176835,-1.128361591790279,Financially Healthy Moderate Spenders
KH00111125,49,Nữ,Quản lý nhà hàng thức ăn nhanh,Phú Thọ,144357500.0,688200000,0.14078333333333334,66.95,Cần theo dõi,1576528.0,1.8011807470283017,61.583333333333336,25.333333333333332,72.36666666666666,13.5,0.48852217742607235,0.5114778225739277,0.1635873111500547,4.7837694169003315,0.6684416666666667,3,-0.8742930589731696,0.2889278311732151,-0.28892783117321513,-0.573226705410066,1.3656291886912508,-0.16359843275974706,Financially Healthy Moderate Spenders
KH00111130,55,Nữ,Chuyên viên phân tích hệ thống,Hải Phòng,424832500.0,1455500000,0.19983333333333334,66.64166666666667,Cần theo dõi,1602204.5833333333,1.478100828632382,183.33333333333334,30.166666666666668,79.25833333333334,13.75,0.531203391788556,0.4687966082114439,0.20359099899410482,3.4375963632702025,0.688325,3,0.1641933050185815,0.6422588061772619,-0.6422588061772629,-0.2987187719929806,-0.4789919643441025,-0.029928791191496693,Financially Healthy Moderate Spenders
KH00111165,60,Nam,Chuyên viên tư vấn nông nghiệp,Đà Nẵng,466361666.6666667,1561700000,0.20318333333333335,65.10000000000001,Cần theo dõi,1727795.6666666667,1.7835319199865054,183.33333333333334,30.083333333333332,79.19166666666666,13.833333333333334,0.49916935722248684,0.5008306427775131,0.20016032039198453,3.353228244971952,0.6822833333333334,3,0.22310828079118755,0.3770691475509717,-0.37706914755097265,-0.3222603138867569,-0.5945991035860244,-0.07054509049450634,Financially Healthy Moderate Spenders
KH00111170,54,Nữ,Nhà địa chất hiện trường,Lâm Đồng,256227500.0,812500000,0.246375,62.63333333333333,Cần theo dõi,1648640.4166666667,1.4508942211135902,122.33333333333333,29.25,74.83333333333333,13.583333333333334,0.49127209352376977,0.5087279064762302,0.14876524887479006,3.178408278084333,0.7791666666666667,0,0.9827011151927181,0.31169265992730993,-0.31169265992731043,-0.6749366702519052,-0.83414973790027,0.5807722828803825,Financially Stretched but Highly Engaged
KH00111205,46,Nam,Nhà thiết kế triển lãm,Đà Nẵng,780294166.6666666,2372400000,0.25015000000000004,64.25833333333334,Cần theo dõi,2465350.25,0.9425004577813184,244.0,30.416666666666668,79.14999999999999,14.0,0.37700442848299426,0.6229955715170058,0.18497792869791221,3.0515139922843684,0.7583166666666666,0,1.0490903789364756,-0.634257592504627,0.634257592504627,-0.42644288286679133,-1.0080292277286569,0.44060403342364973,Financially Stretched but Highly Engaged
KH00111210,56,Nữ,Quản lý kho,Hà Nội,166760000.0,756800000,0.1265,70.0,Ổn định,13680857.0,0.7184742339847139,7.0,2.0,47.8,3.0,0.2562704926591901,0.7437295073408099,0.7456195309399996,4.538258575197889,0.5743,1,-1.1254877566702994,-1.6337380407038133,1.6337380407038131,3.420716614504629,1.029212937688005,-0.7964844096233391,Low-Engagement Online Discretionary Spenders
KH00111245,54,Nam,Chuyên viên vật lý trị liệu,Phú Thọ,261637500.0,1138900000,0.17605,66.00833333333334,Cần theo dõi,1608236.4166666667,1.4080364756475143,121.91666666666667,29.166666666666668,76.76666666666667,13.833333333333334,0.5070314586179612,0.49296854138203877,0.17905964302677743,4.362447063052581,0.7702833333333333,3,-0.25407371203369855,0.4421545485438119,-0.4421545485438129,-0.4670545478534931,0.7883036182094768,0.5210523172845083,Financially Healthy Moderate Spenders
KH00111250,35,Nữ,Cán bộ thử nghiệm hiện trường,Cần Thơ,163767500.0,526400000,0.25490833333333335,65.175,Cần theo dõi,2119173.0833333335,1.1486660356707568,60.833333333333336,24.833333333333332,74.93333333333334,13.333333333333334,0.508444479861231,0.4915555201387691,0.2246675911809046,3.2228956045621033,0.8328416666666666,0,1.1327730932801514,0.4538520642083334,-0.45385206420833346,-0.15408981210238334,-0.7731900691254469,0.9416130881365026,Financially Stretched but Highly Engaged
KH00111285,25,Nam,Chuyên viên hoạch định quảng cáo,Thành phố Hồ Chí Minh,117588333.33333333,439900000,0.20099166666666668,64.35833333333333,Cần theo dõi,1429210.1666666667,1.6344275922375076,61.416666666666664,25.833333333333332,75.53333333333335,13.5,0.5035361352503327,0.4964638647496673,0.22387063525749437,3.7544908604945557,0.75095,0,0.184564403606622,0.4132189610286602,-0.4132189610286607,-0.15955857599267012,-0.04476079972211733,0.3910801595148764,Financially Stretched but Highly Engaged
KH00111290,30,Nam,Bác sĩ phẫu thuật,Thành phố Hồ Chí Minh,703337500.0,2546800000,0.10254166666666666,75.60833333333333,Ổn định,1464506.4166666667,1.831420018456983,182.58333333333334,30.25,80.46666666666667,14.0,0.5099430085313957,0.4900569914686042,0.22074929097328702,3.6276409354089787,0.3709,2,-1.546832421710701,0.4662574421716707,-0.4662574421716717,-0.18097744547993494,-0.21857950337453477,-2.163881145330744,Financially Healthy & Highly Engaged
KH00111325,29,Nam,Nhà khoa học y sinh,Thành phố Hồ Chí Minh,407799166.6666667,1778900000,0.10293333333333334,73.84166666666667,Ổn định,1517851.0833333333,1.8021093540055146,122.16666666666667,29.416666666666668,80.52499999999999,14.0,0.5202989139405599,0.4797010860594401,0.24721300549264938,4.3822517375182874,0.4472666666666667,3,-1.5399443524039533,0.5519874807828951,-0.5519874807828952,0.0006183016814196825,0.8154413783584465,-1.6504911221406973,Financially Healthy Moderate Spenders
KH00111330,84,Nam,Giáo viên trung học,Thành phố Hồ Chí Minh,413844166.6666667,1911900000,0.1688333333333333,63.775,Cần theo dõi,1777191.1666666667,1.6837706164651107,182.66666666666666,30.166666666666668,78.50833333333334,13.833333333333334,0.4649147369937611,0.5350852630062389,0.18701209355700252,4.641863096902335,0.7936583333333335,3,-0.3809900528771732,0.09349665448602273,-0.09349665448602273,-0.41248431000032526,1.1711791520397004,0.6781953787258101,Financially Healthy Moderate Spenders
KH00111365,64,Nam,Nhà báo phát thanh truyền hình,Hà Nội,93175000.0,409400000,0.15095,67.25,Cần theo dõi,12923083.5,0.9158538038895891,4.5,1.0,47.5,3.5,0.22414783808513533,0.7758521619148647,0.649671160075302,4.3939207545235535,0.66425,1,-0.6954963663299385,-1.8996613287334398,1.89966132873344,2.762312591768469,0.8314310875158228,-0.19177774110376666,Low-Engagement Online Discretionary Spenders
KH00111370,29,Nam,Chuyên viên pháp lý nhà đất,Ninh Bình,188900833.33333334,638800000,0.241725,64.79166666666667,Cần theo dõi,2507654.6666666665,0.8663194100069366,61.333333333333336,25.5,74.20833333333333,13.166666666666666,0.382306224848967,0.617693775151033,0.2142811256283562,3.3946704077965943,0.826475,0,0.9009236115083546,-0.590367349285384,0.5903673492853831,-0.22536242090417094,-0.5378121325738456,0.8988119120433999,Financially Stretched but Highly Engaged
KH00111405,81,Nữ,Quản lý trường quay,Gia Lai,464708333.3333333,1906900000,0.16411666666666666,66.14166666666667,Cần theo dõi,1721467.25,1.4741570291744477,182.41666666666666,30.0,79.38333333333334,13.75,0.46528954501140934,0.5347104549885907,0.20923981938294742,4.116390593695935,0.6752833333333333,3,-0.463939993890344,0.09659945472948031,-0.09659945472948032,-0.2599561954717734,0.4511397097561643,-0.11760397520420075,Financially Healthy Moderate Spenders
KH00111410,64,Nam,Nhà sản xuất phát thanh,Ninh Bình,270208333.3333333,740900000,0.2748583333333333,63.875,Cần theo dõi,1670393.5,1.5885119110169619,121.75,29.333333333333332,77.60000000000001,13.75,0.5329982058547981,0.4670017941452019,0.19903668029973579,2.750798744086259,0.7537333333333334,0,1.4836249639259669,0.6571169449028953,-0.6571169449028963,-0.32997080600014,-1.4200904455421273,0.4097916684351598,Financially Stretched but Highly Engaged
KH00111445,68,Nam,Nhà thiết kế nội thất,Cần Thơ,279324166.6666667,1028300000,0.205825,64.89166666666667,Cần theo dõi,1745866.4166666667,1.6204373295112227,121.66666666666667,29.666666666666668,77.425,13.833333333333334,0.49763401427273557,0.5023659857272644,0.18864996018844782,3.6938135165827757,0.758425,0,0.26956610994520724,0.3643590072819065,-0.364359007281907,-0.40124516160071777,-0.12790517093638698,0.44133232568701436,Financially Stretched but Highly Engaged
KH00111450,20,Nam,Kỹ sư cơ điện công trình,Đà Nẵng,239360000.0,871400000,0.1346,70.6,Ổn định,11732500.0,1.027374836120602,10.0,2.0,55.4,6.0,0.1395951417004048,0.8604048582995951,0.6032729597272534,3.6405414438502675,0.4902,1,-0.9830366212201186,-2.599620013111873,2.5996200131118727,2.4439250935591232,-0.2009023178956382,-1.3618632959212384,Low-Engagement Online Discretionary Spenders
KH00111485,52,Nữ,Cán bộ quản chế,Thành phố Hồ Chí Minh,307290833.3333333,1282700000,0.16355833333333333,66.77499999999999,Cần theo dõi,1787542.75,1.5895401449087057,122.25,29.416666666666668,77.74166666666666,13.583333333333334,0.48752016229637407,0.5124798377036259,0.20494689237885874,4.191356014166163,0.684825,3,-0.47375915651911155,0.2806327770602211,-0.2806327770602216,-0.28941454253209464,0.5538626100346055,-0.05345823354634353,Financially Healthy Moderate Spenders
KH00111490,75,Nam,Kỹ sư mạng,Cần Thơ,232888333.33333334,772600000,0.15445,71.48333333333333,Ổn định,1983220.5,1.503360269263806,61.75,23.75,73.16666666666667,13.166666666666666,0.4693271255002908,0.5306728744997092,0.20107251627047637,3.3289014850315723,0.5142,3,-0.6339434065675146,0.1300240484788038,-0.1300240484788038,-0.3160007658557715,-0.6279333438234368,-1.2005185483451437,Financially Healthy Moderate Spenders
KH00111525,23,Nữ,Cán bộ bảo tồn công trình di tích,Đà Nẵng,365329166.6666667,1819600000,0.18559166666666668,62.258333333333326,Cần theo dõi,1850938.5,0.9851188476540423,183.25,29.75,82.59166666666667,14.0,0.26161995490049456,0.7383800450995054,0.26658527830370776,5.003690471112561,0.9316749999999999,0,-0.08626861934804296,-1.5894532016311735,1.5894532016311727,0.1335521100764517,1.666980510130771,1.6060397222519491,Financially Stretched but Highly Engaged
KH00111530,66,Nữ,Nhà vật lý y khoa,Đồng Tháp,469640000.0,1347300000,0.28805,61.35,Cần theo dõi,1612723.8333333333,1.523953635106837,243.16666666666666,30.333333333333332,79.03333333333333,13.916666666666666,0.5400642491369071,0.45993575086309285,0.18642912287630675,2.880067552145267,0.8356083333333334,0,1.7156210003638643,0.7156122806045643,-0.7156122806045653,-0.41648469310061353,-1.2429572180344919,0.9602125520931923,Financially Stretched but Highly Engaged
KH00111565,64,Nam,Nhà sản xuất truyền hình,Lâm Đồng,227833333.33333334,973100000,0.22105,63.25,Cần theo dõi,1749998.75,1.5121311860984221,122.5,29.75,77.81666666666666,13.833333333333334,0.5078703614302312,0.4921296385697687,0.19730622486054095,4.286834527297178,0.9317333333333333,0,0.5373214849117508,0.44909929819586397,-0.4490992981958649,-0.3418453048797322,0.6846939949794304,1.6064318796245303,Financially Stretched but Highly Engaged
KH00111570,65,Nữ,Họa sĩ minh họa,Cần Thơ,379290833.3333333,1580600000,0.17579999999999998,66.16666666666667,Cần theo dõi,1541197.5,1.3570544022949729,182.75,30.166666666666668,77.95833333333333,13.666666666666666,0.5321152048065402,0.4678847951934599,0.18001260683872833,4.183346123718609,0.7384499999999999,3,-0.2584703520167293,0.6498071336435233,-0.6498071336435233,-0.460515247585485,0.5428868938640795,0.30704643681899313,Financially Healthy Moderate Spenders
KH00111605,33,Nữ,Chuyên viên vật lý trị liệu,Ninh Bình,213005000.0,1067300000,0.17069166666666669,64.53333333333333,Cần theo dõi,1435846.5,1.9344634569976524,122.08333333333333,29.5,77.08333333333333,13.916666666666666,0.5150765558130861,0.4849234441869139,0.1806103086974901,5.033327667004273,0.859625,3,-0.34830836233664736,0.508754856862462,-0.5087548568624626,-0.45641377817376816,1.7075914838173123,1.1216693446328811,Financially Healthy Moderate Spenders
KH00111610,47,Nam,Chuyên viên trị liệu nghệ thuật,Đà Nẵng,296919166.6666667,1111300000,0.23991666666666664,62.49166666666667,Cần theo dõi,1395542.3333333333,1.8266036578091953,182.41666666666666,30.333333333333332,78.85000000000001,14.0,0.5376959231249918,0.4623040768750082,0.1883161078933513,3.7557715943705396,0.9052250000000001,0,0.8691212489644352,0.6960063965776793,-0.6960063965776798,-0.4035360779769971,-0.04300584794033993,1.4282243650274622,Financially Stretched but Highly Engaged
KH00111645,25,Nam,Chuyên viên trị liệu bằng làm vườn,Gia Lai,427751666.6666667,1342200000,0.23651666666666668,63.50833333333333,Cần theo dõi,1749692.8333333333,1.0034445887039904,183.0,29.75,83.825,13.916666666666666,0.245220373693631,0.754779626306369,0.29384445809786114,3.1460774149695996,0.7426583333333333,0,0.8093269451952242,-1.7252150374652642,1.7252150374652637,0.32060639219936277,-0.8784517641787679,0.33533779012660725,Financially Stretched but Highly Engaged
KH00111650,34,Nữ,Nhà khoa học y sinh,Tuyên Quang,433305833.3333333,1551500000,0.16425,68.575,Cần theo dõi,1374816.75,1.603913463101856,183.0,30.25,78.99166666666666,14.0,0.539382680887416,0.4606173191125839,0.19102415856331192,3.596069505913111,0.5964833333333334,3,-0.46159511923272767,0.7099700050104529,-0.7099700050104539,-0.3849532564157041,-0.26184090020802325,-0.6473525630790458,Financially Healthy Moderate Spenders
KH00111685,80,Nữ,Cán bộ bình đẳng và đa dạng,Thanh Hóa,413905833.3333333,2030100000,0.17734166666666665,64.33333333333333,Cần theo dõi,1475095.8333333333,1.319119344482549,244.0,30.333333333333332,79.60000000000001,13.833333333333334,0.556287415296738,0.44371258470326197,0.19958356039850159,4.924469422917064,0.8666416666666666,3,-0.23135773878804267,0.8499136870318424,-0.8499136870318434,-0.3262180788434746,1.5584262489434884,1.16884027430617,Financially Healthy Moderate Spenders
KH00111690,22,Nữ,Chuyên viên dự toán xây dựng,Đồng Tháp,173910000.0,502600000,0.2125,64.4,Ổn định,17802000.0,0.5384973713648327,6.0,1.0,50.9,4.0,0.0029022956222147,0.9970977043777852,0.7540257648953301,2.890000575010063,0.6142,1,0.38695639749211536,-3.731214259018294,3.7312142590182935,3.478400744025241,-1.2293462903453838,-0.5282487667780816,Low-Engagement Online Discretionary Spenders
KH00111725,42,Nam,Thư ký hành chính,Thành phố Hồ Chí Minh,784417500.0,2195400000,0.269525,64.10833333333333,Cần theo dõi,2409765.8333333335,0.9589165016822614,244.25,30.333333333333332,79.00833333333334,14.0,0.3812253887335584,0.6187746112664416,0.18246490000051704,2.8028538053194203,0.7531500000000001,0,1.3898299776213217,-0.5993149128489125,0.5993149128489121,-0.44368745084335054,-1.348760933475083,0.40587009470935237,Financially Stretched but Highly Engaged
KH00111730,56,Nam,Dược sĩ cộng đồng,Quảng Ninh,601482500.0,2784900000,0.11074166666666667,71.77499999999999,Cần theo dõi,1648926.25,1.8508482224327063,182.91666666666666,30.083333333333332,77.49166666666666,14.0,0.4921800103077731,0.507819989692227,0.16188800819541863,4.641990125470803,0.5160416666666666,2,-1.4026226302673077,0.31920873291881335,-0.31920873291881335,-0.5848874338945295,1.171353215533101,-1.1881375798679508,Financially Healthy & Highly Engaged
KH00111765,25,Nam,Thanh tra công trình di tích,Ninh Bình,498205000.0,1409400000,0.3096083333333333,57.975,Cần theo dõi,1428369.0,2.2902785480943693,304.3333333333333,30.333333333333332,83.10833333333333,14.0,0.49415464334127407,0.5058453566587259,0.2632272842961257,2.8400986272933317,0.8667666666666666,0,2.0947579215671754,0.3355554799695573,-0.33555547996955826,0.11050933464430078,-1.2977254545900707,1.1696806115331284,Financially Stretched but Highly Engaged
KH00111770,61,Nữ,Nhân viên phát triển cộng đồng,Bắc Ninh,318180000.0,1486100000,0.147575,66.43333333333334,Cần theo dõi,1809069.0833333333,1.8479021950741543,122.0,29.833333333333332,78.91666666666667,13.916666666666666,0.4416735787241404,0.5583264212758595,0.2158358985868898,4.678899950094205,0.6932583333333334,3,-0.754851006100847,-0.09890230215768861,0.09890230215768771,-0.21469346674565298,1.2219296574486125,0.003236518032479207,Financially Healthy Moderate Spenders
KH00111805,60,Nữ,Chuyên viên vệ sinh lao động,Hà Nội,340646666.6666667,1589600000,0.141875,66.91666666666667,Cần theo dõi,1856477.0833333333,1.7134791165145868,122.08333333333333,29.416666666666668,77.05833333333334,13.75,0.4654827867965528,0.5345172132034471,0.185626877743275,4.6850009602556835,0.6663166666666667,3,-0.8550943977139375,0.098199182135931,-0.09819918213593193,-0.42198975189471716,1.230289691374711,-0.17788416561804743,Financially Healthy Moderate Spenders
KH00111810,39,Nam,Quản lý nông trại,Đồng Tháp,264247500.0,912600000,0.1698333333333333,70.02499999999999,Ổn định,2565459.8333333335,0.9400988960141273,61.333333333333336,25.333333333333332,72.99166666666666,13.0,0.36483968099097747,0.6351603190090225,0.1928991794687778,3.4645040766250434,0.5871583333333333,3,-0.3634034929450521,-0.7349618989830851,0.7349618989830843,-0.37208673981154,-0.4421211199156647,-0.7100417202101745,Financially Healthy Moderate Spenders
KH00111845,51,Nam,Nhân viên nghệ thuật cộng đồng,Hà Tĩnh,194872500.0,768900000,0.2459916666666667,59.1,Cần theo dõi,1528378.75,1.3619655956696546,121.75,29.916666666666668,79.34166666666667,13.75,0.5826737671694143,0.4173262328305856,0.22905076584544604,3.9549433352387795,0.9671166666666666,0,0.9759596005520719,1.0683497267094648,-1.068349726709466,-0.12401217966859371,0.22991330261144052,1.8443033373356759,Financially Stretched but Highly Engaged
KH00111850,43,Nam,Thư ký công ty,Hưng Yên,200827500.0,898500000,0.22660833333333333,56.708333333333336,Có dấu hiệu căng thẳng tài chính,1630017.6666666667,1.8751897490740461,122.25,29.333333333333332,80.65833333333333,14.0,0.5129028550997108,0.48709714490028916,0.25088569866686117,4.492472052952533,1.0020333333333333,0,0.6350734472011239,0.49076015348075636,-0.49076015348075736,0.025820563464338392,0.966473019346932,2.0790375360661755,Financially Stretched but Highly Engaged
KH00111885,58,Nam,Chuyên viên viết nội dung quảng cáo,Lâm Đồng,156640000.0,605200000,0.1482,66.4,Ổn định,9968111.0,1.1508082956153838,9.0,2.0,46.7,5.0,0.1638892914070424,0.8361107085929576,0.5805401669769152,3.8636363636363638,0.5727,1,-0.7438594061432715,-2.3985040015139076,2.3985040015139067,2.2879311766227284,0.1047980577450915,-0.8072407261284124,Low-Engagement Online Discretionary Spenders
KH00111890,60,Nữ,Giám đốc tài chính,Hà Nội,999840833.3333334,4026200000,0.09301666666666668,76.35833333333333,Ổn định,1525806.9166666667,1.4781419937411824,243.25,30.333333333333332,79.88333333333334,13.916666666666666,0.5358083348888626,0.46419166511113735,0.202644009267124,4.036819077916318,0.37307500000000005,2,-1.7143444050641543,0.6803802387506438,-0.6803802387506448,-0.30521707769754775,0.34210521319544474,-2.14925927758166,Financially Healthy & Highly Engaged
KH00111925,39,Nữ,Quản lý hậu cần và phân phối,Hải Phòng,722595833.3333334,2110200000,0.18611666666666668,69.64166666666667,Ổn định,2166398.0,1.3000310122216978,182.91666666666666,30.083333333333332,82.94166666666666,14.0,0.43804623144362237,0.5619537685563777,0.2711591957757897,2.9286087690546645,0.5435666666666666,2,-0.07703567538367942,-0.12893083275241046,0.12893083275241046,0.1649386321835192,-1.176442623002527,-1.0030953224916166,Financially Healthy & Highly Engaged
KH00111930,53,Nam,Cán bộ giáo dục bảo tàng,Thành phố Hồ Chí Minh,440243333.3333333,1920700000,0.22040833333333332,60.208333333333336,Cần theo dõi,1731638.6666666667,1.9706515672983895,243.91666666666666,30.333333333333332,81.575,14.0,0.49103466355868736,0.5089653364413126,0.2346030626249498,4.377464507592788,0.9656250000000001,0,0.5260367756219729,0.309727126324042,-0.3097271263240429,-0.0859119544943138,0.8088815786646352,1.834275313093968,Financially Stretched but Highly Engaged
KH00111965,22,Nữ,Kỹ sư đóng tàu,Thành phố Hồ Chí Minh,125805833.33333333,430200000,0.21833333333333335,66.59166666666667,Cần theo dõi,1429137.3333333333,1.7382730870270218,61.75,24.833333333333332,72.55,13.666666666666666,0.4323569046243038,0.5676430953756962,0.1660175734722855,3.4335658362741728,0.7669833333333332,0,0.48954466376282224,-0.176029197272082,0.17602919727208202,-0.5565500857359577,-0.4845148763758859,0.4988674144927947,Financially Stretched but Highly Engaged
KH00111970,26,Nam,Giảng viên giáo dục thường xuyên,An Giang,623403333.3333334,2376700000,0.12127500000000001,71.54166666666667,Ổn định,1582327.8333333333,2.094911098421681,182.5,30.333333333333332,79.03333333333333,13.916666666666666,0.4546629429379004,0.5453370570620996,0.19422281601915195,3.8240688141768087,0.4656666666666667,2,-1.2173775323156322,0.008628488399307334,-0.008628488399308255,-0.36300385886678804,0.05057981402817214,-1.526793482332358,Financially Healthy & Highly Engaged
KH00112005,44,Nam,Kỹ sư viễn thông,Đắk Lắk,914161666.6666666,4177900000,0.10238333333333333,75.22500000000001,Ổn định,2350506.25,0.9178745459206129,183.25,30.083333333333332,78.58333333333333,13.916666666666666,0.41177837304422793,0.5882216269557721,0.18579068121198747,4.580091090307081,0.4696416666666667,2,-1.54961696036662,-0.3463859393644752,0.3463859393644748,-0.4208657217338454,1.08653479689994,-1.5000707585150672,Financially Healthy & Highly Engaged
KH00112010,41,Nam,Quản lý hệ thống thông tin,Huế,228378333.33333334,1011500000,0.148475,70.675,Cần theo dõi,2442568.6666666665,0.8300927173469018,61.416666666666664,25.333333333333332,74.64166666666667,13.333333333333334,0.4162521550813401,0.5837478449186598,0.21710689914956313,4.449289849432905,0.6612916666666666,3,-0.7390231021619382,-0.30935030687980347,0.3093503068798026,-0.20597177740562134,0.9073017219924165,-0.2116657221417927,Financially Healthy Moderate Spenders
KH00112045,88,Nam,Sĩ quan huấn luyện quân đội,Thành phố Hồ Chí Minh,160920000.0,402800000,0.264,60.3,Ổn định,15191429.0,0.8182870954719667,7.0,2.0,57.1,5.0,0.070246379537333,0.929753620462667,0.7004795937558774,2.503107133979617,0.6608,1,1.2926642339963526,-3.1737148723232798,3.1737148723232793,3.1109634007685254,-1.759494939043178,-0.21497104856783,Low-Engagement Online Discretionary Spenders
KH00112050,51,Nam,Nhà thiết kế triển lãm,Vĩnh Long,372859166.6666667,1232100000,0.23925,61.98333333333333,Cần theo dõi,1632852.3333333333,1.6409844399454216,183.25,30.25,78.825,13.666666666666666,0.5026293398709657,0.49737066012903436,0.19711251617550796,3.314913092318786,0.7855833333333333,0,0.8573968756763548,0.40571217144203275,-0.4057121714420328,-0.34317454659916174,-0.6471012249702099,0.6239095938642687,Financially Stretched but Highly Engaged
KH00112085,48,Nữ,Cán bộ quản lý thể thao,Thành phố Hồ Chí Minh,271513333.3333333,1350600000,0.13097499999999998,68.925,Cần theo dõi,1445104.1666666667,1.7128912910284253,122.25,29.666666666666668,78.075,14.0,0.5461287283786813,0.4538712716213187,0.1971358066605805,4.986032356946212,0.6541,3,-1.046787900974058,0.7658162964788492,-0.7658162964788497,-0.34301472576088127,1.6427841181244647,-0.26001312393282344,Financially Healthy Moderate Spenders
KH00112090,23,Nam,Nhà miễn dịch học,An Giang,567680833.3333334,2777100000,0.157525,63.300000000000004,Cần theo dõi,1213135.1666666667,2.164690966567577,365.5,30.416666666666668,81.91666666666667,14.0,0.4483962760479488,0.5516037239520512,0.2382790228886823,4.9007891612891425,0.7729333333333334,2,-0.5798647347762422,-0.04324931206455287,0.04324931206455196,-0.06068727372852232,1.5259778862382003,0.5388674664960357,Financially Healthy & Highly Engaged
KH00112125,44,Nam,Chuyên viên trị liệu bằng làm vườn,Đồng Nai,427718333.3333333,1099400000,0.27334166666666665,65.55833333333334,Cần theo dõi,2476594.8333333335,0.880917861727455,122.41666666666667,29.0,77.98333333333333,13.916666666666666,0.387175649193058,0.612824350806942,0.2014397174132585,2.5772543800815133,0.709175,0,1.4569520146955832,-0.5500564425573307,0.5500564425573303,-0.3134810074963305,-1.6578931589228225,0.11023945826523604,Financially Stretched but Highly Engaged
KH00112130,48,Nữ,Nhà sản xuất truyền hình,Cần Thơ,92086666.66666667,302000000,0.26790833333333336,64.64166666666667,Cần theo dõi,1303851.6666666667,1.160391225955523,61.333333333333336,25.25,72.28333333333333,13.25,0.6403688803703621,0.35963111962963784,0.17391316833445317,3.287227421765895,0.8705083333333333,0,1.361398372397726,1.5459713432625857,-1.5459713432625868,-0.5023699952112644,-0.6850380811568012,1.1948347058600965,Financially Stretched but Highly Engaged
KH00112165,38,Nam,Nhà địa chất hiện trường,Lai Châu,436815000.0,1646200000,0.21040833333333334,61.71666666666667,Cần theo dõi,1451689.5833333333,1.9235929082081995,243.66666666666666,30.416666666666668,80.68333333333334,14.0,0.5240805290180067,0.47591947098199333,0.21614966761143237,3.782540491566863,0.7988916666666667,0,0.3501711763007622,0.5832930976066457,-0.5832930976066458,-0.21254036309097876,-0.006325219191598443,0.7133774972944855,Financially Stretched but Highly Engaged
KH00112170,21,Nam,Bác sĩ phẫu thuật,Thành phố Hồ Chí Minh,460715833.3333333,1928700000,0.15533333333333332,68.21666666666667,Cần theo dõi,1489883.3333333333,3.038598938216173,182.75,29.75,78.04166666666667,14.0,0.424280507482001,0.575719492517999,0.17568466332918012,4.198824859509345,0.6550916666666667,2,-0.6184086119608078,-0.2428886182007907,0.24288861820079072,-0.49021388020614404,0.5640969480876739,-0.25334644859894967,Financially Healthy & Highly Engaged
KH00112205,46,Nam,Nhân viên pha chế cà phê,Nghệ An,272024166.6666667,763300000,0.36860833333333337,50.824999999999996,Có dấu hiệu căng thẳng tài chính,1524627.4166666667,1.9501705956906743,182.75,30.333333333333332,82.41666666666667,14.0,0.4988248547914862,0.5011751452085138,0.2591889080767004,2.814561795342845,1.0416583333333334,0,3.1323649575623214,0.37421722823108194,-0.37421722823108244,0.08279773178716537,-1.332717820742662,2.3454244370121238,Financially Stretched but Highly Engaged
KH00112210,33,Nam,Thủ thư học thuật,Khánh Hòa,254348333.33333334,1082600000,0.18159999999999998,66.21666666666667,Cần theo dõi,1577867.4166666667,1.9908195880413544,122.25,29.583333333333332,80.35833333333333,13.916666666666666,0.5348733030229467,0.46512669697705333,0.25122400303184406,4.272878743670616,0.764875,3,-0.15646830441042692,0.6726396970210176,-0.6726396970210181,0.028142030236588608,0.6655707970998405,0.48469372659808957,Financially Healthy Moderate Spenders
KH00112245,71,Nữ,Kỹ sư đóng tàu,Thành phố Hồ Chí Minh,708549166.6666666,2083900000,0.15754166666666666,71.95833333333333,Cần theo dõi,1864607.1666666667,1.8588061951802102,182.41666666666666,30.083333333333332,79.00833333333334,14.0,0.4800265849365817,0.5199734150634183,0.19311318905583377,2.9510754826948875,0.46725833333333333,3,-0.5795716254440403,0.21859815516972947,-0.21859815516972997,-0.3706181919690711,-1.1456571492417889,-1.5160931883090822,Financially Healthy Moderate Spenders
KH00112250,54,Nam,Chuyên viên viết nội dung quảng cáo,An Giang,333073333.3333333,1510800000,0.141425,68.80833333333334,Cần theo dõi,1749910.3333333333,1.4398057329863276,122.16666666666667,29.416666666666668,77.71666666666667,14.0,0.5168000316126058,0.48319996838739415,0.19051741678828757,4.549366895104022,0.6441083333333334,3,-0.863008349683392,0.5230224308698089,-0.5230224308698099,-0.38843055175858165,1.0444343401802632,-0.3271840796077321,Financially Healthy Moderate Spenders
KH00112285,38,Nam,Nhà môi giới hàng không,An Giang,412400833.3333333,1233400000,0.25193333333333334,64.79166666666667,Cần theo dõi,2538335.9166666665,0.9700570215650277,122.25,29.833333333333332,76.69166666666666,13.916666666666666,0.3837613769801764,0.6162386230198235,0.17062529959017478,3.0031163614300156,0.7561333333333332,0,1.080453077482091,-0.5783210584527739,0.5783210584527727,-0.5249315664808174,-1.074347071032676,0.4259261431927683,Financially Stretched but Highly Engaged
KH00112290,60,Nam,Quản lý dịch vụ ăn uống,Hải Phòng,161385833.33333334,413000000,0.25745833333333334,66.45,Cần theo dõi,1701241.4166666667,1.3906341552779005,61.416666666666664,25.083333333333332,74.0,13.166666666666666,0.47497064481942647,0.5250293551805735,0.20694273617827863,2.568592090163132,0.6560166666666667,0,1.1776188211070602,0.17674320146609798,-0.17674320146609893,-0.27571893129400366,-1.6697628388083936,-0.24712795311945468,Financially Stretched but Highly Engaged
KH00112325,40,Nữ,Điều dưỡng nhi khoa,Thành phố Hồ Chí Minh,656628333.3333334,1884000000,0.19653333333333334,66.72500000000001,Cần theo dõi,1519326.4166666667,2.3039906325482713,244.16666666666666,30.166666666666668,79.43333333333334,14.0,0.5047496850001773,0.4952503149998228,0.19200162747221924,2.8790184021125724,0.5692166666666667,2,0.10615765724258192,0.4232651774433785,-0.42326517744337855,-0.37824580056289303,-1.2443948373196188,-0.8306581235196647,Financially Healthy & Highly Engaged
KH00112330,51,Nam,Chuyên viên trị liệu nghề nghiệp,Thành phố Hồ Chí Minh,322841666.6666667,1445600000,0.136025,69.04166666666667,Ổn định,1628905.25,1.4497190128583641,121.66666666666667,29.416666666666668,77.94166666666666,13.75,0.48622503524898586,0.513774964751014,0.2030091617091636,4.494789374650185,0.61335,3,-0.9579757733168458,0.26991123341993467,-0.2699112334199361,-0.30271137765716,0.969648376787306,-0.5339630599214018,Financially Healthy Moderate Spenders
KH00112365,71,Nam,Bác sĩ tâm thần,Ninh Bình,222658333.33333334,696200000,0.16849166666666668,70.10833333333333,Cần theo dõi,1865206.0,1.757504549576785,61.166666666666664,25.916666666666668,71.375,12.916666666666666,0.45510898304684333,0.5448910169531566,0.15991887886632927,3.1363707305106097,0.5234666666666666,3,-0.3869987941873139,0.012320974401351622,-0.012320974401353003,-0.5983997286826133,-0.8917525470391949,-1.138221548586596,Financially Healthy Moderate Spenders
KH00112370,20,Nữ,Chuyên viên ngân hàng đầu tư vận hành,Sơn La,421300000.0,2022100000,0.0999,73.8,Ổn định,18369727.0,0.4954288626023431,11.0,2.0,46.9,4.0,0.0770536505218566,0.9229463494781434,0.9240647903913058,4.799667695229053,0.4796,1,-1.5932902508647206,-3.1173617499952364,3.117361749995236,4.645219705095048,1.387414129656249,-1.433123892767347,Low-Engagement Online Discretionary Spenders
KH00112405,63,Nam,Chuyên viên tư vấn nông nghiệp,Hà Nội,431105833.3333333,1874700000,0.14068333333333333,70.93333333333334,Cần theo dõi,1421309.0833333333,1.405496139272959,181.5,29.916666666666668,76.86666666666666,13.666666666666666,0.5741319388857935,0.4258680611142065,0.16104913313002664,4.362710103698925,0.6171333333333333,3,-0.8760517149663819,0.99763729359693,-0.9976372935969305,-0.5906438496903328,0.7886640550337357,-0.5085288531854477,Financially Healthy Moderate Spenders
KH00112410,63,Nữ,Giáo viên dạy nhạc,Đồng Nai,593946666.6666666,2258300000,0.17221666666666668,68.875,Cần theo dõi,1595741.5833333333,1.452806297412814,242.41666666666666,30.416666666666668,79.39166666666667,13.833333333333334,0.5551624916727197,0.44483750832728025,0.19527933609030665,3.8139449189545966,0.6572416666666666,3,-0.3214888584401627,0.8406011506662221,-0.8406011506662231,-0.35575394874657684,0.03670733958839118,-0.2388926482952587,Financially Healthy Moderate Spenders
KH00112445,58,Nữ,Kỹ sư khoan,Đà Nẵng,176645000.0,451800000,0.23413333333333333,67.41666666666667,Cần theo dõi,1734711.6666666667,1.4318191449206559,60.833333333333336,25.416666666666668,73.93333333333334,13.333333333333334,0.47507101805175606,0.524928981948244,0.2025796232496343,2.5602630217121307,0.5999916666666666,0,0.7674123106903353,0.1775741284341576,-0.17757412843415762,-0.305658898778418,-1.6811759151646355,-0.6237670982424021,Financially Stretched but Highly Engaged
KH00112450,45,Nam,Chuyên viên di truyền tế bào lâm sàng,An Giang,109212500.0,477800000,0.1903,65.86666666666666,Cần theo dõi,1478350.8333333333,1.3200380323651133,61.416666666666664,24.666666666666668,74.25833333333334,13.416666666666666,0.5264540305232223,0.4735459694767777,0.21782290366234278,4.386589241597633,0.8251416666666667,3,-0.003465233000973093,0.6029418262929721,-0.6029418262929731,-0.20105850741194797,0.8213849320156548,0.8898483149558393,Financially Healthy Moderate Spenders
KH00112485,20,Nữ,Chuyên viên pháp lý nhà đất,Quảng Trị,249162500.0,655100000,0.32089166666666663,60.01666666666667,Cần theo dõi,1139783.0,1.839361270186761,183.16666666666666,30.083333333333332,79.66666666666667,14.0,0.5023414259153322,0.49765857408466774,0.2058551797463762,2.63420619277064,0.8413499999999999,0,2.2931929394679416,0.403328712578906,-0.40332871257890746,-0.28318181496012534,-1.5798537730453697,0.9988120420515002,Financially Stretched but Highly Engaged
KH00112490,77,Nữ,Giám đốc tiếp thị,An Giang,577018333.3333334,2241100000,0.08231666666666666,78.33333333333333,Ổn định,1500803.8333333333,1.5113180424811803,121.91666666666667,29.083333333333332,76.22500000000001,13.583333333333334,0.5479206120333565,0.45207938796664354,0.17578140213821358,3.8927112757782765,0.32121666666666665,3,-1.9025205963378502,0.780650176167069,-0.7806501761670691,-0.48955005214477804,0.14463855062599598,-2.4978871818059796,Financially Healthy Moderate Spenders
KH00112525,74,Nam,Chuyên viên trị liệu nghề nghiệp,Nghệ An,349651666.6666667,975100000,0.230675,65.45,Cần theo dõi,1833891.1666666667,1.6454820603743936,122.33333333333333,29.75,79.05,13.916666666666666,0.4648218611692427,0.5351781388307573,0.21775200144497078,2.7976368995324616,0.6479750000000001,0,0.7065921242584163,0.09272779384975527,-0.0927277938497562,-0.20154504308439272,-1.3559095053039918,-0.3011896480538056,Financially Stretched but Highly Engaged
KH00112530,81,Nữ,Chuyên viên quan hệ công chúng,Đồng Nai,613250833.3333334,2000100000,0.1909,67.52499999999999,Cần theo dõi,1553645.6666666667,1.7280228111552096,242.91666666666666,30.416666666666668,79.31666666666666,14.0,0.5194155449882347,0.4805844550117653,0.18938202848959795,3.272009568004295,0.6256416666666667,3,0.007086702958299384,0.5446746238767495,-0.5446746238767499,-0.39622166083618093,-0.705890656445505,-0.45132989927045014,Financially Healthy Moderate Spenders
KH00112565,84,Nữ,Nhà hóa sinh lâm sàng,Hà Nội,152698333.33333334,573700000,0.22874166666666665,65.49166666666666,Cần theo dõi,2138293.9166666665,1.7179270754985827,61.666666666666664,25.75,69.79166666666667,13.0,0.49154982794043534,0.5084501720595646,0.1256078028569553,3.768836093112533,0.8602666666666666,0,0.672591441722982,0.31399184877885494,-0.31399184877885633,-0.8338445858009716,-0.025103951398659285,1.1259830757312697,Financially Stretched but Highly Engaged
KH00112570,60,Nữ,Dược sĩ bệnh viện,Khánh Hòa,174850833.33333334,739100000,0.14971666666666666,68.76666666666667,Cần theo dõi,1782580.5,1.7718120282176002,61.333333333333336,25.833333333333332,73.85000000000001,13.25,0.5002445685548843,0.49975543144511564,0.20109704768307976,4.242775582513341,0.6426999999999999,3,-0.7171864569128878,0.38597014706764265,-0.3859701470676436,-0.3158324296912706,0.6243213249801887,-0.3366518790314691,Financially Healthy Moderate Spenders
KH00112605,34,Nam,Nhà địa chất công trình,Đồng Nai,810947500.0,2492100000,0.2293166666666667,67.3,Cần theo dõi,2325100.6666666665,0.8896792077744532,243.83333333333334,30.416666666666668,79.29166666666667,14.0,0.4010085137108368,0.5989914862891632,0.18797172789113623,3.0804152749542095,0.7075166666666667,2,0.6827037136839526,-0.4355428426007703,0.4355428426007699,-0.40589923617098067,-0.9684266541822019,0.09909098438758236,Financially Healthy & Highly Engaged
KH00112610,66,Nữ,Nhà tâm lý học nghề nghiệp,Đồng Tháp,531385833.3333333,1863900000,0.20203333333333331,66.33333333333333,Cần theo dõi,1536232.25,1.3729361530386983,243.58333333333334,30.25,80.175,13.916666666666666,0.5440850558340823,0.45591494416591777,0.20938129855696005,3.515558460198815,0.7046833333333332,3,0.20288373686924757,0.7488980146642884,-0.7488980146642885,-0.25898535608738543,-0.37216280687307185,0.08004334057651472,Financially Healthy Moderate Spenders
KH00112645,48,Nữ,Nhà tâm lý học nghề nghiệp,Tây Ninh,608540000.0,2785600000,0.14530833333333334,66.375,Cần theo dõi,1657364.8333333333,2.8940560328365614,243.75,30.416666666666668,80.10833333333333,14.0,0.46887764847768293,0.531122351522317,0.20397701475055632,4.587354839199773,0.6641,2,-0.7947138752803214,0.12630311042649855,-0.1263031104264995,-0.29606990651880166,1.0964880973479505,-0.19278614577611716,Financially Healthy & Highly Engaged
KH00112650,21,Nữ,Kỹ sư sản xuất,Hà Nội,476324166.6666667,2115000000,0.10458333333333332,73.39166666666667,Ổn định,1811990.6666666667,1.0064000510457467,121.33333333333333,28.416666666666668,81.3,13.833333333333334,0.2613484278330651,0.7386515721669348,0.27687783131043014,4.4519350355081775,0.46313333333333334,2,-1.5109265285159539,-1.5917010037358663,1.591701003735865,0.20418028482063097,0.9109263423003368,-1.5438243167987236,Financially Healthy & Highly Engaged
KH00112685,40,Nam,Kỹ sư dầu khí,Thanh Hóa,1154760833.3333333,3025800000,0.1899666666666667,72.61666666666666,Cần theo dõi,2377062.9166666665,0.86566868651671,243.58333333333334,30.416666666666668,79.10000000000001,14.0,0.415013584435614,0.584986415564386,0.18403450225514237,2.6294693758668557,0.498375,2,-0.009327419645012816,-0.3196036555813923,0.31960365558139187,-0.43291673708106726,-1.5863444932653399,-1.3069052412781312,Financially Healthy & Highly Engaged
KH00112690,42,Nữ,Chuyên viên tư vấn tài chính,Hà Nội,689130000.0,2181400000,0.19286666666666666,67.28333333333333,Cần theo dõi,1375622.5833333333,1.8059466685065457,304.0833333333333,30.416666666666668,78.35000000000001,14.0,0.5393157803227479,0.4606842196772522,0.16719777022785853,3.174817688503989,0.6089166666666667,2,0.04167360415813765,0.7094161772411262,-0.7094161772411263,-0.5484514980842171,-0.839069816692451,-0.5637670202375412,Financially Healthy & Highly Engaged
KH00112725,88,Nữ,Cán bộ bảo tồn thiên nhiên,Điện Biên,65080000.0,161600000,0.3782,48.2,Cần theo dõi,7639250.0,1.109017516846448,8.0,2.0,39.7,5.0,0.5480904539058153,0.4519095460941846,0.4436790260824034,2.483097725875845,0.9391,0,3.3010493782445818,0.782056190388753,-0.782056190388754,1.3487810388025012,-1.7869132396460632,1.6559557535333045,Financially Stretched but Highly Engaged
KH00112730,56,Nam,Sĩ quan huấn luyện quân đội,Thành phố Hồ Chí Minh,280010000.0,829200000,0.1888,67.6,Ổn định,15658200.0,0.6921635249219581,10.0,2.0,52.9,6.0,0.0900231188770101,0.90997688112299,0.7638809058512472,2.9613228098996465,0.5592,1,-0.029845072899154772,-3.0099956647594213,3.009995664759422,3.5460273685476915,-1.1316155396040084,-0.8979971466399655,Low-Engagement Online Discretionary Spenders
KH00112765,33,Nam,Cán bộ xuất nhập cảnh,Thành phố Hồ Chí Minh,900240833.3333334,2495100000,0.23065,67.77499999999999,Cần theo dõi,2364675.4166666665,0.8909195081997677,243.75,30.333333333333332,80.0,14.0,0.39056533345229066,0.6094346665477093,0.2036572440875335,2.780901492801437,0.6366916666666667,2,0.7061524602601134,-0.52199537489185,0.5219953748918492,-0.2982641938109135,-1.3788415385796928,-0.3770440884072897,Financially Healthy & Highly Engaged
KH00112770,75,Nữ,Nhà địa chất thủy văn,Đồng Nai,124729166.66666667,589000000,0.16635833333333333,67.64166666666667,Cần theo dõi,1577831.8333333333,1.2308765447963674,61.5,25.333333333333332,72.00833333333334,12.666666666666666,0.5839886973414603,0.41601130265853964,0.18354369789314107,4.7465612421584815,0.7831416666666667,3,-0.42451678870917253,1.0792352079847969,-1.0792352079847978,-0.4362846688490157,1.3146439264253265,0.6074950066976736,Financially Healthy Moderate Spenders
KH00112805,30,Nữ,Trợ lý sản xuất truyền hình,Cần Thơ,498053333.3333333,1975500000,0.229425,61.208333333333336,Cần theo dõi,1484885.0833333333,2.191220784306459,303.8333333333333,30.416666666666668,78.49166666666666,13.916666666666666,0.5301415672009716,0.46985843279902845,0.17249726494582973,3.981251351142283,0.9249666666666667,0,0.6846089243432649,0.6334686271156219,-0.633468627115622,-0.5120860172601435,0.2659623993446803,1.5609416244051597,Financially Stretched but Highly Engaged
KH00112810,54,Nữ,Cán bộ quản lý chất thải,Thành phố Hồ Chí Minh,404124166.6666667,1427700000,0.13925,72.26666666666667,Ổn định,1597109.1666666667,1.3690880478155947,121.91666666666667,29.5,76.88333333333334,14.0,0.48736473478606723,0.5126352652139328,0.17386732430623833,3.5397957744475144,0.4916333333333333,3,-0.9012591175357552,0.2793460902922964,-0.2793460902922969,-0.5026845799438977,-0.33895113142365374,-1.352227429052111,Financially Healthy Moderate Spenders
KH00112845,40,Nam,Chuyên viên nghiên cứu thị trường,Đồng Nai,387118333.3333333,1892700000,0.17742500000000003,63.49166666666667,Cần theo dõi,1361268.8333333333,1.7529870925238737,243.25,30.416666666666668,79.38333333333334,14.0,0.5329983979936549,0.46700160200634505,0.18984307353028881,4.894546592823458,0.8675916666666668,0,-0.22989219212703177,0.6571185354998508,-0.6571185354998517,-0.39305793948564877,1.5174238791512056,1.175226837231058,Financially Stretched but Highly Engaged
KH00112850,93,Nam,Chuyên viên thẩm định bảo hiểm,Hà Nội,301481666.6666667,1062500000,0.18987500000000002,66.08333333333333,Cần theo dõi,1639943.3333333333,1.5170757411424294,121.58333333333333,28.833333333333332,76.33333333333333,13.833333333333334,0.4550174063651567,0.5449825936348432,0.1727167066118087,3.5366023556353947,0.6644416666666667,3,-0.010939520972124226,0.011562868552882258,-0.011562868552883179,-0.5105801941353274,-0.3433269788494004,-0.19048922402242957,Financially Healthy Moderate Spenders
KH00112885,93,Nam,Quản lý dịch vụ y tế,Phú Thọ,419744166.6666667,1999400000,0.143675,67.72500000000001,Cần theo dõi,1586495.25,1.5916423389607128,182.75,30.333333333333332,78.88333333333334,13.916666666666666,0.5516971843970289,0.4483028156029711,0.18991887488797868,4.7753698138721505,0.6854916666666666,3,-0.8234385898361195,0.8119140475297029,-0.8119140475297039,-0.3925377855905686,1.3541194608883502,-0.0489764350025636,Financially Healthy Moderate Spenders
KH00112890,41,Nam,Biên tập viên đặt bài,Đắk Lắk,428317500.0,1679900000,0.190125,65.30833333333334,Cần theo dõi,1305676.3333333333,1.582243495042331,243.5,30.25,79.27499999999999,14.0,0.5413935453766717,0.4586064546233282,0.18841577470936563,3.9329607389697165,0.7489833333333333,3,-0.006542880989094435,0.7266166895343649,-0.7266166895343659,-0.4028521577394176,0.19979120057767713,0.3778588538107241,Financially Healthy Moderate Spenders
KH00112925,28,Nữ,Nhà giao dịch hợp đồng tương lai,Cần Thơ,541459166.6666666,2494500000,0.10791666666666666,72.375,Ổn định,2164993.8333333335,1.3823527829782192,121.83333333333333,29.416666666666668,77.55,14.0,0.4412966811295233,0.5587033188704766,0.18736020338023074,4.624347834106602,0.49618333333333337,2,-1.45230466207555,-0.10202240069686705,0.10202240069686615,-0.41009555752957577,1.1471785050449792,-1.3216391539908092,Financially Healthy & Highly Engaged
KH00112930,45,Nam,Giáo viên tiếng anh,Hà Nội,285851666.6666667,1019700000,0.171625,68.98333333333333,Cần theo dõi,1404404.25,1.5865376598927983,122.33333333333333,29.5,78.95833333333333,14.0,0.551761590342784,0.4482384096572159,0.21479239152083074,3.5758664484794793,0.6163666666666666,3,-0.33189423973333465,0.8124472239153715,-0.8124472239153725,-0.2218540807702074,-0.28952455276485445,-0.5136829215107954,Financially Healthy Moderate Spenders
KH00112965,59,Nữ,Chuyên viên pháp chế,Quảng Ngãi,175000000.0,752500000,0.1567,64.2,Ổn định,14736750.0,0.6848876664734853,8.0,2.0,47.4,5.0,0.1885931429928579,0.811406857007142,0.6011671501518313,4.3,0.6737,1,-0.5943736467202421,-2.1939963253020554,2.1939963253020545,2.4294748899435836,0.7027342531556329,-0.12824824674567956,Low-Engagement Online Discretionary Spenders
KH00112970,74,Nữ,Kỹ sư cơ điện công trình,Thành phố Hồ Chí Minh,514498333.3333333,1687700000,0.16641666666666666,70.52499999999999,Cần theo dõi,1523411.8333333333,1.4567924559992802,182.5,30.166666666666668,79.05833333333334,13.916666666666666,0.5339155472252798,0.46608445277472016,0.19568847717925783,3.2962078893179245,0.5425416666666667,3,-0.42349090604646555,0.6647110381283392,-0.6647110381283402,-0.35294639572191966,-0.6727324118626865,-1.0099860877526785,Financially Healthy Moderate Spenders
KH00113005,91,Nữ,Kỹ sư hóa học,Hà Nội,547795833.3333334,2289200000,0.13488333333333333,69.44166666666666,Ổn định,1749882.1666666667,1.739425445093354,183.0,30.166666666666668,78.23333333333333,13.916666666666666,0.473970204257947,0.526029795742053,0.1796715039219671,4.193808251146626,0.5667916666666667,3,-0.9780537625726843,0.16846118221474682,-0.16846118221474732,-0.46285591820384636,0.5572228378999746,-0.846960665722666,Financially Healthy Moderate Spenders
KH00113010,34,Nữ,Giáo viên dạy nhạc,Thanh Hóa,355800833.3333333,1015300000,0.27358333333333335,61.85833333333333,Cần theo dõi,2284197.1666666665,1.3002669354289198,122.41666666666667,29.083333333333332,81.54166666666667,13.916666666666666,0.4262942967442138,0.5737057032557862,0.27178035401922823,2.8627619209566237,0.7745833333333333,0,1.461202100012513,-0.22621772131797477,0.22621772131797435,0.16920106084749714,-1.26667061303309,0.5499599178918918,Financially Stretched but Highly Engaged
KH00113045,34,Nam,Nhân viên tư vấn hỗ trợ,Vĩnh Long,199652500.0,690600000,0.22334166666666666,64.20833333333333,Cần theo dõi,2600373.75,0.8557017012660979,61.5,24.833333333333332,74.63333333333334,13.166666666666666,0.42096770512758397,0.5790322948724159,0.22189791739786488,3.468516425088158,0.7744583333333334,0,0.5776240180895283,-0.27031322884895326,0.2703132288489519,-0.17309549551301406,-0.4366231173903194,0.5491195806649334,Financially Stretched but Highly Engaged
KH00113050,95,Nữ,Kiểm soát viên tài chính,Thành phố Hồ Chí Minh,264900000.0,1168600000,0.1233,71.6,Ổn định,13101182.0,0.6983249682977326,11.0,2.0,57.3,5.0,0.2622386599404633,0.7377613400595366,0.6629589280633947,4.411476028690072,0.544,1,-1.1817647484530869,-1.5843313310781129,1.584331331078112,2.8534941284397077,0.8554865609095078,-1.000182153438159,Low-Engagement Online Discretionary Spenders
KH00113085,28,Nữ,Kỹ thuật viên chẩn đoán hình ảnh,Phú Thọ,360505833.3333333,1245700000,0.20808333333333331,65.75,Cần theo dõi,2140202.1666666665,1.2403509114270899,122.0,29.5,81.60833333333333,14.0,0.46924241646907056,0.5307575835309294,0.2704919024725339,3.4579209937487962,0.71705,0,0.30928242445858023,0.12932279559648158,-0.12932279559648252,0.16035962170893753,-0.45114172383650863,0.16318070356364198,Financially Stretched but Highly Engaged
KH00113090,65,Nam,Bác sĩ bệnh viện,Cần Thơ,450280000.0,1134700000,0.21926666666666664,68.85,Ổn định,2152571.5,2.0984236521139166,121.75,29.583333333333332,75.70833333333333,13.916666666666666,0.46000361611365087,0.5399963838863492,0.15365234522890328,2.5227647839528715,0.5518416666666667,3,0.5059587863661344,0.05284056831670897,-0.052840568316708976,-0.641401094086836,-1.73255864221132,-0.947464998066942,Financially Healthy Moderate Spenders
KH00113125,55,Nam,Giáo viên dạy nhạc,Ninh Bình,461369166.6666667,1465900000,0.253425,63.43333333333334,Cần theo dõi,1504264.1666666667,1.3817269820982139,243.91666666666666,30.333333333333332,79.80833333333334,13.916666666666666,0.5533916399716456,0.44660836002835436,0.20136278977902586,3.187482932012943,0.8158,0,1.1066863627141719,0.8259413813163123,-0.8259413813163129,-0.31400888997502074,-0.82171500779774,0.8270471128611161,Financially Stretched but Highly Engaged
KH00113130,30,Nam,Người bán sách,Cần Thơ,180480000.0,799900000,0.204,64.64166666666667,Cần theo dõi,2606645.3333333335,0.9235095582772636,61.666666666666664,25.25,73.46666666666667,13.333333333333334,0.3952854618239723,0.6047145381760277,0.1927440925192724,4.4434244305231525,0.9044249999999999,0,0.23747063806908586,-0.4829203957793419,0.48292039577934154,-0.37315095664511416,0.8992645117963229,1.4228462067749248,Financially Stretched but Highly Engaged
KH00113165,94,Nữ,Nhà thủy văn học,Hưng Yên,367138333.3333333,1024800000,0.32350833333333334,58.31666666666666,Cần theo dõi,1803462.5,2.073813369663848,183.16666666666666,29.833333333333332,77.16666666666667,13.916666666666666,0.44895665694028425,0.5510433430597157,0.16135254733697504,2.800201841609489,0.9027166666666666,0,2.339211104623659,-0.038610270509152236,0.03861027050915133,-0.5885618014740912,-1.3523948409754816,1.4113615980064875,Financially Stretched but Highly Engaged
KH00113170,41,Nữ,Chuyên viên công nghệ dệt may,Lâm Đồng,469997500.0,1930600000,0.21271666666666667,62.458333333333336,Cần theo dõi,2206480.25,1.7707889983934748,182.5,30.0,82.04166666666667,13.916666666666666,0.4569711340994713,0.5430288659005287,0.25684253527428913,4.116801324941958,0.868375,0,0.39076681881074166,0.027736553757692434,-0.0277365537576929,0.06669676750789887,0.4517025226445846,1.1804929505199993,Financially Stretched but Highly Engaged
KH00113205,87,Nữ,Chuyên viên dự toán xây dựng,Thanh Hóa,311225833.3333333,916300000,0.23475833333333332,64.80833333333334,Cần theo dõi,1811438.4166666667,1.7057343365445004,122.08333333333333,29.416666666666668,76.175,13.916666666666666,0.4835380214677736,0.5164619785322263,0.16347805799356704,2.9503697809283005,0.69525,0,0.7784039106479108,0.24766713344888133,-0.24766713344888275,-0.5739764077456017,-1.1466241515175144,0.016625891182022845,Financially Stretched but Highly Engaged
KH00113210,94,Nữ,Kỹ sư kinh doanh kỹ thuật,Hải Phòng,706451666.6666666,3356000000,0.11303333333333333,71.48333333333333,Cần theo dõi,1542628.5833333333,1.7321184835721832,243.58333333333334,30.333333333333332,78.95833333333333,13.833333333333334,0.5408313340608063,0.45916866593919364,0.187050189670556,4.760186216478741,0.5413666666666667,2,-1.3623200970895304,0.721962495051847,-0.721962495051848,-0.412222891966979,1.3333138260886273,-1.017885257686092,Financially Healthy & Highly Engaged
KH00113245,48,Nữ,Bác sĩ phẫu thuật thần kinh,Vĩnh Long,401115833.3333333,1151100000,0.1565,72.61666666666666,Cần theo dõi,1472762.1666666667,1.8473893039136542,122.41666666666667,29.833333333333332,78.60000000000001,14.0,0.5355336247799225,0.4644663752200775,0.20626566094577856,2.8807599746568666,0.45660833333333334,3,-0.5978909587066663,0.678106086243854,-0.6781060862438546,-0.28036506600953415,-1.242008411929445,-1.5876899200459744,Financially Healthy Moderate Spenders
KH00113250,37,Nữ,Chuyên viên cắt tỉa cây,Bắc Ninh,692764166.6666666,2323400000,0.2242333333333333,63.15,Cần theo dõi,1419681.75,1.9667379136345693,365.3333333333333,30.416666666666668,79.38333333333334,14.0,0.5150431431447594,0.4849568568552405,0.18769264221576187,3.367133351562354,0.7604916666666667,2,0.5933053673623361,0.5084782543605489,-0.5084782543605503,-0.4078143404056699,-0.575545346951468,0.4552259011727336,Financially Healthy & Highly Engaged
KH00113285,32,Nữ,Phi công hàng không,Hà Nội,1250099166.6666667,3395900000,0.15685000000000002,73.33333333333333,Ổn định,2184324.3333333335,1.3317383891230434,242.41666666666666,30.25,82.24166666666666,14.0,0.46020470826400034,0.5397952917359997,0.24859220869275,2.7196288708422105,0.4276333333333333,2,-0.5917356627304237,0.05450528396760883,-0.05450528396760883,0.010082484626196977,-1.4628016017106118,-1.782480089255031,Financially Healthy & Highly Engaged
KH00113290,27,Nam,Kỹ thuật viên phòng thí nghiệm giảng dạy,Ninh Bình,200108333.33333334,959200000,0.19185833333333335,63.083333333333336,Cần theo dõi,1455840.6666666667,1.5932192546590997,122.25,29.833333333333332,81.3,14.0,0.5155633495990329,0.48443665040096695,0.25888631438460624,4.804061541175352,0.9108166666666667,0,0.023940489559916026,0.5127847169679818,-0.5127847169679832,0.08072131399774467,1.393434886908717,1.4658154503134204,Financially Stretched but Highly Engaged
KH00113325,48,Nam,Thanh tra công trình di tích,Thành phố Hồ Chí Minh,640874166.6666666,2469100000,0.17625833333333332,66.24166666666666,Cần theo dõi,1412257.0833333333,1.7656445608616274,304.4166666666667,30.416666666666668,82.18333333333334,14.0,0.5218027931579502,0.4781972068420497,0.24369191025606277,3.8645737271128247,0.6840666666666667,2,-0.2504098453811737,0.564437152567208,-0.5644371525672094,-0.023543685096604233,0.10608249921574776,-0.05855627938989356,Financially Healthy & Highly Engaged
KH00113330,53,Nam,Lập trình viên đa phương tiện,Tây Ninh,573815833.3333334,2453900000,0.12665,71.31666666666666,Ổn định,1686469.9166666667,1.6122481308419685,183.16666666666666,30.333333333333332,79.72500000000001,13.916666666666666,0.48752385537041015,0.5124761446295899,0.20878701074067388,4.29420648200242,0.5403833333333333,3,-1.1228497726804811,0.2806633497013566,-0.28066334970135665,-0.26306339811540147,0.6947955666546604,-1.024495910538168,Financially Healthy Moderate Spenders
KH00113365,52,Nữ,Phóng viên ảnh,An Giang,415441666.6666667,1152400000,0.28189166666666665,61.25,Cần theo dõi,1793704.5,1.6984323913556318,183.08333333333334,30.166666666666668,78.10000000000001,13.916666666666666,0.465570766418064,0.534429233581936,0.17648009060685624,2.7836445533832097,0.7930083333333333,0,1.6073171021152188,0.09892751018173188,-0.0989275101817328,-0.4847556059832857,-1.3750828037279212,0.6738256251456232,Financially Stretched but Highly Engaged
KH00113370,38,Nam,Chuyên viên an toàn lao động,Hải Phòng,176255000.0,635300000,0.26039166666666663,61.550000000000004,Cần theo dõi,2635494.0833333335,0.9743703217603824,61.833333333333336,26.083333333333332,73.21666666666667,13.416666666666666,0.3730026595789502,0.6269973404210498,0.17880335950434734,3.611827500651868,0.9387500000000001,0,1.2292060635746147,-0.667385724628478,0.6673857246284777,-0.46881318221703966,-0.2402481857006674,1.6536028092978199,Financially Stretched but Highly Engaged
KH00113405,28,Nữ,Cán bộ triển lãm bảo tàng,Nghệ An,555383333.3333334,1839300000,0.2320333333333333,62.708333333333336,Cần theo dõi,2328533.3333333335,1.4698924387653145,182.75,30.0,83.76666666666667,14.0,0.432421988515594,0.567578011484406,0.2892887762346767,3.3189030186183097,0.77645,0,0.7304805348328807,-0.175490408600998,0.17549040860099754,0.28934500403825947,-0.6416339468730097,0.5625089538144771,Financially Stretched but Highly Engaged
KH00113410,48,Nữ,Bác sĩ chuyên khoa bàn chân,Lào Cai,1242017500.0,4829700000,0.11113333333333335,73.45833333333333,Ổn định,2194707.75,1.4830519560114996,243.75,30.416666666666668,81.53333333333333,14.0,0.4431023331439073,0.5568976668560927,0.23325060589831062,3.898890467924659,0.4355833333333334,2,-1.3957345609605603,-0.08707454140350301,0.0870745414035021,-0.09519260138149753,0.1531057150155599,-1.729034641620449,Financially Healthy & Highly Engaged
KH00113445,32,Nữ,Chuyên viên phục chế bảo tàng,Lâm Đồng,256313333.33333334,1243500000,0.13169166666666668,68.72500000000001,Cần theo dõi,1320549.1666666667,1.7814294370907013,122.66666666666667,29.416666666666668,78.125,14.0,0.5651038221652744,0.43489617783472556,0.19945191399952242,4.862991276911009,0.6427166666666667,3,-1.0341841996893706,0.92289918384635,-0.9228991838463505,-0.3271214450797689,1.4741845622848841,-0.3365398340678738,Financially Healthy Moderate Spenders
KH00113450,32,Nam,Chuyên viên trị liệu nghệ thuật,An Giang,687206666.6666666,2752400000,0.16588333333333335,64.95833333333333,Cần theo dõi,1496681.0,2.384025203279366,304.1666666666667,30.416666666666668,80.19166666666666,14.0,0.48070231309687056,0.5192976869031294,0.20419358482521918,4.014451443843,0.660825,2,-0.4328704046769296,0.22419208433221424,-0.22419208433221519,-0.29458378844220223,0.3114555052372184,-0.21480298112243862,Financially Healthy & Highly Engaged
KH00113485,52,Nữ,Chuyên viên tư vấn tài chính,Thành phố Hồ Chí Minh,276138333.3333333,694400000,0.2923,63.19166666666666,Cần theo dõi,1680211.75,1.4798257965655681,122.58333333333333,29.333333333333332,77.28333333333333,13.666666666666666,0.4815739607219562,0.5184260392780438,0.1984842968334514,2.522141113191062,0.73325,0,1.7903638800753796,0.23140790772973632,-0.23140790772973727,-0.33376129762617757,-1.7334132398253945,0.272088408177506,Financially Stretched but Highly Engaged
KH00113490,49,Nam,Chuyên viên hoạch định truyền thông,Lâm Đồng,250783333.33333334,960600000,0.20475,62.76666666666667,Cần theo dõi,1609735.1666666667,1.8745301800476988,122.58333333333333,29.25,80.73333333333333,14.0,0.49129089487512295,0.508709105124877,0.25167310719279495,3.837770402925493,0.7913083333333333,0,0.2506605580181767,0.3118483045101607,-0.31184830451016166,0.03122381248607142,0.06935469617861992,0.6623970388589829,Financially Stretched but Highly Engaged
KH00113525,32,Nữ,Chuyên viên làm vườn thương mại,Thanh Hóa,354895833.3333333,1196400000,0.22085,64.45,Cần theo dõi,2192612.5,1.2560553490265753,121.58333333333333,29.166666666666668,82.125,13.916666666666666,0.4297937023124108,0.5702062976875891,0.28367419362940144,3.3806285860291,0.7455916666666665,0,0.5338041729253266,-0.19724833982745044,0.19724833982744952,0.2508173694366196,-0.55705322597534,0.3550577037192404,Financially Stretched but Highly Engaged
KH00113530,66,Nữ,Kiểm soát viên không lưu,Đồng Tháp,185870000.0,762800000,0.1979,56.5,Cần theo dõi,16774667.0,0.618215195163517,9.0,2.0,43.0,6.0,0.1043107331160745,0.8956892668839255,0.4776249900643828,4.10394361650616,0.8122,1,0.13019262248314722,-2.8917174773888275,2.891717477388827,1.5817204732084207,0.4340839847483779,0.8028454007247022,Low-Engagement Online Discretionary Spenders
KH00113565,45,Nữ,Nhà thiết kế gốm sứ,Đà Nẵng,446469166.6666667,1229200000,0.32339999999999997,60.01666666666667,Có dấu hiệu căng thẳng tài chính,2116625.0833333335,1.5471837150914685,182.5,30.333333333333332,81.27499999999999,14.0,0.44704401058821003,0.5529559894117899,0.23608163315149044,2.7606892809360333,0.8998166666666667,0,2.3373058939643454,-0.05444386874459364,0.054443868744592734,-0.07576590642908634,-1.406537735183848,1.3918657743410434,Financially Stretched but Highly Engaged
KH00113570,48,Nữ,Chuyên viên trắc địa,Lào Cai,357482500.0,1700200000,0.15333333333333332,66.29166666666667,Cần theo dõi,1419282.8333333333,1.9130589477098907,183.41666666666666,30.166666666666668,80.61666666666666,14.0,0.5380342583174702,0.4619657416825298,0.22356962498908262,4.77125032737196,0.7435499999999999,3,-0.6535817318250501,0.6988072612021322,-0.6988072612021328,-0.16162412822478323,1.3484746502769627,0.34133219567891326,Financially Healthy Moderate Spenders
KH00113605,67,Nữ,Kiến trúc sư,Ninh Bình,855757500.0,3314400000,0.11829166666666667,72.77499999999999,Cần theo dõi,1612557.0,1.6767650756936658,243.75,30.25,79.46666666666667,13.833333333333334,0.5122704047513368,0.4877295952486633,0.19713625993801998,3.8824196548718777,0.4624166666666667,2,-1.2698441027797935,0.48552449414981996,-0.48552449414982,-0.34301161534132046,0.13053624663783422,-1.5486422502332873,Financially Healthy & Highly Engaged
KH00113610,23,Nữ,Chuyên viên kinh doanh công nghệ thông tin,Hà Nội,1132844166.6666667,5264000000,0.126575,69.475,Cần theo dõi,1835774.25,1.0402313285338984,365.3333333333333,30.416666666666668,83.35833333333333,14.0,0.2593003513118529,0.7406996486881471,0.26706305235160466,4.660494834917352,0.591875,2,-1.1241687646753904,-1.6086557433076363,1.608655743307636,0.13683062697318826,1.196709672033125,-0.6783329955129278,Financially Healthy & Highly Engaged
KH00113645,44,Nữ,Nhà giao dịch tài chính,Bắc Ninh,716853333.3333334,2984300000,0.11883333333333335,71.01666666666667,Cần theo dõi,1445104.5833333333,2.2341614012258018,244.25,30.416666666666668,77.96666666666667,13.916666666666666,0.5135246416837508,0.48647535831624916,0.16395934439394447,4.178598954724766,0.49866666666666665,2,-1.2603180494832278,0.49590753420234146,-0.4959075342023424,-0.5706737888554534,0.5363819884810289,-1.3049444544152276,Financially Healthy & Highly Engaged
KH00113650,16,Nữ,Nhà trị liệu tâm lý trẻ em,Hà Nội,904855000.0,4542300000,0.14807499999999998,66.11666666666666,Cần theo dõi,1823845.4166666667,1.313518065467471,364.4166666666667,30.416666666666668,82.75833333333334,14.0,0.2596111327304933,0.7403888672695066,0.25517459741665677,5.035176934026548,0.7398166666666667,2,-0.7460577261347869,-1.6060829790763105,1.6060829790763094,0.05525126837912592,1.7101254797680567,0.3162341238337435,Financially Healthy & Highly Engaged
KH00113685,24,Nữ,Nhà thiết kế bối cảnh,Hà Tĩnh,254840000.0,976800000,0.2158,54.9,Cần theo dõi,11094632.0,0.9377610823230498,19.0,2.0,61.6,7.0,0.2195134678697141,0.7804865321302858,0.7770756838300173,3.8329932506670854,0.8272,1,0.444992045268115,-1.9380263699161437,1.938026369916143,3.6365708016674,0.06280870561420754,0.9036858679597617,Low-Engagement Online Discretionary Spenders
KH00113690,50,Nam,Luật sư,Thành phố Hồ Chí Minh,305300000.0,1004700000,0.1096,77.3,Ổn định,12233778.0,0.8244494272147702,9.0,2.0,51.3,5.0,0.3157650948194434,0.6842349051805565,0.7168222771198139,3.2908614477563054,0.3606,1,-1.422700619523146,-1.1412195849206608,1.14121958492066,3.2231079673948058,-0.6800584827355475,-2.2331249328321516,Low-Engagement Online Discretionary Spenders
KH00113725,23,Nữ,Chủ nhiệm ánh sáng trường quay,Ninh Bình,257422500.0,1236700000,0.19155,63.1,Cần theo dõi,1897318.5,1.004505158165687,122.91666666666667,28.5,82.73333333333333,13.916666666666666,0.24704727958031714,0.7529527204196828,0.3022976504385149,4.818325974848602,0.9301583333333333,0,0.018517966914178306,-1.710091230708003,1.7100912307080018,0.3786127532442767,1.4129810188260004,1.5958436305648491,Financially Stretched but Highly Engaged
KH00113730,56,Nữ,Nhà địa hóa học,Nghệ An,305411666.6666667,1457100000,0.1374,68.35833333333333,Cần theo dõi,1672674.75,1.409334096011713,122.16666666666667,28.833333333333332,77.625,14.0,0.520672087092802,0.47932791290719806,0.1926520686282942,4.787071054626871,0.6551083333333333,3,-0.9337942534101795,0.5550767470021551,-0.5550767470021553,-0.37378243062911043,1.370153325297322,-0.25323440363535593,Financially Healthy Moderate Spenders
KH00113765,51,Nam,Quản trị viên nghệ thuật,Cà Mau,117542500.0,349500000,0.3169416666666667,60.333333333333336,Cần theo dõi,1783497.6666666667,1.3432304736143441,61.333333333333336,25.75,73.23333333333333,12.833333333333334,0.5116639399717049,0.4883360600282951,0.19810917818592344,2.9877035402075616,0.9391416666666667,0,2.2237260277360638,0.48050395302666715,-0.48050395302666765,-0.336335386423204,-1.0954668044712732,1.6562358659422902,Financially Stretched but Highly Engaged
KH00113770,30,Nam,Chuyên viên tư vấn thuế,Thành phố Hồ Chí Minh,258867500.0,816300000,0.25521666666666665,61.791666666666664,Cần theo dõi,1648938.5833333333,2.1695192478738616,122.16666666666667,29.083333333333332,79.98333333333333,14.0,0.47802256562466544,0.5219774343753346,0.24040818411193343,3.162069411082552,0.8109666666666667,0,1.1381956159258884,0.2020081375710573,-0.20200813757105732,-0.0460768295718496,-0.856538404503604,0.7945540734187087,Financially Stretched but Highly Engaged
KH00113805,61,Nam,Kỹ sư khoan,Gia Lai,213572500.0,996400000,0.12073333333333332,70.675,Cần theo dõi,1895914.8333333333,1.6381856285822858,61.5,25.666666666666668,74.49166666666666,13.083333333333334,0.46564556113150607,0.5343544388684939,0.21670954360815695,4.675337330478766,0.5671916666666666,3,-1.2269035856121981,0.09954668865217542,-0.09954668865217635,-0.20869845722895325,1.217047905072768,-0.8442715865963981,Financially Healthy Moderate Spenders
KH00113810,35,Nữ,Chuyên viên cây xanh cảnh quan,Hải Phòng,357895000.0,1577900000,0.16173333333333334,67.175,Cần theo dõi,1369916.5833333333,1.9094046741639514,182.75,30.166666666666668,78.16666666666667,14.0,0.5414857403156202,0.4585142596843798,0.1755159345962356,4.42665475024226,0.7145416666666667,3,-0.5058546283952324,0.7273799135465138,-0.7273799135465138,-0.4913717078536661,0.8762855144880967,0.1463179365426689,Financially Healthy Moderate Spenders
KH00113845,31,Nam,Chuyên viên công nghệ dệt may,Vĩnh Long,557377500.0,2774600000,0.15456666666666666,67.85833333333333,Cần theo dõi,2328349.3333333335,0.8773028377306152,182.75,30.333333333333332,79.20833333333333,13.916666666666666,0.4126696404361092,0.5873303595638907,0.19763608376449607,4.99549067378305,0.779875,2,-0.6318916412421006,-0.3390076962365212,0.3390076962365199,-0.33958179141575007,1.6557445701720628,0.585534193833149,Financially Healthy & Highly Engaged
KH00113850,24,Nữ,Chuyên viên phân tích hệ thống,Phú Thọ,176839166.66666666,758800000,0.14810833333333334,68.0,Ổn định,1831899.1666666667,1.0390520662647724,61.166666666666664,24.166666666666668,77.825,13.583333333333334,0.2448219834477833,0.7551780165522167,0.2797345288944005,4.30406384178643,0.6342916666666666,3,-0.7454715074703825,-1.7285130601691636,1.7285130601691636,0.22378313126894692,0.7083028154601773,-0.3931785631648997,Financially Healthy Moderate Spenders
KH00113885,32,Nam,Nhà khoa học thổ nhưỡng,Hưng Yên,749928333.3333334,3048800000,0.14529166666666668,70.40833333333333,Cần theo dõi,2459474.9166666665,0.9707527783718879,182.83333333333334,30.333333333333332,79.09166666666667,13.916666666666666,0.37716757582025257,0.6228324241797474,0.19499812920217688,4.077932280145995,0.5910916666666667,2,-0.7950069846125235,-0.6329069981365,0.6329069981364991,-0.3576836088825144,0.39844141922584647,-0.6835991088018699,Financially Healthy & Highly Engaged
KH00113890,66,Nam,Quản trị viên,Đồng Tháp,480135000.0,1639600000,0.24631666666666666,61.21666666666667,Cần theo dõi,1668206.75,1.8606235584488753,243.41666666666666,30.416666666666668,79.70833333333333,14.0,0.5157036703890933,0.4842963296109067,0.19582390319631723,3.420216180874739,0.8487416666666667,0,0.9816752325300105,0.513946344684201,-0.513946344684202,-0.3520170934981145,-0.5028075146582548,1.0485039834056664,Financially Stretched but Highly Engaged
KH00113925,63,Nữ,Vũ công,Gia Lai,286820000.0,1021100000,0.2084,59.1,Cần theo dõi,17733083.0,0.6134526227182028,12.0,2.0,59.2,6.0,0.0714906695113183,0.9285093304886816,0.6869175787252639,3.5600725193501153,0.7419,1,0.314851501770419,-3.163414176894088,3.1634141768940864,3.017899962879039,-0.3111665071057195,0.33023974428305725,Low-Engagement Online Discretionary Spenders
KH00113930,23,Nữ,Giáo viên giáo dục đặc biệt,Thành phố Hồ Chí Minh,336112500.0,1072500000,0.20895833333333333,67.00833333333334,Cần theo dõi,1216930.5833333333,1.5940270332446618,183.41666666666666,30.166666666666668,78.84166666666667,14.0,0.511838459592564,0.488161540407436,0.18888262760336896,3.2016272270376898,0.6715583333333334,0,0.32467066439918646,0.48194869139029,-0.48194869139029056,-0.39964858251799706,-0.8023334983201411,-0.14264602456757366,Financially Stretched but Highly Engaged
KH00113965,25,Nữ,Điều dưỡng nhi khoa,Lâm Đồng,91075833.33333333,414400000,0.2634166666666667,52.73333333333333,Có dấu hiệu căng thẳng tài chính,1693941.25,1.842129887126185,62.083333333333336,24.833333333333332,75.79166666666667,13.916666666666666,0.43895284192683687,0.5610471580731631,0.22458933419304836,4.568389327129359,1.1702416666666666,0,1.282405407369282,-0.12142557380493688,0.12142557380493596,-0.15462681669295028,1.0705002166301678,3.209851331143771,Financially Stretched but Highly Engaged
KH00113970,47,Nữ,Kỹ sư ô tô,Thành phố Hồ Chí Minh,695475833.3333334,1760500000,0.20671666666666666,68.94166666666668,Cần theo dõi,1464219.0833333333,2.141703097359254,243.25,30.333333333333332,78.125,14.0,0.519189727708394,0.48081027229160606,0.16464693292762989,2.536956876827986,0.5247166666666666,2,0.285247459218015,0.5428052244032185,-0.5428052244032187,-0.5659555111766783,-1.7131116367518926,-1.129818176317008,Financially Healthy & Highly Engaged
KH00114005,37,Nữ,Kế toán công chứng,Hưng Yên,504913333.3333333,1842500000,0.143725,71.925,Ổn định,2197289.8333333335,1.2018261596928728,122.33333333333333,29.416666666666668,79.73333333333333,13.75,0.46250954891702745,0.5374904510829724,0.2373960120470069,3.6612467703304836,0.5237916666666667,3,-0.8225592618395136,0.07358561256947858,-0.07358561256947997,-0.0667465521200082,-0.17253042090741955,-1.1360366717965031,Financially Healthy Moderate Spenders
KH00114010,69,Nữ,Cán bộ giáo dục cộng đồng,Phú Thọ,469808333.3333333,1252600000,0.29518333333333335,62.275,Cần theo dõi,1516421.9166666667,1.446489848768821,243.08333333333334,30.333333333333332,80.91666666666667,13.916666666666666,0.5482324007830338,0.45176759921696613,0.22376601350642178,2.6726114592347456,0.7848833333333333,0,1.841071794546329,0.7832312794595659,-0.7832312794595669,-0.16027649732005808,-1.5272281713691138,0.619203705393299,Financially Stretched but Highly Engaged
KH00114045,33,Nữ,Chuyên viên khảo sát khoáng sản,Hưng Yên,697644166.6666666,2767700000,0.19520833333333332,62.44166666666666,Cần theo dõi,1476247.4166666667,2.177332394913402,365.5,30.416666666666668,79.81666666666668,14.0,0.5042282316674886,0.49577176833251135,0.19642417144875177,3.9782216258137706,0.7739416666666666,2,0.0828554653325211,0.41894839271243783,-0.41894839271243833,-0.347898013324455,0.26181085626202044,0.5456461867935032,Financially Healthy & Highly Engaged
KH00114050,30,Nam,Giảng viên công nghệ thông tin,Thái Nguyên,626088333.3333334,2442900000,0.14625833333333335,68.225,Cần theo dõi,1473958.8333333333,2.233365886161954,243.5,30.333333333333332,81.11666666666666,14.0,0.49897920421909103,0.5010207957809089,0.22480153650289192,3.918539643039024,0.5693166666666666,2,-0.7780066433448063,0.37549499022922395,-0.37549499022922533,-0.15317067050541444,0.18003039899873183,-0.8299858537380984,Financially Healthy & Highly Engaged
KH00114085,30,Nữ,Chuyên viên dựng phim,Cần Thơ,848280000.0,2942700000,0.23677499999999999,61.291666666666664,Cần theo dõi,2284372.4166666665,1.5085369954248653,304.5,30.416666666666668,81.80833333333334,14.0,0.45527838629344547,0.5447216137065545,0.23625507966529272,3.4830961229809314,0.8284416666666666,2,0.813870139844355,0.01372335751497262,-0.013723357514973542,-0.07457570505945584,-0.41664498822976953,0.9120332177475522,Financially Healthy & Highly Engaged
KH00114090,64,Nữ,Chuyên viên dựng phim,Hải Phòng,251040000.0,645100000,0.28776666666666667,62.93333333333334,Cần theo dõi,1536838.75,1.3980002915891312,122.16666666666667,29.666666666666668,77.00833333333334,13.5,0.5572036174047554,0.4427963825952445,0.1885096794751697,2.5769633486955903,0.7390833333333333,0,1.7106381417164307,0.8574983490186654,-0.8574983490186664,-0.40220777706883093,-1.6582919506303397,0.3113041454355848,Financially Stretched but Highly Engaged
KH00114125,33,Nam,Nhà tâm lý học lâm sàng,Khánh Hòa,243630000.0,913700000,0.17963333333333334,68.40833333333333,Cần theo dõi,1332728.75,1.4337467465733102,121.75,28.75,79.06666666666666,14.0,0.529559693126866,0.470440306873134,0.22376434656606028,3.7598214099054705,0.6797666666666666,3,-0.1910552056102647,0.6286516570034965,-0.6286516570034969,-0.16028793597430285,-0.03745650539371869,-0.08746387999727778,Financially Healthy Moderate Spenders
KH00114130,21,Nữ,Chuyên viên trị liệu thể thao,Đồng Nai,524363333.3333333,2655900000,0.14355833333333334,64.55833333333334,Cần theo dõi,1240433.6666666667,2.1009094587207575,303.9166666666667,30.333333333333332,80.55,14.0,0.46066790937234336,0.5393320906276566,0.21225916178186902,5.086253019664555,0.73915,2,-0.8254903551615335,0.05833983510862918,-0.05833983510862965,-0.23923726962079517,1.7801135305079268,0.31175232528996283,Financially Healthy & Highly Engaged
KH00114165,72,Nữ,Quản lý phòng tranh,Đồng Nai,320555000.0,838700000,0.23805833333333334,66.79166666666667,Ổn định,1687933.5833333333,1.3365147775807928,122.5,29.666666666666668,78.38333333333334,13.833333333333334,0.506444500881238,0.49355549911876184,0.20810526824666822,2.6265352100688033,0.6263416666666667,0,0.8364395584239108,0.4372954939808086,-0.43729549398081,-0.2677415598859278,-1.590365093947403,-0.4466240107994805,Financially Stretched but Highly Engaged
KH00114170,31,Nam,Chuyên viên tư vấn công nghệ thông tin,Nghệ An,240450000.0,1180900000,0.17465,62.85833333333333,Cần theo dõi,1675903.75,2.225542055272069,121.83333333333333,29.666666666666668,76.81666666666666,14.0,0.47141062418479335,0.5285893758152066,0.17306516388525936,4.927965074542554,0.86915,0,-0.2786948959386683,0.14727202589956828,-0.1472720258995692,-0.5081890574383312,1.5632162370617562,1.1857030413271439,Financially Stretched but Highly Engaged
KH00114205,75,Nữ,Lập trình viên hệ thống,Huế,585866666.6666666,1747200000,0.21872499999999997,66.14999999999999,Cần theo dõi,1592044.0,1.5930552156139388,243.0,30.25,79.23333333333333,13.833333333333334,0.5158295154710956,0.4841704845289044,0.19182976482017014,2.9902079639518675,0.6557833333333333,3,0.49643273306956887,0.5149881371024229,-0.5149881371024239,-0.3794251333691457,-1.0920350666256424,-0.2486965826097784,Financially Healthy Moderate Spenders
KH00114210,56,Nam,Bác sĩ bệnh viện,An Giang,561150000.0,2168300000,0.0938,77.0,Ổn định,16940333.0,0.5426012401893108,12.0,2.0,48.4,5.0,0.1107367033313,0.8892632966687,0.7733072942287637,3.864029225697229,0.3623,1,-1.7005682664506596,-2.8385209047184787,2.8385209047184783,3.6107118647168046,0.10533638501716294,-2.2216963465455115,Low-Engagement Online Discretionary Spenders
KH00114245,57,Nữ,Nhà địa chất hiện trường,Thành phố Hồ Chí Minh,282085000.0,1055600000,0.18711666666666668,67.25,Cần theo dõi,1561984.5,1.750500935679755,122.0,29.25,76.33333333333333,13.833333333333334,0.5097492625931374,0.4902507374068626,0.1684947871786677,3.752243806730163,0.7004583333333333,3,-0.059449115451558295,0.4646535411981295,-0.46465354119813046,-0.539551282580048,-0.047839871090117815,0.051639942305306843,Financially Healthy Moderate Spenders
KH00114250,46,Nam,Luật sư tư vấn (Scotland),Tây Ninh,316716666.6666667,946300000,0.16131666666666666,73.64999999999999,Cần theo dõi,2488654.0833333335,0.8306959667885533,61.666666666666664,24.916666666666668,73.425,13.083333333333334,0.4090885323098245,0.5909114676901756,0.202138099533992,2.996299345204289,0.47655833333333336,3,-0.5131823617002831,-0.36865344190600924,0.3686534419060093,-0.3086886635143116,-1.0836882269090697,-1.4535720986233454,Financially Healthy Moderate Spenders
KH00114285,52,Nam,Người dẫn chương trình phát sóng,Vĩnh Long,251060000.0,745100000,0.2457,59.2,Cần theo dõi,18309300.0,0.4594708164433316,10.0,2.0,52.1,5.0,0.044305353017319,0.9556946469826808,0.698011393117159,2.9678164582171593,0.7293,1,0.9708301872385361,-3.388464343017323,3.3884643430173216,3.0940264458749005,-1.1227174852160116,0.245533751805607,Low-Engagement Online Discretionary Spenders
KH00114290,73,Nữ,Quản lý trung tâm thể hình,Đồng Nai,304399166.6666667,908500000,0.21489166666666668,67.43333333333334,Cần theo dõi,1556625.9166666667,1.3674699895982079,122.25,29.583333333333332,76.94166666666668,13.75,0.4942688843234617,0.5057311156765383,0.18271191713392687,2.99496771393029,0.640775,3,0.42901758666310524,0.3365012093314019,-0.3365012093314024,-0.44199240304987497,-1.085512921891218,-0.3495930723266347,Financially Healthy Moderate Spenders
KH00114325,65,Nam,Chuyên viên ngân hàng bán lẻ,Bắc Ninh,602290833.3333334,1707300000,0.21394166666666667,69.00833333333334,Cần theo dõi,1496581.5,1.2821704066078734,243.0,30.25,78.0,13.916666666666666,0.5628325740993639,0.437167425900636,0.16539539192151917,2.841975098128371,0.6116833333333334,3,0.4123103547275901,0.9040969471810876,-0.9040969471810886,-0.5608195364020292,-1.2951541820586283,-0.5451675562808523,Financially Healthy Moderate Spenders
KH00114330,43,Nữ,Chuyên viên vật lý trị liệu,Khánh Hòa,978040833.3333334,4876100000,0.1401,66.55833333333334,Cần theo dõi,2240114.4166666665,1.5060818076373195,303.1666666666667,30.416666666666668,81.31666666666666,14.0,0.4360858990830812,0.5639141009169187,0.22721325637057546,5.000329679118949,0.6990999999999999,2,-0.8863105415934524,-0.145159193510834,0.1451591935108331,-0.13662129037227244,1.6623753161806687,0.04250827777235413,Financially Healthy & Highly Engaged
KH00114365,42,Nam,Nhà báo,Tuyên Quang,599686666.6666666,2626100000,0.17079166666666667,63.208333333333336,Cần theo dõi,1483977.75,2.2587827357274413,304.3333333333333,30.416666666666668,82.39999999999999,14.0,0.48297816361279206,0.517021836387208,0.24811426937021594,4.403347221296976,0.7476416666666666,2,-0.3465497063434354,0.24303242179132892,-0.24303242179132895,0.0068028336040449845,0.8443478963627621,0.3688392342413659,Financially Healthy & Highly Engaged
KH00114370,59,Nam,Kỹ thuật viên chẩn đoán hình ảnh,Thành phố Hồ Chí Minh,126444166.66666667,585700000,0.16348333333333334,65.72500000000001,Cần theo dõi,1579446.0833333333,1.4179319249137219,61.166666666666664,25.333333333333332,72.79166666666667,13.166666666666666,0.5025845682096233,0.49741543179037667,0.18738690359249033,4.645837585375084,0.7532916666666667,3,-0.47507814851402047,0.4053415349690327,-0.4053415349690337,-0.4099123389193879,1.1766252761390927,0.4068224768999052,Financially Healthy Moderate Spenders
KH00114405,25,Nam,Biên tập viên chuyên đề tạp chí,Cà Mau,345705833.3333333,1449600000,0.21290833333333334,61.975,Cần theo dõi,1668956.5,2.334366540549231,182.25,30.083333333333332,80.53333333333333,14.0,0.47465038321361447,0.5253496167863855,0.22257000364886328,4.207283131373003,0.8873583333333332,0,0.394137576131065,0.1740919567176032,-0.17409195671760413,-0.16848359551622294,0.5756870680620363,1.308112164054146,Financially Stretched but Highly Engaged
KH00114410,48,Nam,Người dẫn chương trình phát sóng,Quảng Ngãi,746304166.6666666,2117400000,0.27376666666666666,63.40833333333333,Cần theo dõi,2386749.5,0.9529661324968529,243.75,30.333333333333332,78.34166666666667,13.916666666666666,0.3934211400548094,0.6065788599451906,0.17145901368508018,2.848222018716047,0.7798416666666667,0,1.464426302666735,-0.49835394513492465,0.49835394513492376,-0.5192105656034641,-1.286594211387483,0.58531010390596,Financially Stretched but Highly Engaged
KH00114445,43,Nữ,Nhà kinh tế học,Nghệ An,110175000.0,447200000,0.21483333333333335,64.10833333333333,Cần theo dõi,1564390.0833333333,1.6462772156281351,61.666666666666664,24.75,71.14999999999999,13.5,0.5374477427534025,0.4625522572465976,0.14790757735199875,4.075387643628291,0.8756166666666667,0,0.4279917040003983,0.6939518671089111,-0.6939518671089112,-0.6808220685729288,0.39495457900520403,1.2291764872018143,Financially Stretched but Highly Engaged
KH00114450,53,Nam,Chuyên viên nhân sự,Hà Nội,376209166.6666667,1239600000,0.23165,65.08333333333333,Cần theo dõi,1538099.5,1.5907178645256799,182.16666666666666,30.25,78.5,13.75,0.5618497519197219,0.43815024808027814,0.18788077065737732,3.3052851496670197,0.7572166666666668,0,0.7237390201922345,0.8959607794507295,-0.89596077945073,-0.40652339068308035,-0.660294110259191,0.4332090658264129,Financially Stretched but Highly Engaged
KH00114485,31,Nữ,Giáo viên giáo dục người lớn,Cà Mau,128099166.66666667,525200000,0.17964166666666667,62.65833333333333,Cần theo dõi,1566950.3333333333,1.6928265095000852,61.416666666666664,25.25,72.29166666666667,13.416666666666666,0.4778003878608123,0.5221996121391876,0.16804100606123892,4.111455794300333,0.7378,0,-0.1909086509441637,0.20016886736520648,-0.20016886736520742,-0.5426651584120633,0.4443776999784719,0.3026766832388077,Financially Stretched but Highly Engaged
KH00114490,53,Nữ,Nhà tâm lý học tư vấn,Tuyên Quang,370502500.0,1744300000,0.15035833333333334,67.98333333333333,Cần theo dõi,1448776.6666666667,1.3552053583087778,182.83333333333334,30.25,77.27499999999999,13.666666666666666,0.5565508603818051,0.4434491396181948,0.16611556148731707,4.7254901448263515,0.7154083333333333,3,-0.70590174762311,0.8520945834790771,-0.8520945834790781,-0.555877685540985,1.285770824448058,0.1521442746495828,Financially Healthy Moderate Spenders
KH00114525,82,Nam,Nhà thiết kế gốm sứ,Hà Nội,529348333.3333333,1882200000,0.1914583333333333,66.81666666666666,Ổn định,1480198.1666666667,1.5532350534991017,243.33333333333334,30.416666666666668,78.61666666666666,13.833333333333334,0.5472152412259464,0.4527847587740535,0.1795794344116308,3.5677764852359366,0.684225,3,0.016905865587066894,0.7748108541411085,-0.7748108541411095,-0.4634877052308742,-0.3006099903213973,-0.057491852235746196,Financially Healthy Moderate Spenders
KH00114530,34,Nam,Chuyên viên nghiên cứu công đoàn,Phú Thọ,249959166.66666666,965900000,0.19109166666666666,63.94166666666666,Cần theo dõi,1545503.5833333333,1.844894278685486,122.25,29.333333333333332,81.51666666666667,14.0,0.49532076289469934,0.5046792371053007,0.2706608466914249,3.877139052827291,0.7410583333333333,0,0.010457460278622712,0.3452090515686166,-0.34520905156861664,0.16151892803517715,0.1233003937094614,0.32458147362153394,Financially Stretched but Highly Engaged
KH00114565,56,Nam,Giảng viên giáo dục thường xuyên,Hà Nội,514336666.6666667,2020500000,0.14401666666666665,69.28333333333333,Cần theo dõi,1580811.0833333333,1.7754835516646983,183.33333333333334,30.25,79.02499999999999,13.75,0.5285330299157402,0.4714669700842597,0.197717815451549,3.9392203050042274,0.57425,3,-0.8174298485259783,0.6201525569004144,-0.6201525569004154,-0.33902094321107806,0.20836849893091902,-0.7968205445141225,Financially Healthy Moderate Spenders
KH00114570,39,Nam,Nhà thiết kế sản phẩm công nghiệp,Quảng Trị,200470000.0,725800000,0.21609166666666668,65.74166666666666,Ổn định,2550523.25,0.8606068666287389,61.416666666666664,26.5,74.39166666666667,13.083333333333334,0.4076676117767404,0.5923323882232596,0.2075022271733521,3.6315686668811114,0.781875,0,0.4501214585816507,-0.38041635083109326,0.3804163508310928,-0.27187966733859487,-0.21319744901131527,0.5989795894644903,Financially Stretched but Highly Engaged
KH00114605,76,Nữ,Kỹ sư xây dựng dân dụng,Quảng Ngãi,279970000.0,861200000,0.1423,74.7,Ổn định,17502000.0,0.4102154507686369,7.0,2.0,44.6,3.0,0.1256754330117374,0.8743245669882626,0.664103694271675,3.0760438618423405,0.4376,1,-0.8476201097427858,-2.714852541431458,2.7148525414314575,2.8613495893488565,-0.9744166723845906,-1.7154772010255135,Low-Engagement Online Discretionary Spenders
KH00114610,79,Nam,Biên tập viên hiệu đính,Hưng Yên,341975000.0,1537600000,0.18618333333333334,63.80833333333334,Cần theo dõi,1584491.3333333333,1.6172545997433814,181.66666666666666,30.166666666666668,77.76666666666667,13.583333333333334,0.510870854165291,0.4891291458347089,0.17920314218263225,4.510685568129449,0.8436083333333334,3,-0.07586323805487147,0.4739384935984929,-0.47393849359849427,-0.46606984722103223,0.9914304609447044,1.0139941346185573,Financially Healthy Moderate Spenders
KH00114645,48,Nữ,Kỹ sư cấp thoát nước,Hà Nội,848126666.6666666,2716500000,0.17585833333333334,68.65,Cần theo dõi,1311213.5,1.9189183630096014,363.75,30.416666666666668,79.35000000000001,14.0,0.5617119544710135,0.43828804552898654,0.1870914402218271,3.2131148132181924,0.5689083333333333,2,-0.2574444693540219,0.8948200408932064,-0.8948200408932065,-0.4119398279748318,-0.7865923984602609,-0.8327309553461633,Financially Healthy & Highly Engaged
KH00114650,52,Nam,Chuyên viên dựng phim,Điện Biên,129610000.0,340500000,0.31029999999999996,60.574999999999996,Cần theo dõi,1770337.3333333333,1.5005182931089631,60.916666666666664,24.75,73.61666666666666,13.25,0.46464929798321086,0.535350702016789,0.20445389635355463,2.6357492357955654,0.8235833333333332,0,2.1069219588535586,0.09129925158166038,-0.09129925158166177,-0.29279751363757484,-1.5777393867886063,0.8793721108597519,Financially Stretched but Highly Engaged
KH00114685,26,Nữ,Chuyên viên tư vấn hướng nghiệp bậc đại học,Thanh Hóa,175233333.33333334,828300000,0.22009166666666666,64.075,Có dấu hiệu căng thẳng tài chính,2476302.6666666665,1.7357024795171914,61.916666666666664,24.833333333333332,72.7,13.416666666666666,0.4441263810417459,0.555873618958254,0.1808425001765601,4.745756891900135,1.0706166666666668,0,0.5204676983101347,-0.07859709183702106,0.07859709183702016,-0.4548204649941173,1.3135417490366215,2.5401025612575863,Financially Stretched but Highly Engaged
KH00114690,91,Nữ,Nhà văn khoa học,Hà Nội,430339166.6666667,1766700000,0.17261666666666667,65.83333333333333,Cần theo dõi,1668791.0,1.7132109613536157,182.83333333333334,30.166666666666668,78.24166666666666,14.0,0.49331217661799065,0.5066878233820092,0.17675197690256714,4.120841371078193,0.71165,3,-0.3144542344673145,0.32858122693593594,-0.3285812269359374,-0.4828899043647004,0.45723847847287885,0.12687813535902087,Financially Healthy Moderate Spenders
KH00114725,50,Nam,Chuyên viên di truyền tế bào lâm sàng,Thành phố Hồ Chí Minh,59765000.0,276200000,0.1129,68.95,Khỏe mạnh,8095500.0,1.1800207851378213,3.5,1.0,33.15,3.5,0.5318565956152027,0.4681434043847971,0.43187259667706596,4.623043052563538,0.52935,1,-1.3646649717471464,0.6476662705241132,-0.6476662705241151,1.26776454478004,1.1453906014556638,-1.098669676437734,Low-Engagement Online Discretionary Spenders
KH00114730,67,Nữ,Chuyên viên trắc địa,Bắc Ninh,487758333.3333333,2020600000,0.18790833333333334,65.11666666666666,Cần theo dõi,1523799.5833333333,1.706016791791243,243.83333333333334,30.416666666666668,79.83333333333333,13.916666666666666,0.5271429757890406,0.4728570242109594,0.2011703672447223,4.15571001369553,0.7891416666666666,3,-0.04552642217196249,0.608645171573372,-0.608645171573373,-0.315329306043671,0.5050179490068678,0.6478311935916966,Financially Healthy Moderate Spenders
KH00114765,58,Nữ,Chuyên viên tư vấn hưu trí,Hưng Yên,275451666.6666667,790700000,0.273175,61.324999999999996,Cần theo dõi,1806530.4166666667,1.5646232291762043,122.25,29.333333333333332,77.64999999999999,13.833333333333334,0.4708323276475468,0.5291676723524532,0.1942744008954648,2.87911743075238,0.7842416666666666,0,1.4540209213735635,0.14248467196883302,-0.1424846719688335,-0.3626498800574488,-1.2442591413010031,0.6148899742949104,Financially Stretched but Highly Engaged
KH00114770,29,Nữ,Nhà khoa học nghiên cứu toán học,Thanh Hóa,430288333.3333333,1804900000,0.138075,69.65833333333333,Cần theo dõi,1375965.5,1.8084154921621416,182.16666666666666,30.25,79.65833333333333,14.0,0.5266653914563123,0.47333460854368775,0.2050392770301579,4.2057333567287705,0.585875,3,-0.9219233254559976,0.6046915507486126,-0.6046915507486126,-0.28878059298708136,0.5735634576662708,-0.7186691824069515,Financially Healthy Moderate Spenders
KH00114805,22,Nữ,Nhà tâm lý học pháp y,Nghệ An,1103810833.3333333,4151400000,0.16665,67.18333333333334,Cần theo dõi,1902093.1666666667,1.4136407915319238,365.3333333333333,30.416666666666668,83.08333333333333,14.0,0.26060500462733843,0.7393949953726615,0.26181317293948925,3.77266804577576,0.625925,2,-0.41938737539563725,-1.5978553376751303,1.5978553376751297,0.10080560963661662,-0.019853139906810334,-0.44942513488934366,Financially Healthy & Highly Engaged
KH00114810,86,Nam,Trợ lý sản xuất truyền hình,Hà Nội,239720000.0,689600000,0.2586,58.1,Cần theo dõi,17829700.0,0.4758860203045638,10.0,2.0,58.1,6.0,0.0447455649842678,0.9552544350157322,0.6213004144769682,2.876689471049558,0.7438,1,1.1976968103628982,-3.3848201045434716,3.384820104543471,2.567630672089935,-1.2475861027302677,0.3430128701328315,Low-Engagement Online Discretionary Spenders
KH00114845,35,Nam,Kỹ sư công trường,Lai Châu,896035000.0,2452800000,0.19594166666666668,66.99166666666666,Cần theo dõi,1592402.6666666667,2.4595377186183236,304.25,30.416666666666668,79.50833333333334,14.0,0.4541431655970816,0.5458568344029183,0.19034918112116403,2.746470899188015,0.54415,2,0.09575227594941044,0.004325578152734477,-0.0043255781527353964,-0.3895849959560557,-1.426020763508921,-0.9991737487658084,Financially Healthy & Highly Engaged
KH00114850,66,Nam,Kỹ sư sản xuất,Cần Thơ,186165000.0,904000000,0.10454999999999999,74.46666666666667,Cần theo dõi,1560485.9166666667,1.0652366086135265,61.333333333333336,25.083333333333332,70.10833333333333,13.0,0.5343926321735719,0.4656073678264281,0.13645760104317814,4.8730606767398905,0.5080583333333334,3,-1.5115127471803578,0.6686605248629055,-0.6686605248629061,-0.7593925580353502,1.4879823632976426,-1.2418071174297205,Financially Healthy Moderate Spenders
KH00114885,87,Nam,Người phụ trách bảo tàng,Hà Nội,118664166.66666667,340100000,0.2898,64.14999999999999,Cần theo dõi,1559725.75,1.257481927128706,61.5,25.25,73.74166666666666,12.75,0.5406596188049523,0.45934038119504766,0.21543117585976682,2.875766680112418,0.8414666666666667,0,1.7463974802450768,0.7205409722652951,-0.7205409722652961,-0.21747070068124838,-1.248850575880943,0.9995963567966625,Financially Stretched but Highly Engaged
KH00114890,34,Nữ,Điều dưỡng tâm thần,Đà Nẵng,355281666.6666667,1561400000,0.1634,66.075,Cần theo dõi,1404206.9166666667,1.5507822777965101,183.41666666666666,29.916666666666668,77.90833333333333,14.0,0.5397136957419374,0.46028630425806266,0.17127161224206577,4.4155248497625035,0.7300583333333334,3,-0.4765436951750309,0.7127102691532571,-0.7127102691532572,-0.5204965266139041,0.8610345407735546,0.2506317976491578,Financially Healthy Moderate Spenders
KH00114925,39,Nam,Tiếp viên hàng không,Đà Nẵng,97600000.0,303300000,0.30083333333333334,63.800000000000004,Cần theo dõi,1449851.0,1.2116440867185199,61.583333333333336,25.583333333333332,76.78333333333333,13.666666666666666,0.5480179392730447,0.4519820607269553,0.26523722864123145,3.1152332187577243,0.9373916666666666,0,1.9404358581628132,0.7814558872745695,-0.7814558872745705,0.12430170475300824,-0.9207166547345335,1.6444711447648666,Financially Stretched but Highly Engaged
KH00114930,59,Nữ,Chuyên viên quy hoạch giao thông,Ninh Bình,164973333.33333334,648000000,0.16540000000000002,68.925,Cần theo dõi,1807935.8333333333,1.468459648870981,61.333333333333336,24.75,73.72500000000001,12.833333333333334,0.5262012632866871,0.4737987367133128,0.21326986280536184,3.9368211105488045,0.6529583333333333,3,-0.44137057531078816,0.6008493250493212,-0.6008493250493221,-0.23230177281502223,0.2050809536700894,-0.2676882039390477,Financially Healthy Moderate Spenders
KH00114965,66,Nữ,Kỹ sư khai thác mỏ,Nghệ An,601494166.6666666,2577200000,0.14660833333333334,69.55833333333334,Cần theo dõi,1534874.1666666667,1.3972315368840251,243.66666666666666,30.333333333333332,79.2,13.833333333333334,0.5580007496325539,0.44199925036744614,0.19140253294396956,4.296172235607107,0.627575,3,-0.7718513473685641,0.864097306228813,-0.8640973062288135,-0.3823568265641062,0.6974891807268496,-0.43833268349348686,Financially Healthy Moderate Spenders
KH00114970,33,Nam,Nhà hải dương học,Đồng Nai,548476666.6666666,1741800000,0.2561083333333333,63.199999999999996,Cần theo dõi,2442938.25,0.9385092168605486,182.66666666666666,30.416666666666668,79.66666666666667,14.0,0.3894923209810761,0.6105076790189239,0.20305132589090694,3.1820688099614194,0.8137500000000001,0,1.1538769651986964,-0.5308781714174098,0.5308781714174093,-0.30242204427270547,-0.8291338192458108,0.813265582338992,Financially Stretched but Highly Engaged
KH00115005,59,Nữ,Chuyên viên dựng phim,Cần Thơ,336824166.6666667,1581200000,0.175175,66.075,Cần theo dõi,1500745.8333333333,1.3961223205553406,183.5,30.25,77.53333333333333,13.583333333333334,0.5756872409139276,0.4243127590860724,0.17505143311494345,4.713689761567525,0.8274166666666667,3,-0.2694619519743048,1.0105126625440104,-1.0105126625440106,-0.49455914752662233,1.2696011079955876,0.9051424524864902,Financially Healthy Moderate Spenders
KH00115010,79,Nữ,Chuyên viên ngân hàng đầu tư doanh nghiệp,Hải Phòng,418210833.3333333,2165000000,0.10146666666666666,72.875,Cần theo dõi,1833823.5833333333,1.3561014433063485,122.08333333333333,29.416666666666668,75.65833333333333,13.833333333333334,0.4908505046377476,0.5091494953622523,0.15574529356967903,5.189582066802532,0.5250333333333334,3,-1.565737973637731,0.3082025902473803,-0.30820259024738167,-0.6270391451081615,1.9217022702020659,-1.1276893220087119,Financially Healthy Moderate Spenders
KH00115045,32,Nữ,Chuyên viên nghiên cứu công đoàn,Hưng Yên,190691666.66666666,784300000,0.1679166666666667,68.30833333333334,Cần theo dõi,2108841.3333333335,1.107600140976061,61.75,26.0,77.05,13.5,0.4901770368684755,0.5098229631315244,0.2524565425087125,4.122201531654389,0.6883500000000001,3,-0.3971110661482834,0.30262737344286816,-0.3026273734428691,0.03659979707971382,0.4591022663147255,-0.029760723746103827,Financially Healthy Moderate Spenders
KH00115050,42,Nữ,Tổng giám đốc điều hành,Phú Thọ,1941322500.0,8785800000,0.08692499999999999,76.03333333333333,Ổn định,2103648.0833333335,1.2747383438463025,363.0833333333333,30.416666666666668,82.88333333333334,14.0,0.44444038299767047,0.5555596170023295,0.2576294977775273,4.545971116684631,0.3940333333333333,2,-1.8214758659839922,-0.07599766679963209,0.07599766679963117,0.07209695589259997,1.0397812053648403,-2.008362735861564,Financially Healthy & Highly Engaged
KH00115085,29,Nữ,Chuyên viên tư vấn tâm lý,Đà Nẵng,559235000.0,2055500000,0.2085,63.65,Cần theo dõi,1402429.5833333333,2.486535060727295,304.4166666666667,30.416666666666668,79.71666666666667,14.0,0.5141620085291269,0.4858379914708731,0.19478739634222153,3.690153696234136,0.7737416666666667,2,0.3166101577636309,0.5011838941249853,-0.5011838941249863,-0.35912967160840426,-0.13292011460444275,0.5443016472303692,Financially Healthy & Highly Engaged
KH00115090,25,Nam,Nhà khoa học chất lượng nước,Thành phố Hồ Chí Minh,194160833.33333334,507000000,0.21038333333333334,69.18333333333334,Cần theo dõi,1720858.8333333333,1.761139413813015,61.166666666666664,26.5,79.86666666666666,13.416666666666666,0.5032948167671228,0.4967051832328771,0.31115543248278577,2.61723897498084,0.5569833333333333,3,0.34973151230245925,0.4112212368253399,-0.4112212368253409,0.4393954354087513,-1.6031034501643877,-0.912899126798036,Financially Healthy Moderate Spenders
KH00115125,92,Nam,Nhà khoa học nghiên cứu toán học,Phú Thọ,502899166.6666667,2140800000,0.137425,70.8,Cần theo dõi,1587283.25,1.8513347374261773,182.08333333333334,30.25,78.35000000000001,13.916666666666666,0.5306798221893434,0.46932017781065655,0.18126489768462292,4.27052064951732,0.5868833333333333,3,-0.9333545894118765,0.6379245022045315,-0.6379245022045325,-0.45192194555083803,0.6623395703684118,-0.711890462109484,Financially Healthy Moderate Spenders
KH00115130,19,Nam,Nhà địa hóa học,Ninh Bình,95628333.33333333,440100000,0.232325,54.96666666666667,Có dấu hiệu căng thẳng tài chính,1661813.8333333333,2.371221208591407,61.916666666666664,23.75,76.2,13.583333333333334,0.3593276493944155,0.6406723506055845,0.2647515458461507,4.614332430153911,1.0722416666666668,0,0.7356099481464164,-0.7805925476737708,0.7805925476737705,0.12096891751365163,1.133454692985669,2.551026945208051,Financially Stretched but Highly Engaged
KH00115165,66,Nữ,Giáo sư danh dự,Đồng Tháp,180206666.66666666,735600000,0.13420833333333335,70.89999999999999,Ổn định,1646871.25,1.6468998674670259,61.166666666666664,25.166666666666668,74.05,13.0,0.5374009137801409,0.462599086219859,0.21523153105793344,4.095821453534608,0.5463333333333333,3,-0.9899246905268657,0.6935641994422784,-0.6935641994422799,-0.21884067642404467,0.42295442485611623,-0.9844958585349277,Financially Healthy Moderate Spenders
KH00115170,36,Nữ,Kỹ sư hóa học,Hà Nội,1102861666.6666667,5358300000,0.09775,73.94166666666666,Ổn định,2148253.9166666665,1.2612303422222009,243.33333333333334,30.333333333333332,81.61666666666666,14.0,0.4576735080047248,0.5423264919952752,0.23534370405731928,4.87098882823062,0.47599166666666665,2,-1.6311013547187811,0.03355106631239483,-0.03355106631239575,-0.08082962434026882,1.4851433705130375,-1.4573816273855589,Financially Healthy & Highly Engaged
KH00115205,32,Nữ,Chuyên viên dự toán xây dựng,Quảng Trị,338014166.6666667,1325200000,0.20995,62.725,Cần theo dõi,1494199.6666666667,1.9292661157810926,183.33333333333334,30.333333333333332,79.11666666666666,14.0,0.4861744668217838,0.5138255331782162,0.19433520634608747,3.9349736382987612,0.8279583333333335,0,0.3421106696652066,0.2694926091620589,-0.26949260916205936,-0.3622326290615907,0.20254941704269538,0.9087839138033125,Financially Stretched but Highly Engaged
KH00115210,35,Nữ,Quản lý sản xuất,Thành phố Hồ Chí Minh,668800833.3333334,2047600000,0.19076666666666667,67.15833333333333,Ổn định,1604988.75,2.647195979066486,243.33333333333334,30.333333333333332,80.68333333333334,14.0,0.4869830249609986,0.5130169750390013,0.21687428217106808,3.0707333969704678,0.5778416666666667,2,0.004741828300683495,0.2761861543187156,-0.27618615431871657,-0.20756801039027356,-0.9816934454626819,-0.7726748548595056,Financially Healthy & Highly Engaged
KH00115245,29,Nam,Chuyên viên sinh lý vận động,Thái Nguyên,217702500.0,615400000,0.30296666666666666,60.425000000000004,Cần theo dõi,1514191.1666666667,1.9815313316940941,121.91666666666667,29.333333333333332,79.95833333333333,13.833333333333334,0.5346134899488393,0.4653865100511607,0.24244546420269353,2.837093847631678,0.8574833333333333,0,1.9779538526846712,0.6704888677120499,-0.6704888677120504,-0.03209687978105786,-1.3018428153626327,1.1072715668109863,Financially Stretched but Highly Engaged
KH00115250,74,Nữ,Chuyên viên khảo sát bất động sản,Hà Nội,110382500.0,317000000,0.30546666666666666,62.041666666666664,Cần theo dõi,1542045.4166666667,1.357630314646989,61.583333333333336,24.916666666666668,73.31666666666666,12.916666666666666,0.5623951736714722,0.4376048263285277,0.20200200483589362,2.8793145513728504,0.8723000000000001,0,2.021920252514974,0.9004759836737787,-0.9004759836737801,-0.30962255427132507,-1.2439890327401173,1.206879539446507,Financially Stretched but Highly Engaged
KH00115285,57,Nữ,Nhà tâm lý học tư vấn,Lào Cai,645177500.0,2939100000,0.131725,70.09166666666667,Cần theo dõi,1595349.3333333333,1.5434437271451094,243.66666666666666,30.416666666666668,80.60833333333333,13.916666666666666,0.5410184838315785,0.4589815161684216,0.21735366934328915,4.576052926970399,0.6033916666666667,2,-1.0335979810249665,0.7235117904963748,-0.7235117904963748,-0.20427842412847497,1.0810014210162309,-0.6009099256691215,Financially Healthy & Highly Engaged
KH00115290,41,Nữ,Luật sư sở hữu trí tuệ,Đồng Tháp,1809505833.3333333,5084300000,0.16573333333333332,71.0,Cần theo dõi,2293269.5833333335,1.5972206375085582,364.75,30.416666666666668,83.2,14.0,0.43816571459455905,0.5618342854054409,0.264157007506244,2.816949761396423,0.4711083333333333,2,-0.43550838866674846,-0.12794170676694827,0.12794170676694738,0.11688915637609729,-1.3294456614290564,-1.4902108017187505,Financially Healthy & Highly Engaged
KH00115325,21,Nữ,Nhà địa hóa học,Hà Nội,363556666.6666667,1460700000,0.14776666666666669,68.75833333333334,Cần theo dõi,1810724.0,1.0337154551332703,122.33333333333333,28.666666666666668,81.875,14.0,0.25571056575161005,0.7442894342483899,0.27927111095932444,4.036486835427797,0.5996,3,-0.7514802487805237,-1.6383733240044722,1.6383733240044713,0.22060312696129264,0.3416499511319156,-0.6264001548868724,Financially Healthy Moderate Spenders
KH00115330,65,Nam,Chuyên viên nghiên cứu xã hội,Bắc Ninh,500755833.3333333,1989700000,0.18735,64.97500000000001,Cần theo dõi,1535033.8333333333,1.5874771241818006,243.83333333333334,30.416666666666668,79.88333333333334,14.0,0.524561351446638,0.475438648553362,0.19988734401102584,3.9889680879144698,0.7509083333333333,3,-0.05534558480073049,0.5872735245942484,-0.5872735245942494,-0.32413349574190903,0.2765364156971813,0.3908000471058898,Financially Healthy Moderate Spenders
KH00115365,31,Nam,Nhân viên phát triển cộng đồng,Hà Nội,744330833.3333334,2712100000,0.21460833333333332,65.15833333333333,Cần theo dõi,2391900.5,0.938962472997361,243.58333333333334,30.333333333333332,79.31666666666666,14.0,0.4016830182387497,0.5983169817612503,0.18946878820838928,3.651075733532655,0.7914,2,0.4240347280156705,-0.42995904312243133,0.4299590431224305,-0.3956263099474804,-0.18646749205513122,0.663013286158753,Financially Healthy & Highly Engaged
KH00115370,57,Nam,Họa sĩ,Điện Biên,192490000.0,563700000,0.2598,56.0,Cần theo dõi,14644900.0,0.7719283607091334,10.0,2.0,52.7,6.0,0.0557531973588075,0.9442468026411924,0.7455906151629578,2.9284638163021457,0.7608,1,1.2188006822814432,-3.2936948275925677,3.293694827592567,3.420518192543388,-1.1766412474756331,0.4572987329992322,Low-Engagement Online Discretionary Spenders
KH00115405,27,Nam,Chuyên viên tư vấn nông nghiệp,Đắk Lắk,710659166.6666666,3472000000,0.16725,65.63333333333334,Cần theo dõi,2399365.0833333335,0.9455019526399445,243.91666666666666,30.416666666666668,79.25833333333334,14.0,0.40585886525994314,0.5941411347400568,0.1877262360224183,4.896438369489749,0.8242249999999999,2,-0.4088354394363643,-0.3953898275669589,0.395389827566958,-0.4075838174979614,1.5200161248108917,0.8836858419581404,Financially Healthy & Highly Engaged
KH00115410,66,Nam,Chuyên viên thuế cấp cao,Phú Thọ,122836666.66666667,548300000,0.20657499999999998,64.96666666666667,Cần theo dõi,1824370.5833333333,1.329990240479842,61.25,24.666666666666668,76.45833333333333,13.083333333333334,0.5140855034849127,0.4859144965150873,0.2659157949210261,4.473455832139838,0.9208166666666666,0,0.2827560298942976,0.5005505568999628,-0.5005505568999638,0.12895807113300592,0.9404156539381558,1.5330424284701258,Financially Stretched but Highly Engaged
KH00115445,30,Nữ,Nhà trị liệu tâm lý trẻ em,Lâm Đồng,211587500.0,1038500000,0.179125,58.01666666666667,Cần theo dõi,1595715.8333333333,1.9312686152949796,122.16666666666667,29.833333333333332,79.18333333333334,13.833333333333334,0.49587338398169617,0.5041266160183039,0.22347645356174325,4.915489019300954,0.8832749999999999,0,-0.19999504024242626,0.34978385456784933,-0.3497838545678494,-0.16226347667865965,1.5461206672588739,1.280661147973491,Financially Stretched but Highly Engaged
KH00115450,43,Nữ,Chuyên viên khảo sát nông thôn,Lâm Đồng,1102580833.3333333,4832700000,0.13475833333333334,69.44166666666666,Cần theo dõi,2165628.5,1.4155402170069928,303.5833333333333,30.416666666666668,82.15833333333333,14.0,0.4482395901466401,0.5517604098533598,0.24458638823657583,4.400536167101129,0.587975,2,-0.9802520825641992,-0.04454641626146269,0.044546416261461774,-0.017405718445255874,0.8404959918709839,-0.7045515169940434,Financially Healthy & Highly Engaged
KH00115485,64,Nữ,Quản lý quỹ hưu trí,Cần Thơ,623493333.3333334,2671800000,0.13899166666666665,69.95,Ổn định,1520871.9166666667,1.8163932329594734,243.0,30.333333333333332,78.45,14.0,0.5303709859338975,0.4696290140661025,0.1718177949172424,4.304419689857789,0.595075,2,-0.9058023121848869,0.6353678407579629,-0.635367840757963,-0.5167485852237144,0.7087904235562725,-0.656820362502782,Financially Healthy & Highly Engaged
KH00115490,46,Nữ,Quản lý quán bar,Hà Nội,882548333.3333334,3508300000,0.159925,67.25833333333334,Cần theo dõi,2337707.1666666665,1.5098219666398933,243.0,30.416666666666668,81.03333333333333,14.0,0.43156647491436356,0.5684335250856364,0.22376374402738752,3.9852166236332196,0.6350916666666667,2,-0.5376569909391513,-0.18257266854526213,0.18257266854526125,-0.1602920706342499,0.2713958950565476,-0.3878004049123623,Financially Healthy & Highly Engaged
KH00115525,30,Nữ,Giám đốc công nghệ,Cần Thơ,225515833.33333334,859300000,0.108825,77.24166666666666,Ổn định,1628986.9166666667,1.1555005977676693,62.083333333333336,25.416666666666668,72.84166666666667,13.0,0.5921778917970757,0.4078221082029243,0.1864513196719216,3.821199311100907,0.42192499999999994,3,-1.4363302034705399,1.147028407047185,-1.1470284070471857,-0.416332377231225,0.04664781876334725,-1.820855489286151,Financially Healthy Moderate Spenders
KH00115530,38,Nữ,Chuyên viên quy hoạch và phát triển,Đắk Lắk,549495833.3333334,1974800000,0.20655,64.86666666666666,Cần theo dõi,2190183.0833333335,1.3962427157291577,182.66666666666666,30.166666666666668,82.43333333333334,14.0,0.4458352933322905,0.5541647066677095,0.2608312474598348,3.6014814268813247,0.7435666666666667,0,0.28231636589599507,-0.06445007997633548,0.06445007997633456,0.09406757250263259,-0.25442510483936515,0.3414442406425085,Financially Stretched but Highly Engaged
KH00115565,71,Nữ,Phi công hàng không,Lạng Sơn,187309166.66666666,741600000,0.129,73.26666666666667,Cần theo dõi,1574959.6666666667,1.25814835965504,61.0,25.583333333333332,71.59166666666667,13.333333333333334,0.5645777526091794,0.43542224739082064,0.15225677238980093,3.96962062168148,0.5138083333333333,3,-1.0815213568399966,0.9185441843002643,-0.9185441843002644,-0.6509776065695966,0.2500251544780009,-1.203151604989615,Financially Healthy Moderate Spenders
KH00115570,30,Nam,Chuyên viên quản lý khách hàng quảng cáo,Đồng Nai,220694166.66666666,676500000,0.23108333333333334,68.30833333333334,Cần theo dõi,2413149.3333333335,0.8753344729560973,61.75,25.416666666666668,73.24166666666666,13.25,0.3966242251204078,0.6033757748795922,0.19049309669328843,3.080303535639112,0.7097916666666667,0,0.713773302897366,-0.47183761503154353,0.4718376150315427,-0.3885974378478029,-0.9685797672635392,0.11438512191823322,Financially Stretched but Highly Engaged
KH00115605,84,Nữ,Lập trình viên hệ thống,Cần Thơ,338270000.0,1015300000,0.1543,72.9,Ổn định,17410667.0,0.5406830662384137,9.0,2.0,53.7,5.0,0.1028041558176341,0.8971958441823659,0.7496809108081891,3.001448547018654,0.4632,1,-0.6365813905573329,-2.9041894848920817,2.9041894848920813,3.448586069910458,-1.0766324278330062,-1.5433761369443455,Low-Engagement Online Discretionary Spenders
KH00115610,41,Nam,Biên tập viên chuyên đề tạp chí,Phú Thọ,376745000.0,1485400000,0.18750833333333336,64.06666666666666,Cần theo dõi,1556326.4166666667,1.9933731150780483,182.41666666666666,29.833333333333332,79.375,13.833333333333334,0.4995922454123682,0.5004077545876318,0.2056797309835405,3.948285666474255,0.7405083333333332,0,-0.05256104614481065,0.38056997335174386,-0.38056997335174486,-0.2843857558941304,0.22079049585206634,0.3208839898229148,Financially Stretched but Highly Engaged
KH00115645,50,Nam,Chuyên viên nhân sự,Đồng Tháp,317750000.0,862700000,0.2417,62.4,Ổn định,20849300.0,0.4731782292979807,10.0,2.0,48.0,5.0,0.0311185507427107,0.9688814492572893,0.8619234218894639,2.7150275373721477,0.6562,1,0.9004839475100517,-3.4976295993125706,3.49762959931257,4.2188015530074185,-1.4691066729851847,-0.2458954585199152,Low-Engagement Online Discretionary Spenders
KH00115650,45,Nam,Cán bộ giáo dục môi trường,Hà Tĩnh,189815000.0,614900000,0.32486666666666664,52.28333333333333,Có dấu hiệu căng thẳng tài chính,1601618.0833333333,2.253978438984916,122.58333333333333,29.0,82.24166666666666,14.0,0.4418871117954788,0.5581128882045211,0.2855943698200643,3.246179026096362,1.0644916666666668,0,2.363099515198123,-0.09713459593333357,0.09713459593333221,0.2639937445735922,-0.7412854846730135,2.498926037136604,Financially Stretched but Highly Engaged
KH00115685,47,Nam,Lính cứu hỏa,Đắk Lắk,594705000.0,2403700000,0.1935083333333333,63.10833333333333,Cần theo dõi,1517685.0,2.08245713298607,304.1666666666667,30.416666666666668,81.425,14.0,0.5018978220947019,0.4981021779052981,0.22840329456879194,4.056961613333169,0.79405,2,0.052958313447915094,0.39965639507810463,-0.39965639507810513,-0.12845517009472948,0.36970593422123954,0.6808284353702805,Financially Healthy & Highly Engaged
KH00115690,30,Nữ,Kiểm soát viên tài chính,An Giang,690454166.6666666,2681400000,0.20701666666666665,62.699999999999996,Cần theo dõi,1524448.6666666667,2.005109391705235,365.3333333333333,30.416666666666668,79.25833333333334,14.0,0.492764703876822,0.507235296123178,0.18489354674094152,3.8982324015879186,0.8071666666666667,2,0.2905234271976512,0.32404904385926847,-0.3240490438592694,-0.42702191739770795,0.15220398616162184,0.76900782171916,Financially Healthy & Highly Engaged
KH00115725,33,Nam,Chuyên viên quy hoạch đô thị,Ninh Bình,637160833.3333334,1905500000,0.21676666666666666,64.95,Cần theo dõi,1411481.3333333333,2.046668928375108,304.5833333333333,30.416666666666668,80.19166666666666,14.0,0.5040818847819226,0.4959181152180774,0.20414137158999013,3.0011238158479254,0.6483916666666666,2,0.4619923865358321,0.4177368787351949,-0.41773687873519544,-0.2949420790916949,-1.0770773973597398,-0.2983885239639439,Financially Healthy & Highly Engaged
KH00115730,28,Nữ,Kỹ thuật viên xạ trị,Tây Ninh,1065469166.6666666,3070300000,0.27821666666666667,61.55833333333334,Cần theo dõi,2303288.5,1.9115535486526791,364.5833333333333,30.416666666666668,82.39999999999999,14.0,0.43118920567875807,0.5688107943212419,0.2478046937834252,2.888428586398079,0.80505,2,1.542686494364674,-0.1856958436668372,0.18569584366683675,0.004678505594647587,-1.2315003398846878,0.7547781113426574,Financially Healthy & Highly Engaged
KH00115765,80,Nam,Kiến trúc sư cảnh quan,Hưng Yên,306650000.0,1277700000,0.0943,77.2,Ổn định,13382000.0,0.6566315266116475,9.0,2.0,46.3,4.0,0.2612796625649712,0.7387203374350289,0.7387203374350289,4.1666394912767,0.3928,1,-1.691774986484599,-1.5922702682140435,1.5922702682140437,3.3733738955363886,0.5199942891464109,-2.0166540631675574,Low-Engagement Online Discretionary Spenders
KH00115770,64,Nam,Người bán sách,Đồng Nai,132168333.33333333,356400000,0.28655,64.05833333333334,Cần theo dõi,1648945.3333333333,1.2145010915920287,61.333333333333336,25.0,72.05833333333332,13.333333333333334,0.5119838079844049,0.48801619201559504,0.1688654020620497,2.7079594545820815,0.7688416666666668,0,1.6892411604656836,0.48315193946491725,-0.4831519394649182,-0.5370080989083972,-1.478791857955128,0.5113604279335838,Financially Stretched but Highly Engaged
KH00115805,76,Nam,Nhà trị liệu tâm lý trẻ em,Lâm Đồng,225295000.0,634100000,0.27899999999999997,64.01666666666667,Cần theo dõi,1459510.6666666667,1.4188072418553819,121.5,29.25,76.75,13.583333333333334,0.5911055806695727,0.4088944193304273,0.18556453628243694,2.8239157903864456,0.7848333333333333,0,1.5564626329781683,1.1381514165058537,-1.1381514165058537,-0.4224175430935579,-1.3199003177654,0.6188675705025155,Financially Stretched but Highly Engaged
KH00115810,88,Nam,Điều dưỡng khuyết tật học tập,Bắc Ninh,129899166.66666667,546600000,0.174975,67.13333333333334,Ổn định,1523165.4166666667,1.3911185222561133,61.916666666666664,25.583333333333332,74.14999999999999,13.083333333333334,0.5461017478443714,0.45389825215562857,0.2099970328885048,4.2255626818064735,0.7348833333333333,3,-0.2729792639607291,0.765592941575849,-0.76559294157585,-0.2547601466630639,0.6007349958203806,0.2830688146097683,Financially Healthy Moderate Spenders
KH00115845,79,Nữ,Chuyên viên tư vấn quan hệ công chúng,Nghệ An,315086666.6666667,1466300000,0.13888333333333333,68.175,Cần theo dõi,1711340.5833333333,1.3283860898331865,122.5,29.083333333333332,78.425,13.666666666666666,0.5298361069503631,0.47016389304963696,0.21776313241072212,4.672845604880279,0.6500666666666667,3,-0.9077075228441999,0.6309399134933742,-0.6309399134933743,-0.20146866166632826,1.213633567121095,-0.28712800512269493,Financially Healthy Moderate Spenders
KH00115850,43,Nữ,Nhà dược lý học,Hưng Yên,631958333.3333334,1920900000,0.21885,65.99166666666666,Cần theo dõi,2274090.1666666665,1.4003616804483021,183.5,30.25,82.59166666666667,14.0,0.4388475036007984,0.5611524963992016,0.2636852359165163,3.048532598692859,0.6672833333333333,0,0.4986310530610843,-0.12229760366632683,0.12229760366632639,0.11365182874155781,-1.0121145432604095,-0.1713855577295658,Financially Stretched but Highly Engaged
KH00115885,44,Nam,Kỹ sư hóa học,Hà Nội,370974166.6666667,1093100000,0.1749666666666667,69.58333333333333,Cần theo dõi,1550851.9166666667,1.8504105155541823,122.16666666666667,29.916666666666668,77.98333333333333,13.833333333333334,0.5245281357681053,0.4754718642318947,0.19838286154511262,2.958291270301515,0.523925,3,-0.2731258186268296,0.5869985528471541,-0.5869985528471546,-0.33445735323700015,-1.1357695687267115,-1.135140312087747,Financially Healthy Moderate Spenders
KH00115890,45,Nam,Chuyên viên dựng phim,Hà Nội,692480833.3333334,2429000000,0.17823333333333333,69.375,Cần theo dõi,2370595.9166666665,0.9161177903815885,182.75,30.0,78.20833333333333,14.0,0.4038528628641271,0.596147137135873,0.1764693021054908,3.5210546223255914,0.6252833333333333,2,-0.21567638951523446,-0.41199626187209787,0.4119962618720979,-0.48482963738824114,-0.36463157833434556,-0.4537388659877322,Financially Healthy & Highly Engaged
KH00115925,30,Nữ,Giảng viên công nghệ thông tin,Ninh Bình,1509824166.6666667,5858000000,0.12895,72.50833333333334,Cần theo dõi,2080951.3333333333,1.26390023124936,363.5,30.416666666666668,82.125,14.0,0.4569091248001143,0.5430908751998856,0.24250789533410955,3.8914768380774922,0.5017333333333333,2,-1.0824006848366026,0.027223217702746685,-0.027223217702747608,-0.0316684732568216,0.14294703712494164,-1.284328181113838,Financially Healthy & Highly Engaged
KH00115930,44,Nữ,Nhà khoa học nghiên cứu khoa học tự nhiên,Hà Nội,606639166.6666666,2976900000,0.117025,68.99166666666666,Cần theo dõi,1425047.4166666667,2.080094817610442,242.83333333333334,30.416666666666668,79.50833333333334,14.0,0.5022330839061082,0.49776691609389173,0.19236523178344878,4.912674155491714,0.5754166666666667,2,-1.2921204120271468,0.40243181711037784,-0.40243181711037884,-0.37575072389780484,1.542263542566446,-0.7889773970625069,Financially Healthy & Highly Engaged
KH00115965,63,Nữ,Biên tập viên chuyên đề tạp chí,Lạng Sơn,232639166.66666666,995900000,0.20600833333333335,60.275,Cần theo dõi,1745799.1666666667,1.4523061180173036,122.41666666666667,28.916666666666668,77.53333333333333,13.75,0.49468945674412157,0.5053105432558783,0.19934327203060712,4.296890274438202,0.8809166666666667,0,0.2727903125994296,0.3399828643328157,-0.3399828643328171,-0.3278669534060404,0.6984730881174842,1.2648067856248684,Financially Stretched but Highly Engaged
KH00115970,40,Nam,Chuyên viên nghiên cứu vận hành,Thành phố Hồ Chí Minh,760711666.6666666,3309900000,0.13779166666666667,68.15833333333333,Cần theo dõi,1517175.9166666667,1.9556611263389752,304.75,30.416666666666668,80.8,14.0,0.4966366257389761,0.5033633742610238,0.21624985161011268,4.367573899593086,0.6007833333333333,2,-0.9269061841034318,0.3561022538517405,-0.35610225385174143,-0.211852893911977,0.7953287708117132,-0.6184449624716623,Financially Healthy & Highly Engaged
KH00116005,65,Nam,Kỹ sư mạng,Thành phố Hồ Chí Minh,490613333.3333333,2198900000,0.09470833333333332,74.06666666666666,Ổn định,1690852.0833333333,1.849792143423487,122.58333333333333,29.583333333333332,78.16666666666667,13.416666666666666,0.4983197884916475,0.5016802115083525,0.21770813121163038,4.49242694318758,0.4276416666666667,3,-1.6845938078456497,0.3700361014560069,-0.3700361014560074,-0.20184608350695943,0.9664112067691081,-1.7824240667732332,Financially Healthy Moderate Spenders
KH00116010,70,Nam,Nhân viên y tế cộng đồng,Thành phố Hồ Chí Minh,417387500.0,1297600000,0.23640000000000003,63.85833333333333,Cần theo dõi,1691505.0833333333,1.6674495699418106,182.58333333333334,30.333333333333332,77.45,14.0,0.48940543735915015,0.5105945626408498,0.16048355237362724,3.125451036816513,0.7500333333333334,0,0.8072751798698103,0.2962397855774625,-0.29623978557746344,-0.594524901987934,-0.9067154806074165,0.384917686517179,Financially Stretched but Highly Engaged
KH00116045,54,Nữ,Nhà sinh thái học,Hưng Yên,192517500.0,542900000,0.33853333333333335,58.63333333333333,Cần theo dõi,1488053.5833333333,1.5269637905647493,122.33333333333333,29.0,76.46666666666667,13.416666666666666,0.5519407522452382,0.44805924775476175,0.1856971425710802,2.8289633438837782,0.957325,0,2.6034491676037788,0.8139303928135213,-0.8139303928135224,-0.4215075900313433,-1.3129838043742357,1.778476921223901,Financially Stretched but Highly Engaged
KH00116050,69,Nữ,Chuyên viên hoạch định quảng cáo,Vĩnh Long,291295000.0,855800000,0.2755666666666667,60.35,Cần theo dõi,1976075.5833333333,2.0112074016659216,122.25,29.833333333333332,76.43333333333334,13.916666666666666,0.4401934717596332,0.5598065282403668,0.16528105848198968,2.948706223820846,0.8227583333333333,0,1.4960821105445534,-0.11115517838651737,0.11115517838651692,-0.5616040999734694,-1.1489036746601133,0.8738258851618238,Financially Stretched but Highly Engaged
KH00116085,60,Nam,Chuyên viên dự toán xây dựng,Lâm Đồng,116702500.0,522100000,0.19978333333333334,64.83333333333333,Cần theo dõi,1609066.4166666667,1.4502341505497538,61.333333333333336,25.25,73.48333333333333,13.166666666666666,0.5206797151953494,0.47932028480465055,0.20059038022293532,4.488401494720686,0.8839833333333332,0,0.16331397702197556,0.5551398952736081,-0.5551398952736091,-0.3193092150805612,0.9608952536957186,1.2854230589262576,Financially Stretched but Highly Engaged
KH00116090,55,Nữ,Nhạc sĩ,Sơn La,215524166.66666666,969700000,0.23886666666666667,57.85,Có dấu hiệu căng thẳng tài chính,1794713.5833333333,1.7975007139964891,122.25,29.583333333333332,78.64166666666667,13.916666666666666,0.4862854975239807,0.5137145024760194,0.21397022542066313,4.515952899524622,1.0608166666666665,0,0.8506553610357086,0.2704117626315325,-0.2704117626315325,-0.22749583854920086,0.9986481294943631,2.4742201226640126,Financially Stretched but Highly Engaged
KH00116125,57,Nữ,Chuyên viên xúc tiến bán hàng,Lào Cai,131640000.0,494800000,0.2025,60.2,Ổn định,14316714.0,0.4971777931858008,7.0,2.0,45.8,4.0,0.2032589281259666,0.7967410718740333,0.8520610275701728,3.7587359465208143,0.7613,1,0.21109079817090465,-2.072587498545805,2.0725874985458046,4.151125155429097,-0.03894388379189923,0.46066008190706714,Low-Engagement Online Discretionary Spenders
KH00116130,85,Nữ,Nhà thiết kế sản phẩm,Thành phố Hồ Chí Minh,471750000.0,1968900000,0.2228416666666667,63.40833333333333,Có dấu hiệu căng thẳng tài chính,1704091.5,2.1009069938522877,243.66666666666666,30.333333333333332,79.64166666666667,14.0,0.5150901137388663,0.4849098862611338,0.19605705477434224,4.1920152622541185,0.9393250000000001,0,0.5688307381234683,0.5088670944172387,-0.5088670944172387,-0.3504171920563754,0.5547659582073096,1.6574683605418306,Financially Stretched but Highly Engaged
KH00116165,73,Nam,Kỹ sư kết cấu,Quảng Ninh,186081666.66666666,510000000,0.21259166666666665,70.76666666666667,Cần theo dõi,1771856.1666666667,1.218903240959704,61.333333333333336,25.75,74.76666666666667,12.833333333333334,0.5405842127717381,0.459415787228262,0.22975520357632004,2.7474214560111663,0.5882916666666667,3,0.3885684988192263,0.7199167330622939,-0.719916733062294,-0.11917828169205992,-1.4247182435851875,-0.7024226626857479,Financially Healthy Moderate Spenders
KH00116170,74,Nam,Nhà trị liệu tâm lý trẻ em,Đà Nẵng,430708333.3333333,1322300000,0.21799166666666667,64.7,Cần theo dõi,1589219.3333333333,1.7769570213288688,182.5,30.416666666666668,79.20833333333333,13.916666666666666,0.48737640523223363,0.5126235947677663,0.1968915325747865,3.0789814511056215,0.6669,0,0.4835359224526805,0.27944270258846227,-0.2794427025884632,-0.34469095058145444,-0.9703913806292955,-0.17396259189223923,Financially Stretched but Highly Engaged
KH00116205,61,Nữ,Biên tập viên chuyên đề tạp chí,An Giang,121710833.33333333,507200000,0.21162499999999998,64.5,Cần theo dõi,1701215.5833333333,1.314099313559015,61.166666666666664,25.916666666666668,73.33333333333333,12.916666666666666,0.5096244291087619,0.490375570891238,0.19759502656809538,4.190330047310211,0.877025,0,0.3715681575515091,0.46362012316149814,-0.46362012316149914,-0.339863528594077,0.5524567579714559,1.2386442866255505,Financially Stretched but Highly Engaged
KH00116210,83,Nam,Chuyên viên khảo sát công trình,Hà Nội,561667500.0,2656900000,0.146325,67.14166666666667,Cần theo dõi,1625371.1666666667,1.6289509827942192,243.91666666666666,30.416666666666668,79.81666666666668,14.0,0.5231464262641375,0.4768535737358624,0.19829169344171718,4.749440843036937,0.6933250000000001,3,-0.7768342060159984,0.5755602474122832,-0.5755602474122842,-0.33508295475039557,1.3185897584105786,0.0036846978868571995,Financially Healthy Moderate Spenders
KH00116245,26,Nữ,Nhà khảo cổ học,Hà Nội,466894166.6666667,1893800000,0.15050833333333333,69.03333333333333,Cần theo dõi,2290047.3333333335,1.3650695619825461,122.58333333333333,29.333333333333332,80.30833333333334,13.833333333333334,0.45242284699128127,0.5475771530087187,0.25021418469796813,4.076811303566104,0.6223416666666667,3,-0.703263763633292,-0.009915859430150406,0.009915859430149488,0.021212590504941634,0.39690537814572824,-0.473514802062163,Financially Healthy Moderate Spenders
KH00116250,60,Nam,Kỹ sư năng lượng,An Giang,624321666.6666666,2686000000,0.139075,69.71666666666667,Cần theo dõi,1521751.25,1.6853325193332067,243.75,30.25,78.60833333333333,13.916666666666666,0.5585730432712056,0.44142695672879445,0.17889881988673884,4.314544234587388,0.5948083333333334,2,-0.9043367655238765,0.8688349659311848,-0.8688349659311849,-0.4681581268032576,0.7226637879968321,-0.6586130819202939,Financially Healthy & Highly Engaged
KH00116285,64,Nam,Nhà khoa học thính học,Lâm Đồng,743580000.0,3190200000,0.12681666666666666,70.05,Ổn định,1657912.1666666667,1.8184139956979524,243.5,30.333333333333332,79.97500000000001,13.916666666666666,0.4951383541178837,0.5048616458821163,0.2046104768941107,4.306723895377046,0.5415333333333333,2,-1.1199186793584612,0.3436990038362771,-0.34369900383627716,-0.2917230476841123,0.7119478082850048,-1.0167648080501468,Financially Healthy & Highly Engaged
KH00116290,37,Nữ,Nhà thiết kế web,Sơn La,204345833.33333334,884300000,0.19865833333333335,62.65833333333333,Cần theo dõi,1426504.9166666667,1.6677583684186938,122.08333333333333,29.666666666666668,78.01666666666667,14.0,0.5429455531595929,0.457054446840407,0.19616758550413918,4.338030133812453,0.8583250000000001,0,0.14352909709833953,0.7394647874937198,-0.7394647874937208,-0.34965872292888084,0.7548458216453193,1.1129298374725103,Financially Stretched but Highly Engaged
KH00116325,49,Nữ,Cán bộ thủy sản,Vĩnh Long,650026666.6666666,1948300000,0.2835583333333333,60.050000000000004,Cần theo dõi,2271101.0,1.4627297531002101,244.0,30.333333333333332,82.90833333333333,13.916666666666666,0.43770161468016006,0.5622983853198399,0.2630698479533723,3.013840583396234,0.86105,0,1.6366280353354203,-0.1317836985589632,0.1317836985589623,0.10942899611995133,-1.0596519865965492,1.1312491890202119,Financially Stretched but Highly Engaged
KH00116330,33,Nữ,Chuyên viên tư vấn tâm lý,Vĩnh Long,717340000.0,2838600000,0.194425,63.84166666666667,Cần theo dõi,2265998.5,1.4302262325928128,243.66666666666666,30.416666666666668,81.45,14.0,0.44008737823512556,0.5599126217648744,0.2314104313487644,3.969615793714823,0.7749083333333333,2,0.06907932671902628,-0.112033460061859,0.11203346006185856,-0.10782000000264189,0.25001853885796754,0.5521447946819849,Financially Healthy & Highly Engaged
KH00116365,62,Nam,Quản lý tổng đài,Gia Lai,424326666.6666667,1968400000,0.14958333333333332,68.64999999999999,Cần theo dõi,1591162.4166666667,1.6036141518626736,182.83333333333334,30.083333333333332,76.03333333333333,13.75,0.5325159468392399,0.4674840531607601,0.14030235123964868,4.650232619429224,0.6993416666666666,3,-0.7195313315705042,0.6531246253141291,-0.6531246253141301,-0.733009629665034,1.1826476614206256,0.044132929744474726,Financially Healthy Moderate Spenders
KH00116370,79,Nam,Giám đốc tiếp thị,Đắk Lắk,312790000.0,1455600000,0.085,76.5,Ổn định,15457875.0,0.680212320801764,8.0,2.0,51.3,3.0,0.1924989689721258,0.8075010310278742,0.8075010310278742,4.653601457847118,0.3954,1,-1.8553299938533252,-2.1616624444117334,2.161662444411733,3.8453515324675283,1.1872638811481315,-1.999175048846814,Low-Engagement Online Discretionary Spenders
KH00116405,62,Nữ,Chuyên viên thu mua công nghiệp,Hải Phòng,143212500.0,622000000,0.16487500000000002,67.28333333333333,Cần theo dõi,1661162.6666666667,1.4773170143577652,61.083333333333336,26.166666666666668,71.89166666666667,12.916666666666666,0.5028566545263294,0.4971433454736706,0.1665181649233747,4.357672645675367,0.71095,3,-0.45060351927515174,0.40759396674734577,-0.40759396674734577,-0.5531149943198747,0.7817613751719421,0.1221722468880512,Financially Healthy Moderate Spenders
KH00116410,58,Nam,Sĩ quan hậu cần quân đội,Hà Nội,217510833.33333334,977300000,0.18105833333333332,64.55,Cần theo dõi,1474901.9166666667,1.2976437287539535,122.08333333333333,29.75,78.0,13.833333333333334,0.5419127284018947,0.4580872715981052,0.2001513531818853,4.5057008802823555,0.81635,3,-0.16599435770699245,0.7309146798152798,-0.7309146798152808,-0.3223218474714218,0.9846000904962458,0.8307445966597352,Financially Healthy Moderate Spenders
KH00116445,21,Nữ,Phi công hàng không,Lâm Đồng,356520000.0,1796400000,0.09,73.5,Ổn định,10779667.0,1.0427673466387133,15.0,2.0,44.5,5.0,0.2294195862580784,0.7705804137419215,0.3896595442035931,5.038707505890272,0.4535,1,-1.7673971941927198,-1.8560198356376143,1.8560198356376136,0.9780958061653947,1.7149633180568078,-1.6085863057563505,Low-Engagement Online Discretionary Spenders
KH00116450,59,Nữ,Chuyên viên trị liệu bằng làm vườn,Hải Phòng,121551666.66666667,485100000,0.23376666666666668,62.81666666666666,Cần theo dõi,1800545.6666666667,1.6085538178945713,61.833333333333336,25.666666666666668,71.80833333333332,13.0,0.46362813239298406,0.5363718676070159,0.16524234316845965,4.002686918684919,0.9318416666666667,0,0.7609639053818912,0.0828456628301518,-0.08284566283015227,-0.5618697669977236,0.29533492408051426,1.607160171887895,Financially Stretched but Highly Engaged
KH00116485,71,Nữ,Vũ công,Thành phố Hồ Chí Minh,111300000.0,492100000,0.1901,56.0,Cần theo dõi,13363571.0,0.7569907250377726,7.0,2.0,17.6,3.0,0.2393072852637768,0.7606927147362232,0.0,4.421383647798742,0.8405,1,-0.006982544987397414,-1.7741657838630047,1.7741657838630047,-1.695773578891339,0.869062678582334,0.9930977489081808,Low-Engagement Online Discretionary Spenders
KH00116490,50,Nữ,Nhà thiết kế gốm sứ,Tây Ninh,419068333.3333333,1307200000,0.23299999999999998,65.14999999999999,Cần theo dõi,1627457.9166666667,1.6881628974248801,182.75,30.083333333333332,78.5,13.916666666666666,0.4971789194877751,0.502821080512225,0.18561284252273458,3.129188614267368,0.72345,0,0.7474808761005978,0.3605915633023678,-0.3605915633023678,-0.4220860624998949,-0.9015939886800868,0.20620596958393445,Financially Stretched but Highly Engaged
KH00116525,75,Nữ,Kỹ sư đóng tàu,Hà Nội,623072500.0,1717800000,0.22424166666666667,67.05,Cần theo dõi,1574868.25,1.5377761757726158,243.66666666666666,30.333333333333332,80.09166666666667,13.75,0.5366776906651096,0.4633223093348904,0.21253690556173113,2.7608794593870094,0.6222666666666666,3,0.5934519220284376,0.6875770893706383,-0.6875770893706389,-0.23733137356124628,-1.406277139272664,-0.4740190043983386,Financially Healthy Moderate Spenders
KH00116530,40,Nam,Kỹ sư nông nghiệp,Lâm Đồng,889990833.3333334,4315600000,0.09999999999999999,74.55,Ổn định,2366314.4166666665,0.9197038355151603,182.91666666666666,30.25,78.875,13.916666666666666,0.3907684763998396,0.6092315236001603,0.19151846706883324,4.8628125325926215,0.4905916666666667,2,-1.5915315948715087,-0.5203136819785915,0.5203136819785902,-0.38156127898477016,1.473939634227683,-1.3592302392767674,Financially Healthy & Highly Engaged
KH00116565,58,Nam,Quản lý dịch vụ y tế,Phú Thọ,256658333.33333334,895200000,0.22556666666666667,65.7,Cần theo dõi,1623073.5833333333,1.617740844081535,121.91666666666667,29.333333333333332,76.43333333333334,13.75,0.5458773282295637,0.4541226717704363,0.17236844300371235,3.493103940617123,0.7936500000000001,0,0.6167541139384979,0.7637351124935601,-0.7637351124935606,-0.5129700018879426,-0.4029315714757663,0.6781393562440124,Financially Stretched but Highly Engaged
KH00116570,44,Nam,Nhà tâm lý học thể thao,Cần Thơ,450095833.3333333,1987900000,0.14266666666666666,66.84166666666667,Ổn định,1589162.4166666667,1.9525793816586499,183.5,30.333333333333332,81.425,14.0,0.48953101095890905,0.5104689890410908,0.2389741067562519,4.430436630677652,0.6298333333333334,3,-0.8411717044343416,0.29727933056464967,-0.29727933056465106,-0.05591756257634261,0.8814677134858863,-0.42315059092643054,Financially Healthy Moderate Spenders
KH00116605,63,Nam,Nhà tâm lý học pháp y,Phú Thọ,245620000.0,935700000,0.1264,72.3,Ổn định,11824100.0,0.8993809692392257,10.0,2.0,29.1,6.0,0.198704341133786,0.8012956588662139,0.1947547804906927,3.8095431968080775,0.4814,1,-1.1272464126635113,-2.1102920645176315,2.1102920645176306,-0.3593534837237953,0.030675789811519586,-1.4210230366991403,Low-Engagement Online Discretionary Spenders
KH00116610,45,Nam,Nhà thiết kế triển lãm,Đắk Lắk,606714166.6666666,1988400000,0.23074166666666665,62.5,Cần theo dõi,1512618.75,1.8727990821470464,304.5833333333333,30.416666666666668,80.93333333333334,14.0,0.5026457430033433,0.4973542569966567,0.21872873177572852,3.2862168354240873,0.7595000000000001,0,0.7077645615872243,0.4058479626757797,-0.4058479626757802,-0.1948426554033537,-0.6864228577559469,0.4485592258388606,Financially Stretched but Highly Engaged
KH00116645,71,Nam,Điều dưỡng nhi khoa,Khánh Hòa,199330000.0,847600000,0.1864,57.9,Cần theo dõi,17554667.0,0.5543072810508487,9.0,2.0,47.8,5.0,0.0957137070231404,0.9042862929768596,0.732296571978328,4.252245020819746,0.7926,1,-0.07205281673624517,-2.9628868585070376,2.9628868585070376,3.3292935950613587,0.6372970164488714,0.6710805235375576,Low-Engagement Online Discretionary Spenders
KH00116650,42,Nữ,Nhà giao dịch tài chính,Thanh Hóa,478246666.6666667,1420500000,0.19594999999999999,67.95,Cần theo dõi,2271914.8333333335,1.4131601658199047,122.25,29.583333333333332,82.72500000000001,13.916666666666666,0.4355585105479946,0.5644414894520053,0.2918473785662256,2.9797297903665023,0.581375,3,0.09589883061551094,-0.14952511205582972,0.14952511205582883,0.3069023012856455,-1.1063929982367526,-0.7489213225774698,Financially Healthy Moderate Spenders
KH00116685,29,Nam,Nhà trị liệu tâm lý trẻ em,Thành phố Hồ Chí Minh,124099166.66666667,428200000,0.21961666666666665,66.65833333333333,Cần theo dõi,1526383.5833333333,1.3633567295854878,61.583333333333336,25.583333333333332,74.22500000000001,13.5,0.5599231534670127,0.44007684653298734,0.19951876370701305,3.460498343398619,0.7739166666666666,0,0.5121140823423771,0.8800116805343836,-0.8800116805343837,-0.3266627179962978,-0.4476100577776678,0.5454781193481111,Financially Stretched but Highly Engaged
KH00116690,42,Nam,Chuyên viên phục chế bảo tàng,Thành phố Hồ Chí Minh,409980833.3333333,2039900000,0.15232500000000002,67.29166666666667,Cần theo dõi,2502460.3333333335,0.968953396646668,122.33333333333333,29.666666666666668,77.50833333333334,14.0,0.3582107234927447,0.6417892765072554,0.18659904602664043,4.990735929830557,0.7536666666666667,3,-0.6713148464232717,-0.7898388759176908,0.7898388759176909,-0.4153186692825181,1.6492292850470311,0.4093434885807818,Financially Healthy Moderate Spenders
KH00116725,19,Nam,Chuyên viên cắt tỉa cây,Khánh Hòa,264520000.0,918200000,0.1924,63.3,Ổn định,17670300.0,0.5301231994574662,10.0,2.0,48.1,5.0,0.0870500217879719,0.912949978212028,0.6750705986881943,3.471193104491154,0.668,1,0.03346654285648106,-3.0346080688098303,3.0346080688098285,2.9366052077582774,-0.43295534270611696,-0.16656762429500163,Low-Engagement Online Discretionary Spenders
KH00116730,48,Nam,Nhà khoa học y sinh,Thành phố Hồ Chí Minh,482407500.0,1924700000,0.14225000000000002,68.25833333333334,Cần theo dõi,1507167.75,2.2262248907390108,182.33333333333334,30.25,82.48333333333333,14.0,0.49085340951969597,0.509146590480304,0.2605823645015009,4.001211660768212,0.5701999999999999,3,-0.8484994377393918,0.30822663794111205,-0.308226637941113,0.092359721295981,0.29331342175434466,-0.8240474706675893,Financially Healthy Moderate Spenders
KH00116765,27,Nữ,Nhân viên phát triển cộng đồng,An Giang,148675000.0,496900000,0.28591666666666665,60.675000000000004,Cần theo dõi,2253191.6666666665,1.3119692461650776,62.0,24.416666666666668,78.05833333333334,13.25,0.42399618293787705,0.576003817062123,0.2924566678087241,3.3521969004088845,0.9603583333333333,0,1.6781030058420063,-0.24524236257975118,0.2452423625797512,0.3110832840856199,-0.5960123245623116,1.798869104598102,Financially Stretched but Highly Engaged
KH00116770,34,Nữ,Chuyên viên công nghệ màu sắc,Nghệ An,114108333.33333333,498200000,0.19505833333333333,66.64999999999999,Cần theo dõi,1471290.5,1.4490453258070073,62.0,26.0,71.24166666666666,13.333333333333334,0.5435872871797085,0.4564127128202915,0.1471855873266635,4.382762037241759,0.849825,0,0.08021748134270322,0.7447773005139681,-0.7447773005139686,-0.6857764115468855,0.8161406269890477,1.0557869060393095,Financially Stretched but Highly Engaged
KH00116805,82,Nam,Nhà thiết kế sản phẩm công nghiệp,Quảng Ngãi,143380000.0,446600000,0.2337,59.1,Cần theo dõi,9488909.0,1.0718733913380187,11.0,2.0,53.4,4.0,0.3073732012493054,0.6926267987506946,0.6926267987506946,3.1147998326126376,0.728,1,0.7597914680530827,-1.210690802681357,1.2106908026813563,3.057077005673545,-0.9213105109616385,0.2367942446452354,Low-Engagement Online Discretionary Spenders
KH00116810,45,Nam,Kỹ sư khoan,Hà Nội,686639166.6666666,3450200000,0.11799166666666666,69.45,Cần theo dõi,1608848.75,2.8693469175451525,243.33333333333334,30.333333333333332,78.125,13.916666666666666,0.4660405287697193,0.5339594712302808,0.16759357130398847,5.0374152934918115,0.5984333333333334,2,-1.27512007075943,0.10281637773645771,-0.10281637773645773,-0.5457354851037077,1.7131926375948956,-0.634243302338488,Financially Healthy & Highly Engaged
KH00116845,58,Nam,Chuyên viên dự toán xây dựng,Đồng Nai,375380000.0,1069200000,0.26669166666666666,63.449999999999996,Cần theo dõi,1580839.9166666667,1.436376846959039,183.0,30.333333333333332,80.74166666666666,13.833333333333334,0.5223863786426034,0.47761362135739654,0.230966921799007,2.8574604377673265,0.7530083333333333,0,1.3400013911469781,0.5692682903726958,-0.5692682903726968,-0.1108633916626625,-1.2739350787769763,0.404917712518798,Financially Stretched but Highly Engaged
KH00116850,31,Nam,Chuyên viên trị liệu nghệ thuật,Quảng Ngãi,98561666.66666667,409100000,0.22700833333333334,62.59166666666667,Cần theo dõi,1523979.75,1.575349190634139,61.416666666666664,25.416666666666668,77.30833333333334,13.666666666666666,0.5396188454341553,0.4603811545658447,0.25927881680015535,4.160290577868186,0.9474083333333333,0,0.6421080711739726,0.7119250630097893,-0.7119250630097899,0.08341469135269336,0.5112945607269822,1.7118101678851674,Financially Stretched but Highly Engaged
KH00116885,59,Nữ,Chuyên viên công nghệ kiến trúc,Nghệ An,237451666.66666666,723600000,0.2564,63.166666666666664,Cần theo dõi,1511195.75,1.5018481997697843,122.16666666666667,29.583333333333332,78.5,13.75,0.5453990190343908,0.45460098096560914,0.2132905847920701,3.0557128993804827,0.77385,0,1.1590063785122322,0.7597754909877487,-0.7597754909877497,-0.2321595771812157,-1.0022755894217272,0.5450299394937339,Financially Stretched but Highly Engaged
KH00116890,66,Nữ,Luật sư sáng chế,Tuyên Quang,785376666.6666666,1999500000,0.18594166666666667,71.35833333333333,Cần theo dõi,1553600.25,1.5479286839386044,243.25,30.333333333333332,80.325,13.833333333333334,0.520848794796591,0.47915120520340904,0.21363770793828282,2.555342748445675,0.476825,2,-0.08011332337180076,0.5565395991304996,-0.5565395991305001,-0.22977759535295128,-1.6879180202168378,-1.4517793792058333,Financially Healthy & Highly Engaged
KH00116925,54,Nam,Nhà giao dịch cổ phiếu,Vĩnh Long,608709166.6666666,2932900000,0.10052499999999999,73.06666666666668,Ổn định,1610605.9166666667,1.580839191383382,182.5,30.083333333333332,78.75833333333334,13.916666666666666,0.513180254154953,0.4868197458450469,0.1906222566186537,4.830939945249345,0.4845,2,-1.5822986509071453,0.4930565660856448,-0.49305656608564574,-0.38771113395675805,1.4302655696957631,-1.4001826734705614,Financially Healthy & Highly Engaged
KH00116930,35,Nam,Nhà khoa học địa chất,Thanh Hóa,863586666.6666666,2224800000,0.23979166666666665,66.73333333333333,Cần theo dõi,1675295.75,2.705551301013729,304.3333333333333,30.416666666666668,81.96666666666667,14.0,0.4855464429681426,0.5144535570318574,0.2398356770604054,2.5829213415677326,0.6203333333333333,2,0.8669229289729203,0.2642935940017056,-0.26429359400170654,-0.05000541056154061,-1.6501278890693458,-0.4870162201753019,Financially Healthy & Highly Engaged
KH00116965,75,Nam,Chuyên viên phân tích hệ thống,Thành phố Hồ Chí Minh,538275000.0,1986800000,0.15884166666666666,70.18333333333334,Cần theo dõi,1667157.25,1.8856781572242671,183.16666666666666,30.333333333333332,80.40833333333333,14.0,0.5148819847841513,0.4851180152158487,0.21880421208257841,3.7008610169812406,0.5815416666666667,3,-0.5567090975322829,0.5071441254812689,-0.5071441254812699,-0.1943247045802239,-0.11824818940940025,-0.7478008729415241,Financially Healthy Moderate Spenders
KH00116970,30,Nam,Chuyên viên gây quỹ từ thiện,Thái Nguyên,347350000.0,1346900000,0.22177499999999997,62.65,Cần theo dõi,2477349.5833333335,0.9549421329945877,122.25,30.0,78.91666666666667,13.833333333333334,0.3693574836693651,0.630642516330635,0.2161753170351616,3.8907115819706513,0.8573666666666666,0,0.5500717408625382,-0.6975618472489968,0.697561847248997,-0.21236435506070164,0.14189842929672686,1.1064872520658249,Financially Stretched but Highly Engaged
KH00117005,79,Nam,Kỹ sư dầu khí,Cà Mau,547564166.6666666,2200700000,0.13950833333333332,71.84166666666667,Cần theo dõi,1648145.8333333333,1.5221077422959528,182.75,30.0,76.84166666666667,14.0,0.5217419046941305,0.4782580953058695,0.15109450751297435,4.030552429282413,0.5630000000000001,3,-0.8967159228866244,0.5639330952059249,-0.5639330952059255,-0.6589531444916179,0.33351820976555946,-0.8724508949404169,Financially Healthy Moderate Spenders
KH00117010,67,Nữ,Nhà khoa học thổ nhưỡng,Quảng Ninh,174318333.33333334,778700000,0.13147499999999998,70.11666666666666,Ổn định,1731502.25,1.2994955989384362,61.5,26.25,76.96666666666667,13.5,0.5316902853496882,0.46830971465031174,0.2527688142758333,4.480289101171351,0.5858583333333334,3,-1.0379946210079973,0.6462894922588942,-0.6462894922588952,0.038742626455620426,0.9497790805540132,-0.7187812273705461,Financially Healthy Moderate Spenders
KH00117045,34,Nữ,Cán bộ trại giam,Bắc Ninh,498864166.6666667,2477000000,0.16218333333333332,64.22500000000001,Cần theo dõi,2205274.0,1.3405324371688419,183.25,30.083333333333332,82.70833333333333,14.0,0.45573309836763093,0.544266901632369,0.2653315686846177,4.984259949057356,0.8109083333333333,2,-0.49794067642577833,0.01748763327230165,-0.01748763327230257,0.12494907232695289,1.64035543997289,0.7941619160461275,Financially Healthy & Highly Engaged
KH00117050,27,Nam,Nhà kinh tế học,Cần Thơ,189912500.0,625600000,0.24514166666666667,66.06666666666666,Cần theo dõi,2416433.6666666665,0.8561665097493467,61.416666666666664,25.416666666666668,75.25833333333334,13.333333333333334,0.41694771999463215,0.5830522800053678,0.23074271988824147,3.301765775356611,0.8026416666666667,0,0.9610110246097686,-0.30359216169431635,0.30359216169431547,-0.11240187989985537,-0.6651166048715463,0.7385876141032505,Financially Stretched but Highly Engaged
KH00117085,36,Nữ,Chuyên viên viết nội dung quảng cáo,Đồng Tháp,1031411666.6666666,3185500000,0.19885,68.04166666666667,Cần theo dõi,2090429.4166666667,1.3407134669642773,303.6666666666667,30.416666666666668,83.24166666666666,14.0,0.46783209634985434,0.5321679036501457,0.2647837459102093,3.0937290147477987,0.6157916666666666,2,0.14689985441866238,0.11764764084201665,-0.11764764084201712,0.1211898764681133,-0.950183229993137,-0.517548472754806,Financially Healthy & Highly Engaged
KH00117090,29,Nam,Quản lý trường quay,Bắc Ninh,468074166.6666667,1296100000,0.2141666666666667,70.25,Cần theo dõi,2278727.6666666665,0.8086175681845442,122.25,29.583333333333332,75.85833333333333,13.666666666666666,0.4458941100104894,0.5541058899895106,0.16229505007767778,2.7766724233273266,0.5973499999999999,3,0.41626733071231786,-0.0639631736273731,0.06396317362737264,-0.5820942857640683,-1.3846365075018263,-0.6415262249721319,Financially Healthy Moderate Spenders
KH00117125,55,Nam,Giảng viên đại học,Huế,181462500.0,531100000,0.19571666666666665,71.63333333333334,Ổn định,1650147.25,1.2141442819928854,61.833333333333336,25.5,72.63333333333334,12.833333333333334,0.5673712299661023,0.43262877003389755,0.18704589793692203,2.936142816294614,0.5723166666666667,3,0.09179529996468265,0.9416696293682211,-0.9416696293682226,-0.4122523421250552,-1.166118940717176,-0.8098177602910859,Financially Healthy Moderate Spenders
KH00117130,49,Nữ,Chuyên viên kinh doanh công nghệ thông tin,Thành phố Hồ Chí Minh,122430833.33333333,453600000,0.20872500000000002,66.2,Cần theo dõi,1434615.4166666667,1.556295456217936,61.833333333333336,25.583333333333332,75.28333333333333,13.333333333333334,0.5007221761764905,0.49927782382350955,0.22447769696324923,3.7192686381525224,0.7745583333333332,0,0.32056713374835866,0.38992396068639984,-0.3899239606863999,-0.1553928786961344,-0.09302477010380387,0.5497918504464997,Financially Stretched but Highly Engaged
KH00117165,25,Nữ,Cán bộ triển lãm bảo tàng,Vĩnh Long,551223333.3333334,1543500000,0.35063333333333335,54.6,Có dấu hiệu căng thẳng tài chính,1485852.6666666667,2.015803705582575,364.5,30.416666666666668,79.51666666666667,13.916666666666666,0.4995263239790289,0.500473676020971,0.19266565878602604,2.81031650465505,0.9771916666666667,0,2.8162465427824444,0.38002425119591166,-0.38002425119591265,-0.37368917407415675,-1.3385350171145347,1.9120345178285578,Financially Stretched but Highly Engaged
KH00117170,44,Nam,Nhân viên giao nhận vận tải,Thanh Hóa,631075833.3333334,1970500000,0.28554166666666664,62.46666666666667,Cần theo dõi,2279894.3333333335,0.8808307838576264,243.33333333333334,30.416666666666668,79.54166666666667,14.0,0.4162292812350505,0.5837707187649495,0.1933018352527199,3.131944609192329,0.8908083333333333,0,1.6715080458674605,-0.30953966509119285,0.30953966509119196,-0.3693236893758081,-0.8978175302800827,1.3313054715182102,Financially Stretched but Highly Engaged
KH00117205,68,Nữ,Nhà địa chất công trình,Quảng Ngãi,348453333.3333333,1526400000,0.20173333333333332,61.699999999999996,Cần theo dõi,1708869.0833333333,1.5033293014308822,182.66666666666666,30.166666666666668,78.10000000000001,14.0,0.49873837330872467,0.5012616266912753,0.1740380342792035,4.39630428312256,0.8798666666666667,0,0.19760776888961135,0.3735013023353374,-0.3735013023353384,-0.5015131568972266,0.8346971663165651,1.2577479529184143,Financially Stretched but Highly Engaged
KH00117210,70,Nữ,Chuyên viên khảo sát thủy văn,Thành phố Hồ Chí Minh,159273333.33333334,443500000,0.24244166666666667,65.56666666666666,Cần theo dõi,1754259.5833333333,1.5005068967331654,61.25,26.25,76.75,13.416666666666666,0.48740577109855027,0.5125942289014497,0.2513147953600918,2.7921588265216326,0.6823583333333333,0,0.9135273127930414,0.2796858041574423,-0.27968580415744326,0.02876505315623994,-1.3634159468617082,-0.07004088815833147,Financially Stretched but Highly Engaged
KH00117245,34,Nam,Luật sư sở hữu trí tuệ,Thành phố Hồ Chí Minh,992550000.0,4396200000,0.08236666666666666,74.73333333333333,Ổn định,1496127.6666666667,2.1322368224535126,243.91666666666666,30.416666666666668,81.11666666666666,14.0,0.47914837124248516,0.5208516287575148,0.2227490669938126,4.4443354383079425,0.3644083333333333,2,-1.9016412683412443,0.211327975409573,-0.21132797540957393,-0.16725485108234942,0.9005128388415509,-2.2075226586508063,Financially Healthy & Highly Engaged
KH00117250,23,Nam,Chuyên viên quan hệ công chúng,Đồng Nai,447534166.6666667,1649400000,0.20028333333333334,65.10000000000001,Cần theo dõi,1787766.8333333333,1.0116966130807719,182.75,30.333333333333332,83.81666666666666,14.0,0.2685693511356581,0.731430648864342,0.286700183867593,3.695688667247945,0.7407416666666666,0,0.1721072569880361,-1.5319235135907578,1.531923513590758,0.2715819131972965,-0.1253357073947033,0.3224526193132385,Financially Stretched but Highly Engaged
KH00117285,59,Nữ,Kỹ sư công trường,Lâm Đồng,405250000.0,1281900000,0.1714,69.5,Ổn định,18312000.0,0.554074144797991,12.0,2.0,48.9,5.0,0.0943279452453764,0.9056720547546236,0.7967862603757099,3.1632325724861197,0.5422,1,-0.335851215718062,-2.9743587101723237,2.974358710172324,3.771826072509188,-0.854944558806255,-1.0122830095063662,Low-Engagement Online Discretionary Spenders
KH00117290,60,Nữ,Cán bộ quan hệ sắc tộc,Tuyên Quang,267391666.66666666,951800000,0.21081666666666665,64.54166666666667,Cần theo dõi,1648790.75,1.5726633145676354,122.33333333333333,29.75,74.89999999999999,13.75,0.5012529116093497,0.49874708839065035,0.1391343968238431,3.567629946882088,0.7485750000000001,0,0.35735235493971135,0.39431758609660295,-0.394317586096603,-0.7410242095772167,-0.3008107874971476,0.3751137522026593,Financially Stretched but Highly Engaged
KH00117325,31,Nam,Bác sĩ chuyên khoa bàn chân,Vĩnh Long,923083333.3333334,3261700000,0.13536666666666666,73.72500000000001,Ổn định,2434747.9166666665,0.9438366375305421,183.08333333333334,30.333333333333332,79.47500000000001,13.916666666666666,0.3857530036993759,0.6142469963006242,0.20251770405935043,3.5422536972660588,0.48159166666666664,2,-0.9695535919388257,-0.5618336313481366,0.5618336313481367,-0.30608379232898125,-0.33558311242239014,-1.4197345196178035,Financially Healthy & Highly Engaged
KH00117330,42,Nam,Chuyên viên công nghệ dệt may,Cần Thơ,188369166.66666666,522100000,0.30015,62.23333333333333,Cần theo dõi,2564354.9166666665,0.9327153517699552,61.083333333333336,24.833333333333332,72.68333333333334,13.166666666666666,0.36219536483779863,0.6378046351622013,0.18909857753006246,2.7779751040214884,0.8405666666666667,0,1.9284183755425297,-0.7568525321006584,0.7568525321006575,-0.3981667199374946,-1.3828514826436762,0.9935459287625589,Financially Stretched but Highly Engaged
KH00117365,47,Nam,Chuyên viên trưng bày bán lẻ,Đồng Nai,693524166.6666666,2622200000,0.17000833333333332,67.125,Cần theo dõi,1471604.0833333333,2.009796278413161,304.4166666666667,30.416666666666668,80.61666666666666,14.0,0.5455145865037258,0.45448541349627414,0.21299817020370213,3.7969115099100565,0.6378416666666666,2,-0.3603258449569307,0.7607322015038103,-0.7607322015038117,-0.2341661452923065,0.01336696254909911,-0.3693129859192686,Financially Healthy & Highly Engaged
KH00117370,84,Nữ,Kỹ sư xây dựng thi công,Tuyên Quang,605930000.0,2579800000,0.130175,71.05,Cần theo dõi,1772560.6666666667,1.680870293014496,182.91666666666666,30.0,78.56666666666666,14.0,0.48723176840714993,0.51276823159285,0.18573261730250643,4.272235506451129,0.5560083333333333,3,-1.0608571489197542,0.27824534512823884,-0.27824534512823984,-0.4212641600943259,0.6646893881470424,-0.9194537571683145,Financially Healthy Moderate Spenders
KH00117405,90,Nữ,Chuyên viên trang điểm,Bắc Ninh,531155833.3333333,1985200000,0.1909833333333333,66.38333333333334,Cần theo dõi,1518164.5,1.5799286058195434,242.5,30.25,79.5,13.75,0.5408819789952861,0.4591180210047139,0.20057827809962517,3.7562419777876044,0.7196333333333333,3,0.008552249619309314,0.7223817526654377,-0.7223817526654382,-0.3193922606455796,-0.042361295444793494,0.1805476729207914,Financially Healthy Moderate Spenders
KH00117410,52,Nam,Chuyên viên quản lý khách hàng quảng cáo,Thành phố Hồ Chí Minh,398930000.0,1849400000,0.1335,66.9,Ổn định,20572833.0,0.3898289314616843,12.0,2.0,54.6,5.0,0.0,1.0,0.6394476534588495,4.635901035269345,0.6188,1,-1.0023818371454516,-3.755240542179733,3.755240542179733,2.6921582178892693,1.163009515175958,-0.49732435682599646,Low-Engagement Online Discretionary Spenders
KH00117445,90,Nữ,Chuyên viên cắt tỉa cây,Hà Nội,184420000.0,525800000,0.2135,66.0,Ổn định,12472444.0,0.7454765214836149,9.0,2.0,38.4,5.0,0.2505879627979902,0.7494120372020098,0.2248066849588426,2.8511007482919424,0.6087,1,0.40454295742423646,-1.6807801374748979,1.6807801374748976,-0.15313534146253172,-1.2826495733223806,-0.5652236047642697,Low-Engagement Online Discretionary Spenders
KH00117450,35,Nữ,Kỹ sư năng lượng,An Giang,818073333.3333334,3666000000,0.11303333333333333,71.50833333333334,Ổn định,1379941.25,1.9009472856999086,303.5,30.416666666666668,78.69166666666666,14.0,0.5398070600977688,0.4601929399022311,0.1741103481517485,4.493963441451047,0.5074083333333334,2,-1.3623200970895304,0.7134831740335252,-0.7134831740335267,-0.5010169343542676,0.9685166249326581,-1.2461768710099066,Financially Healthy & Highly Engaged
KH00117485,37,Nữ,Giáo viên tiếng anh,Thanh Hóa,977095833.3333334,3999200000,0.199025,62.65833333333333,Cần theo dõi,2191462.5833333335,1.4476525141864256,364.0833333333333,30.416666666666668,83.33333333333333,14.0,0.43568173372391045,0.5643182662760896,0.2666408236227391,4.1039975169406455,0.8135833333333333,2,0.14997750240678373,-0.1485050247518539,0.14850502475185393,0.1339332657038461,0.4341578429208778,0.8121451327030463,Financially Healthy & Highly Engaged
KH00117490,29,Nữ,Chuyên viên thu mua công nghiệp,Thành phố Hồ Chí Minh,673550833.3333334,2674100000,0.15660833333333332,68.30833333333334,Cần theo dõi,2318597.3333333335,1.3487368357039315,182.66666666666666,29.916666666666668,81.09166666666667,14.0,0.4487226101555513,0.5512773898444486,0.23562724823338435,3.98499342303437,0.6206166666666667,2,-0.5959857480473534,-0.04054779688653991,0.04054779688653899,-0.07888392558100678,0.27109004987200913,-0.4851114557941947,Financially Healthy & Highly Engaged
KH00117525,41,Nam,Trợ lý sản xuất truyền hình,Vĩnh Long,190223333.33333334,468600000,0.32185,60.85833333333333,Cần theo dõi,2491419.6666666665,0.9180449628788939,61.5,25.583333333333332,73.36666666666666,13.25,0.3974597030134625,0.6025402969865374,0.1918575345438712,2.4718903060060966,0.7929833333333334,0,2.3100467260695585,-0.4649212181352353,0.46492121813523446,-0.3792345757012012,-1.8022704358898434,0.6736575577002318,Financially Stretched but Highly Engaged
KH00117530,34,Nam,Nhà địa chấn học hiện trường,Thanh Hóa,101747500.0,340800000,0.28384166666666666,57.824999999999996,Cần theo dõi,1586748.1666666667,1.4073231844769216,61.166666666666664,25.75,76.94166666666666,13.5,0.4871663795408209,0.512833620459179,0.25347177868386656,3.3567050464601316,0.9441333333333334,0,1.641610893982855,0.27770403176029623,-0.2777040317602972,0.04356641439405352,-0.5898349452538502,1.6897933325388466,Financially Stretched but Highly Engaged
KH00117565,27,Nam,Nhà tâm lý học thể thao,Hưng Yên,304424166.6666667,1029300000,0.19644166666666665,66.64166666666667,Cần theo dõi,1647888.6666666667,2.1828612505739393,122.33333333333333,29.75,77.80833333333334,14.0,0.4778158447649176,0.5221841552350823,0.19065802038744686,3.3895987806636723,0.6719333333333334,0,0.1045455559154705,0.20029682536920546,-0.2002968253692064,-0.3874657206263448,-0.5447616333564297,-0.1401250128866971,Financially Stretched but Highly Engaged
KH00117570,19,Nam,Kỹ sư trắc địa,Đắk Lắk,457094166.6666667,1547400000,0.14273333333333335,71.96666666666667,Ổn định,1812880.6666666667,0.9957352086305967,121.66666666666667,29.25,81.41666666666667,14.0,0.253080822145265,0.7469191778547349,0.2664999040036646,3.3924321755403,0.48095,3,-0.8399992671055332,-1.6601433201566267,1.660143320156626,0.13296626602219486,-0.540879116089994,-1.424048250716192,Financially Healthy Moderate Spenders
KH00117605,61,Nam,Kỹ sư ô tô,Lâm Đồng,376150000.0,959600000,0.2096083333333333,69.64166666666667,Ổn định,1705460.8333333333,1.434683020279464,122.16666666666667,28.416666666666668,76.55,13.833333333333334,0.504936356052147,0.495063643947853,0.18112432451566648,2.5593344358622185,0.538925,3,0.3361019283550649,0.42481050987551966,-0.4248105098755197,-0.4528865678690242,-1.68244832891303,-1.0342998448526877,Financially Healthy Moderate Spenders
KH00117610,49,Nữ,Giáo viên giáo dục đặc biệt,Nghệ An,621349166.6666666,2166500000,0.17923333333333333,68.41666666666667,Cần theo dõi,2117649.0,1.266597726218734,182.83333333333334,29.833333333333332,81.91666666666667,13.916666666666666,0.46568366070037737,0.5343163392996225,0.25499479948628,3.49366687376966,0.6250333333333333,3,-0.19808982958311336,0.09986209106088388,-0.09986209106088527,0.054017483171802,-0.40216020081274906,-0.4554195404416497,Financially Healthy Moderate Spenders
KH00117645,40,Nam,Nhạc sĩ,Đắk Lắk,651331666.6666666,2976100000,0.15210833333333332,65.35833333333333,Cần theo dõi,1494955.5833333333,2.1349870819007384,304.5,30.416666666666668,81.31666666666666,14.0,0.5034356437558313,0.4965643562441688,0.22666922153003163,4.578887391977845,0.692025,2,-0.6751252677418985,0.41238705504233447,-0.4123870550423345,-0.14035449318014287,1.084885404651302,-0.0050548092735151415,Financially Healthy & Highly Engaged
KH00117650,73,Nam,Nhà thiết kế đa phương tiện,Đồng Tháp,257275833.33333334,1271500000,0.15706666666666666,64.16666666666667,Ổn định,1664805.8333333333,1.4943896783473833,122.0,29.5,76.89166666666667,13.583333333333334,0.482014209089608,0.517985790910392,0.1856998506237295,4.951197714326329,0.77995,3,-0.5879252414117978,0.235052447542153,-0.23505244754215346,-0.4214890071961995,1.5950512367822138,0.5860383961693246,Financially Healthy Moderate Spenders
KH00117685,23,Nam,Chuyên viên trị liệu dinh dưỡng,Huế,392832500.0,1166900000,0.2721166666666667,58.38333333333333,Cần theo dõi,1303754.25,2.305339591174729,244.5,30.083333333333332,80.13333333333334,14.0,0.4365336004093341,0.5634663995906658,0.20654978548915412,2.9776691529391255,0.8193833333333332,0,1.4354084787787353,-0.14145295533372676,0.14145295533372537,-0.2784153847316692,-1.1092166288071503,0.8511367800339353,Financially Stretched but Highly Engaged
KH00117690,32,Nữ,Trình dược viên,Bắc Ninh,1028455000.0,3954400000,0.21410833333333334,62.19166666666666,Cần theo dõi,2322005.9166666665,1.6454596839791886,365.0,30.333333333333332,81.81666666666666,14.0,0.4328727454110212,0.5671272545889787,0.23667396378239403,3.855748502778044,0.8217083333333334,2,0.41524144804961044,-0.17175887528522865,0.17175887528522776,-0.07170129473571306,0.09398955511445252,0.8667670524553704,Financially Healthy & Highly Engaged
KH00117725,47,Nữ,Nhà khoa học phát triển sản phẩm,Thanh Hóa,358865000.0,1502700000,0.10964166666666668,74.48333333333333,Cần theo dõi,1344646.75,1.6286905457801037,121.58333333333333,29.416666666666668,76.38333333333334,13.75,0.5900219847394147,0.40997801526058536,0.17363962481774564,4.197237000492804,0.4606166666666667,3,-1.4219678461926408,1.1291810061688483,-1.1291810061688485,-0.5042470687891744,0.5619211518020107,-1.5607431063014947,Financially Healthy Moderate Spenders
KH00117730,78,Nam,Bác sĩ đa khoa,Thanh Hóa,457100833.3333333,1180800000,0.18374166666666666,71.54166666666667,Ổn định,1751340.0833333333,1.6600831984982307,122.58333333333333,29.333333333333332,76.93333333333334,13.5,0.5215764825562015,0.4784235174437985,0.19098915036129038,2.5890839635805585,0.47436666666666666,3,-0.11880375522246732,0.562563669191348,-0.5625636691913486,-0.385193484997305,-1.6416834302441112,-1.4683060113360236,Financially Healthy Moderate Spenders
KH00117765,69,Nữ,Kỹ sư khai thác mỏ,Lào Cai,686010833.3333334,2454100000,0.15345833333333334,70.18333333333334,Ổn định,1546275.5,2.0301068540303997,243.33333333333334,30.416666666666668,78.23333333333333,13.833333333333334,0.5308176026149837,0.46918239738501627,0.17219000740019338,3.59035828125711,0.5466416666666667,2,-0.6513834118335347,0.6390650998387624,-0.6390650998387634,-0.5141944387188911,-0.26966682257497815,-0.9824230267084291,Financially Healthy & Highly Engaged
KH00117770,61,Nữ,Nhà báo,Lạng Sơn,165072500.0,701200000,0.16439166666666666,67.47500000000001,Ổn định,1965557.75,1.5022917499670674,61.416666666666664,24.166666666666668,72.85000000000001,13.25,0.4888203472670744,0.5111796527329256,0.1925722163140731,4.268420434944825,0.70785,3,-0.4591036899090108,0.29139619207183715,-0.29139619207183715,-0.37433038245397376,0.6594617084056493,0.10133188365947232,Financially Healthy Moderate Spenders
KH00117805,47,Nữ,Nhà sản xuất phát thanh,Thành phố Hồ Chí Minh,435036666.6666667,1138200000,0.2895666666666667,63.03333333333333,Cần theo dõi,1335214.5833333333,1.5802917558784026,243.58333333333334,30.416666666666668,79.10833333333333,13.916666666666666,0.5535420849092328,0.4464579150907672,0.18569635830560124,2.626327783492971,0.7596416666666667,0,1.742293949594249,0.8271868204931515,-0.8271868204931516,-0.4215129717125702,-1.590649324454358,0.4495116080294135,Financially Stretched but Highly Engaged
KH00117810,27,Nữ,Kỹ sư điện,Ninh Bình,1504606666.6666667,5676900000,0.14710833333333334,70.15833333333333,Cần theo dõi,2272329.75,1.378407491180754,365.4166666666667,30.416666666666668,82.84166666666667,14.0,0.44507027227340723,0.5549297277265928,0.25688033809613736,3.78625709475847,0.5580333333333333,2,-0.7630580674025036,-0.07078320898101177,0.07078320898101131,0.06695617295430038,-0.0012324676718811765,-0.9058402940915818,Financially Healthy & Highly Engaged
KH00117845,77,Nam,Nhà thiết kế bối cảnh phim,Cà Mau,95690833.33333333,328500000,0.3416666666666666,49.800000000000004,Có dấu hiệu căng thẳng tài chính,1770957.5,1.468642248024777,61.666666666666664,25.416666666666668,72.45833333333333,12.833333333333334,0.5394678726761055,0.4605321273238944,0.18505712133410934,3.442087084758661,1.1770666666666667,0,2.658553722057757,0.7106752543387488,-0.7106752543387498,-0.4258994577958561,-0.47283846139909647,3.255733743735724,Financially Stretched but Highly Engaged
KH00117850,34,Nam,Chuyên viên tư vấn tài chính,Phú Thọ,316870000.0,1109900000,0.24025833333333332,62.0,Cần theo dõi,1421323.6666666667,1.8317814600075535,182.25,30.25,79.68333333333334,14.0,0.5097003177385324,0.4902996822614676,0.205260408924034,3.5118762050932983,0.8512583333333333,0,0.8751299902745769,0.46424835747837584,-0.4642483574783764,-0.28726317140742164,-0.3772084922254803,1.0654227729084371,Financially Stretched but Highly Engaged
KH00117885,49,Nữ,Kỹ sư vật liệu,Tuyên Quang,858082500.0,2875900000,0.17419166666666666,68.25833333333334,Cần theo dõi,1388274.8333333333,1.8703881411801706,365.0,30.416666666666668,80.29166666666667,14.0,0.5353950592606749,0.46460494073932507,0.20571338146355944,3.3608040165936495,0.582,2,-0.2867554025742239,0.6769589893125929,-0.6769589893125939,-0.2841548440900862,-0.5842182476134109,-0.7447196364426757,Financially Healthy & Highly Engaged
KH00117890,89,Nữ,Chuyên viên dự toán xây dựng,Thành phố Hồ Chí Minh,190720000.0,568200000,0.2577,57.9,Cần theo dõi,14643400.0,0.6337251985633412,10.0,2.0,49.9,4.0,0.2080596036439624,0.7919403963560375,0.6388065613177267,2.979236577181208,0.7678,1,1.1818689064239891,-2.032845720182946,2.0328457201829453,2.6877590015101296,-1.1070688336890346,0.5043576177089266,Low-Engagement Online Discretionary Spenders
KH00117925,48,Nữ,Kỹ sư khai thác mỏ,Vĩnh Long,584372500.0,2672700000,0.12585,69.27499999999999,Cần theo dõi,1393274.5833333333,1.7459824442476555,243.16666666666666,30.333333333333332,80.09166666666665,14.0,0.503892809732109,0.49610719026789085,0.20443839483204265,4.591788932718168,0.5774333333333334,2,-1.1369190206261783,0.41617164511432836,-0.4161716451143298,-0.29290388609632567,1.1025640046590583,-0.7754199564675712,Financially Healthy & Highly Engaged
KH00117930,39,Nam,Nhà khoa học nghiên cứu khoa học tự nhiên,Hải Phòng,522995000.0,1339900000,0.2348583333333333,67.89999999999999,Cần theo dõi,2567868.3333333335,0.9651827837140541,122.66666666666667,29.166666666666668,78.10000000000001,14.0,0.3569022024192802,0.6430977975807197,0.19977007305909358,2.5681851027752134,0.5995833333333334,0,0.7801625666411227,-0.8006713002900144,0.8006713002900137,-0.32493821671639206,-1.670320521598692,-0.6265121998504669,Financially Stretched but Highly Engaged
KH00117965,50,Nam,Giáo viên dạy nhạc,Bắc Ninh,142913333.33333334,400400000,0.28604999999999997,63.675000000000004,Có dấu hiệu căng thẳng tài chính,1730642.5,1.5422799404707668,61.75,26.583333333333332,74.34166666666667,13.583333333333334,0.4989176275143188,0.5010823724856811,0.19436609731025278,2.8107833157576003,0.8049249999999999,0,1.6804478804996221,0.37498523535322775,-0.37498523535322914,-0.36202065323657834,-1.3378953596559977,0.7539377741156975,Financially Stretched but Highly Engaged
KH00117970,51,Nam,Nhà địa chấn học hiện trường,Bắc Ninh,228432500.0,808000000,0.26358333333333334,58.40833333333333,Cần theo dõi,1779887.6666666667,1.4837726605386852,122.25,29.333333333333332,77.2,13.833333333333334,0.48312262266175826,0.5168773773382417,0.18610396289912523,3.548963310682199,0.9372583333333333,0,1.2853365006913018,0.24422830755469774,-0.24422830755469868,-0.41871596222045104,-0.3263891274419844,1.6435747850561104,Financially Stretched but Highly Engaged
KH00118005,60,Nữ,Chuyên viên thuế cấp cao,Quảng Ngãi,236079166.66666666,965500000,0.20541666666666666,65.05833333333334,Cần theo dõi,1548534.4166666667,1.287907625965704,122.0,29.416666666666668,77.11666666666666,13.916666666666666,0.5335715182652403,0.4664284817347597,0.18140739032307138,4.099209052084524,0.8435083333333333,0,0.2623849313062576,0.6618630383772537,-0.6618630383772541,-0.4509441517069275,0.4275963510381303,1.0133218648369895,Financially Stretched but Highly Engaged
KH00118010,32,Nữ,Thanh tra thuế,Huế,755814166.6666666,3405400000,0.15025833333333335,67.90833333333333,Cần theo dõi,1369028.0833333333,2.014583683135103,364.9166666666667,30.416666666666668,78.44166666666666,14.0,0.5521451927922448,0.44785480720775506,0.16858629069527883,4.5164155017828955,0.6769250000000001,2,-0.7076604036163219,0.8156228277379529,-0.8156228277379544,-0.5389233794391367,0.9992820196979678,-0.10656754629014083,Financially Healthy & Highly Engaged
KH00118045,46,Nữ,Thủ thư thư viện công cộng,Hải Phòng,299117500.0,906900000,0.3026583333333333,61.60833333333333,Cần theo dõi,1448677.6666666667,2.211544855600671,183.0,30.25,78.40833333333333,13.916666666666666,0.5268217391511648,0.47317826084883524,0.18202854408018163,3.0415043736333107,0.9375333333333332,0,1.9725313300389336,0.605985855146625,-0.6059858551466251,-0.446681753828429,-1.0217451123601071,1.6454235269554194,Financially Stretched but Highly Engaged
KH00118050,64,Nữ,Cán bộ trại giam,Hà Nội,230713333.33333334,1060800000,0.18965833333333335,64.69166666666666,Cần theo dõi,1624793.0,1.3265143015638532,122.25,29.416666666666668,77.14166666666667,13.5,0.5426516542691376,0.4573483457308624,0.19411598942154576,4.613518032810014,0.8795999999999999,3,-0.014749942290750535,0.7370317831130279,-0.737031783113028,-0.36373690999590325,1.1323387483725478,1.2559552335009017,Financially Healthy Moderate Spenders
KH00118085,25,Nữ,Giảng viên giáo dục thường xuyên,Đà Nẵng,702855833.3333334,2736000000,0.14711666666666667,65.925,Cần theo dõi,1357593.0833333333,2.9139335838877822,305.0833333333333,30.25,82.34166666666667,14.0,0.4201551038227543,0.5798448961772457,0.2480487593947109,3.906987862146678,0.5746166666666667,2,-0.7629115127364026,-0.2770402448351106,0.2770402448351097,0.0063532998494523025,0.1642013350223069,-0.7943555553150436,Financially Healthy & Highly Engaged
KH00118090,68,Nam,Chuyên viên trị liệu âm nhạc,Cà Mau,170757500.0,595800000,0.18688333333333332,67.96666666666667,Cần theo dõi,1777049.5,1.503710119086147,61.416666666666664,25.5,72.73333333333333,13.416666666666666,0.48055340856140966,0.5194465914385903,0.17384396615630207,3.49822916614816,0.662625,3,-0.06355264610238708,0.22295939717739016,-0.2229593971773911,-0.5028448651029171,-0.3959086263921951,-0.20270212505423135,Financially Healthy Moderate Spenders
KH00118125,39,Nữ,Nhạc sĩ,Thành phố Hồ Chí Minh,887979166.6666666,2827600000,0.23860833333333334,63.74166666666667,Cần theo dõi,2222952.25,1.3113391337241496,304.25,30.416666666666668,82.21666666666667,14.0,0.4459346403382453,0.5540653596617547,0.24450286321380346,3.1880075356793056,0.7623000000000001,2,0.8461121663865774,-0.06362764849208502,0.06362764849208502,-0.017978872637420384,-0.8209961588969075,0.4673827797227385,Financially Healthy & Highly Engaged
KH00118130,57,Nữ,Chuyên viên xúc tiến bán hàng,Đà Nẵng,219470000.0,946200000,0.1499,66.2,Ổn định,20257000.0,0.3023918498812319,7.0,2.0,45.6,4.0,0.0509524044598339,0.949047595540166,0.6005049400912559,4.3112953934478515,0.6461,1,-0.7139622542586656,-3.3334375776788407,3.3334375776788403,2.4249307610141404,0.7182119969936765,-0.31379470645818847,Low-Engagement Online Discretionary Spenders
KH00118165,20,Nữ,Nhà thiết kế đa phương tiện,Điện Biên,170190000.0,620100000,0.1867,62.7,Ổn định,12862111.0,0.8009939175476546,9.0,2.0,57.2,5.0,0.1949913181696455,0.8050086818303545,0.8073670297773823,3.643574828133263,0.6802,1,-0.06677684875660893,-2.141029850302971,2.1410298503029703,3.8444320070854876,-0.19674576105578048,-0.08455071094382009,Low-Engagement Online Discretionary Spenders
KH00118170,68,Nữ,Chuyên viên nghiên cứu chương trình,Phú Thọ,507987500.0,1610400000,0.23195833333333335,63.525000000000006,Cần theo dõi,1528476.9166666667,1.6821417505867426,243.25,30.25,77.7,13.666666666666666,0.5105593420461427,0.4894406579538572,0.16808482120109536,3.1805526151845336,0.7432083333333334,0,0.7291615428379722,0.4713596803564549,-0.4713596803564559,-0.5423644960446021,-0.8312114161417101,0.3390352739252264,Financially Stretched but Highly Engaged
KH00118205,45,Nữ,Kỹ sư cấp thoát nước,Hải Phòng,1579806666.6666667,7336500000,0.11103333333333333,71.94166666666666,Ổn định,2263257.75,1.5741211828494295,364.5833333333333,30.416666666666668,81.58333333333333,14.0,0.4549020834200386,0.5450979165799613,0.2314882830107252,4.6583246456337495,0.5170916666666666,2,-1.3974932169537726,0.010608182299280216,-0.010608182299281135,-0.10728577678499127,1.1937359257916378,-1.1810787471614965,Financially Healthy & Highly Engaged
KH00118210,63,Nam,Kỹ thuật viên phòng thí nghiệm,Thành phố Hồ Chí Minh,354161666.6666667,1030600000,0.19569166666666668,68.79166666666667,Cần theo dõi,1676165.5,1.5448463162514718,122.08333333333333,29.25,76.925,13.666666666666666,0.5485597996637955,0.4514402003362044,0.1865838246106923,2.9220858959120988,0.5745166666666667,3,0.09135563596638015,0.7859416092260135,-0.7859416092260145,-0.4154231196384925,-1.1853807233046365,-0.7950278250966106,Financially Healthy Moderate Spenders
KH00118245,46,Nam,Chuyên viên giám định tổn thất công chứng,Cần Thơ,410134166.6666667,1403600000,0.21030000000000001,65.8,Cần theo dõi,2418217.5,0.9403655427797059,122.25,29.75,78.11666666666666,13.916666666666666,0.3762297694804834,0.6237702305195165,0.19955236728693312,3.430359438845917,0.7205499999999999,0,0.3482659656414493,-0.6406705079931189,0.6406705079931181,-0.3264321280238124,-0.4889085080157773,0.1867101459184888,Financially Stretched but Highly Engaged
KH00118250,71,Nữ,Kiến trúc sư,Vĩnh Long,677030000.0,2941200000,0.0887,77.3,Ổn định,23720545.0,0.237724791371009,11.0,2.0,45.3,3.0,0.0298552079900048,0.9701447920099951,0.7885645738638541,4.344268348522222,0.3854,1,-1.7902597221044771,-3.5080880207339216,3.508088020733921,3.715408319666725,0.7633938629092455,-2.06640202700352,Low-Engagement Online Discretionary Spenders
KH00118285,59,Nữ,Cán bộ hành chính địa phương,An Giang,113827500.0,477800000,0.20762499999999998,64.75833333333334,Cần theo dõi,1592416.1666666667,1.351349747642652,61.833333333333336,25.5,73.72500000000001,12.916666666666666,0.5337222613486198,0.46627773865138017,0.20777641786785925,4.20940720242388,0.8570333333333333,0,0.30122191782302465,0.6631109457159071,-0.6631109457159081,-0.2699981527841174,0.5785976198521148,1.1042463527939348,Financially Stretched but Highly Engaged
KH00118290,77,Nữ,Kế toán viên công chứng,An Giang,170861666.66666666,457900000,0.24545000000000003,67.85000000000001,Cần theo dõi,1743405.3333333333,1.2439358656381405,61.833333333333336,25.0,72.20833333333333,13.083333333333334,0.5226322913322168,0.4773677086677832,0.17907298285321885,2.687300500277758,0.660075,0,0.9664335472555063,0.5713040471262182,-0.5713040471262187,-0.46696300908829597,-1.5071002125211204,-0.21984500448419178,Financially Stretched but Highly Engaged
KH00118325,55,Nam,Kỹ thuật viên chẩn đoán hình ảnh,Cà Mau,493132500.0,1631500000,0.18758333333333332,67.45,Cần theo dõi,1710209.9166666667,1.4584463423625331,183.0,30.166666666666668,79.3,14.0,0.4977502389021982,0.5022497610978017,0.19684748388523568,3.3203183514606227,0.6210083333333333,3,-0.0512420541499022,0.3653211580140473,-0.36532115801404824,-0.34499321558225804,-0.639694558105365,-0.48247839914972435,Financially Healthy Moderate Spenders
KH00118330,34,Nữ,Quản lý hệ thống thông tin,Hà Nội,448946666.6666667,1723800000,0.157275,67.675,Cần theo dõi,1459254.25,2.028284613584131,183.0,30.166666666666668,78.78333333333333,14.0,0.5071495513047726,0.4928504486952274,0.18634851772626504,3.854560473634688,0.6026916666666667,3,-0.5842613747592725,0.4431321637498262,-0.4431321637498267,-0.41703781093432385,0.09236163388816826,-0.6056158141400904,Financially Healthy Moderate Spenders
KH00118365,78,Nam,Giáo viên trung học,Lào Cai,341722500.0,1153700000,0.26014166666666666,62.60833333333333,Cần theo dõi,1644050.3333333333,1.2258457948146984,183.33333333333334,30.166666666666668,77.88333333333334,13.833333333333334,0.5302393950302917,0.46976060496970823,0.1743453946705271,3.390668773754779,0.8823249999999999,0,1.224809423591585,0.634278482290375,-0.634278482290376,-0.4994040297046182,-0.5432954534443188,1.274274585048604,Financially Stretched but Highly Engaged
KH00118370,62,Nam,Thư ký luật sư tranh tụng,Hưng Yên,230178333.33333334,1077800000,0.13748333333333335,73.43333333333332,Ổn định,2429750.75,1.6816915746747727,61.5,25.166666666666668,72.58333333333333,13.0,0.4882383102459398,0.5117616897540602,0.18572121397202912,4.701349296291046,0.6483833333333334,3,-0.9323287067491691,0.28657787302356946,-0.28657787302356996,-0.42134241049702875,1.2526913331149314,-0.29844454644574003,Financially Healthy Moderate Spenders
KH00118405,44,Nam,Trợ lý chính trị gia,Khánh Hòa,205511666.66666666,668000000,0.24907500000000002,64.175,Cần theo dõi,2706048.25,0.9876948991939988,61.916666666666664,25.5,73.99166666666666,13.5,0.3693128532756331,0.6306871467243669,0.20294400811942603,3.2601510580679136,0.809025,0,1.0301848270094451,-0.6979313142561493,0.6979313142561488,-0.3031584658692091,-0.7221400221664586,0.7815008351599477,Financially Stretched but Highly Engaged
KH00118410,48,Nam,Chuyên viên làm vườn thương mại,Tuyên Quang,114399166.66666667,348000000,0.28202499999999997,61.88333333333333,Cần theo dõi,1579223.8333333333,1.6932951249279753,61.25,26.333333333333332,72.15833333333333,13.666666666666666,0.5129884644269372,0.4870115355730627,0.15279335648655915,3.050840677261603,0.8687916666666666,0,1.6096619767728346,0.49146885934843554,-0.4914688593484365,-0.6472955312549458,-1.0089518514064229,1.1832940746098617,Financially Stretched but Highly Engaged
KH00118445,57,Nữ,Lập trình viên ứng dụng,Cần Thơ,311390833.3333333,853300000,0.25028333333333336,64.3,Cần theo dõi,1738098.5833333333,1.6017066059207679,122.08333333333333,29.416666666666668,78.625,13.583333333333334,0.49710780486589806,0.5028921951341019,0.22198924234421993,2.7478808700773136,0.6810999999999999,0,1.0514352535940916,0.3600028499993334,-0.36000284999933435,-0.17246881773292835,-1.4240887220670349,-0.0785002829097172,Financially Stretched but Highly Engaged
KH00118450,78,Nam,Người quay phim truyền hình,Đắk Lắk,129945833.33333333,463200000,0.21654166666666666,66.39999999999999,Ổn định,1630458.5833333333,1.1423241779629136,61.833333333333336,26.083333333333332,74.05,13.333333333333334,0.5226349935632569,0.4773650064367431,0.20283626443882832,3.57469703534705,0.7643416666666667,3,0.4580354105511048,0.5713264172003214,-0.5713264172003215,-0.3038978100820459,-0.2911269650215098,0.48110828776306563,Financially Healthy Moderate Spenders
KH00118485,56,Nữ,Sĩ quan huấn luyện quân đội,Gia Lai,86231666.66666667,334300000,0.2614916666666667,54.75833333333333,Có dấu hiệu căng thẳng tài chính,1396418.3333333333,1.276807788852577,61.333333333333336,25.583333333333332,71.70833333333333,13.083333333333334,0.5471738027546689,0.4528261972453311,0.16365289115843398,3.890700480067283,1.0189000000000001,0,1.2485512794999487,0.7744678110558103,-0.7744678110558113,-0.5727766910852906,0.14188321668662696,2.192427039223821,Financially Stretched but Highly Engaged
KH00118490,42,Nữ,Giáo viên giáo dục đặc biệt,Lạng Sơn,677365000.0,2644100000,0.19274166666666667,65.05,Cần theo dõi,1377994.0833333333,1.8678081166429752,363.5,30.416666666666668,79.74166666666666,14.0,0.5212065041779341,0.4787934958220659,0.19472942673373397,3.9153217219499066,0.7535249999999999,2,0.03947528416662276,0.5595008504998882,-0.5595008504998887,-0.35952746286927384,0.1756209768269112,0.40839110639022747,Financially Healthy & Highly Engaged
KH00118525,39,Nữ,Nhà tâm lý học pháp y,Phú Thọ,925152500.0,3382900000,0.15764166666666668,68.80833333333332,Cần theo dõi,1439052.5,2.0115221078676373,364.6666666666667,30.416666666666668,78.88333333333334,14.0,0.5387699318261102,0.46123006817388984,0.17775120447095671,3.6713265133089212,0.5838666666666666,2,-0.5778129694508278,0.7048974402650996,-0.7048974402650997,-0.4760331391614193,-0.1587184469824874,-0.7321706005200904,Financially Healthy & Highly Engaged
KH00118530,50,Nam,Chuyên viên kỹ xảo,Thái Nguyên,321311666.6666667,1488100000,0.21551666666666666,57.21666666666667,Cần theo dõi,1744347.25,2.2487644182805604,183.25,30.166666666666668,78.52499999999999,13.75,0.5040515948037059,0.49594840519629413,0.19023166019995041,4.643152134156899,0.992775,0,0.4400091866206807,0.41748612702402565,-0.41748612702402615,-0.3903914322361653,1.1729454816957625,2.0167965587894248,Financially Stretched but Highly Engaged
KH00118565,55,Nữ,Chuyên viên ngân hàng đầu tư doanh nghiệp,Cần Thơ,693876666.6666666,3344000000,0.118325,70.175,Ổn định,1632349.3333333333,2.0257858501867547,243.08333333333334,30.333333333333332,78.00833333333334,13.916666666666666,0.5215770868665175,0.4784229131334825,0.16551870248344075,4.836385886380741,0.5755666666666667,2,-1.2692578841153894,0.5625686718970196,-0.5625686718970202,-0.5599733712271195,1.4377279818886595,-0.7879689923901565,Financially Healthy & Highly Engaged
KH00118570,48,Nữ,Nhà miễn dịch học,Lâm Đồng,644526666.6666666,1765300000,0.31420833333333337,57.38333333333333,Cần theo dõi,1529055.8333333333,2.6703715893068654,364.5,30.416666666666668,79.36666666666666,14.0,0.47597400821689456,0.5240259917831054,0.1871955606606224,2.74597366691215,0.8638750000000001,0,2.1756560972549335,0.18504941704140723,-0.18504941704140818,-0.4112253466852167,-1.4267021062022391,1.150240810349482,Financially Stretched but Highly Engaged
KH00118605,84,Nữ,Luật sư tranh tụng,Thành phố Hồ Chí Minh,800931666.6666666,3161700000,0.11631666666666667,73.65833333333333,Ổn định,1515165.3333333333,1.4573748236370465,243.08333333333334,30.416666666666668,78.73333333333333,13.833333333333334,0.5346580603487934,0.4653419396512066,0.18172451974575474,3.954658820592089,0.461325,2,-1.3045775586457327,0.6708578380683841,-0.6708578380683845,-0.44876798877950097,0.22952344059911,-1.5559811953487281,Financially Healthy & Highly Engaged
KH00118610,46,Nam,Nhà thiết kế nội thất,Hải Phòng,209126666.66666666,568900000,0.26253333333333334,66.64166666666667,Cần theo dõi,2388304.4166666665,0.8766838909511142,61.5,25.916666666666668,73.98333333333333,13.333333333333334,0.448216345815488,0.5517836541845119,0.1990485617694143,2.7262806828228148,0.7103333333333334,0,1.2668706127625748,-0.04473884148440812,0.0447388414844072,-0.3298892745748344,-1.4536868203291626,0.11802658323505477,Financially Stretched but Highly Engaged
KH00118645,47,Nam,Giáo viên mầm non,Thanh Hóa,835093333.3333334,2034800000,0.2828583333333333,65.59166666666667,Cần theo dõi,2353660.4166666665,0.9050069276369926,243.58333333333334,30.333333333333332,79.02499999999999,14.0,0.37947665868351527,0.6205233413164847,0.18412418146663992,2.4422217697341932,0.6887583333333334,0,1.624317443382936,-0.6137915509396908,0.6137915509396901,-0.4323013524416651,-1.8429243543731846,-0.027015622138038996,Financially Stretched but Highly Engaged
KH00118650,29,Nữ,Tổng giám đốc điều hành,Thanh Hóa,1371522500.0,4696700000,0.0998,75.39166666666667,Ổn định,1523922.8333333333,2.4225267043104726,304.1666666666667,30.416666666666668,79.36666666666666,14.0,0.5013400702980587,0.49865992970194134,0.18808418355416143,3.4352624321145058,0.34496666666666664,2,-1.595048906857933,0.3950391181551823,-0.39503911815518233,-0.40512755802524475,-0.4821900812339903,-2.3382231086838026,Financially Healthy & Highly Engaged
KH00118685,38,Nam,Kỹ sư cơ khí,Thành phố Hồ Chí Minh,507756666.6666667,2368900000,0.11699166666666666,74.00833333333334,Cần theo dõi,2258174.0833333335,0.820849298376897,122.25,29.583333333333332,77.74166666666666,13.75,0.4440629305518751,0.5559370694481248,0.19780749435251702,4.6782582679241935,0.551125,3,-1.2927066306915511,-0.0791223586033348,0.0791223586033339,-0.33840556070255007,1.221050379334156,-0.9522829315015061,Financially Healthy Moderate Spenders
KH00118690,34,Nam,Quản trị viên giáo dục,Thành phố Hồ Chí Minh,421545000.0,1273400000,0.23465,67.14999999999999,Cần theo dõi,2380390.5,0.8923490246566992,122.41666666666667,29.0,77.35833333333333,13.916666666666666,0.38205391653143256,0.6179460834685674,0.189757781454027,3.0331580620653464,0.7176583333333334,0,0.7764986999885979,-0.5924560514267745,0.5924560514267737,-0.39364321931491747,-1.033181816449952,0.16727034473484226,Financially Stretched but Highly Engaged
KH00118725,53,Nam,Kỹ sư điện tử,Bắc Ninh,144300000.0,401300000,0.23370833333333332,68.8,Cần theo dõi,1542820.6666666667,1.1328079295396292,61.083333333333336,25.166666666666668,70.89999999999999,12.833333333333334,0.5687028024075166,0.43129719759248336,0.15664775196198405,2.79174343642385,0.6572916666666667,3,0.7599380227191836,0.9526928815422961,-0.9526928815422973,-0.6208464163469455,-1.3639851436370154,-0.23855651340447445,Financially Healthy Moderate Spenders
KH00118730,81,Nam,Quản lý bất động sản,Cà Mau,141385000.0,555000000,0.176125,67.47500000000001,Cần theo dõi,1596278.3333333333,1.3660150074625559,61.083333333333336,24.833333333333332,73.8,13.0,0.5126122057442357,0.4873877942557643,0.21423868300432705,3.93862091035904,0.6926666666666668,3,-0.2527547200387896,0.48835404995984594,-0.4883540499598465,-0.22565366497787875,0.20754716616203964,-0.0007410781751258467,Financially Healthy Moderate Spenders
KH00118765,54,Nam,Kế toán viên công chứng,Sơn La,273570000.0,924700000,0.1945,64.2,Ổn định,19980444.0,0.3492164006000138,9.0,2.0,57.7,5.0,0.0393829522199483,0.9606170477800516,0.648322804519975,3.3801220894103885,0.6573,1,0.0703983187139357,-3.429213808539196,3.4292138085391954,2.753060087388193,-0.5577472633238791,-0.23850049092267758,Low-Engagement Online Discretionary Spenders
KH00118770,33,Nữ,Chuyên viên trưng bày bán lẻ,Vĩnh Long,193035833.33333334,643600000,0.21230833333333332,64.50833333333334,Cần theo dõi,2219854.5,1.4064186646503218,61.0,25.916666666666668,76.51666666666667,13.166666666666666,0.43662403872190997,0.5633759612780901,0.2558342818956746,3.347117932640719,0.7139166666666666,0,0.38358564017179203,-0.14070427332836552,0.14070427332836555,0.05977806660204131,-0.6029718840004376,0.1421162504078741,Financially Stretched but Highly Engaged
KH00118805,35,Nam,Chuyên viên nhân sự,Tuyên Quang,208963333.33333334,631200000,0.2459916666666667,65.96666666666667,Cần theo dõi,2515149.0833333335,0.8776709746879211,61.333333333333336,24.916666666666668,74.075,13.083333333333334,0.40087290275846477,0.5991270972415352,0.214631306245599,3.026790940219827,0.7440000000000001,0,0.9759596005520719,-0.4366654805279833,0.43666548052798293,-0.22295945850888413,-1.04190649535251,0.34435740969596623,Financially Stretched but Highly Engaged
KH00118810,36,Nữ,Cán bộ phát triển thể thao,Hải Phòng,600958333.3333334,2767100000,0.20195833333333335,61.43333333333334,Cần theo dõi,2290813.75,1.3186431511660104,244.08333333333334,30.416666666666668,83.30833333333334,14.0,0.4411405283983434,0.5588594716016565,0.26805517465316847,4.6139422894154825,0.9333583333333334,2,0.20156474487433915,-0.10331509111304793,0.10331509111304656,0.143638635368839,1.1329200946613116,1.6173562635749958,Financially Healthy & Highly Engaged
KH00118845,35,Nữ,Bác sĩ phẫu thuật,Cần Thơ,692340000.0,3067500000,0.08795000000000001,75.55833333333334,Ổn định,2221851.0,1.4053380495906718,122.33333333333333,29.166666666666668,81.89999999999999,14.0,0.4451235980450927,0.5548764019549073,0.2760159604534095,4.434767686628114,0.39055,2,-1.8034496420535677,-0.07034175839944075,0.07034175839944029,0.19826607039231436,0.887402431462642,-2.0317801332528163,Financially Healthy & Highly Engaged
KH00118850,74,Nam,Thông dịch viên,Quảng Ninh,324085000.0,1388300000,0.19858333333333333,63.50833333333333,Cần theo dõi,1521411.5833333333,1.4353295482802169,182.16666666666666,30.0,77.60000000000001,13.75,0.5284110722554455,0.47158892774455446,0.17360283645776534,4.295319159977784,0.8441916666666667,3,0.1422101051034301,0.6191429460056728,-0.6191429460056738,-0.5044995129316086,0.696320236402237,1.0179157083443648,Financially Healthy Moderate Spenders
KH00118885,30,Nam,Chuyên viên trắc địa,Nghệ An,135206666.66666666,662700000,0.13643333333333332,68.68333333333334,Ổn định,1476298.5,1.589550612241671,61.333333333333336,24.916666666666668,73.46666666666667,13.25,0.5002690227414784,0.4997309772585215,0.20050400834378215,4.912830446299973,0.672675,3,-0.9507945946778966,0.38617258792414816,-0.3861725879241491,-0.3199019045881915,1.5424777032422683,-0.13513901200674155,Financially Healthy Moderate Spenders
KH00118890,62,Nam,Thủ thư học thuật,Hà Tĩnh,482993333.3333333,1861600000,0.20350833333333332,64.05833333333334,Cần theo dõi,1561235.6666666667,1.6267515514809372,243.58333333333334,30.333333333333332,79.51666666666667,13.833333333333334,0.53557043243849,0.46442956756151,0.19854117696214132,3.868078655713908,0.7885166666666666,0,0.22882391276912628,0.6784107937383227,-0.6784107937383232,-0.33337098244723606,0.110885199299517,0.6436295074569026,Financially Stretched but Highly Engaged
KH00118925,54,Nam,Chuyên viên vi lượng đồng căn,Phú Thọ,272010000.0,802300000,0.2202,63.6,Ổn định,16061182.0,0.5935805860823975,11.0,2.0,55.0,6.0,0.1337386018237082,0.8662613981762918,0.6587141215692268,2.9495239145619645,0.6495,1,0.5223729089694481,-2.6481026295437573,2.6481026295437564,2.8243659874790046,-1.1477832172021059,-0.2909375338849086,Low-Engagement Online Discretionary Spenders
KH00118930,67,Nam,Nhà hóa sinh lâm sàng,Thành phố Hồ Chí Minh,118979166.66666667,543800000,0.17842499999999997,66.03333333333333,Cần theo dõi,1594031.5,1.1960469736914767,61.166666666666664,25.416666666666668,71.76666666666667,13.416666666666666,0.5075964108997635,0.4924035891002365,0.15481912463534908,4.591021535557432,0.8139833333333333,3,-0.21230563219491164,0.44683143376232226,-0.4468314337623228,-0.6333945771660544,1.101512463007964,0.8148342118293143,Financially Healthy Moderate Spenders
KH00118965,68,Nữ,Kỹ sư hàng không,Cần Thơ,377623333.3333333,1250800000,0.17324166666666665,69.50833333333334,Ổn định,1764172.5,1.4305221520869893,122.5,29.25,74.05,13.583333333333334,0.48811812600656684,0.5118818739934331,0.129856444176747,3.325671154933595,0.570125,3,-0.3034626345097391,0.2855829431671434,-0.28558294316714433,-0.8046901300149679,-0.6323597696933849,-0.8245516730037642,Financially Healthy Moderate Spenders
KH00118970,56,Nam,Kỹ sư cơ khí,Cần Thơ,156965000.0,622000000,0.17843333333333333,68.21666666666667,Cần theo dõi,1726200.25,1.3637912368730216,61.416666666666664,25.416666666666668,71.325,13.083333333333334,0.47935744533223335,0.5206425546677667,0.1568542281523091,3.9809645683030492,0.7017416666666666,3,-0.21215907752881014,0.21305876852505057,-0.21305876852505107,-0.6194295631676356,0.2655694292951374,0.06026740450208394,Financially Healthy Moderate Spenders
KH00119005,83,Nam,Kỹ sư công trường,Ninh Bình,218128333.33333334,1003400000,0.110525,72.22500000000001,Ổn định,1790241.3333333333,1.5296359790861267,61.666666666666664,24.75,73.75833333333334,13.583333333333334,0.5016120706207748,0.4983879293792251,0.1968962233596583,4.6091592879054355,0.50885,3,-1.406433051585934,0.3972908380432458,-0.3972908380432467,-0.3446587621075746,1.1263660890402356,-1.2364849816589814,Financially Healthy Moderate Spenders
KH00119010,70,Nữ,Kỹ thuật viên y tế,Gia Lai,138763333.33333334,368600000,0.29335,59.36666666666667,Cần theo dõi,1823664.0833333333,1.3328577736810054,61.75,25.666666666666668,72.64166666666667,13.083333333333334,0.49861557123878536,0.5013844287612147,0.1789342255534168,2.6652464190971,0.7756666666666666,0,1.8088297680041068,0.3724847011033371,-0.37248470110333715,-0.46791517079307904,-1.537320268216707,0.5572428405255349,Financially Stretched but Highly Engaged
KH00119045,55,Nữ,Bác sĩ phẫu thuật thần kinh,Phú Thọ,349780000.0,1073600000,0.18610000000000002,70.19166666666666,Cần theo dõi,1597350.6666666667,1.763227919407276,122.08333333333333,29.5,75.60833333333333,13.583333333333334,0.5450687488274252,0.45493125117257477,0.1637352776610296,3.0815997343325905,0.5704333333333333,3,-0.07732878471588141,0.7570413913145086,-0.7570413913145096,-0.5722113494933566,-0.9668036244993681,-0.8224788411772656,Financially Healthy Moderate Spenders
KH00119050,22,Nữ,Chuyên viên thẩm định bồi thường,Phú Thọ,712389166.6666666,3341400000,0.14140833333333333,64.81666666666666,Cần theo dõi,1326428.9166666667,2.5447203827331975,365.25,30.416666666666668,79.85833333333333,14.0,0.424419253723679,0.575580746276321,0.1971285436564533,4.703772182488311,0.6680666666666667,2,-0.8633014590155941,-0.24174002518200072,0.24174002518200075,-0.34306456497223425,1.2560113424694646,-0.16611944444062363,Financially Healthy & Highly Engaged
KH00119085,53,Nữ,Nhà hóa học phân tích,Thái Nguyên,118006666.66666667,503500000,0.24304166666666668,59.98333333333333,Có dấu hiệu căng thẳng tài chính,2003618.0833333333,1.6859721280085556,61.25,25.75,71.175,12.916666666666666,0.4589888602530046,0.5410111397469953,0.15486037512017883,4.28168989739565,1.0561583333333333,0,0.9240792487523145,0.04444004169185341,-0.04444004169185433,-0.6331115136298322,0.6776444606604172,2.4429035553393477,Financially Stretched but Highly Engaged
KH00119090,23,Nữ,Quản lý năng lượng,Đồng Tháp,1142936666.6666667,4121600000,0.169925,67.76666666666667,Cần theo dõi,1904108.0,1.6510494514348493,366.0,30.416666666666668,83.43333333333334,14.0,0.2527114412543994,0.7472885587456005,0.2685781225457769,3.615081475841148,0.6118416666666667,2,-0.36179139161794066,-1.663201192625038,1.6632011926250372,0.14722713815499178,-0.23578935966087117,-0.5441031291267042,Financially Healthy & Highly Engaged
KH00119125,43,Nữ,Kỹ sư điều khiển và tự động hóa,Vĩnh Long,1267239166.6666667,4607400000,0.17355,67.69166666666666,Cần theo dõi,2213238.75,1.3514401114698051,365.5,30.416666666666668,82.85833333333333,14.0,0.4359085062378101,0.5640914937621899,0.2571611599850249,3.648235731728463,0.6382916666666666,2,-0.29804011186400137,-0.14662771749532222,0.14662771749532177,0.06888319120015124,-0.19035906259915955,-0.3662877719022172,Financially Healthy & Highly Engaged
KH00119130,54,Nam,Nhà khoa học thổ nhưỡng,Đồng Nai,158846666.66666666,494200000,0.20626666666666668,68.24166666666666,Cần theo dõi,1658112.6666666667,1.347936131660205,61.416666666666664,24.75,73.88333333333334,13.416666666666666,0.5328081442564618,0.4671918557435381,0.2023552130550611,3.1230879456781877,0.6409666666666667,3,0.2773335072485608,0.6555435442662443,-0.6555435442662453,-0.3071988162727791,-0.909953554559759,-0.34830455524529763,Financially Healthy Moderate Spenders
KH00119165,53,Nam,Quản lý bán lẻ,Quảng Ngãi,306268333.3333333,1463700000,0.13309166666666666,69.45833333333333,Cần theo dõi,1610072.5833333333,1.3382380929661746,121.75,28.916666666666668,79.08333333333333,13.833333333333334,0.5056384946503559,0.49436150534964396,0.22953475282681457,4.789811913330548,0.6380666666666667,3,-1.0095630157844013,0.4306230744709448,-0.4306230744709462,-0.12069102921431103,1.3739090429806096,-0.3678003789107425,Financially Healthy Moderate Spenders
KH00119170,38,Nam,Nhân viên nghệ thuật cộng đồng,Đà Nẵng,289247500.0,1085200000,0.2506,60.324999999999996,Cần theo dõi,1492664.3333333333,1.8489153001321637,182.66666666666666,30.166666666666668,80.98333333333333,14.0,0.5021968650827271,0.4978031349172729,0.23187817004969638,3.765752829512055,0.9550833333333334,0,1.0570043309059294,0.40213198421269913,-0.40213198421269963,-0.10461034631589747,-0.02932885639322059,1.76340687362044,Financially Stretched but Highly Engaged
KH00119205,75,Nam,Chuyên viên tư vấn quản lý,Gia Lai,381513333.3333333,1101600000,0.26174166666666665,62.99166666666667,Cần theo dõi,1574295.5833333333,1.7832871888847006,182.91666666666666,30.083333333333332,79.45,14.0,0.5231539515429116,0.47684604845708845,0.20159619007812427,2.894185847100902,0.7561249999999999,0,1.2529479194829785,0.5756225444702773,-0.5756225444702778,-0.31240728179294003,-1.2236113356832383,0.42587012071097136,Financially Stretched but Highly Engaged
KH00119210,36,Nam,Chuyên viên dự toán xây dựng,Gia Lai,243936666.66666666,931100000,0.20911666666666665,63.291666666666664,Cần theo dõi,1608172.8333333333,2.093812667516012,122.25,29.666666666666668,77.31666666666666,13.916666666666666,0.47957765217671944,0.5204223478232806,0.18416505428823213,3.8309618237423315,0.8049666666666666,0,0.32745520305510534,0.2148817227269635,-0.214881722726964,-0.4320208804553837,0.060025101332319905,0.7542178865246841,Financially Stretched but Highly Engaged
KH00119245,51,Nữ,Chuyên viên kinh doanh,Nghệ An,544490833.3333334,1493500000,0.24005,63.89166666666666,Cần theo dõi,1973114.0833333333,2.3492096158614912,182.91666666666666,29.833333333333332,78.75833333333334,14.0,0.43597051091783373,0.5640294890821663,0.18964754223021996,2.7523920751681925,0.6636666666666667,0,0.8714661236220521,-0.14611441968093697,0.14611441968093697,-0.3943996881091633,-1.4179071510469672,-0.1956993148295741,Financially Stretched but Highly Engaged
KH00119250,62,Nam,Chuyên viên quan hệ công chúng,Lào Cai,90300000.0,412000000,0.23053333333333334,57.15,Có dấu hiệu căng thẳng tài chính,1524071.0833333333,1.26820221578689,61.5,25.416666666666668,74.01666666666667,13.25,0.5384295058329835,0.4615704941670164,0.21302390278989122,4.579384740410494,1.0538833333333333,0,0.7041006949346995,0.7020792672148526,-0.7020792672148536,-0.23398956659576775,1.0855669065108287,2.427609417808697,Financially Stretched but Highly Engaged
KH00119285,51,Nam,Nhà khoa học biển,Sơn La,209669166.66666666,725400000,0.15721666666666667,71.95,Ổn định,1957407.5,1.2312868336290037,61.583333333333336,25.583333333333332,74.45833333333333,13.083333333333334,0.4955479459519361,0.5044520540480639,0.21662490441420643,3.473157600006648,0.5457083333333334,3,-0.5852872574219795,0.347089757455664,-0.3470897574556645,-0.20927925693692068,-0.4302634525563688,-0.9886975446697217,Financially Healthy Moderate Spenders
KH00119290,52,Nữ,Người bán sách,Cà Mau,423063333.3333333,1797000000,0.16864166666666666,66.08333333333333,Cần theo dõi,1741126.8333333333,1.6041289204013092,183.0,29.75,79.96666666666667,14.0,0.4882428637147241,0.5117571362852759,0.2147741372737688,4.259387844410742,0.7185916666666667,3,-0.384360810197496,0.28661556833260043,-0.2866155683326014,-0.22197934261248042,0.647084616529574,0.1735448626961349,Financially Healthy Moderate Spenders
KH00119325,21,Nữ,Nhà môi giới tàu biển,Đà Nẵng,216170000.0,594000000,0.2576,60.4,Ổn định,21862714.0,0.3534636398575418,7.0,2.0,49.0,4.0,0.0510719489803252,0.9489280510196748,0.7344075693123975,2.7478373502336124,0.708,1,1.1801102504307772,-3.332447943653369,3.332447943653369,3.343779397417468,-1.4241483560227521,0.1023402883318228,Low-Engagement Online Discretionary Spenders
KH00119330,48,Nữ,Chuyên viên làm vườn thương mại,Cà Mau,212489166.66666666,553900000,0.261,65.15833333333333,Cần theo dõi,2447984.3333333335,1.150437689271074,61.083333333333336,25.083333333333332,74.85000000000001,13.333333333333334,0.4417046593386187,0.5582953406613813,0.22259882362679298,2.614435295576524,0.6887833333333333,0,1.2399045541999891,-0.09864500526533537,0.09864500526533493,-0.16828583093478114,-1.6069452491972718,-0.026847554692647626,Financially Stretched but Highly Engaged
KH00119365,26,Nam,Nhà hóa học phân tích,Lạng Sơn,263119166.66666666,914100000,0.21893333333333334,60.94166666666666,Cần theo dõi,1667373.1666666667,2.217227378010518,121.91666666666667,28.666666666666668,79.10833333333333,13.833333333333334,0.44360163746633713,0.5563983625336629,0.22998565409644356,3.4812404417039535,0.7615833333333333,0,0.5000965997220947,-0.08294111442156266,0.08294111442156267,-0.11759691508704555,-0.41918777344417746,0.46256484628817357,Financially Stretched but Highly Engaged
KH00119370,37,Nữ,Chuyên viên công nghệ màu sắc,Khánh Hòa,284247500.0,1381700000,0.18465833333333334,62.175000000000004,Cần theo dõi,1407873.0,1.8258776171479978,182.5,30.083333333333332,78.11666666666666,14.0,0.5456023625334209,0.454397637466579,0.17540760835603866,4.883818114872458,0.90085,0,-0.10268274195135613,0.7614588441407972,-0.7614588441407987,-0.49211504962873515,1.5027229628649068,1.3988125620839031,Financially Stretched but Highly Engaged
KH00119405,43,Nữ,Nhân viên cấp cứu,Bắc Ninh,494583333.3333333,2460800000,0.15606666666666666,65.99166666666666,Cần theo dõi,2095736.1666666667,1.2578136969161922,182.66666666666666,30.25,81.69166666666666,13.833333333333334,0.465766074128324,0.5342339258716761,0.24962846842764055,4.988462525439537,0.7779916666666667,3,-0.6055118013439189,0.10054434008506821,-0.10054434008506823,0.017193366988270262,1.6461141061940816,0.57287311294697,Financially Healthy Moderate Spenders
KH00119410,37,Nữ,Công chức diện đào tạo nhanh,Phú Thọ,189993333.33333334,667100000,0.20323333333333335,66.93333333333334,Cần theo dõi,2234747.0,1.1389326303773872,61.583333333333336,24.083333333333332,76.20833333333333,13.166666666666666,0.466651548928458,0.5333484510715419,0.26211858475166766,3.5176821586921707,0.7172833333333334,0,0.2239876087877935,0.10787462998300208,-0.10787462998300301,0.10290136555114872,-0.36925276558755554,0.1647493330539657,Financially Stretched but Highly Engaged
KH00119445,51,Nữ,Nhà văn khoa học,Hà Nội,456141666.6666667,1374400000,0.20845,67.46666666666667,Cần theo dõi,1554014.1666666667,1.56218689562278,183.08333333333334,30.333333333333332,76.98333333333333,13.916666666666666,0.5455759694092822,0.45442403059071773,0.15274703348726137,3.0196906066268103,0.6328166666666667,3,0.31573082976702493,0.7612403520377817,-0.7612403520377827,-0.6476134027186089,-1.0516358726446546,-0.4030945424430131,Financially Healthy Moderate Spenders
KH00119450,61,Nam,Chuyên viên pháp lý nhà đất,Sơn La,248203333.33333334,851200000,0.24983333333333332,61.26666666666667,Cần theo dõi,1746583.5833333333,1.443628146227078,121.83333333333333,29.916666666666668,79.75,13.916666666666666,0.4942889611627657,0.5057110388372342,0.23071020323352895,3.438808036808838,0.8634916666666667,0,1.0435213016246365,0.3366674128781434,-0.33666741287814433,-0.11262501132017759,-0.47733164390170973,1.1476637761868076,Financially Stretched but Highly Engaged
KH00119485,52,Nam,Bác sĩ đo mắt,Đồng Tháp,220913333.33333334,587100000,0.17173333333333332,73.60833333333333,Ổn định,1632342.5,1.2940530533077081,61.916666666666664,26.0,70.90833333333333,13.083333333333334,0.5686029823501693,0.43139701764983074,0.14199626509883506,2.6654453597771326,0.4553416666666667,3,-0.3299890290740217,0.9518665339625869,-0.9518665339625875,-0.7213858815075007,-1.5370476656819898,-1.596205337279157,Financially Healthy Moderate Spenders
KH00119490,56,Nam,Giám đốc công nghệ,Hưng Yên,1253489166.6666667,5889600000,0.06560833333333334,77.16666666666667,Ổn định,1625657.1666666667,1.8992714554051127,243.58333333333334,30.416666666666668,80.075,13.666666666666666,0.49004796108586574,0.5099520389141342,0.21216550222994016,4.717687301456505,0.30996666666666667,2,-2.1963627018703735,0.30155883608281087,-0.3015588360828118,-0.2398799676176646,1.2750788187694213,-2.573517532232274,Financially Healthy & Highly Engaged
KH00119525,56,Nam,Nhà sản xuất truyền hình,Đắk Lắk,235855833.33333334,1060200000,0.24945000000000003,60.15833333333333,Có dấu hiệu căng thẳng tài chính,1929715.3333333333,2.0427612452211092,122.5,29.333333333333332,77.25833333333334,13.833333333333334,0.47147984872583065,0.5285201512741694,0.18732354657453773,4.5139641913624065,1.1443166666666666,0,1.0367797869839908,0.14784509241007548,-0.1478450924100755,-0.4103470989378501,0.9959230614703486,3.0355653902725104,Financially Stretched but Highly Engaged
KH00119530,20,Nữ,Bác sĩ chuyên khoa bàn chân,Quảng Trị,500387500.0,2389300000,0.11229166666666666,69.34166666666667,Cần theo dõi,1492202.6666666667,2.644613201355423,183.58333333333334,29.75,81.60000000000001,14.0,0.3977823555863538,0.6022176444136462,0.2539125172452716,4.788761233448594,0.542125,2,-1.3753634623725202,-0.4622501800715329,0.46225018007153246,0.046590791350002304,1.3724693273882527,-1.0127872118425418,Financially Healthy & Highly Engaged
KH00119565,53,Nam,Chuyên viên chăm sóc bàn chân,Thanh Hóa,115741666.66666667,511300000,0.26215,61.175000000000004,Cần theo dõi,2004915.25,1.573137256098562,61.916666666666664,24.416666666666668,73.40833333333333,12.75,0.5357406134757509,0.46425938652424903,0.2139657663544435,4.433614839817058,1.1378333333333333,0,1.2601290981219282,0.6798196156924476,-0.6798196156924491,-0.22752643695447017,0.885822719546593,2.9919798994342455,Financially Stretched but Highly Engaged
KH00119570,26,Nữ,Chuyên viên thuế cấp cao,Gia Lai,460414166.6666667,1598100000,0.20877500000000002,65.23333333333333,Cần theo dõi,1373428.0833333333,1.519437176828286,244.16666666666666,30.25,79.55,14.0,0.5342504494966941,0.46574955050330596,0.1948666835850973,3.4819038762650583,0.7222583333333334,0,0.3214464617449646,0.6674834837547667,-0.6674834837547668,-0.3585855973402265,-0.418278688671036,0.19819475468692746,Financially Stretched but Highly Engaged
KH00119605,35,Nữ,Phi công hàng không,Bắc Ninh,1174162500.0,5061700000,0.11391666666666667,71.675,Cần theo dõi,2333329.5,1.6350068378920193,243.0,30.333333333333332,82.01666666666667,14.0,0.4301603485468141,0.5698396514531858,0.24320959824908261,4.321906701077344,0.49225,2,-1.3467853024828234,-0.19421310586285284,0.19421310586285195,-0.026853341766621977,0.7327523582510527,-1.3480817653991137,Financially Healthy & Highly Engaged
KH00119610,83,Nữ,Kỹ sư dầu khí,An Giang,374336666.6666667,1274400000,0.15774166666666667,71.21666666666667,Cần theo dõi,1624613.6666666667,1.2970173653665629,122.08333333333333,28.75,77.6,13.416666666666666,0.5197189571112587,0.48028104288874124,0.211920736755057,3.417275581684349,0.542275,3,-0.5760543134576159,0.5471863823367042,-0.5471863823367051,-0.24155956438244197,-0.5068369308277173,-1.0117788071701914,Financially Healthy Moderate Spenders
KH00119645,58,Nữ,Kỹ sư vật liệu,Tây Ninh,400489166.6666667,1208000000,0.15958333333333333,72.68333333333334,Cần theo dõi,1539316.5,1.3207244576190809,122.5,29.0,77.90833333333333,13.75,0.5325972514646276,0.46740274853537245,0.20505809727535032,3.028740055498764,0.4827166666666667,3,-0.543665732249293,0.6537976952581236,-0.653797695258124,-0.2886514472284624,-1.0392356802863965,-1.4121714845751738,Financially Healthy Moderate Spenders
KH00119650,59,Nữ,Kỹ sư xây dựng dân dụng,Thành phố Hồ Chí Minh,690857500.0,3002000000,0.10360000000000001,73.96666666666667,Cần theo dõi,1650072.6666666667,1.5297129016406241,182.58333333333334,30.083333333333332,77.75833333333334,14.0,0.4889841212802726,0.5110158787197273,0.16873573607706915,4.360973995304149,0.4485333333333333,2,-1.5282199791158726,0.29275197429659267,-0.29275197429659405,-0.5378978754137599,0.7862851170061692,-1.641975704907515,Financially Healthy & Highly Engaged
KH00119685,63,Nữ,Chuyên viên kinh doanh,Huế,315680000.0,1054500000,0.1955,64.8,Ổn định,18744455.0,0.4005909790925021,11.0,2.0,52.0,4.0,0.1078379544980576,0.8921620455019424,0.4452225870439257,3.340408008109478,0.6532,1,0.08798487864605682,-2.862517826240975,2.8625178262409756,1.3593730555011267,-0.6121662952926719,-0.2660635519669271,Low-Engagement Online Discretionary Spenders
KH00119690,37,Nữ,Chuyên viên dựng phim,Thái Nguyên,533875833.3333333,2590400000,0.13636666666666666,67.31666666666666,Cần theo dõi,1430924.3333333333,1.9133608002801274,243.0,30.416666666666668,78.79166666666667,14.0,0.528753082083888,0.471246917916112,0.17763685505560856,4.864941245258937,0.6589583333333333,2,-0.9519670320067046,0.6219742306340408,-0.6219742306340409,-0.4768178123599765,1.476856546286226,-0.2273520170450239,Financially Healthy & Highly Engaged
KH00119725,28,Nam,Chuyên viên tiếp thị,Đồng Tháp,236457500.0,799200000,0.18571666666666667,68.45833333333333,Cần theo dõi,2491804.9166666665,0.9059554861738305,61.333333333333336,25.916666666666668,73.325,13.083333333333334,0.40217871967079066,0.5978212803292093,0.19100481161320412,3.389702733229982,0.6317166666666667,3,-0.08407029935652806,-0.4258554422078357,0.42585544220783533,-0.38508601645804624,-0.5446191902268411,-0.41048951004025075,Financially Healthy Moderate Spenders
KH00119730,60,Nữ,Thanh tra công trình di tích,Ninh Bình,257131666.66666666,760700000,0.28514999999999996,59.50833333333333,Cần theo dõi,1834876.3333333333,1.7462559718349724,122.5,29.5,78.13333333333334,13.75,0.48789056414217263,0.5121094358578273,0.20604470878665135,2.9630138906724084,0.849025,0,1.6646199765607128,0.28369910137348486,-0.2836991013734858,-0.2818812542375421,-1.1292983015962232,1.050408747786773,Financially Stretched but Highly Engaged
KH00119765,52,Nữ,Chuyên viên tư vấn hướng nghiệp bậc đại học,Hà Nội,265664166.66666666,905400000,0.21829166666666666,64.56666666666666,Cần theo dõi,1635353.25,1.3262641911427837,122.25,28.75,75.5,13.416666666666666,0.4916674806329604,0.5083325193670396,0.16992497065973702,3.4228491320427565,0.7520083333333334,0,0.48881189043231676,0.31496582154843644,-0.31496582154843694,-0.5297372695988928,-0.49919965948217837,0.3981950147031281,Financially Stretched but Highly Engaged
KH00119770,34,Nam,Giám đốc tài chính,Ninh Bình,422468333.3333333,1160100000,0.14479166666666668,75.69166666666666,Ổn định,2681534.4166666665,0.8757141666893404,62.0,25.416666666666668,74.84166666666667,13.333333333333334,0.35915135979919194,0.640848640200808,0.22084240243661388,2.755000363466102,0.3957583333333334,3,-0.803800264578584,-0.7820519385438247,0.7820519385438238,-0.18033850850305078,-1.4143330906729579,-1.9967660821295314,Financially Healthy Moderate Spenders
KH00119805,70,Nữ,Biên tập viên đặt bài,Đồng Nai,447466666.6666667,1329800000,0.2523,63.083333333333336,Cần theo dõi,1839209.75,2.065231643977731,182.91666666666666,30.416666666666668,79.20833333333333,14.0,0.4955303135130246,0.5044696864869754,0.19481772344232487,2.983589281622575,0.7512416666666667,0,1.0869014827905359,0.34694378956498095,-0.346943789564981,-0.35892156505561956,-1.101104451424953,0.3930409463777805,Financially Stretched but Highly Engaged
KH00119810,93,Nữ,Nhà giao dịch tài chính,Đắk Lắk,190029166.66666666,825300000,0.12413333333333333,73.59166666666667,Cần theo dõi,1621066.3333333333,1.2354658645741938,61.25,25.416666666666668,74.84166666666667,13.0,0.5133158538895564,0.48668414611044364,0.22855518343204717,4.355799233368031,0.538425,3,-1.167109281842986,0.49417911114799407,-0.49417911114799457,-0.12741289873905332,0.7791942936506244,-1.0376611937605227,Financially Healthy Moderate Spenders
KH00119845,49,Nữ,Tổng giám đốc điều hành,Thành phố Hồ Chí Minh,676452500.0,3251800000,0.08006666666666666,75.36666666666666,Ổn định,1412287.0,1.7582865402043508,182.66666666666666,30.166666666666668,78.63333333333334,14.0,0.5437699176817224,0.4562300823182775,0.1836332697132649,4.83455849257889,0.3872,2,-1.9420903561851228,0.7462891837700075,-0.7462891837700085,-0.4356700211362734,1.4352239581654611,-2.054301170935313,Financially Healthy & Highly Engaged
KH00119850,31,Nam,Chuyên viên dinh dưỡng vật nuôi,Đồng Nai,128547500.0,579000000,0.177725,62.90833333333333,Cần theo dõi,1725773.0833333333,1.83568994649184,61.75,25.583333333333332,82.14999999999999,13.583333333333334,0.4422791016536933,0.5577208983463067,0.3599805078897311,4.521112772320157,0.8024,0,-0.22461622414739602,-0.09388955801997086,0.09388955801996995,0.7744363096687326,1.0057185507005728,0.7369629621311299,Financially Stretched but Highly Engaged
KH00119885,32,Nam,Giảng viên giáo dục thường xuyên,Bắc Ninh,265774166.66666666,1340500000,0.12979166666666667,68.49166666666666,Cần theo dõi,1420432.5833333333,1.69146413172231,122.0,29.25,77.47500000000001,14.0,0.5225825962322914,0.4774174037677085,0.18739583487346675,5.054472569677423,0.6539666666666667,3,-1.067598663560401,0.5708926525965212,-0.5708926525965222,-0.4098510518827236,1.7365657190722716,-0.26090948364157945,Financially Healthy Moderate Spenders
KH00119890,48,Nữ,Nghiên cứu viên lâm sàng,Đồng Tháp,178702500.0,506100000,0.27523333333333333,63.1,Cần theo dõi,2263314.25,1.1556895502350077,60.916666666666664,26.166666666666668,80.06666666666666,13.25,0.45208072406512373,0.5479192759348762,0.31910104144771506,2.8431601422481187,0.7818333333333333,0,1.4902199239005127,-0.0127480803234888,0.012748080323487882,0.4939187259915073,-1.2935303511219798,0.5986994770555036,Financially Stretched but Highly Engaged
KH00119925,27,Nữ,Nhà văn,Nghệ An,199288333.33333334,664500000,0.20956666666666668,67.10000000000001,Cần theo dõi,2231577.4166666665,1.2342169707794768,61.75,24.916666666666668,75.5,12.916666666666666,0.4771700602462849,0.5228299397537152,0.24869124160266745,3.343914739467793,0.6974,0,0.33536915502456044,0.19495078081496273,-0.19495078081496275,0.010762054958504772,-0.6073611249439437,0.031079691485714586,Financially Stretched but Highly Engaged
KH00119930,72,Nam,Kiểm soát viên không lưu,Thành phố Hồ Chí Minh,232430000.0,622600000,0.2489,61.7,Ổn định,19368625.0,0.5127404826497141,8.0,2.0,52.0,4.0,0.0490483965691937,0.9509516034308064,0.9509516034308064,2.678655939422622,0.6666,1,1.0271071790213238,-3.349199663515992,3.349199663515993,4.829718782090585,-1.5189455987952587,-0.17597940123694095,Low-Engagement Online Discretionary Spenders
KH00119965,46,Nam,Kỹ sư ô tô,Hà Nội,717057500.0,2215000000,0.15995833333333334,70.10000000000001,Cần theo dõi,1463658.1666666667,2.036830059379838,243.75,30.416666666666668,80.075,14.0,0.48951637660358416,0.5104836233964158,0.20288589215934005,3.0964766243692208,0.49005000000000004,2,-0.5370707722747474,0.29715818192554144,-0.29715818192554194,-0.3035572614043594,-0.9464182617267679,-1.362871700593589,Financially Healthy & Highly Engaged
KH00119970,33,Nữ,Cán bộ du lịch,An Giang,556341666.6666666,1677300000,0.2722583333333333,60.525,Cần theo dõi,1486612.0,2.3116446481667867,304.0833333333333,30.416666666666668,79.96666666666667,14.0,0.503069294997062,0.49693070500293796,0.19975478054856585,3.0219221002902237,0.8276,0,1.4378999081024522,0.40935428369173177,-0.4093542836917327,-0.32504315492804126,-1.048578122823191,0.9063749470860296,Financially Stretched but Highly Engaged
