consumer_id,analysis_month,age,gender,occupation,province_city,monthly_income_vnd,credit_limit_vnd,opening_balance_vnd,ending_balance_vnd,total_spend_vnd,essential_spend_vnd,discretionary_spend_vnd,online_spend_vnd,transaction_count,active_transaction_days,average_transaction_value_vnd,category_diversity,essential_spend_ratio,discretionary_spend_ratio,online_spend_ratio,spend_to_income_ratio,credit_utilization_ratio,transaction_recency_days,spending_volatility,engagement_score,financial_health_score,engagement_segment,financial_health_segment,next_month_low_health_flag,month,health_band,age_group,low60,stress40,high_eng80,support_tier
KH00100010,2025-12-01,27,Nam,Kỹ sư sản xuất,Đồng Nai,1062000000,3780600000,5365520000,5332097000,1095423000,437389000,658034000,176558000,447,31,2450611,14,0.399287763722,0.600712236278,0.161177919397,1.0315,0.2897,0,0.953349249044,78.1,57,Tương tác cao,Cần theo dõi,,12,Monitoring,25–34,True,False,False,2. Monitoring + spend above income
KH00100045,2025-12-01,62,Nữ,Chuyên viên sinh lý vận động,Nghệ An,343600000,1478400000,1713325000,1709192000,347733000,200169000,147564000,52473000,221,31,1573452,14,0.575639930636,0.424360069364,0.150900259682,1.012,0.2352,0,1.01066440095,77.5,59.8,Tương tác cao,Cần theo dõi,,12,Monitoring,55+,True,False,False,2. Monitoring + spend above income
KH00100050,2025-12-01,81,Nữ,Nhà thiết kế dệt may,Cần Thơ,274140000,665100000,792522000,760117000,306545000,194244000,112301000,43625000,214,31,1432453,14,0.633655743855,0.366344256145,0.14231189548,1.1182,0.4609,0,0.826691330782,77.1,55.7,Tương tác cao,Cần theo dõi,,12,Monitoring,55+,True,False,False,2. Monitoring + spend above income
KH00100085,2025-12-01,32,Nữ,Nhà địa vật lý,Thành phố Hồ Chí Minh,602470000,2353600000,2810371000,2783283000,629558000,287218000,342340000,163913000,309,31,2037405,14,0.45622166663,0.54377833337,0.260362031775,1.045,0.2675,0,1.41347406817,83,55.8,Tương tác rất cao,Cần theo dõi,,12,Monitoring,25–34,True,False,True,2. Monitoring + spend above income
KH00100125,2025-12-01,48,Nữ,Chuyên viên trắc địa,An Giang,882720000,4134900000,3198001000,2875775000,1204946000,494251000,710695000,268620000,532,31,2264936,14,0.410185186722,0.589814813278,0.222931152101,1.365,0.2914,0,1.45818890316,81.1,54.5,Tương tác rất cao,Cần theo dõi,,12,Monitoring,45–54,True,False,True,2. Monitoring + spend above income
KH00100130,2025-12-01,46,Nữ,Chuyên viên phân tích rủi ro,Thành phố Hồ Chí Minh,811990000,2095700000,5035472000,5093487000,753975000,380463000,373512000,153135000,582,31,1295490,14,0.504609569283,0.495390430717,0.203103551179,0.9286,0.3598,0,1.43260160985,80.2,55.7,Tương tác rất cao,Cần theo dõi,,12,Monitoring,45–54,True,False,True,3. Monitoring without overspend
KH00100165,2025-12-01,63,Nữ,Nhân viên cứu trợ quốc tế,Đồng Nai,102280000,453800000,14522000,94470000,22332000,216000,22116000,0,2,1,11166000,2,0.00967221923697,0.990327780763,0,0.2183,0.0492,30,1.38685639513,9.7,74.9,Tương tác thấp,Ổn định,,12,Stable,55+,False,False,False,4. Stable / healthy
KH00100170,2025-12-01,63,Nữ,Nhà khoa học thính học,Sơn La,142110000,516600000,733530000,516225000,359415000,98917000,260498000,194213000,113,29,3180664,14,0.275216671536,0.724783328464,0.540358638343,2.5291,0.6957,0,1.81035105144,94.8,41.3,Tương tác rất cao,Cần theo dõi,,12,Monitoring,55+,True,False,True,2. Monitoring + spend above income
KH00100205,2025-12-01,22,Nữ,Nhà thủy văn học,Hà Tĩnh,247210000,1119600000,123605000,164167000,206648000,308000,206340000,161541000,9,2,22960889,4,0.00149045720259,0.998509542797,0.781720607023,0.8359,0.1846,10,0.408628733328,49.6,55.7,Tương tác trung bình,Cần theo dõi,,12,Monitoring,<25,True,False,False,3. Monitoring without overspend
KH00100210,2025-12-01,31,Nam,Kỹ sư trắc địa,Thanh Hóa,606510000,2801600000,4125506000,4167866000,564150000,337530000,226620000,134559000,462,31,1221104,14,0.598298324914,0.401701675086,0.238516352034,0.9302,0.2014,0,1.53240469839,81.9,60,Tương tác rất cao,Ổn định,,12,Stable,25–34,False,False,True,4. Stable / healthy
KH00100245,2025-12-01,52,Nữ,Kỹ sư y sinh,Đồng Tháp,296890000,1564600000,1515576000,1502320000,310146000,168134000,142012000,52401000,212,31,1462953,14,0.542112424471,0.457887575529,0.168955911087,1.0446,0.1982,0,1.01239861662,78.4,60.4,Tương tác cao,Ổn định,,12,Stable,45–54,False,False,False,4. Stable / healthy
KH00100250,2025-12-01,78,Nữ,Giáo viên trung học,Thành phố Hồ Chí Minh,323480000,1101300000,1661943000,1602764000,382659000,190831000,191828000,33458000,219,31,1747301,14,0.498697273552,0.501302726448,0.0874355496669,1.1829,0.3475,0,1.68218429499,74.4,52.9,Tương tác cao,Cần theo dõi,,12,Monitoring,55+,True,False,False,2. Monitoring + spend above income
KH00100285,2025-12-01,57,Nam,Chuyên viên giám sát xây dựng,Tây Ninh,323370000,1364900000,1300042000,1244656000,378756000,198128000,180628000,58033000,245,31,1545943,14,0.52310194426,0.47689805574,0.153220014996,1.1713,0.2775,0,1.39892660283,77.7,56.3,Tương tác cao,Cần theo dõi,,12,Monitoring,55+,True,False,False,2. Monitoring + spend above income
KH00100290,2025-12-01,29,Nữ,Giáo viên tiếng anh,Hà Tĩnh,114340000,468800000,471868000,432760000,153448000,95225000,58223000,18870000,130,31,1180369,14,0.620568531359,0.379431468641,0.122973254783,1.342,0.3273,0,1.21628936146,74.9,56.9,Tương tác cao,Cần theo dõi,,12,Monitoring,25–34,True,False,False,2. Monitoring + spend above income
KH00100325,2025-12-01,46,Nữ,Quản lý trung tâm giải trí,Phú Thọ,1660170000,5930800000,9673226000,9943535000,1389861000,652046000,737815000,232738000,657,31,2115466,14,0.469144756202,0.530855243798,0.167454155487,0.8372,0.2343,0,1.26881911482,78.4,61.6,Tương tác cao,Ổn định,,12,Stable,45–54,False,False,False,4. Stable / healthy
KH00100330,2025-12-01,34,Nam,Nhà sản xuất truyền hình,Khánh Hòa,765440000,3347900000,3750984000,3501245000,1015179000,415798000,599381000,165585000,440,31,2307225,14,0.40958097045,0.59041902955,0.16310916597,1.3263,0.3032,0,0.860133988052,78.2,57.2,Tương tác cao,Cần theo dõi,,12,Monitoring,25–34,True,False,False,2. Monitoring + spend above income
KH00100370,2025-12-01,44,Nam,Cán bộ ứng phó khẩn cấp,Tây Ninh,217550000,702100000,589722000,476097000,331175000,173943000,157232000,27588000,240,31,1379896,14,0.525229863365,0.474770136635,0.0833033894467,1.5223,0.4717,0,1.79274799205,74.2,49.5,Tương tác cao,Cần theo dõi,,12,Monitoring,35–44,True,False,False,2. Monitoring + spend above income
KH00100405,2025-12-01,20,Nam,Kế toán công chứng,Thành phố Hồ Chí Minh,187920000,711000000,907858000,880564000,215214000,53225000,161989000,70705000,120,30,1793450,14,0.247311977845,0.752688022155,0.328533459719,1.1452,0.3027,0,1.00532105073,84.7,54.9,Tương tác rất cao,Cần theo dõi,,12,Monitoring,<25,True,False,True,2. Monitoring + spend above income
KH00100410,2025-12-01,53,Nữ,Kế toán công tài chính công,Thành phố Hồ Chí Minh,423200000,1721400000,2256709000,2215182000,464727000,224557000,240170000,105862000,327,31,1421183,14,0.483201965885,0.516798034115,0.227793952148,1.0981,0.27,0,1.41745389546,81.4,56,Tương tác rất cao,Cần theo dõi,,12,Monitoring,45–54,True,False,True,2. Monitoring + spend above income
KH00100445,2025-12-01,56,Nữ,Nghiên cứu viên lâm sàng,Ninh Bình,368280000,1680000000,1193170000,1022173000,539277000,269459000,269818000,59745000,359,31,1502164,14,0.499667146939,0.500332853061,0.110787220668,1.4643,0.321,0,1.77185473996,75.5,53.1,Tương tác cao,Cần theo dõi,,12,Monitoring,55+,True,False,False,2. Monitoring + spend above income
KH00100450,2025-12-01,28,Nữ,Giáo viên trung học,An Giang,542430000,1846400000,2001047000,1705202000,838275000,301738000,536537000,246371000,349,31,2401934,14,0.359951090036,0.640048909964,0.293902359011,1.5454,0.454,0,1.59686097851,84.7,49.3,Tương tác rất cao,Cần theo dõi,,12,Monitoring,25–34,True,False,True,2. Monitoring + spend above income
KH00100485,2025-12-01,78,Nữ,Lập trình viên ứng dụng,Vĩnh Long,597170000,1941900000,3152791000,2890781000,859180000,374812000,484368000,294525000,413,31,2080339,14,0.436243860425,0.563756139575,0.342797783934,1.4388,0.4424,0,1.8169397815,87.1,49.2,Tương tác rất cao,Cần theo dõi,,12,Monitoring,55+,True,False,True,2. Monitoring + spend above income
KH00100490,2025-12-01,44,Nữ,Chuyên viên trị liệu bằng làm vườn,Đồng Nai,175050000,638900000,461299000,363795000,272554000,116706000,155848000,65238000,110,31,2477764,14,0.428194045951,0.571805954049,0.239358072162,1.557,0.4266,0,1.54391544513,80.3,50.9,Tương tác rất cao,Cần theo dõi,,12,Monitoring,35–44,True,False,True,2. Monitoring + spend above income
KH00100525,2025-12-01,51,Nam,Chuyên viên tư vấn quan hệ công chúng,Bắc Ninh,339950000,1030100000,1455272000,1421086000,374136000,212986000,161150000,65336000,243,31,1539654,14,0.569274274595,0.430725725405,0.174631684735,1.1006,0.3632,0,0.991002299394,78.7,56.7,Tương tác cao,Cần theo dõi,,12,Monitoring,45–54,True,False,False,2. Monitoring + spend above income
KH00100530,2025-12-01,67,Nam,Kỹ sư điều khiển và tự động hóa,Quảng Trị,488910000,2015400000,2755447000,2715135000,529222000,256067000,273155000,91814000,328,31,1613482,14,0.483855546444,0.516144453556,0.17348863048,1.0825,0.2626,0,1.73081727292,78.7,54.6,Tương tác cao,Cần theo dõi,,12,Monitoring,55+,True,False,False,2. Monitoring + spend above income
KH00100565,2025-12-01,65,Nữ,Cán bộ quản lý thị trường,Hà Nội,292950000,1069600000,1749550000,1750379000,292121000,171557000,120564000,35207000,220,31,1327823,14,0.587280613171,0.412719386829,0.120521975483,0.9972,0.2731,0,1.21797615748,76,58,Tương tác cao,Cần theo dõi,,12,Monitoring,55+,True,False,False,3. Monitoring without overspend
KH00100570,2025-12-01,50,Nam,Nhà khảo cổ học,Thái Nguyên,265740000,977600000,306686000,47410000,525016000,274952000,250064000,104465000,336,31,1562548,14,0.523702134792,0.476297865208,0.198974888384,1.9757,0.537,0,1.22561254421,79.9,34.3,Tương tác cao,Có dấu hiệu căng thẳng tài chính,,12,Stressed,45–54,True,True,False,1. Stressed
KH00100605,2025-12-01,35,Nữ,Chuyên viên khảo sát công trình,Thành phố Hồ Chí Minh,254930000,788700000,1484580000,1481069000,258441000,121241000,137200000,51913000,125,30,2067528,14,0.469124481023,0.530875518977,0.200869831025,1.0138,0.3277,0,1.52698988967,78.4,53.9,Tương tác cao,Cần theo dõi,,12,Monitoring,35–44,True,False,False,2. Monitoring + spend above income
KH00100610,2025-12-01,48,Nữ,Nhà thiết kế triển lãm,Thành phố Hồ Chí Minh,1259160000,3164900000,6038128000,5703729000,1593559000,713779000,879780000,441325000,696,31,2289596,14,0.447915012874,0.552084987126,0.276942993639,1.2656,0.5035,0,1.34896659006,83.8,50.1,Tương tác rất cao,Cần theo dõi,,12,Monitoring,45–54,True,False,True,2. Monitoring + spend above income
KH00100645,2025-12-01,59,Nữ,Nhà tâm lý học pháp y,An Giang,165700000,639400000,884067000,874470000,175297000,110391000,64906000,31275000,123,31,1425179,14,0.629736960701,0.370263039299,0.178411495918,1.0579,0.2742,0,0.937883172451,77.6,59.8,Tương tác cao,Cần theo dõi,,12,Monitoring,55+,True,False,False,2. Monitoring + spend above income
KH00100690,2025-12-01,64,Nữ,Kỹ sư bảo trì,Huế,572790000,1640200000,3808802000,3919021000,462571000,224832000,237739000,99344000,306,31,1511670,14,0.486048628211,0.513951371789,0.214764868528,0.8076,0.282,0,1.43447378846,80.7,60.4,Tương tác rất cao,Ổn định,,12,Stable,55+,False,False,True,4. Stable / healthy
KH00100725,2025-12-01,41,Nữ,Nhà môi giới bảo hiểm,Bắc Ninh,226250000,644200000,904660000,852204000,278706000,110541000,168165000,75918000,103,30,2705883,14,0.396622247099,0.603377752901,0.272394566317,1.2318,0.4326,0,1.53474003445,81.4,50.5,Tương tác rất cao,Cần theo dõi,,12,Monitoring,35–44,True,False,True,2. Monitoring + spend above income
KH00100730,2025-12-01,36,Nữ,Nhà khoa học nghiên cứu khoa học tự nhiên,Sơn La,769740000,3736000000,4388453000,3979708000,1178485000,468125000,710360000,387374000,664,31,1774827,14,0.397226099611,0.602773900389,0.328705074736,1.531,0.3154,0,3.2163184012,86.4,51.1,Tương tác rất cao,Cần theo dõi,,12,Monitoring,35–44,True,False,True,2. Monitoring + spend above income
KH00100765,2025-12-01,61,Nữ,Chuyên viên giám sát xây dựng,Huế,283000000,671400000,842676000,748791000,376885000,199007000,177878000,55348000,240,31,1570354,14,0.528031097019,0.471968902981,0.146856468153,1.3317,0.5613,0,1.46298662838,77.3,48.9,Tương tác cao,Cần theo dõi,,12,Monitoring,55+,True,False,False,2. Monitoring + spend above income
KH00100770,2025-12-01,59,Nam,Nhà văn khoa học,Phú Thọ,123880000,556300000,439949000,392491000,171338000,86746000,84592000,28007000,103,31,1663476,14,0.506285821009,0.493714178991,0.163460528312,1.3831,0.308,0,1.34991360654,76.3,55.6,Tương tác cao,Cần theo dõi,,12,Monitoring,55+,True,False,False,2. Monitoring + spend above income
KH00100805,2025-12-01,57,Nam,Giáo viên dạy nhạc,Thành phố Hồ Chí Minh,271780000,1153500000,1245317000,1154356000,362741000,213977000,148764000,40960000,246,31,1474557,14,0.589889204694,0.410110795306,0.112918032425,1.3347,0.3145,0,1.3269853585,75.6,56.4,Tương tác cao,Cần theo dõi,,12,Monitoring,55+,True,False,False,2. Monitoring + spend above income
KH00100810,2025-12-01,63,Nam,Nhà tâm lý học pháp y,Nghệ An,306560000,813000000,1659262000,1599915000,365907000,182187000,183720000,70027000,221,31,1655688,14,0.497905205421,0.502094794579,0.191379230242,1.1936,0.4501,0,1.4158257557,79.6,51.6,Tương tác cao,Cần theo dõi,,12,Monitoring,55+,True,False,False,2. Monitoring + spend above income
KH00100845,2025-12-01,58,Nam,Kỹ sư cơ khí,Tây Ninh,502160000,1612900000,2842398000,2922245000,422313000,248016000,174297000,86099000,337,31,1253154,14,0.587280050579,0.412719949421,0.203874851118,0.841,0.2618,0,1.26160372353,80.2,62,Tương tác rất cao,Ổn định,,12,Stable,55+,False,False,True,4. Stable / healthy
KH00100850,2025-12-01,89,Nam,Bác sĩ tâm thần,Thành phố Hồ Chí Minh,756830000,2285400000,4891067000,5151146000,496751000,285362000,211389000,63050000,346,31,1435697,14,0.574456820419,0.425543179581,0.126924757071,0.6564,0.2174,0,1.5199330722,76.3,66.3,Tương tác cao,Ổn định,,12,Stable,55+,False,False,False,4. Stable / healthy
KH00100885,2025-12-01,49,Nam,Chuyên viên dựng phim,Hưng Yên,439830000,2035600000,2532356000,2499436000,472750000,214863000,257887000,96132000,332,31,1423946,14,0.454496033845,0.545503966155,0.203346377578,1.0748,0.2322,0,2.09321378174,80.2,53.7,Tương tác rất cao,Cần theo dõi,,12,Monitoring,45–54,True,False,True,2. Monitoring + spend above income
KH00100890,2025-12-01,65,Nữ,Kỹ sư xây dựng dân dụng,Tây Ninh,145640000,688500000,603622000,543586000,205676000,89146000,116530000,72949000,121,31,1699802,14,0.433429277115,0.566570722885,0.354679204185,1.4122,0.2987,0,1.97588990933,86.3,52,Tương tác rất cao,Cần theo dõi,,12,Monitoring,55+,True,False,True,2. Monitoring + spend above income
KH00100925,2025-12-01,36,Nữ,Họa sĩ,Đồng Nai,928460000,3509100000,3299200000,2705601000,1522059000,596846000,925213000,361212000,648,31,2348856,14,0.39213065985,0.60786934015,0.23731800147,1.6393,0.4337,0,1.449410266,81.9,50.8,Tương tác rất cao,Cần theo dõi,,12,Monitoring,35–44,True,False,True,2. Monitoring + spend above income
KH00100930,2025-12-01,42,Nữ,Chuyên viên tư vấn môi trường,Thanh Hóa,523340000,1860500000,1721790000,1505501000,739629000,286817000,452812000,255062000,318,31,2325877,14,0.387784957053,0.612215042947,0.344851270029,1.4133,0.3975,0,1.47905151967,87.2,51.5,Tương tác rất cao,Cần theo dõi,,12,Monitoring,35–44,True,False,True,2. Monitoring + spend above income
KH00100965,2025-12-01,23,Nữ,Chuyên viên phân tích địa chấn,Hải Phòng,372110000,1101400000,1990940000,2032991000,330059000,161294000,168765000,54911000,329,31,1003219,14,0.488682326493,0.511317673507,0.166367225254,0.887,0.2997,0,1.41560486934,78.3,58.1,Tương tác cao,Cần theo dõi,,12,Monitoring,<25,True,False,False,3. Monitoring without overspend
KH00100970,2025-12-01,38,Nam,Chuyên viên trị liệu bằng làm vườn,Thành phố Hồ Chí Minh,384100000,1779700000,1683744000,1538537000,529307000,190765000,338542000,93722000,214,31,2473397,14,0.360405209075,0.639594790925,0.177065483736,1.378,0.2974,0,0.784489743336,78.9,57.2,Tương tác cao,Cần theo dõi,,12,Monitoring,35–44,True,False,False,2. Monitoring + spend above income
KH00101005,2025-12-01,42,Nam,Cán bộ quan hệ sắc tộc,Lào Cai,354870000,1486100000,954469000,595632000,713707000,270510000,443197000,275814000,235,31,3037051,14,0.379021082881,0.620978917119,0.386452703981,2.0112,0.4803,0,1.42437487336,89.3,49.7,Tương tác rất cao,Cần theo dõi,,12,Monitoring,35–44,True,False,True,2. Monitoring + spend above income
KH00101010,2025-12-01,38,Nam,Chuyên viên hoạch định quảng cáo,Bắc Ninh,791420000,2523900000,3422334000,3036296000,1177458000,394952000,782506000,283913000,557,31,2113928,14,0.335427675552,0.664572324448,0.2411236749,1.4878,0.4665,0,5.98881469535,82.1,46.7,Tương tác rất cao,Cần theo dõi,,12,Monitoring,35–44,True,False,True,2. Monitoring + spend above income
KH00101045,2025-12-01,36,Nữ,Chuyên viên trị liệu âm nhạc,Hà Nội,1028590000,4070800000,4597666000,4301928000,1324328000,569989000,754339000,356144000,575,31,2303179,14,0.430398662567,0.569601337433,0.268924314822,1.2875,0.3253,0,1.47179870434,83.4,53.8,Tương tác rất cao,Cần theo dõi,,12,Monitoring,35–44,True,False,True,2. Monitoring + spend above income
KH00101050,2025-12-01,57,Nữ,Nhà khoa học sinh lý,Đồng Nai,546840000,2113900000,3503244000,3593833000,456251000,260165000,196086000,44160000,321,31,1421343,14,0.57022340773,0.42977659227,0.096788828956,0.8343,0.2158,0,1.08896657085,74.8,64,Tương tác cao,Ổn định,,12,Stable,55+,False,False,False,4. Stable / healthy
KH00101085,2025-12-01,52,Nữ,Giáo viên tiểu học,Thành phố Hồ Chí Minh,442300000,1824600000,2024738000,1811173000,655865000,289628000,366237000,111570000,345,31,1901058,14,0.441596974987,0.558403025013,0.170111227158,1.4829,0.3595,0,1.92664152797,78.5,50.8,Tương tác cao,Cần theo dõi,,12,Monitoring,45–54,True,False,False,2. Monitoring + spend above income
KH00101090,2025-12-01,50,Nữ,Chuyên viên dinh dưỡng vật nuôi,Thành phố Hồ Chí Minh,370850000,1195200000,1452183000,1354358000,468675000,277373000,191302000,114151000,339,31,1382522,14,0.591823758468,0.408176241532,0.24356110311,1.2638,0.3921,0,1.6726708602,82.2,52.8,Tương tác rất cao,Cần theo dõi,,12,Monitoring,45–54,True,False,True,2. Monitoring + spend above income
KH00101125,2025-12-01,34,Nam,Chuyên viên thẩm định bồi thường,Đồng Nai,474660000,1495500000,2124395000,2133960000,465095000,193462000,271633000,71540000,204,31,2279877,14,0.415962330277,0.584037669723,0.153818037175,0.9798,0.311,0,0.936870089881,77.7,57.2,Tương tác cao,Cần theo dõi,,12,Monitoring,25–34,True,False,False,3. Monitoring without overspend
KH00101130,2025-12-01,61,Nam,Bác sĩ đa khoa,Quảng Trị,675810000,2036000000,5361284000,5549151000,487943000,229704000,258239000,72757000,328,31,1487631,14,0.470759904333,0.529240095667,0.149109629608,0.722,0.2397,0,1.33527211447,77.5,64,Tương tác cao,Ổn định,,12,Stable,55+,False,False,False,4. Stable / healthy
KH00101165,2025-12-01,51,Nam,Bác sĩ chuyên khoa bàn chân,Lâm Đồng,707250000,3064900000,5617849000,5801413000,523686000,271757000,251929000,92334000,351,31,1491983,14,0.518931191592,0.481068808408,0.176315578419,0.7405,0.1709,0,1.48721704122,78.8,65,Tương tác cao,Ổn định,,12,Stable,45–54,False,False,False,4. Stable / healthy
KH00101170,2025-12-01,66,Nữ,Nhà vật lý y khoa,Lào Cai,424860000,1555400000,1546668000,1421951000,549577000,264606000,284971000,126096000,335,31,1640528,14,0.481472114008,0.518527885992,0.229441916237,1.2935,0.3533,0,1.46714572322,81.5,53.6,Tương tác rất cao,Cần theo dõi,,12,Monitoring,55+,True,False,True,2. Monitoring + spend above income
KH00101205,2025-12-01,27,Nam,Giảng viên đại học,Lai Châu,732580000,3805900000,5320360000,5513312000,539628000,276958000,262670000,81369000,417,31,1294072,14,0.513238749657,0.486761250343,0.150787208966,0.7366,0.1418,0,2.6603124658,77.5,63.2,Tương tác cao,Ổn định,,12,Stable,25–34,False,False,False,4. Stable / healthy
KH00101210,2025-12-01,44,Nam,Nhân viên giao dịch,Thành phố Hồ Chí Minh,592120000,1608200000,2125217000,1928817000,788520000,367605000,420915000,133513000,354,31,2227458,14,0.466196164967,0.533803835033,0.169321006442,1.3317,0.4903,0,0.777672630267,78.5,53.5,Tương tác cao,Cần theo dõi,,12,Monitoring,35–44,True,False,False,2. Monitoring + spend above income
KH00101245,2025-12-01,69,Nữ,Chuyên viên trị liệu nghề nghiệp,Huế,514720000,2329400000,2379794000,2004567000,889947000,432176000,457771000,226805000,460,31,1934667,14,0.485619930176,0.514380069824,0.254852255247,1.729,0.382,0,1.77371596331,82.7,51.4,Tương tác rất cao,Cần theo dõi,,12,Monitoring,55+,True,False,True,2. Monitoring + spend above income
KH00101250,2025-12-01,48,Nữ,Giám đốc tiếp thị,Khánh Hòa,470510000,2041000000,3690809000,3873440000,287879000,199307000,88572000,28846000,216,31,1332773,14,0.69232906881,0.30767093119,0.100201820904,0.6118,0.141,0,1.00590849379,75,73.1,Tương tác cao,Ổn định,,12,Stable,45–54,False,False,False,4. Stable / healthy
KH00101285,2025-12-01,69,Nam,Giám đốc vận hành,Thành phố Hồ Chí Minh,316960000,1506700000,2602450000,2781230000,138180000,88247000,49933000,17822000,105,31,1316000,14,0.638638008395,0.361361991605,0.128976697062,0.436,0.0917,0,0.955230290925,74.6,78.4,Tương tác cao,Ổn định,,12,Stable,55+,False,False,False,4. Stable / healthy
KH00101290,2025-12-01,47,Nam,Nhà giao dịch hợp đồng tương lai,Thành phố Hồ Chí Minh,304920000,1147400000,1998253000,2049208000,253965000,102955000,151010000,56593000,108,29,2351528,14,0.405390506566,0.594609493434,0.222837792609,0.8329,0.2213,0,0.718239197229,78.8,64.1,Tương tác cao,Ổn định,,12,Stable,45–54,False,False,False,4. Stable / healthy
KH00101325,2025-12-01,16,Nam,Kế toán viên tài chính công,Khánh Hòa,311640000,1139700000,1632839000,1577616000,366863000,173133000,193730000,64506000,325,31,1128809,14,0.471928212984,0.528071787016,0.175831304874,1.1772,0.3219,0,1.83745006498,78.8,52.5,Tương tác cao,Cần theo dõi,,12,Monitoring,<25,True,False,False,2. Monitoring + spend above income
KH00101330,2025-12-01,26,Nam,Kỹ sư điện,Khánh Hòa,1185870000,5607400000,7065308000,7219840000,1031338000,386793000,644545000,212611000,431,31,2392896,14,0.375039996587,0.624960003413,0.206150650902,0.8697,0.1839,0,0.936717772752,80.3,62.7,Tương tác rất cao,Ổn định,,12,Stable,25–34,False,False,True,4. Stable / healthy
KH00101365,2025-12-01,51,Nam,Chuyên viên làm vườn thương mại,Hưng Yên,347510000,1031500000,1507616000,1332679000,522447000,293219000,229228000,77275000,353,31,1480020,14,0.561241618767,0.438758381233,0.147909740127,1.5034,0.5065,0,1.5232060622,77.4,50.3,Tương tác cao,Cần theo dõi,,12,Monitoring,45–54,True,False,False,2. Monitoring + spend above income
KH00101370,2025-12-01,29,Nam,Cán bộ bình đẳng và đa dạng,Hà Nội,185370000,580500000,376142000,281958000,279554000,120173000,159381000,51312000,120,31,2329617,14,0.429874013607,0.570125986393,0.183549511007,1.5081,0.4816,0,0.799200535673,77.7,53.3,Tương tác cao,Cần theo dõi,,12,Monitoring,25–34,True,False,False,2. Monitoring + spend above income
KH00101405,2025-12-01,76,Nam,Chuyên viên tư vấn hưu trí,Nghệ An,437580000,1898500000,1825471000,1767180000,495871000,254501000,241370000,96772000,329,31,1507207,14,0.513240338717,0.486759661283,0.195155594903,1.1332,0.2612,0,1.4819516512,79.8,56.2,Tương tác cao,Cần theo dõi,,12,Monitoring,55+,True,False,False,2. Monitoring + spend above income
KH00101410,2025-12-01,48,Nữ,Chuyên viên thu mua công nghiệp,Bắc Ninh,334230000,1764200000,1600687000,1376339000,558578000,295426000,263152000,125576000,341,31,1638059,14,0.528889429945,0.471110570055,0.224813723419,1.6712,0.3166,0,2.50860816137,81.2,52.4,Tương tác rất cao,Cần theo dõi,,12,Monitoring,45–54,True,False,True,2. Monitoring + spend above income
KH00101445,2025-12-01,33,Nữ,Chuyên viên ngân hàng đầu tư vận hành,Nghệ An,175390000,538900000,1192151000,1144892000,222649000,66254000,156395000,18483000,113,31,1970345,14,0.297571513908,0.702428486092,0.0830140714757,1.2695,0.4132,0,2.93989907585,72.5,47.6,Tương tác cao,Cần theo dõi,,12,Monitoring,25–34,True,False,False,2. Monitoring + spend above income
KH00101450,2025-12-01,57,Nữ,Kỹ sư đóng tàu,Cần Thơ,172990000,741800000,947165000,953755000,166400000,90526000,75874000,12800000,136,31,1223529,14,0.544026442308,0.455973557692,0.0769230769231,0.9619,0.2243,0,1.2617889337,72.8,59.5,Tương tác cao,Cần theo dõi,,12,Monitoring,55+,True,False,False,3. Monitoring without overspend
KH00101485,2025-12-01,41,Nữ,Nhà di truyền học phân tử,Phú Thọ,149090000,473800000,468040000,340409000,276721000,127765000,148956000,62122000,113,31,2448858,14,0.461710531546,0.538289468454,0.224493262167,1.8561,0.584,0,1.64937936028,79.6,46.8,Tương tác cao,Cần theo dõi,,12,Monitoring,35–44,True,False,False,2. Monitoring + spend above income
KH00101490,2025-12-01,36,Nam,Chuyên viên vệ sinh lao động,Hà Nội,786890000,2397400000,4426454000,4335087000,878257000,292433000,585824000,145153000,354,31,2480952,14,0.332969734372,0.667030265628,0.165273946009,1.1161,0.3663,0,0.891037990757,78.3,54.7,Tương tác cao,Cần theo dõi,,12,Monitoring,35–44,True,False,False,2. Monitoring + spend above income
KH00101525,2025-12-01,62,Nam,Chuyên viên trị liệu nghề nghiệp,Hải Phòng,154810000,639000000,558216000,566776000,146250000,94520000,51730000,9186000,112,28,1305804,13,0.646290598291,0.353709401709,0.0628102564103,0.9447,0.2289,0,1.07928214799,69.1,61.7,Tương tác cao,Ổn định,,12,Stable,55+,False,False,False,4. Stable / healthy
KH00101530,2025-12-01,63,Nữ,Chuyên viên trị liệu thảo dược,Hải Phòng,140810000,478600000,495085000,489622000,146273000,101035000,45238000,33180000,94,30,1556096,14,0.690728979374,0.309271020626,0.226836121499,1.0388,0.3056,0,0.890943429248,78.9,59.8,Tương tác cao,Cần theo dõi,,12,Monitoring,55+,True,False,False,2. Monitoring + spend above income
KH00101565,2025-12-01,60,Nữ,Nhà vật lý y khoa,Thành phố Hồ Chí Minh,432610000,1874100000,1520966000,1520486000,433090000,284618000,148472000,46581000,322,31,1345000,14,0.657179800965,0.342820199035,0.10755501166,1.0011,0.2311,0,1.07734077212,75.4,60.4,Tương tác cao,Ổn định,,12,Stable,55+,False,False,False,4. Stable / healthy
KH00101570,2025-12-01,57,Nữ,Chuyên viên giám sát xây dựng,Khánh Hòa,129530000,386000000,387318000,375816000,141032000,95326000,45706000,11862000,103,30,1369243,14,0.675917522264,0.324082477736,0.0841085711044,1.0888,0.3654,0,0.949131642942,72,57.9,Tương tác cao,Cần theo dõi,,12,Monitoring,55+,True,False,False,2. Monitoring + spend above income
KH00101605,2025-12-01,40,Nữ,Nhà tâm lý học giáo dục,Đồng Nai,533450000,1440800000,2142486000,1957303000,718633000,301330000,417303000,223516000,421,31,1706967,14,0.419309995505,0.580690004495,0.311029412788,1.3471,0.4988,0,3.79934465126,85.6,46.7,Tương tác rất cao,Cần theo dõi,,12,Monitoring,35–44,True,False,True,2. Monitoring + spend above income
KH00101610,2025-12-01,61,Nam,Quản trị viên cơ sở dữ liệu,Thành phố Hồ Chí Minh,251730000,672600000,125865000,205893000,171702000,7692000,164010000,116270000,10,2,17170200,5,0.0447985463186,0.955201453681,0.677161593924,0.6821,0.2553,9,0.610286749373,55.3,60.3,Tương tác trung bình,Ổn định,,12,Stable,55+,False,False,False,4. Stable / healthy
KH00101645,2025-12-01,24,Nam,Chuyên viên tư vấn hưu trí,Thanh Hóa,728130000,2197300000,2385016000,2004521000,1108625000,319785000,788840000,302581000,678,31,1635140,14,0.288451911151,0.711548088849,0.272933588905,1.5226,0.5045,0,1.02282796802,83.6,50.2,Tương tác rất cao,Cần theo dõi,,12,Monitoring,<25,True,False,True,2. Monitoring + spend above income
KH00101650,2025-12-01,60,Nữ,Kỹ sư cơ khí,Tây Ninh,318760000,913300000,1481082000,1502901000,296941000,165607000,131334000,36026000,218,31,1362115,14,0.557710117498,0.442289882502,0.121323764654,0.9316,0.3251,0,1.73072625547,76.1,55.5,Tương tác cao,Cần theo dõi,,12,Monitoring,55+,True,False,False,3. Monitoring without overspend
KH00101685,2025-12-01,58,Nam,Nhà khoa học phát triển sản phẩm,Lạng Sơn,573010000,1662300000,3526748000,3428220000,671538000,371628000,299910000,82232000,438,31,1533192,13,0.553398318487,0.446601681513,0.122453234218,1.1719,0.404,0,1.57880522358,74.7,52.5,Tương tác cao,Cần theo dõi,,12,Monitoring,55+,True,False,False,2. Monitoring + spend above income
KH00101690,2025-12-01,29,Nam,Cán bộ phát triển nghệ thuật,Hà Nội,716590000,2059600000,3303896000,2956638000,1063848000,402667000,661181000,245001000,469,31,2268333,14,0.378500500071,0.621499499929,0.230296997315,1.4846,0.5165,0,0.867844181692,81.5,51.5,Tương tác rất cao,Cần theo dõi,,12,Monitoring,25–34,True,False,True,2. Monitoring + spend above income
KH00101725,2025-12-01,33,Nữ,Nhà tâm lý học giáo dục,Cao Bằng,684640000,3180100000,3762108000,3720141000,726607000,308118000,418489000,229919000,332,31,2188575,14,0.424050415149,0.575949584851,0.316428275533,1.0613,0.2285,0,1.60073940787,85.8,55.5,Tương tác rất cao,Cần theo dõi,,12,Monitoring,25–34,True,False,True,2. Monitoring + spend above income
KH00101730,2025-12-01,44,Nữ,Chuyên viên thẩm định bảo hiểm,Thành phố Hồ Chí Minh,812910000,3080300000,4358386000,4316174000,855122000,398025000,457097000,161418000,548,31,1560442,14,0.465459899289,0.534540100711,0.188766047418,1.0519,0.2776,0,2.21978444887,79.4,52.7,Tương tác cao,Cần theo dõi,,12,Monitoring,35–44,True,False,False,2. Monitoring + spend above income
KH00101765,2025-12-01,72,Nam,Chuyên viên gây quỹ từ thiện,Quảng Trị,270590000,1209100000,800733000,742357000,328966000,155990000,172976000,65745000,215,31,1530074,14,0.474182742289,0.525817257711,0.199853480299,1.2157,0.2721,0,1.5895804261,80,55,Tương tác rất cao,Cần theo dõi,,12,Monitoring,55+,True,False,True,2. Monitoring + spend above income
KH00101770,2025-12-01,94,Nữ,Kỹ thuật viên kế toán,Thái Nguyên,142590000,403000000,456416000,480856000,118150000,57286000,60864000,10364000,92,30,1284239,14,0.484858231062,0.515141768938,0.0877190012696,0.8286,0.2932,0,1.02875681394,71.9,61.7,Tương tác cao,Ổn định,,12,Stable,55+,False,False,False,4. Stable / healthy
KH00101805,2025-12-01,25,Nam,Chuyên viên quản lý đất đai,Đà Nẵng,819940000,3263400000,5313209000,5555904000,577245000,276752000,300493000,122544000,530,31,1089142,14,0.479435941411,0.520564058589,0.212291141543,0.704,0.1769,0,2.05186303053,80.6,62.8,Tương tác rất cao,Ổn định,,12,Stable,25–34,False,False,True,4. Stable / healthy
KH00101810,2025-12-01,48,Nam,Người phụ trách bảo tàng,Thái Nguyên,424900000,1742000000,1144798000,763029000,806669000,339619000,467050000,240702000,432,31,1867289,14,0.421014071447,0.578985928553,0.298390045979,1.8985,0.4631,0,2.17804428912,84.9,47.6,Tương tác rất cao,Cần theo dõi,,12,Monitoring,45–54,True,False,True,2. Monitoring + spend above income
KH00101845,2025-12-01,35,Nữ,Kỹ thuật viên phòng thí nghiệm giảng dạy,Thành phố Hồ Chí Minh,161010000,607400000,544708000,435407000,270311000,103554000,166757000,41609000,131,29,2063443,14,0.383092068025,0.616907931975,0.153930102734,1.6788,0.445,0,1.50281301176,75.9,50.2,Tương tác cao,Cần theo dõi,,12,Monitoring,35–44,True,False,False,2. Monitoring + spend above income
KH00101850,2025-12-01,62,Nữ,Chuyên viên châm cứu,Hà Tĩnh,400280000,1232400000,1618790000,1477270000,541800000,308812000,232988000,71941000,367,31,1476294,14,0.569974160207,0.430025839793,0.132781469177,1.3536,0.4396,0,1.02318779824,76.6,54.6,Tương tác cao,Cần theo dõi,,12,Monitoring,55+,True,False,False,2. Monitoring + spend above income
KH00101885,2025-12-01,88,Nam,Kỹ sư vật liệu,Thanh Hóa,189740000,845300000,846339000,869095000,166984000,88396000,78588000,39834000,130,31,1284492,14,0.52936808317,0.47063191683,0.238549801179,0.8801,0.1975,0,1.13046876821,80.7,62.7,Tương tác rất cao,Ổn định,,12,Stable,55+,False,False,True,4. Stable / healthy
KH00101890,2025-12-01,53,Nữ,Chuyên viên quy hoạch giao thông,Hưng Yên,122050000,622300000,381916000,347684000,156282000,97847000,58435000,9304000,111,31,1407946,13,0.62609257624,0.37390742376,0.0595334075581,1.2805,0.2511,0,1.07411404632,69.9,59.6,Tương tác cao,Cần theo dõi,,12,Monitoring,45–54,True,False,False,2. Monitoring + spend above income
KH00101925,2025-12-01,23,Nữ,Cán bộ trại giam,Đắk Lắk,533330000,1493100000,1625885000,1575049000,584166000,301300000,282866000,86232000,570,31,1024853,14,0.51577804939,0.48422195061,0.147615575025,1.0953,0.3912,0,1.80892177581,77.4,51.3,Tương tác cao,Cần theo dõi,,12,Monitoring,<25,True,False,False,2. Monitoring + spend above income
KH00101930,2025-12-01,51,Nam,Biên tập viên hiệu đính,Ninh Bình,132540000,511900000,284771000,195030000,222281000,102440000,119841000,39847000,120,30,1852342,13,0.460858103032,0.539141896968,0.17926408465,1.6771,0.4342,0,1.80299111677,75.8,49.7,Tương tác cao,Cần theo dõi,,12,Monitoring,45–54,True,False,False,2. Monitoring + spend above income
KH00101965,2025-12-01,32,Nam,Cán bộ triển lãm bảo tàng,Cao Bằng,192360000,545900000,249237000,21867000,419730000,160223000,259507000,51265000,216,31,1943194,14,0.381728730374,0.618271269626,0.122138041122,2.182,0.7689,0,4.94455286242,76.1,21.9,Tương tác cao,Có dấu hiệu căng thẳng tài chính,,12,Stressed,25–34,True,True,False,1. Stressed
KH00101970,2025-12-01,70,Nữ,Chuyên viên tư vấn nông nghiệp,Sơn La,449260000,1387400000,2251041000,2180579000,519722000,285922000,233800000,151663000,342,31,1519655,14,0.550144115508,0.449855884492,0.291815624507,1.1568,0.3746,0,1.18107739957,84.6,55.2,Tương tác rất cao,Cần theo dõi,,12,Monitoring,55+,True,False,True,2. Monitoring + spend above income
KH00102010,2025-12-01,53,Nữ,Cán bộ tổ chức từ thiện,Đồng Tháp,117370000,392500000,317397000,174400000,260367000,102689000,157678000,99876000,114,30,2283921,14,0.394400980155,0.605599019845,0.38359699962,2.2183,0.6634,0,3.22179996348,87.3,42.4,Tương tác rất cao,Cần theo dõi,,12,Monitoring,45–54,True,False,True,2. Monitoring + spend above income
KH00102045,2025-12-01,39,Nữ,Thầy thuốc đông y,Thành phố Hồ Chí Minh,471590000,1821800000,2229849000,1903539000,797900000,329137000,468763000,263064000,347,31,2299424,14,0.412504073192,0.587495926808,0.329695450558,1.6919,0.438,0,1.59944093113,86.5,50.2,Tương tác rất cao,Cần theo dõi,,12,Monitoring,35–44,True,False,True,2. Monitoring + spend above income
KH00102050,2025-12-01,52,Nam,Kỹ sư cơ khí,Hải Phòng,535340000,1975900000,3039080000,2946195000,628225000,266426000,361799000,162185000,320,31,1963203,14,0.424093278682,0.575906721318,0.258163874408,1.1735,0.3179,0,1.90401246004,82.9,51.8,Tương tác rất cao,Cần theo dõi,,12,Monitoring,45–54,True,False,True,2. Monitoring + spend above income
KH00102090,2025-12-01,21,Nữ,Trình dược viên,Đồng Nai,355240000,1923600000,1453498000,1373745000,434993000,230094000,204899000,63429000,442,31,984147,14,0.528960236142,0.471039763858,0.14581613957,1.2245,0.2261,0,1.46028628162,77.3,57.3,Tương tác cao,Cần theo dõi,,12,Monitoring,<25,True,False,False,2. Monitoring + spend above income
KH00102125,2025-12-01,60,Nữ,Kiến trúc sư cảnh quan,Thành phố Hồ Chí Minh,792890000,3235600000,5764550000,5901652000,655788000,308441000,347347000,123604000,432,31,1518028,14,0.470336450194,0.529663549806,0.188481643458,0.8271,0.2027,0,1.62126545081,79.4,60.9,Tương tác cao,Ổn định,,12,Stable,55+,False,False,False,4. Stable / healthy
KH00102130,2025-12-01,59,Nam,Cán bộ quản chế,Hà Tĩnh,310120000,1636100000,908656000,709534000,509242000,303727000,205515000,93781000,349,31,1459146,14,0.596429595359,0.403570404641,0.184158023101,1.6421,0.3113,0,1.08001142611,79.2,57.8,Tương tác cao,Cần theo dõi,,12,Monitoring,55+,True,False,False,2. Monitoring + spend above income
KH00102165,2025-12-01,80,Nam,Giáo viên mầm non,Hải Phòng,112080000,325600000,373777000,343456000,142401000,92679000,49722000,26876000,112,30,1271438,14,0.650831103714,0.349168896286,0.188734629673,1.2705,0.4373,0,0.93448843603,77.5,55.9,Tương tác cao,Cần theo dõi,,12,Monitoring,55+,True,False,False,2. Monitoring + spend above income
KH00102170,2025-12-01,74,Nam,Chuyên viên tổ chức sự kiện,Tuyên Quang,446520000,1497100000,1866504000,1752300000,560724000,258685000,302039000,99234000,342,31,1639544,14,0.461341051926,0.538658948074,0.176974768335,1.2558,0.3745,0,1.40340435696,78.8,53.2,Tương tác cao,Cần theo dõi,,12,Monitoring,55+,True,False,False,2. Monitoring + spend above income
KH00102205,2025-12-01,39,Nam,Điều dưỡng nhi khoa,Vĩnh Long,291650000,1165700000,1357734000,1311293000,338091000,177940000,160151000,62545000,222,31,1522932,14,0.526308005833,0.473691994167,0.184994572467,1.1592,0.29,0,1.77302640305,79.2,54.1,Tương tác cao,Cần theo dõi,,12,Monitoring,35–44,True,False,False,2. Monitoring + spend above income
KH00102210,2025-12-01,96,Nam,Chuyên viên phục chế đồ gỗ,Quảng Trị,131350000,669100000,360158000,274199000,217309000,93208000,124101000,71354000,109,31,1993661,14,0.428919188805,0.571080811195,0.328352714338,1.6544,0.3248,0,2.13112641955,84.7,51.2,Tương tác rất cao,Cần theo dõi,,12,Monitoring,55+,True,False,True,2. Monitoring + spend above income
KH00102245,2025-12-01,64,Nam,Nhà khoa học thính học,Bắc Ninh,727510000,2494200000,4501807000,4593815000,635502000,342751000,292751000,88900000,467,31,1360818,14,0.539338979264,0.460661020736,0.139889410261,0.8735,0.2548,0,1.27320985154,77,60.8,Tương tác cao,Ổn định,,12,Stable,55+,False,False,False,4. Stable / healthy
KH00102250,2025-12-01,33,Nam,Chuyên viên khảo sát thủy văn,Hưng Yên,286920000,842900000,1198431000,1243989000,241362000,144645000,96717000,56105000,208,31,1160394,14,0.599286548835,0.400713451165,0.232451670105,0.8412,0.2863,0,1.16711542718,81.6,62,Tương tác rất cao,Ổn định,,12,Stable,25–34,False,False,True,4. Stable / healthy
KH00102285,2025-12-01,33,Nam,Chuyên viên giám định rủi ro bảo hiểm,Lâm Đồng,164560000,744200000,423945000,291841000,296664000,120116000,176548000,42394000,118,30,2514102,14,0.40488903271,0.59511096729,0.142902408112,1.8028,0.3986,0,0.988812157993,75.3,54.1,Tương tác cao,Cần theo dõi,,12,Monitoring,25–34,True,False,False,2. Monitoring + spend above income
KH00102290,2025-12-01,27,Nam,Chuyên viên trắc địa,Quảng Ninh,502470000,1887200000,1757416000,1540822000,719064000,329098000,389966000,130084000,333,31,2159351,14,0.457675533749,0.542324466251,0.180907401845,1.4311,0.381,0,0.779820610921,79,56.2,Tương tác cao,Cần theo dõi,,12,Monitoring,25–34,True,False,False,2. Monitoring + spend above income
KH00102325,2025-12-01,64,Nam,Nhà sản xuất phát thanh,Cần Thơ,320190000,1165600000,1254152000,1241160000,333182000,155701000,177481000,33686000,209,31,1594172,14,0.467315161083,0.532684838917,0.101103901171,1.0406,0.2858,0,2.19643941811,75.1,52.5,Tương tác cao,Cần theo dõi,,12,Monitoring,55+,True,False,False,2. Monitoring + spend above income
KH00102330,2025-12-01,61,Nam,Kế toán công tài chính công,Thành phố Hồ Chí Minh,513150000,2528900000,2300142000,2367585000,445707000,272224000,173483000,59542000,329,31,1354733,14,0.610768958082,0.389231041918,0.133590004196,0.8686,0.1762,0,0.913181790752,76.7,65.4,Tương tác cao,Ổn định,,12,Stable,55+,False,False,False,4. Stable / healthy
KH00102365,2025-12-01,26,Nữ,Cán bộ trại giam,Thành phố Hồ Chí Minh,201030000,506700000,614134000,623397000,191767000,89347000,102420000,13951000,88,30,2179170,14,0.465914364828,0.534085635172,0.0727497431779,0.9539,0.3785,0,1.18923193621,71,55.4,Tương tác cao,Cần theo dõi,,12,Monitoring,25–34,True,False,False,3. Monitoring without overspend
KH00102370,2025-12-01,74,Nam,Cán bộ quản lý thị trường,Nghệ An,408820000,1714000000,2220074000,2257395000,371499000,194154000,177345000,88452000,231,31,1608221,14,0.522623210291,0.477376789709,0.238094853553,0.9087,0.2167,0,1.42231814157,81.9,60,Tương tác rất cao,Ổn định,,12,Stable,55+,False,False,True,4. Stable / healthy
KH00102405,2025-12-01,32,Nữ,Nhà tâm lý học tư vấn,Đắk Lắk,746840000,2457900000,2728553000,2530770000,944623000,460546000,484077000,201174000,433,31,2181577,14,0.487544766536,0.512455233464,0.212967501321,1.2648,0.3843,0,1.03317122815,80.6,55.1,Tương tác rất cao,Cần theo dõi,,12,Monitoring,25–34,True,False,True,2. Monitoring + spend above income
KH00102410,2025-12-01,42,Nam,Kỹ thuật viên kế toán,Lâm Đồng,703500000,3102000000,4088853000,4086093000,706260000,291544000,414716000,136657000,323,31,2186563,14,0.412799818764,0.587200181236,0.193493897432,1.0039,0.2277,0,0.824338655786,79.7,59.3,Tương tác cao,Cần theo dõi,,12,Monitoring,35–44,True,False,False,2. Monitoring + spend above income
KH00102445,2025-12-01,43,Nữ,Nhà thiết kế đồ gỗ,Thành phố Hồ Chí Minh,1182310000,4440100000,4765600000,4440351000,1507559000,591194000,916365000,363011000,664,31,2270420,14,0.392153142928,0.607846857072,0.240793892644,1.2751,0.3395,0,1.59860525307,82,52.4,Tương tác rất cao,Cần theo dõi,,12,Monitoring,35–44,True,False,True,2. Monitoring + spend above income
KH00102450,2025-12-01,56,Nữ,Lập trình viên đa phương tiện,Hà Nội,613720000,1571200000,3985278000,4154160000,444838000,244055000,200783000,46137000,315,31,1412184,14,0.548637931112,0.451362068888,0.10371640912,0.7248,0.2831,0,1.14576457433,75.2,64.6,Tương tác cao,Ổn định,,12,Stable,55+,False,False,False,4. Stable / healthy
KH00102485,2025-12-01,25,Nữ,Quản lý công viên giải trí,Nghệ An,188410000,826600000,1085358000,971728000,302040000,54570000,247470000,158995000,112,29,2696786,14,0.180671434247,0.819328565753,0.526403787578,1.6031,0.3654,0,1.95289683983,94,47.9,Tương tác rất cao,Cần theo dõi,,12,Monitoring,25–34,True,False,True,2. Monitoring + spend above income
KH00102525,2025-12-01,80,Nữ,Dược sĩ bệnh viện,Đà Nẵng,423710000,1449300000,2239558000,2301884000,361384000,167283000,194101000,48948000,234,31,1544376,14,0.462895424258,0.537104575742,0.135445952228,0.8529,0.2494,0,2.45626554372,76.8,57.1,Tương tác cao,Cần theo dõi,,12,Monitoring,55+,True,False,False,3. Monitoring without overspend
KH00102530,2025-12-01,40,Nam,Điều phối viên tình nguyện,Hưng Yên,819170000,3740600000,2757776000,2628397000,948549000,374734000,573815000,190267000,434,31,2185597,14,0.395060244647,0.604939755353,0.200587423528,1.1579,0.2536,0,0.806576440072,80,58.6,Tương tác rất cao,Cần theo dõi,,12,Monitoring,35–44,True,False,True,2. Monitoring + spend above income
KH00102565,2025-12-01,23,Nam,Kỹ sư điện tử,Lào Cai,1033370000,3902500000,5921264000,6173186000,781448000,341267000,440181000,170345000,635,31,1230627,14,0.436711079944,0.563288920056,0.217986353539,0.7562,0.2002,0,2.83016342108,80.9,60.5,Tương tác rất cao,Ổn định,,12,Stable,<25,False,False,True,4. Stable / healthy
KH00102570,2025-12-01,46,Nữ,Bác sĩ giải phẫu bệnh,Tuyên Quang,689600000,1760200000,4715760000,4955911000,449449000,215725000,233724000,135552000,196,31,2293107,14,0.479976593562,0.520023406438,0.301595954157,0.6518,0.2553,0,1.4512956311,85,64.9,Tương tác rất cao,Ổn định,,12,Stable,45–54,False,False,True,4. Stable / healthy
KH00102605,2025-12-01,93,Nữ,Nhà tâm lý học thể thao,Lâm Đồng,398070000,1120700000,2654944000,2656717000,396297000,185104000,211193000,54109000,208,31,1905274,14,0.467084030412,0.532915969588,0.136536486524,0.9955,0.3536,0,1.8965487306,76.8,51.5,Tương tác cao,Cần theo dõi,,12,Monitoring,55+,True,False,False,3. Monitoring without overspend
KH00102610,2025-12-01,49,Nữ,Chuyên viên nhân sự,Lạng Sơn,226690000,973500000,988391000,998215000,216866000,98262000,118604000,45716000,112,30,1936304,14,0.453100071012,0.546899928988,0.210802984331,0.9567,0.2228,0,1.13885005063,78.6,59.3,Tương tác cao,Cần theo dõi,,12,Monitoring,45–54,True,False,False,3. Monitoring without overspend
KH00102645,2025-12-01,41,Nam,Kỹ thuật viên sản xuất bia,Đồng Tháp,686540000,3648300000,3053955000,2737158000,1003337000,427367000,575970000,175644000,427,31,2349735,14,0.425945619468,0.574054380532,0.175059825363,1.4614,0.275,0,0.866989914204,78.8,58,Tương tác cao,Cần theo dõi,,12,Monitoring,35–44,True,False,False,2. Monitoring + spend above income
KH00102650,2025-12-01,50,Nam,Nhà luyện kim,Lâm Đồng,399530000,1257300000,1595832000,1327815000,667547000,286110000,381437000,149579000,413,31,1616337,14,0.428599034974,0.571400965026,0.224072612116,1.6708,0.5309,0,2.92882986599,81.2,46,Tương tác rất cao,Cần theo dõi,,12,Monitoring,45–54,True,False,True,2. Monitoring + spend above income
KH00102685,2025-12-01,27,Nam,Dược sĩ cộng đồng,Ninh Bình,1060630000,4489200000,5375320000,5373539000,1062411000,421355000,641056000,205024000,471,31,2255650,14,0.396602633068,0.603397366932,0.192979929613,1.0017,0.2367,0,0.851655795611,79.6,58.8,Tương tác cao,Cần theo dõi,,12,Monitoring,25–34,True,False,False,2. Monitoring + spend above income
KH00102690,2025-12-01,45,Nam,Nhà luyện kim,Lâm Đồng,434850000,1309400000,1624478000,1563673000,495655000,211006000,284649000,84989000,215,31,2305372,14,0.425711432347,0.574288567653,0.171468057419,1.1398,0.3785,0,0.881808315248,78.6,55.4,Tương tác cao,Cần theo dõi,,12,Monitoring,45–54,True,False,False,2. Monitoring + spend above income
KH00102725,2025-12-01,44,Nam,Quản lý tour du lịch,Hà Nội,147530000,530800000,793084000,759356000,181258000,91119000,90139000,50639000,123,28,1473642,14,0.502703328957,0.497296671043,0.279375255161,1.2286,0.3415,0,2.18266605992,81.6,51.5,Tương tác rất cao,Cần theo dõi,,12,Monitoring,35–44,True,False,True,2. Monitoring + spend above income
KH00102730,2025-12-01,35,Nữ,Nhân viên cấp cứu,Cà Mau,577890000,3006700000,521275000,0,1136838000,547829000,589009000,258250000,575,31,1977110,14,0.481888360523,0.518111639477,0.227165172171,1.9672,0.3781,0,1.19053717319,81.4,24.4,Tương tác rất cao,Có dấu hiệu căng thẳng tài chính,,12,Stressed,35–44,True,True,True,1. Stressed
KH00102765,2025-12-01,27,Nữ,Chuyên viên chăm sóc cây,Đà Nẵng,852990000,4074300000,4894251000,4778888000,968353000,424391000,543962000,233744000,443,31,2185898,14,0.438260634293,0.561739365707,0.241383049363,1.1352,0.2377,0,1.22392395248,82.1,57.3,Tương tác rất cao,Cần theo dõi,,12,Monitoring,25–34,True,False,True,2. Monitoring + spend above income
KH00102770,2025-12-01,86,Nữ,Phi công hàng không,Đồng Nai,645880000,2701000000,4472506000,4563056000,555330000,286506000,268824000,70266000,340,31,1633324,14,0.515920263627,0.484079736373,0.12653017125,0.8598,0.2056,0,1.7171426324,76.3,59.9,Tương tác cao,Cần theo dõi,,12,Monitoring,55+,True,False,False,3. Monitoring without overspend
KH00102805,2025-12-01,49,Nữ,Chuyên viên quản lý khách hàng quảng cáo,Hà Nội,442530000,1411500000,2263888000,2228210000,478208000,204945000,273263000,108426000,225,31,2125369,14,0.428568739963,0.571431260037,0.226733973501,1.0806,0.3388,0,1.40412998487,81.3,53.8,Tương tác rất cao,Cần theo dõi,,12,Monitoring,45–54,True,False,True,2. Monitoring + spend above income
KH00102810,2025-12-01,33,Nữ,Chuyên viên kính thuốc,Đà Nẵng,376280000,966300000,1657597000,1481837000,552040000,285848000,266192000,115880000,250,31,2208160,14,0.517803057749,0.482196942251,0.209912325194,1.4671,0.5713,0,1.00104101611,80.5,50.9,Tương tác rất cao,Cần theo dõi,,12,Monitoring,25–34,True,False,True,2. Monitoring + spend above income
KH00102845,2025-12-01,27,Nam,Kỹ sư khoan,Đà Nẵng,688820000,3104600000,3556195000,3642559000,602456000,288334000,314122000,179605000,410,31,1469405,14,0.478597607128,0.521402392872,0.29812135658,0.8746,0.1941,0,1.73874906663,84.9,59.4,Tương tác rất cao,Cần theo dõi,,12,Monitoring,25–34,True,False,True,3. Monitoring without overspend
KH00102850,2025-12-01,26,Nữ,Nhà thiết kế sản phẩm công nghiệp,Đồng Tháp,810880000,2980400000,3364207000,2923898000,1251189000,571112000,680077000,328195000,571,31,2191224,14,0.456455419605,0.543544580395,0.262306494063,1.543,0.4198,0,1.39531504368,83.1,52.1,Tương tác rất cao,Cần theo dõi,,12,Monitoring,25–34,True,False,True,2. Monitoring + spend above income
KH00102885,2025-12-01,28,Nữ,Kỹ sư sản xuất,Lâm Đồng,863380000,3812900000,5495513000,5591643000,767250000,269247000,498003000,244536000,321,31,2390187,14,0.350924731183,0.649075268817,0.318717497556,0.8887,0.2012,0,1.47798638641,85.9,58.9,Tương tác rất cao,Cần theo dõi,,12,Monitoring,25–34,True,False,True,3. Monitoring without overspend
KH00102890,2025-12-01,40,Nữ,Kỹ sư điều khiển và tự động hóa,Huế,469110000,1746200000,2733481000,2189686000,1012905000,236504000,776401000,64503000,338,31,2996760,14,0.23349080121,0.76650919879,0.063681194189,2.1592,0.5801,0,10.3433080042,73.2,42.8,Tương tác cao,Cần theo dõi,,12,Monitoring,35–44,True,False,False,2. Monitoring + spend above income
KH00102925,2025-12-01,78,Nam,Chuyên viên phôi học lâm sàng,Hải Phòng,269230000,1147000000,1108858000,872159000,505929000,166163000,339766000,76396000,215,31,2353158,14,0.32843145975,0.67156854025,0.151001425101,1.8792,0.4411,0,5.33613999468,77.6,47.3,Tương tác cao,Cần theo dõi,,12,Monitoring,55+,True,False,False,2. Monitoring + spend above income
KH00102930,2025-12-01,54,Nam,Điều dưỡng nhi khoa,Ninh Bình,333260000,1101700000,1133267000,1018149000,448378000,238438000,209940000,77314000,312,31,1437109,14,0.531778990049,0.468221009951,0.172430404703,1.3454,0.407,0,1.21408350773,78.6,54.1,Tương tác cao,Cần theo dõi,,12,Monitoring,45–54,True,False,False,2. Monitoring + spend above income
KH00102965,2025-12-01,58,Nữ,Nhà sản xuất phát thanh,Quảng Ngãi,350430000,894600000,638996000,519941000,469485000,217827000,251658000,116608000,306,31,1534265,14,0.463970094891,0.536029905109,0.248374282458,1.3397,0.5248,0,1.28156966461,82.4,50.1,Tương tác rất cao,Cần theo dõi,,12,Monitoring,55+,True,False,True,2. Monitoring + spend above income
KH00102970,2025-12-01,54,Nữ,Lập trình viên ứng dụng,Nghệ An,711750000,2670700000,4595768000,4638954000,668564000,361378000,307186000,134810000,434,31,1540470,14,0.540528655447,0.459471344553,0.201641129346,0.9393,0.2503,0,1.15654781489,80.1,59.9,Tương tác rất cao,Cần theo dõi,,12,Monitoring,45–54,True,False,True,3. Monitoring without overspend
KH00103005,2025-12-01,67,Nữ,Cán bộ chính quyền địa phương,Hà Nội,95890000,392400000,258757000,173892000,180755000,79110000,101645000,86962000,113,31,1599602,14,0.437664241653,0.562335758347,0.481104257144,1.885,0.4606,0,2.31428199506,92.5,47.9,Tương tác rất cao,Cần theo dõi,,12,Monitoring,55+,True,False,True,2. Monitoring + spend above income
KH00103010,2025-12-01,33,Nữ,Giám đốc chiến lược,Tây Ninh,1325730000,6452500000,11238616000,11650353000,913993000,462528000,451465000,241872000,463,31,1974067,14,0.506052015716,0.493947984284,0.26463222366,0.6894,0.1416,0,1.31153551813,83.2,67.7,Tương tác rất cao,Ổn định,,12,Stable,25–34,False,False,True,4. Stable / healthy
KH00103045,2025-12-01,43,Nữ,Biên tập viên hiệu đính,Vĩnh Long,836360000,3160700000,3255865000,2843181000,1249044000,599868000,649176000,277416000,535,31,2334662,14,0.480261704151,0.519738295849,0.222102664118,1.4934,0.3952,0,1.29829799864,81.1,53.4,Tương tác rất cao,Cần theo dõi,,12,Monitoring,35–44,True,False,True,2. Monitoring + spend above income
KH00103050,2025-12-01,46,Nam,Chuyên viên chỉnh thị,Lào Cai,574240000,2923400000,2281942000,2139363000,716819000,291830000,424989000,133847000,319,31,2247082,14,0.407118114894,0.592881885106,0.1867235662,1.2483,0.2452,0,0.826195191273,79.3,58.8,Tương tác cao,Cần theo dõi,,12,Monitoring,45–54,True,False,False,2. Monitoring + spend above income
KH00103085,2025-12-01,42,Nam,Nhà trị liệu tâm lý trẻ em,Khánh Hòa,632700000,2656800000,2516551000,2384025000,765226000,386402000,378824000,209632000,517,31,1480128,14,0.504951478387,0.495048521613,0.273947827178,1.2095,0.288,0,1.85555825328,83.7,53.6,Tương tác rất cao,Cần theo dõi,,12,Monitoring,35–44,True,False,True,2. Monitoring + spend above income
KH00103090,2025-12-01,43,Nam,Nhà biên soạn từ điển,Điện Biên,470350000,1643600000,2276893000,2254736000,492507000,248447000,244060000,100367000,337,31,1461445,14,0.504453743805,0.495546256195,0.203787966465,1.0471,0.2997,0,1.41414652267,80.2,55.5,Tương tác rất cao,Cần theo dõi,,12,Monitoring,35–44,True,False,True,2. Monitoring + spend above income
KH00103125,2025-12-01,40,Nam,Nhà thiết kế triển lãm,Thành phố Hồ Chí Minh,675760000,1870400000,2595192000,2445832000,825120000,406414000,418706000,161412000,543,31,1519558,14,0.492551386465,0.507448613535,0.195622454916,1.221,0.4411,0,2.03798669601,79.8,48.9,Tương tác cao,Cần theo dõi,,12,Monitoring,35–44,True,False,False,2. Monitoring + spend above income
KH00103130,2025-12-01,44,Nữ,Biên tập viên hiệu đính báo chí,Hải Phòng,800020000,3314100000,3564538000,3484998000,879560000,469060000,410500000,201960000,636,31,1382956,14,0.533289371959,0.466710628041,0.229614807404,1.0994,0.2654,0,1.91531656008,81.5,54.1,Tương tác rất cao,Cần theo dõi,,12,Monitoring,35–44,True,False,True,2. Monitoring + spend above income
KH00103165,2025-12-01,62,Nam,Kỹ thuật viên sản xuất bia,Thành phố Hồ Chí Minh,278380000,811400000,1240171000,1188169000,330382000,180366000,150016000,51735000,213,31,1551089,14,0.545931679087,0.454068320913,0.156591460794,1.1868,0.4072,0,1.22468653165,77.8,54.2,Tương tác cao,Cần theo dõi,,12,Monitoring,55+,True,False,False,2. Monitoring + spend above income
KH00103170,2025-12-01,67,Nam,Giám đốc vận hành,Thành phố Hồ Chí Minh,577320000,2166900000,4082630000,4338090000,321860000,198425000,123435000,40799000,235,31,1369617,14,0.61649474927,0.38350525073,0.126760082023,0.5575,0.1485,0,1.00331475899,76.3,73.5,Tương tác cao,Ổn định,,12,Stable,55+,False,False,False,4. Stable / healthy
KH00103205,2025-12-01,59,Nam,Nhà khoa học địa chất,Thành phố Hồ Chí Minh,596370000,1819400000,4376578000,4481612000,491336000,222604000,268732000,106157000,335,31,1466675,14,0.453058599411,0.546941400589,0.216057850432,0.8239,0.2701,0,1.75590959982,80.8,58.4,Tương tác rất cao,Cần theo dõi,,12,Monitoring,55+,True,False,True,3. Monitoring without overspend
KH00103210,2025-12-01,44,Nữ,Giám đốc vận hành,Điện Biên,555790000,2220600000,4459368000,4339136000,676022000,234525000,441497000,264412000,315,31,2146102,14,0.346919183104,0.653080816896,0.391129282775,1.2163,0.3044,0,4.70120592153,89.6,50.9,Tương tác rất cao,Cần theo dõi,,12,Monitoring,35–44,True,False,True,2. Monitoring + spend above income
KH00103245,2025-12-01,48,Nữ,Chuyên viên tư vấn môi trường,Đồng Tháp,763190000,1949900000,2688221000,2499802000,951609000,448274000,503335000,138493000,679,31,1401486,14,0.471069525404,0.528930474596,0.145535613892,1.2469,0.488,0,2.01390562861,77.3,47.5,Tương tác cao,Cần theo dõi,,12,Monitoring,45–54,True,False,False,2. Monitoring + spend above income
KH00103250,2025-12-01,20,Nam,Chuyên viên thông tin hướng nghiệp,Phú Thọ,859440000,2896900000,2783630000,2276129000,1366941000,306714000,1060227000,452597000,656,31,2083752,14,0.224379837901,0.775620162099,0.331102073901,1.5905,0.4719,0,1.45660532559,86.6,48.2,Tương tác rất cao,Cần theo dõi,,12,Monitoring,<25,True,False,True,2. Monitoring + spend above income
KH00103285,2025-12-01,59,Nam,Biên tập viên đặt bài,Hà Nội,554070000,2211600000,2652876000,2742490000,464456000,251298000,213158000,64972000,349,31,1330819,14,0.541058787054,0.458941212946,0.139888385552,0.8383,0.21,0,1.12732525519,77,63.6,Tương tác cao,Ổn định,,12,Stable,55+,False,False,False,4. Stable / healthy
KH00103290,2025-12-01,66,Nữ,Nhà di truyền tế bào học,Khánh Hòa,433970000,1810900000,1753047000,1675691000,511326000,308820000,202506000,90776000,327,31,1563688,14,0.603959118058,0.396040881942,0.177530577362,1.1783,0.2824,0,1.48561513201,78.9,56.6,Tương tác cao,Cần theo dõi,,12,Monitoring,55+,True,False,False,2. Monitoring + spend above income
KH00103325,2025-12-01,58,Nam,Chuyên viên viết nội dung quảng cáo,Thanh Hóa,359990000,1216400000,1243402000,1120826000,482566000,263482000,219084000,65801000,316,31,1527108,14,0.546001997654,0.453998002346,0.136356477663,1.3405,0.3967,0,1.20540299224,76.8,54.5,Tương tác cao,Cần theo dõi,,12,Monitoring,55+,True,False,False,2. Monitoring + spend above income
KH00103330,2025-12-01,53,Nữ,Chuyên viên pháp lý được cấp chứng chỉ,Tây Ninh,292250000,861000000,1246695000,1193765000,345180000,181943000,163237000,87911000,231,31,1494286,14,0.52709600788,0.47290399212,0.254681615389,1.1811,0.4009,0,1.80644954211,82.7,51.2,Tương tác rất cao,Cần theo dõi,,12,Monitoring,45–54,True,False,True,2. Monitoring + spend above income
KH00103365,2025-12-01,53,Nam,Công chức diện đào tạo nhanh,Tây Ninh,104750000,372700000,256440000,182589000,178601000,98634000,79967000,36216000,109,30,1638541,13,0.552258945919,0.447741054081,0.202776020291,1.705,0.4792,1,1.61348804896,76,50.5,Tương tác cao,Cần theo dõi,,12,Monitoring,45–54,True,False,False,2. Monitoring + spend above income
KH00103370,2025-12-01,58,Nữ,Người dẫn chương trình phát sóng,Hưng Yên,130990000,471600000,474777000,480529000,125238000,71273000,53965000,16891000,102,28,1227824,13,0.569100432776,0.430899567224,0.134871205225,0.9561,0.2656,0,0.974735760613,72.5,60.3,Tương tác cao,Ổn định,,12,Stable,55+,False,False,False,4. Stable / healthy
KH00103405,2025-12-01,38,Nam,Quản lý trung tâm thể hình,Cà Mau,312120000,1103900000,1231102000,958717000,584505000,253358000,331147000,216842000,350,31,1670014,14,0.433457369911,0.566542630089,0.370983995004,1.8727,0.5295,0,2.11395036748,88.5,46.1,Tương tác rất cao,Cần theo dõi,,12,Monitoring,35–44,True,False,True,2. Monitoring + spend above income
KH00103410,2025-12-01,59,Nam,Nhân viên phát triển cộng đồng,Hải Phòng,190470000,805900000,394846000,245481000,339835000,186320000,153515000,77453000,226,31,1503695,14,0.548266070299,0.451733929701,0.22791354628,1.7842,0.4217,0,1.18584405868,81.4,54,Tương tác rất cao,Cần theo dõi,,12,Monitoring,55+,True,False,True,2. Monitoring + spend above income
KH00103445,2025-12-01,64,Nam,Nhà địa chất hiện trường,Quảng Ngãi,159370000,604600000,664906000,645081000,179195000,102077000,77118000,49498000,103,29,1739757,13,0.569642010101,0.430357989899,0.276224225006,1.1244,0.2964,0,1.66957121943,79.9,54.9,Tương tác cao,Cần theo dõi,,12,Monitoring,55+,True,False,False,2. Monitoring + spend above income
KH00103450,2025-12-01,92,Nữ,Chuyên viên trưng bày bán lẻ,Phú Thọ,327690000,1139400000,1509504000,1479350000,357844000,189957000,167887000,28495000,221,31,1619204,14,0.530837459899,0.469162540101,0.0796296710298,1.092,0.3141,0,2.52035428488,74,52.5,Tương tác cao,Cần theo dõi,,12,Monitoring,55+,True,False,False,2. Monitoring + spend above income
KH00103485,2025-12-01,27,Nữ,Nhân viên xe cứu thương,Đồng Tháp,289040000,1261600000,800710000,608595000,481155000,192379000,288776000,184938000,204,31,2358603,14,0.399827498415,0.600172501585,0.384362627428,1.6647,0.3814,0,1.70542575655,89.2,50.9,Tương tác rất cao,Cần theo dõi,,12,Monitoring,25–34,True,False,True,2. Monitoring + spend above income
KH00103490,2025-12-01,29,Nữ,Nhà trị liệu tâm lý,Lạng Sơn,440060000,1755900000,910046000,616157000,733949000,341212000,392737000,184822000,443,31,1656770,14,0.464898787245,0.535101212755,0.25181858685,1.6678,0.418,0,2.33722794341,82.6,49.2,Tương tác rất cao,Cần theo dõi,,12,Monitoring,25–34,True,False,True,2. Monitoring + spend above income
KH00103525,2025-12-01,47,Nam,Chuyên viên vệ sinh lao động,Hà Nội,112730000,483200000,116245000,113820000,115155000,82076000,33079000,28980000,111,31,1037432,14,0.712743693283,0.287256306717,0.251660805002,1.0215,0.2383,0,0.967142706424,80.9,61.3,Tương tác rất cao,Ổn định,,12,Stable,45–54,False,False,True,4. Stable / healthy
KH00103530,2025-12-01,51,Nam,Người dẫn chương trình phát sóng,Nghệ An,244670000,910000000,654365000,532025000,367010000,200059000,166951000,58299000,219,31,1675845,14,0.54510503801,0.45489496199,0.158848532738,1.5,0.4033,0,1.80490613886,77.9,51.3,Tương tác cao,Cần theo dõi,,12,Monitoring,45–54,True,False,False,2. Monitoring + spend above income
KH00103565,2025-12-01,38,Nam,Chủ nhiệm ánh sáng trường quay,An Giang,822390000,3307000000,3725529000,3445390000,1102529000,416560000,685969000,170880000,475,31,2321114,14,0.377822261365,0.622177738635,0.154989120468,1.3406,0.3334,0,0.933218672832,77.7,55.8,Tương tác cao,Cần theo dõi,,12,Monitoring,35–44,True,False,False,2. Monitoring + spend above income
KH00103570,2025-12-01,25,Nữ,Trợ lý phát thanh,Vĩnh Long,113690000,525700000,242467000,224508000,131649000,75072000,56577000,8460000,115,31,1144774,14,0.570243602306,0.429756397694,0.0642617870246,1.158,0.2504,0,0.988235693051,71.7,59.5,Tương tác cao,Cần theo dõi,,12,Monitoring,25–34,True,False,False,2. Monitoring + spend above income
KH00103605,2025-12-01,39,Nữ,Cán bộ đào tạo và phát triển,Thành phố Hồ Chí Minh,542300000,1588000000,1345265000,1120492000,767073000,349772000,417301000,153148000,323,31,2374839,14,0.455982677007,0.544017322993,0.199652445074,1.4145,0.483,0,1.6443073308,80,49.3,Tương tác rất cao,Cần theo dõi,,12,Monitoring,35–44,True,False,True,2. Monitoring + spend above income
KH00103610,2025-12-01,27,Nữ,Chuyên viên phân tích địa chấn,Vĩnh Long,115470000,485400000,384578000,316865000,183183000,89646000,93537000,10925000,111,31,1650297,13,0.489379472986,0.510620527014,0.0596398137382,1.5864,0.3774,0,2.90574877985,69.9,50.5,Tương tác cao,Cần theo dõi,,12,Monitoring,25–34,True,False,False,2. Monitoring + spend above income
KH00103645,2025-12-01,65,Nữ,Chuyên viên tư vấn tâm lý,Vĩnh Long,281660000,1179400000,1368849000,1336851000,313658000,174293000,139365000,44844000,206,31,1522612,14,0.555678477833,0.444321522167,0.142971006638,1.1136,0.2659,0,1.30061374189,77.1,57.4,Tương tác cao,Cần theo dõi,,12,Monitoring,55+,True,False,False,2. Monitoring + spend above income
KH00103650,2025-12-01,67,Nam,Thủ thư thư viện công cộng,Quảng Ngãi,125520000,462000000,487474000,362576000,250418000,101859000,148559000,19306000,120,31,2086817,14,0.406755904128,0.593244095872,0.0770950969978,1.995,0.542,0,5.10592204825,72.4,45.5,Tương tác cao,Cần theo dõi,,12,Monitoring,55+,True,False,False,2. Monitoring + spend above income
KH00103690,2025-12-01,47,Nữ,Biên tập viên chuyên đề tạp chí,Thành phố Hồ Chí Minh,510540000,2346000000,1822074000,1735391000,597223000,306952000,290271000,123128000,452,31,1321290,14,0.513965470185,0.486034529815,0.206167545456,1.1698,0.2546,0,2.14044875912,80.3,53.8,Tương tác rất cao,Cần theo dõi,,12,Monitoring,45–54,True,False,True,2. Monitoring + spend above income
KH00103725,2025-12-01,55,Nam,Chuyên viên tư vấn làm vườn,Thành phố Hồ Chí Minh,170740000,699900000,774133000,803846000,141027000,53101000,87926000,21723000,89,28,1584573,14,0.376530735249,0.623469264751,0.154034333851,0.826,0.2015,0,2.13301795552,74.5,58.1,Tương tác cao,Cần theo dõi,,12,Monitoring,55+,True,False,False,3. Monitoring without overspend
KH00103730,2025-12-01,45,Nữ,Chuyên viên thu mua bán lẻ,Thanh Hóa,154680000,525200000,681660000,610479000,225861000,108591000,117270000,37616000,120,29,1882175,14,0.480786855632,0.519213144368,0.166544910365,1.4602,0.43,0,1.65448527765,76.2,50.8,Tương tác cao,Cần theo dõi,,12,Monitoring,45–54,True,False,False,2. Monitoring + spend above income
KH00103765,2025-12-01,41,Nữ,Kỹ sư hàng không,Tuyên Quang,430960000,1239200000,2090122000,2096435000,424647000,224646000,200001000,118066000,323,31,1314697,14,0.529018219839,0.470981780161,0.278033284116,0.9854,0.3427,0,2.04920869884,83.9,52.1,Tương tác rất cao,Cần theo dõi,,12,Monitoring,35–44,True,False,True,3. Monitoring without overspend
KH00103770,2025-12-01,30,Nam,Cán bộ giáo dục bảo tàng,Thành phố Hồ Chí Minh,101100000,462700000,136163000,106475000,130788000,82784000,48004000,23393000,111,30,1178270,14,0.632963268801,0.367036731199,0.178861975105,1.2936,0.2827,0,1.42546173981,77,57.1,Tương tác cao,Cần theo dõi,,12,Monitoring,25–34,True,False,False,2. Monitoring + spend above income
KH00103805,2025-12-01,65,Nam,Nhà khoa học nghiên cứu y học,Hải Phòng,360320000,1468800000,1649133000,1706409000,303044000,175896000,127148000,38459000,222,31,1365063,14,0.580430564538,0.419569435462,0.126908963715,0.841,0.2063,0,1.12845429723,76.3,64,Tương tác cao,Ổn định,,12,Stable,55+,False,False,False,4. Stable / healthy
KH00103810,2025-12-01,47,Nữ,Nhà độc chất học,Đồng Tháp,900200000,3203200000,2990858000,2671848000,1219210000,545047000,674163000,262707000,583,31,2091269,14,0.447049318821,0.552950681179,0.215473134243,1.3544,0.3806,0,1.2874833328,80.8,53.5,Tương tác rất cao,Cần theo dõi,,12,Monitoring,45–54,True,False,True,2. Monitoring + spend above income
KH00103845,2025-12-01,54,Nam,Chuyên viên quy hoạch đô thị,Phú Thọ,338530000,1238800000,763468000,542951000,559047000,334393000,224654000,117717000,365,31,1531636,14,0.598148277336,0.401851722664,0.210567268942,1.6514,0.4513,0,1.24441239251,80.5,53.5,Tương tác rất cao,Cần theo dõi,,12,Monitoring,45–54,True,False,True,2. Monitoring + spend above income
KH00103850,2025-12-01,22,Nữ,Nhà khoa học nghiên cứu toán học,Sơn La,499510000,2212900000,3562790000,3521119000,541181000,237011000,304170000,89933000,448,31,1207993,14,0.437951443232,0.562048556768,0.166179152631,1.0834,0.2446,0,2.02714324915,78.3,53.3,Tương tác cao,Cần theo dõi,,12,Monitoring,<25,True,False,False,2. Monitoring + spend above income
KH00103885,2025-12-01,75,Nam,Nhà thiết kế trang sức,Tây Ninh,172720000,701900000,719792000,743535000,148977000,80540000,68437000,34044000,99,29,1504818,14,0.540620364217,0.459379635783,0.228518496144,0.8625,0.2122,1,0.945202888682,78.1,63.8,Tương tác cao,Ổn định,,12,Stable,55+,False,False,False,4. Stable / healthy
KH00103890,2025-12-01,33,Nam,Quản lý khách sạn,Thái Nguyên,146880000,434000000,715763000,682080000,180563000,83746000,96817000,23936000,101,31,1787752,14,0.463804876968,0.536195123032,0.132563149704,1.2293,0.416,0,3.34938912018,74.7,49.2,Tương tác cao,Cần theo dõi,,12,Monitoring,25–34,True,False,False,2. Monitoring + spend above income
KH00103925,2025-12-01,86,Nữ,Chuyên viên chăm sóc cây,Quảng Ninh,275280000,1064300000,1351679000,1229651000,397308000,175982000,221326000,74564000,232,30,1712534,14,0.442935959004,0.557064040996,0.187673039556,1.4433,0.3733,0,1.14651234019,79.1,54.4,Tương tác cao,Cần theo dõi,,12,Monitoring,55+,True,False,False,2. Monitoring + spend above income
KH00103970,2025-12-01,49,Nữ,Quản lý hồ sơ,Bắc Ninh,779340000,3221900000,5125088000,5155953000,748475000,344028000,404447000,243435000,332,31,2254443,14,0.459638598484,0.540361401516,0.325241324026,0.9604,0.2323,0,1.45587440845,86.3,57.5,Tương tác rất cao,Cần theo dõi,,12,Monitoring,45–54,True,False,True,3. Monitoring without overspend
KH00104005,2025-12-01,40,Nam,Bác sĩ bệnh viện,Hưng Yên,867680000,2945300000,5868172000,6018051000,717801000,388519000,329282000,148013000,572,31,1254897,14,0.541262829113,0.458737170887,0.206203390633,0.8273,0.2437,0,1.88937315912,80.3,59.2,Tương tác rất cao,Cần theo dõi,,12,Monitoring,35–44,True,False,True,3. Monitoring without overspend
KH00104010,2025-12-01,85,Nam,Kỹ sư vận hành phát sóng,Đồng Nai,374400000,891400000,2015225000,2082924000,306701000,168979000,137722000,70624000,211,31,1453559,14,0.550956795054,0.449043204946,0.23026987196,0.8192,0.3441,0,1.36557744753,81.5,59.6,Tương tác rất cao,Cần theo dõi,,12,Monitoring,55+,True,False,True,3. Monitoring without overspend
KH00104045,2025-12-01,61,Nam,Chuyên viên công nghệ màu sắc,An Giang,230680000,698700000,832521000,742778000,320423000,184988000,135435000,59944000,227,31,1411555,14,0.577324349376,0.422675650624,0.187077706657,1.389,0.4586,0,1.09074323811,79.4,53.9,Tương tác cao,Cần theo dõi,,12,Monitoring,55+,True,False,False,2. Monitoring + spend above income
KH00104050,2025-12-01,81,Nam,Quản trị viên giáo dục,Đà Nẵng,363700000,960500000,1271193000,1173708000,461185000,273522000,187663000,78173000,326,31,1414678,14,0.593085204419,0.406914795581,0.169504645641,1.268,0.4802,0,1.15614643721,78.5,53.1,Tương tác cao,Cần theo dõi,,12,Monitoring,55+,True,False,False,2. Monitoring + spend above income
KH00104085,2025-12-01,21,Nữ,Kỹ sư ô tô,Lào Cai,167140000,729500000,792830000,763186000,196784000,43145000,153639000,39655000,111,29,1772829,14,0.219250548825,0.780749451175,0.201515367103,1.1774,0.2698,0,0.808536646856,77.8,56.4,Tương tác cao,Cần theo dõi,,12,Monitoring,<25,True,False,False,2. Monitoring + spend above income
KH00104090,2025-12-01,42,Nam,Chuyên viên y tế môi trường,Hà Nội,565860000,1605100000,2214751000,2056976000,723635000,302793000,420842000,130278000,329,31,2199498,14,0.418433326193,0.581566673807,0.180032751318,1.2788,0.4508,0,0.845080362741,79,53.7,Tương tác cao,Cần theo dõi,,12,Monitoring,35–44,True,False,False,2. Monitoring + spend above income
KH00104125,2025-12-01,30,Nữ,Quản lý nhà hát,Phú Thọ,694870000,1821300000,3829899000,3811124000,713645000,359414000,354231000,161115000,331,31,2156027,14,0.503631357328,0.496368642672,0.225763509868,1.027,0.3918,0,1.10086037633,81.3,54.7,Tương tác rất cao,Cần theo dõi,,12,Monitoring,25–34,True,False,True,2. Monitoring + spend above income
KH00104130,2025-12-01,50,Nữ,Nhà thiết kế trang sức,Lào Cai,115990000,301200000,300010000,247824000,168176000,86121000,82055000,35647000,110,29,1528873,14,0.512088526306,0.487911473694,0.211962467891,1.4499,0.5584,0,1.15698349073,78.3,50.4,Tương tác cao,Cần theo dõi,,12,Monitoring,45–54,True,False,False,2. Monitoring + spend above income
KH00104165,2025-12-01,33,Nữ,Kiểm soát viên tài chính,Thành phố Hồ Chí Minh,882680000,3108500000,4036822000,4022150000,897352000,490069000,407283000,171679000,683,31,1313839,14,0.546127940875,0.453872059125,0.191317342581,1.0166,0.2887,0,1.4959100166,79.6,55.8,Tương tác cao,Cần theo dõi,,12,Monitoring,25–34,True,False,False,2. Monitoring + spend above income
KH00104170,2025-12-01,58,Nữ,Quản lý tổng đài,Sơn La,522800000,2252200000,2436352000,2415524000,543628000,287707000,255921000,110266000,347,31,1566651,14,0.529235065155,0.470764934845,0.202833555299,1.0398,0.2414,0,1.28859130848,80.1,57.8,Tương tác rất cao,Cần theo dõi,,12,Monitoring,55+,True,False,True,2. Monitoring + spend above income
KH00104205,2025-12-01,49,Nữ,Chuyên viên kính thuốc,Đà Nẵng,295040000,1176300000,1061343000,1040414000,315969000,154136000,161833000,57775000,231,31,1367831,14,0.487820007659,0.512179992341,0.182850216319,1.0709,0.2686,0,1.577678547,79.1,55.3,Tương tác cao,Cần theo dõi,,12,Monitoring,45–54,True,False,False,2. Monitoring + spend above income
KH00104210,2025-12-01,71,Nữ,Chuyên viên chăm sóc bàn chân,Thành phố Hồ Chí Minh,455580000,2469500000,2840831000,2734748000,561663000,276157000,285506000,76801000,321,31,1749729,14,0.49167739374,0.50832260626,0.136738578115,1.2329,0.2274,0,1.45014029311,76.8,57,Tương tác cao,Cần theo dõi,,12,Monitoring,55+,True,False,False,2. Monitoring + spend above income
KH00104245,2025-12-01,45,Nam,Chuyên viên nghiên cứu xã hội,Lâm Đồng,343020000,1630700000,975609000,909836000,408793000,241368000,167425000,83089000,321,31,1273498,14,0.590440638661,0.409559361339,0.203254458858,1.1917,0.2507,0,1.18822432178,80.2,58.7,Tương tác rất cao,Cần theo dõi,,12,Monitoring,45–54,True,False,True,2. Monitoring + spend above income
KH00104250,2025-12-01,64,Nữ,Nhà địa chất hiện trường,Bắc Ninh,302640000,1130100000,1029428000,1078838000,253230000,162479000,90751000,29976000,193,31,1312073,14,0.64162618963,0.35837381037,0.118374600166,0.8367,0.2241,0,0.945736458558,75.8,65.2,Tương tác cao,Ổn định,,12,Stable,55+,False,False,False,4. Stable / healthy
KH00104285,2025-12-01,53,Nữ,Chuyên viên tư vấn thuế,Đồng Nai,365130000,1648600000,1185951000,1017245000,533836000,301999000,231837000,68173000,372,31,1435043,14,0.56571493867,0.43428506133,0.127704013967,1.462,0.3238,0,1.04514871176,76.4,57.3,Tương tác cao,Cần theo dõi,,12,Monitoring,45–54,True,False,False,2. Monitoring + spend above income
KH00104290,2025-12-01,34,Nữ,Chuyên viên tư vấn môi trường,Thành phố Hồ Chí Minh,1373240000,5483300000,7812687000,7817245000,1368682000,603997000,764685000,346733000,623,31,2196921,14,0.441298270891,0.558701729109,0.253333498943,0.9967,0.2496,0,1.30591006749,82.7,56.7,Tương tác rất cao,Cần theo dõi,,12,Monitoring,25–34,True,False,True,3. Monitoring without overspend
KH00104325,2025-12-01,60,Nam,Trợ lý sản xuất phát thanh,Thành phố Hồ Chí Minh,218010000,1019700000,561669000,475041000,304638000,169512000,135126000,76834000,216,31,1410361,14,0.556437476612,0.443562523388,0.252214103296,1.3974,0.2988,0,1.76494019214,82.6,54.3,Tương tác rất cao,Cần theo dõi,,12,Monitoring,55+,True,False,True,2. Monitoring + spend above income
KH00104365,2025-12-01,36,Nam,Nhà giao dịch tài chính,Sơn La,651120000,2936800000,4438949000,4561335000,528734000,305954000,222780000,84680000,426,31,1241160,14,0.578653916714,0.421346083286,0.160156146569,0.812,0.18,0,1.39764058482,78,64,Tương tác cao,Ổn định,,12,Stable,35–44,False,False,False,4. Stable / healthy
KH00104370,2025-12-01,70,Nam,Kỹ sư sản xuất,Đồng Tháp,609010000,2872000000,3676873000,3679337000,606546000,284626000,321920000,146225000,320,31,1895456,14,0.469257072011,0.530742927989,0.241078170493,0.996,0.2112,0,2.3489031387,82.1,54.5,Tương tác rất cao,Cần theo dõi,,12,Monitoring,55+,True,False,True,3. Monitoring without overspend
KH00104405,2025-12-01,35,Nữ,Chuyên viên pháp chế,Thanh Hóa,671120000,2723000000,2762332000,2429602000,1003850000,476038000,527812000,196377000,668,31,1502769,14,0.474212282712,0.525787717288,0.195623848184,1.4958,0.3687,0,2.42217103114,79.8,50.5,Tương tác cao,Cần theo dõi,,12,Monitoring,35–44,True,False,False,2. Monitoring + spend above income
KH00104410,2025-12-01,59,Nữ,Dược sĩ bệnh viện,Hưng Yên,201960000,1111300000,1275642000,1289740000,187862000,85449000,102413000,44724000,115,29,1633583,14,0.454849836582,0.545150163418,0.238068369335,0.9302,0.169,1,1.50719491643,79,59.5,Tương tác cao,Cần theo dõi,,12,Monitoring,55+,True,False,False,3. Monitoring without overspend
KH00104445,2025-12-01,37,Nam,Nhà khoa học thính học,Đà Nẵng,205390000,695700000,1168367000,1179741000,194016000,75036000,118980000,22031000,105,30,1847771,14,0.386751608115,0.613248391885,0.113552490516,0.9446,0.2789,0,4.19317236419,73.5,53.3,Tương tác cao,Cần theo dõi,,12,Monitoring,35–44,True,False,False,3. Monitoring without overspend
KH00104450,2025-12-01,29,Nữ,Nhà thống kê,Thành phố Hồ Chí Minh,1131300000,4371600000,5557026000,5517884000,1170442000,525345000,645097000,218714000,524,31,2233668,14,0.448843257504,0.551156742496,0.186864449499,1.0346,0.2677,0,1.80096645485,79.3,53.8,Tương tác cao,Cần theo dõi,,12,Monitoring,25–34,True,False,False,2. Monitoring + spend above income
KH00104485,2025-12-01,47,Nam,Cán bộ hành chính địa phương,Cà Mau,322210000,1132800000,727507000,577291000,472426000,231465000,240961000,110016000,232,31,2036319,14,0.489949748744,0.510050251256,0.232874566599,1.4662,0.417,0,0.558839402597,81.6,56.7,Tương tác rất cao,Cần theo dõi,,12,Monitoring,45–54,True,False,True,2. Monitoring + spend above income
KH00104525,2025-12-01,25,Nam,Nhà biên soạn từ điển,Đồng Tháp,96800000,317800000,212362000,191135000,118027000,44524000,73503000,41591000,109,27,1082817,14,0.377235717251,0.622764282749,0.352385471121,1.2193,0.3714,0,2.6530978351,84.6,49.5,Tương tác rất cao,Cần theo dõi,,12,Monitoring,25–34,True,False,True,2. Monitoring + spend above income
KH00104530,2025-12-01,72,Nam,Sĩ quan hậu cần quân đội,Hà Nội,145000000,454300000,674612000,683552000,136060000,77578000,58482000,16461000,112,29,1214821,14,0.570174922828,0.429825077172,0.120983389681,0.9383,0.2995,0,1.02930740597,73.8,59.6,Tương tác cao,Cần theo dõi,,12,Monitoring,55+,True,False,False,3. Monitoring without overspend
KH00104565,2025-12-01,63,Nam,Quản trị viên cơ sở dữ liệu,Khánh Hòa,298800000,1308100000,1208769000,1095856000,411713000,239701000,172012000,46117000,231,31,1782307,14,0.582204108202,0.417795891798,0.11201249414,1.3779,0.3147,0,1.55516286983,75.6,55.2,Tương tác cao,Cần theo dõi,,12,Monitoring,55+,True,False,False,2. Monitoring + spend above income
KH00104570,2025-12-01,70,Nữ,Chuyên viên nghiên cứu viễn thông,Thành phố Hồ Chí Minh,519890000,2120700000,1835867000,1670883000,684874000,373451000,311423000,122193000,449,31,1525332,14,0.545284242065,0.454715757935,0.178416759871,1.3173,0.3229,0,1.74582493476,78.9,53.7,Tương tác cao,Cần theo dõi,,12,Monitoring,55+,True,False,False,2. Monitoring + spend above income
KH00104605,2025-12-01,36,Nam,Nhà tâm lý học pháp y,Điện Biên,696660000,2592000000,2954358000,2897126000,753892000,265489000,488403000,148147000,317,31,2378208,14,0.352157868766,0.647842131234,0.196509579621,1.0822,0.2909,0,0.964781521419,79.8,56.4,Tương tác cao,Cần theo dõi,,12,Monitoring,35–44,True,False,False,2. Monitoring + spend above income
KH00104645,2025-12-01,37,Nam,Nhân viên y tế cộng đồng,Nghệ An,106470000,400300000,249744000,190623000,165591000,88700000,76891000,51120000,93,30,1780548,14,0.535657131124,0.464342868876,0.308712430023,1.5553,0.4137,0,1.32009878341,83,53.4,Tương tác rất cao,Cần theo dõi,,12,Monitoring,35–44,True,False,True,2. Monitoring + spend above income
KH00104650,2025-12-01,21,Nam,Chuyên viên công nghệ dệt may,An Giang,932960000,3943700000,4358073000,4339074000,951959000,224514000,727445000,220992000,553,31,1721445,14,0.235844190769,0.764155809231,0.232144451599,1.0204,0.2414,0,0.93401686625,81.6,56.7,Tương tác rất cao,Cần theo dõi,,12,Monitoring,<25,True,False,True,2. Monitoring + spend above income
KH00104690,2025-12-01,68,Nữ,Nhà tâm lý học giáo dục,Đồng Tháp,185670000,534100000,962550000,863494000,284726000,99235000,185491000,36594000,119,30,2392655,14,0.348528058555,0.651471941445,0.128523563004,1.5335,0.5331,0,4.2496710503,74.6,45.2,Tương tác cao,Cần theo dõi,,12,Monitoring,55+,True,False,False,2. Monitoring + spend above income
KH00104725,2025-12-01,41,Nam,Chuyên viên nghiên cứu chương trình,Đồng Nai,449510000,1410500000,1335246000,1050169000,734587000,362020000,372567000,221540000,475,31,1546499,14,0.49282113623,0.50717886377,0.301584427712,1.6342,0.5208,0,2.35624839595,85.1,46.9,Tương tác rất cao,Cần theo dõi,,12,Monitoring,35–44,True,False,True,2. Monitoring + spend above income
KH00104730,2025-12-01,21,Nữ,Nhà tâm lý học tư vấn,Huế,537080000,2358100000,2664805000,2671514000,530371000,231188000,299183000,78404000,447,31,1186512,14,0.435898644534,0.564101355466,0.147828595455,0.9875,0.2249,0,2.53359970707,77.4,54,Tương tác cao,Cần theo dõi,,12,Monitoring,<25,True,False,False,3. Monitoring without overspend
KH00104765,2025-12-01,44,Nam,Nhà địa chất hiện trường,Đồng Nai,658420000,2280700000,3129733000,3031264000,756889000,443028000,313861000,122817000,596,31,1269948,14,0.58532757115,0.41467242885,0.162265536955,1.1496,0.3319,0,1.33430182986,78.1,55.9,Tương tác cao,Cần theo dõi,,12,Monitoring,35–44,True,False,False,2. Monitoring + spend above income
KH00104770,2025-12-01,72,Nữ,Nhà khoa học y sinh,Hà Nội,520140000,1835900000,3401608000,3443251000,478497000,207826000,270671000,51557000,301,31,1589691,14,0.43433083175,0.56566916825,0.107747801972,0.9199,0.2606,0,1.99325794736,75.4,54.9,Tương tác cao,Cần theo dõi,,12,Monitoring,55+,True,False,False,3. Monitoring without overspend
KH00104805,2025-12-01,28,Nam,Chuyên viên viết nội dung quảng cáo,Điện Biên,448970000,1459800000,2147491000,2004059000,592402000,239446000,352956000,162176000,338,31,1752669,14,0.404195124257,0.595804875743,0.273760048075,1.3195,0.4058,0,3.27522387965,83.7,48.9,Tương tác rất cao,Cần theo dõi,,12,Monitoring,25–34,True,False,True,2. Monitoring + spend above income
KH00104810,2025-12-01,31,Nam,Chánh văn phòng,Tây Ninh,423570000,1843700000,1372653000,1261310000,534913000,192700000,342213000,78282000,222,31,2409518,14,0.360245497866,0.639754502134,0.146345293534,1.2629,0.2901,0,0.92922360108,77.3,56.7,Tương tác cao,Cần theo dõi,,12,Monitoring,25–34,True,False,False,2. Monitoring + spend above income
KH00104845,2025-12-01,61,Nữ,Họa sĩ,Đồng Nai,395540000,2059200000,2151164000,1837005000,709699000,270776000,438923000,230891000,331,31,2144106,14,0.381536397825,0.618463602175,0.325336515903,1.7943,0.3446,0,2.02518082508,86.3,50.2,Tương tác rất cao,Cần theo dõi,,12,Monitoring,55+,True,False,True,2. Monitoring + spend above income
KH00104850,2025-12-01,19,Nam,Kỹ sư viễn thông,Phú Thọ,447710000,2027800000,2184540000,2321484000,310766000,172916000,137850000,49505000,315,31,986559,14,0.556418655838,0.443581344162,0.159299923415,0.6941,0.1533,0,1.0624239478,78,69.1,Tương tác cao,Ổn định,,12,Stable,<25,False,False,False,4. Stable / healthy
KH00104885,2025-12-01,29,Nam,Kỹ sư sản xuất,Gia Lai,273840000,1003800000,1357642000,1318629000,312853000,169518000,143335000,33322000,227,31,1378207,14,0.541845531288,0.458154468712,0.106510086207,1.1425,0.3117,0,1.6499047275,75.3,54.4,Tương tác cao,Cần theo dõi,,12,Monitoring,25–34,True,False,False,2. Monitoring + spend above income
KH00104890,2025-12-01,60,Nữ,Kỹ sư khai thác mỏ,Đắk Lắk,179880000,732800000,1114199000,1148068000,146011000,67476000,78535000,28943000,100,29,1460110,14,0.462129565581,0.537870434419,0.198224791283,0.8117,0.1993,0,1.19026130217,77.3,63.4,Tương tác cao,Ổn định,,12,Stable,55+,False,False,False,4. Stable / healthy
KH00104925,2025-12-01,47,Nam,Trợ lý sản xuất truyền hình,Cần Thơ,464020000,2243700000,1125182000,686994000,902208000,486593000,415615000,252134000,569,31,1585603,14,0.539335718593,0.460664281407,0.279463272327,1.9443,0.4021,0,2.20458070551,84,50.3,Tương tác rất cao,Cần theo dõi,,12,Monitoring,45–54,True,False,True,2. Monitoring + spend above income
KH00104930,2025-12-01,35,Nam,Chuyên viên trắc địa,Đắk Lắk,444030000,2010200000,1723861000,1468022000,699869000,361044000,338825000,114005000,458,31,1528098,14,0.515873684932,0.484126315068,0.162894770307,1.5762,0.3482,0,2.1606421526,78.1,51.5,Tương tác cao,Cần theo dõi,,12,Monitoring,35–44,True,False,False,2. Monitoring + spend above income
KH00104965,2025-12-01,84,Nữ,Nhà hóa sinh lâm sàng,Nghệ An,149940000,679300000,371250000,342371000,178819000,77767000,101052000,42842000,116,30,1541543,14,0.434892265363,0.565107734637,0.23958304207,1.1926,0.2632,0,1.31021245806,80.1,56.2,Tương tác rất cao,Cần theo dõi,,12,Monitoring,55+,True,False,True,2. Monitoring + spend above income
KH00104970,2025-12-01,54,Nữ,Nhà khoa học lâm sàng miễn dịch di truyền,Thanh Hóa,297560000,1227100000,1705169000,1691962000,310767000,159076000,151691000,57493000,201,31,1546104,14,0.511881892222,0.488118107778,0.185003555719,1.0444,0.2533,0,1.69078725425,79.3,55.3,Tương tác cao,Cần theo dõi,,12,Monitoring,45–54,True,False,False,2. Monitoring + spend above income
KH00105005,2025-12-01,65,Nữ,Chuyên viên tư vấn tài chính,Nghệ An,571860000,1827900000,3564418000,3577929000,558349000,293646000,264703000,115830000,415,31,1345419,14,0.525918377216,0.474081622784,0.207450895408,0.9764,0.3055,0,1.45078689509,80.4,56,Tương tác rất cao,Cần theo dõi,,12,Monitoring,55+,True,False,True,3. Monitoring without overspend
KH00105010,2025-12-01,53,Nam,Kỹ sư đóng tàu,Thành phố Hồ Chí Minh,873340000,2669500000,6068480000,6137509000,804311000,409431000,394880000,162199000,456,31,1763840,14,0.509045630359,0.490954369641,0.201662043662,0.921,0.3013,0,1.97965001426,80.1,54.6,Tương tác rất cao,Cần theo dõi,,12,Monitoring,45–54,True,False,True,3. Monitoring without overspend
KH00105045,2025-12-01,68,Nam,Nhà di truyền tế bào học,Cần Thơ,431600000,2055600000,1528035000,1402867000,556768000,296013000,260755000,80533000,340,31,1637553,14,0.531663098454,0.468336901546,0.144643729525,1.29,0.2709,0,1.38599023047,77.2,56.6,Tương tác cao,Cần theo dõi,,12,Monitoring,55+,True,False,False,2. Monitoring + spend above income
KH00105050,2025-12-01,30,Nữ,Thư ký y khoa,Hà Tĩnh,272330000,1213300000,230280000,83002000,419608000,243941000,175667000,72882000,317,31,1323685,14,0.581354502297,0.418645497703,0.173690682732,1.5408,0.3458,0,1.79774957442,78.7,39.3,Tương tác cao,Có dấu hiệu căng thẳng tài chính,,12,Stressed,25–34,True,True,False,1. Stressed
KH00105085,2025-12-01,79,Nam,Kế toán công tài chính công,Phú Thọ,305180000,1108200000,1433710000,1269260000,469630000,204595000,265035000,182774000,222,31,2115450,14,0.435651470306,0.564348529694,0.389187232502,1.5389,0.4238,0,1.93060910961,89.5,49.1,Tương tác rất cao,Cần theo dõi,,12,Monitoring,55+,True,False,True,2. Monitoring + spend above income
KH00105090,2025-12-01,50,Nữ,Lập trình viên hệ thống,Phú Thọ,1139160000,3801100000,7305746000,7214373000,1230533000,552048000,678485000,351267000,561,31,2193463,14,0.448625107982,0.551374892018,0.285459227831,1.0802,0.3237,0,1.39944985525,84.3,54.4,Tương tác rất cao,Cần theo dõi,,12,Monitoring,45–54,True,False,True,2. Monitoring + spend above income
KH00105125,2025-12-01,24,Nữ,Bác sĩ bệnh viện,Thành phố Hồ Chí Minh,1115190000,3985800000,7981244000,8344911000,751523000,301156000,450367000,171786000,605,31,1242187,14,0.400727589176,0.599272410824,0.228583822451,0.6739,0.1886,0,3.20895394093,81.4,62.4,Tương tác rất cao,Ổn định,,12,Stable,<25,False,False,True,4. Stable / healthy
KH00105130,2025-12-01,31,Nam,Quản lý bối cảnh quay,Tây Ninh,470890000,2021000000,2496104000,2460744000,506250000,237667000,268583000,81250000,371,31,1364555,14,0.469465679012,0.530534320988,0.16049382716,1.0751,0.2505,0,2.78845603138,78,53.4,Tương tác cao,Cần theo dõi,,12,Monitoring,25–34,True,False,False,2. Monitoring + spend above income
KH00105165,2025-12-01,59,Nam,Điều dưỡng sức khỏe tâm thần,Điện Biên,221520000,685000000,519401000,388727000,352194000,141274000,210920000,103455000,228,31,1544711,14,0.401125516051,0.598874483949,0.293744356803,1.5899,0.5142,0,1.72559030913,84.7,47.5,Tương tác rất cao,Cần theo dõi,,12,Monitoring,55+,True,False,True,2. Monitoring + spend above income
KH00105170,2025-12-01,91,Nữ,Nhà khoa học thính học,Hà Nội,703820000,3199500000,4710365000,4915667000,498518000,306424000,192094000,89787000,343,31,1453405,14,0.614669881529,0.385330118471,0.180107839637,0.7083,0.1558,0,1.1447125515,79,68.8,Tương tác cao,Ổn định,,12,Stable,55+,False,False,False,4. Stable / healthy
KH00105205,2025-12-01,19,Nam,Nhân viên giao nhận vận tải,Lâm Đồng,303130000,1291400000,959031000,915574000,346587000,91017000,255570000,96843000,218,31,1589849,14,0.262609388119,0.737390611881,0.279419020333,1.1434,0.2684,0,0.995229081674,84,55.9,Tương tác rất cao,Cần theo dõi,,12,Monitoring,<25,True,False,True,2. Monitoring + spend above income
KH00105245,2025-12-01,45,Nữ,Lính cứu hỏa,Tây Ninh,1351260000,4395300000,6242287000,5981197000,1612350000,584629000,1027721000,473909000,640,31,2519297,14,0.362594349862,0.637405650138,0.293924396068,1.1932,0.3668,0,1.55287787761,84.7,51.7,Tương tác rất cao,Cần theo dõi,,12,Monitoring,45–54,True,False,True,2. Monitoring + spend above income
KH00105250,2025-12-01,42,Nam,Điều dưỡng sức khỏe tâm thần,Hưng Yên,604090000,2158700000,1948037000,1722623000,829504000,292066000,537438000,150624000,356,31,2330067,14,0.352097156855,0.647902843145,0.181583211172,1.3731,0.3843,0,0.93360577015,79.1,54.2,Tương tác cao,Cần theo dõi,,12,Monitoring,35–44,True,False,False,2. Monitoring + spend above income
KH00105285,2025-12-01,50,Nữ,Kỹ sư khoan,Lào Cai,599920000,2254700000,3203358000,3178872000,624406000,330819000,293587000,120863000,463,31,1348609,14,0.529813935164,0.470186064836,0.193564763952,1.0408,0.2769,0,1.83797709243,79.7,54.2,Tương tác cao,Cần theo dõi,,12,Monitoring,45–54,True,False,False,2. Monitoring + spend above income
KH00105290,2025-12-01,30,Nam,Chuyên viên trị liệu kịch nghệ,Đồng Tháp,598780000,2576600000,2852241000,2817086000,633935000,299475000,334460000,79095000,419,31,1512971,14,0.472406477005,0.527593522995,0.124768312209,1.0587,0.246,0,2.96944650791,76.2,53.6,Tương tác cao,Cần theo dõi,,12,Monitoring,25–34,True,False,False,2. Monitoring + spend above income
KH00105330,2025-12-01,34,Nữ,Thủ thư thư viện công cộng,Hải Phòng,481970000,2230600000,1609298000,1394719000,696549000,309697000,386852000,146177000,327,31,2130119,14,0.444616243796,0.555383756204,0.209858890042,1.4452,0.3123,0,1.31896792992,80.5,55,Tương tác rất cao,Cần theo dõi,,12,Monitoring,25–34,True,False,True,2. Monitoring + spend above income
KH00105365,2025-12-01,36,Nam,Nhân viên cấp cứu,Thái Nguyên,518460000,1322000000,1395821000,922251000,992030000,446037000,545993000,214332000,584,31,1698682,14,0.449620475187,0.550379524813,0.216053949981,1.9134,0.7504,0,2.88913456662,80.8,40.7,Tương tác rất cao,Cần theo dõi,,12,Monitoring,35–44,True,False,True,2. Monitoring + spend above income
KH00105370,2025-12-01,30,Nam,Chuyên viên dựng phim,Lai Châu,402800000,1060400000,1144687000,1038446000,509041000,193882000,315159000,87831000,220,31,2313823,14,0.380876982404,0.619123017596,0.172542093859,1.2638,0.48,0,0.88086430683,78.6,52.4,Tương tác cao,Cần theo dõi,,12,Monitoring,25–34,True,False,False,2. Monitoring + spend above income
KH00105405,2025-12-01,65,Nam,Nhà thiết kế đồ gỗ,Hà Nội,513260000,1429800000,2587931000,2439573000,661618000,407606000,254012000,145165000,461,31,1435180,14,0.616074532434,0.383925467566,0.219409085001,1.2891,0.4627,0,1.5513744501,81,51.8,Tương tác rất cao,Cần theo dõi,,12,Monitoring,55+,True,False,True,2. Monitoring + spend above income
KH00105410,2025-12-01,55,Nữ,Chuyên viên công nghệ màu sắc,Hà Nội,162010000,641300000,699656000,681441000,180225000,75175000,105050000,16332000,98,29,1839031,13,0.417117492024,0.582882507976,0.0906200582605,1.1124,0.281,0,1.97125163899,70.5,52.3,Tương tác cao,Cần theo dõi,,12,Monitoring,55+,True,False,False,2. Monitoring + spend above income
KH00105445,2025-12-01,46,Nữ,Chuyên viên nghiên cứu xã hội,Quảng Ninh,684250000,1572900000,2593049000,2631324000,645975000,359346000,286629000,78029000,551,31,1172368,14,0.55628468594,0.44371531406,0.120792600333,0.9441,0.4107,0,1.77755792389,76,52.8,Tương tác cao,Cần theo dõi,,12,Monitoring,45–54,True,False,False,3. Monitoring without overspend
KH00105485,2025-12-01,80,Nữ,Chuyên viên sinh lý vận động,Lâm Đồng,250920000,724700000,791887000,677987000,364820000,193498000,171322000,85377000,211,31,1729005,14,0.530393070555,0.469606929445,0.234024998629,1.4539,0.5034,0,1.99925280438,81.7,47.7,Tương tác rất cao,Cần theo dõi,,12,Monitoring,55+,True,False,True,2. Monitoring + spend above income
KH00105490,2025-12-01,33,Nữ,Kiểm lâm,Thành phố Hồ Chí Minh,401470000,2189700000,2263157000,2261712000,402915000,200853000,202062000,90966000,203,31,1984803,14,0.498499683556,0.501500316444,0.225769703287,1.0036,0.184,0,1.10996785942,81.3,59.8,Tương tác rất cao,Cần theo dõi,,12,Monitoring,25–34,True,False,True,2. Monitoring + spend above income
KH00105525,2025-12-01,34,Nữ,Nhà khảo cổ học,Thanh Hóa,320740000,1001700000,889000000,700240000,509500000,252299000,257201000,121363000,361,31,1411357,14,0.495189401374,0.504810598626,0.238200196271,1.5885,0.5086,0,2.42334560679,81.9,47.2,Tương tác rất cao,Cần theo dõi,,12,Monitoring,25–34,True,False,True,2. Monitoring + spend above income
KH00105530,2025-12-01,35,Nữ,Quản lý công ty du lịch,Hưng Yên,281100000,1441100000,1718530000,1712465000,287165000,148305000,138860000,81754000,211,31,1360972,14,0.516445249247,0.483554750753,0.284693468912,1.0216,0.1993,0,2.55134352046,84.2,55.2,Tương tác rất cao,Cần theo dõi,,12,Monitoring,35–44,True,False,True,2. Monitoring + spend above income
KH00105570,2025-12-01,57,Nam,Kỹ sư hóa học,Cần Thơ,155950000,680700000,742587000,705467000,193070000,85865000,107205000,11039000,114,28,1693596,14,0.444735070182,0.555264929818,0.0571761537266,1.238,0.2836,1,1.2373081451,69.6,56.2,Tương tác cao,Cần theo dõi,,12,Monitoring,55+,True,False,False,2. Monitoring + spend above income
KH00105605,2025-12-01,45,Nữ,Nhà khoa học biển,Cần Thơ,1230030000,4004100000,6708932000,6778682000,1160280000,551081000,609199000,285367000,582,31,1993608,14,0.474955183232,0.525044816768,0.245946668046,0.9433,0.2898,0,1.34606060122,82.3,57.2,Tương tác rất cao,Cần theo dõi,,12,Monitoring,45–54,True,False,True,3. Monitoring without overspend
KH00105610,2025-12-01,56,Nam,Nghệ sĩ,Hà Nội,120790000,428100000,449148000,321659000,248279000,102859000,145420000,75583000,123,30,2018528,14,0.414287958305,0.585712041695,0.30442768015,2.0555,0.58,0,1.9895044262,83.5,44.7,Tương tác rất cao,Cần theo dõi,,12,Monitoring,55+,True,False,True,2. Monitoring + spend above income
KH00105645,2025-12-01,26,Nữ,Giảng viên công nghệ thông tin,Quảng Ninh,528570000,1538800000,2902826000,2840228000,591168000,379865000,211303000,90501000,439,31,1346624,14,0.642566918372,0.357433081628,0.153088462163,1.1184,0.3842,0,1.34508314122,77.7,55.1,Tương tác cao,Cần theo dõi,,12,Monitoring,25–34,True,False,False,2. Monitoring + spend above income
KH00105650,2025-12-01,69,Nam,Nhân viên giao dịch,Phú Thọ,200740000,925100000,200305000,49543000,351502000,160443000,191059000,108838000,227,31,1548467,14,0.45644974993,0.54355025007,0.30963692952,1.751,0.38,0,2.04505649016,85.5,35,Tương tác rất cao,Có dấu hiệu căng thẳng tài chính,,12,Stressed,55+,True,True,True,1. Stressed
KH00105685,2025-12-01,23,Nam,Kỹ sư vật liệu,Phú Thọ,715620000,3072400000,4083372000,4193556000,605436000,279486000,325950000,114953000,549,31,1102798,14,0.46162765346,0.53837234654,0.189868128093,0.846,0.1971,0,1.77451120485,79.5,59.7,Tương tác cao,Cần theo dõi,,12,Monitoring,<25,True,False,False,3. Monitoring without overspend
KH00105690,2025-12-01,80,Nữ,Chuyên viên khảo sát khoáng sản,Lâm Đồng,358720000,1288300000,784574000,615289000,528005000,259031000,268974000,101450000,343,31,1539373,14,0.490584369466,0.509415630534,0.192138332023,1.4719,0.4098,0,2.16649599533,79.6,49.7,Tương tác cao,Cần theo dõi,,12,Monitoring,55+,True,False,False,2. Monitoring + spend above income
KH00105725,2025-12-01,53,Nam,Luật sư sáng chế,Nghệ An,186340000,886600000,935865000,956130000,166075000,86430000,79645000,31304000,123,30,1350203,14,0.520427517688,0.479572482312,0.188493150685,0.8912,0.1873,0,1.05025313792,77.7,63,Tương tác cao,Ổn định,,12,Stable,45–54,False,False,False,4. Stable / healthy
KH00105730,2025-12-01,42,Nam,Chuyên viên giám định tổn thất công chứng,Hà Nội,1088410000,3850000000,5325361000,5329825000,1083946000,442140000,641806000,206100000,460,31,2356404,14,0.407898548452,0.592101451548,0.190138623142,0.9959,0.2815,0,0.90165167271,79.5,57.6,Tương tác cao,Cần theo dõi,,12,Monitoring,35–44,True,False,False,3. Monitoring without overspend
KH00105765,2025-12-01,36,Nữ,Kỹ thuật viên phòng thí nghiệm,Thanh Hóa,195710000,712000000,456159000,223363000,428506000,135020000,293486000,121805000,228,31,1879412,14,0.315094771135,0.684905228865,0.28425506294,2.1895,0.6018,0,2.30962069524,84.2,43.1,Tương tác rất cao,Cần theo dõi,,12,Monitoring,35–44,True,False,True,2. Monitoring + spend above income
KH00105805,2025-12-01,40,Nam,Trợ lý phát thanh,Tuyên Quang,508190000,1602600000,1824753000,1578434000,754509000,250570000,503939000,139656000,314,31,2402895,14,0.332096767567,0.667903232433,0.185095207612,1.4847,0.4708,0,0.95975869804,79.3,51.8,Tương tác cao,Cần theo dõi,,12,Monitoring,35–44,True,False,False,2. Monitoring + spend above income
KH00105810,2025-12-01,39,Nam,Nhà thiết kế nội thất,Tây Ninh,109860000,512200000,331688000,252273000,189275000,80448000,108827000,59153000,128,30,1478711,14,0.425032360322,0.574967639678,0.312524105138,1.7229,0.3695,0,2.39443649916,84,50,Tương tác rất cao,Cần theo dõi,,12,Monitoring,35–44,True,False,True,2. Monitoring + spend above income
KH00105845,2025-12-01,65,Nữ,Nhà văn khoa học,Hà Nội,130880000,551400000,299159000,205854000,224185000,98410000,125775000,43101000,106,30,2114953,14,0.438967816758,0.561032183242,0.192256395388,1.7129,0.4066,0,1.78498324199,77.5,50.3,Tương tác cao,Cần theo dõi,,12,Monitoring,55+,True,False,False,2. Monitoring + spend above income
KH00105850,2025-12-01,51,Nữ,Kỹ thuật viên y tế,Đồng Tháp,128650000,379500000,432248000,402151000,158747000,72587000,86160000,21459000,108,30,1469880,14,0.457249585819,0.542750414181,0.135177357682,1.2339,0.4183,0,1.39311259243,74.7,52.1,Tương tác cao,Cần theo dõi,,12,Monitoring,45–54,True,False,False,2. Monitoring + spend above income
KH00105885,2025-12-01,55,Nữ,Chuyên viên thẩm định bảo hiểm,Tuyên Quang,427470000,1794700000,1861124000,1811963000,476631000,288549000,188082000,65949000,330,31,1444336,14,0.605392851073,0.394607148927,0.138364898632,1.115,0.2656,0,1.06044624875,76.9,59.1,Tương tác cao,Cần theo dõi,,12,Monitoring,55+,True,False,False,2. Monitoring + spend above income
KH00105890,2025-12-01,37,Nam,Kỹ sư phát thanh truyền hình,Cần Thơ,260600000,1381600000,1690802000,1701955000,249447000,115943000,133504000,49135000,107,30,2331280,14,0.464800137905,0.535199862095,0.196975710271,0.9572,0.1805,0,0.82399899664,77.8,62.1,Tương tác cao,Ổn định,,12,Stable,35–44,False,False,False,4. Stable / healthy
KH00105925,2025-12-01,33,Nam,Giám đốc chiến lược,Vĩnh Long,888410000,2297900000,6364180000,6577331000,675259000,358191000,317068000,117946000,474,31,1424597,14,0.530449797781,0.469550202219,0.174667794135,0.7601,0.2939,0,2.13993986365,78.7,59,Tương tác cao,Cần theo dõi,,12,Monitoring,25–34,True,False,False,3. Monitoring without overspend
KH00105930,2025-12-01,28,Nam,Cán bộ thủy sản,An Giang,503330000,1868500000,1435171000,1183669000,754832000,286548000,468284000,142905000,339,31,2226643,14,0.379618246179,0.620381753821,0.18932027259,1.4997,0.404,0,0.937875771262,79.5,54,Tương tác cao,Cần theo dõi,,12,Monitoring,25–34,True,False,False,2. Monitoring + spend above income
KH00105970,2025-12-01,79,Nữ,Kỹ sư vật liệu,Đồng Nai,171830000,825800000,1047945000,1066543000,153232000,103179000,50053000,16350000,105,30,1459352,14,0.673351519265,0.326648480735,0.106700950193,0.8918,0.1856,0,0.91673583607,73.2,65.2,Tương tác cao,Ổn định,,12,Stable,55+,False,False,False,4. Stable / healthy
KH00106005,2025-12-01,17,Nam,Chuyên viên khảo sát bất động sản,Thành phố Hồ Chí Minh,842890000,3654800000,3639365000,3413857000,1068398000,244532000,823866000,341394000,536,31,1993280,14,0.228877253608,0.771122746392,0.319538224519,1.2675,0.2923,0,1.50146900484,86,52.5,Tương tác rất cao,Cần theo dõi,,12,Monitoring,<25,True,False,True,2. Monitoring + spend above income
KH00106010,2025-12-01,81,Nữ,Kỹ thuật viên kế toán,Đồng Nai,184480000,985000000,1008580000,1035594000,157466000,74313000,83153000,34682000,96,29,1640271,13,0.471930448478,0.528069551522,0.220250720791,0.8536,0.1599,0,1.63860721893,76.9,61.2,Tương tác cao,Ổn định,,12,Stable,55+,False,False,False,4. Stable / healthy
KH00106045,2025-12-01,57,Nam,Kỹ sư kết cấu,Lào Cai,122810000,425900000,624066000,530181000,216695000,107408000,109287000,105963000,112,30,1934777,14,0.495664413115,0.504335586885,0.488996054362,1.7645,0.5088,0,2.17977887371,92.5,47.2,Tương tác rất cao,Cần theo dõi,,12,Monitoring,55+,True,False,True,2. Monitoring + spend above income
KH00106050,2025-12-01,52,Nam,Kỹ sư viễn thông,Gia Lai,152030000,475500000,677657000,652132000,177555000,86130000,91425000,32038000,119,30,1492059,14,0.485089127313,0.514910872687,0.180439863704,1.1679,0.3734,0,1.3012920514,77.2,54,Tương tác cao,Cần theo dõi,,12,Monitoring,45–54,True,False,False,2. Monitoring + spend above income
KH00106090,2025-12-01,43,Nữ,Giáo viên tiếng anh,Cần Thơ,402740000,1410100000,1960667000,1893988000,469419000,209060000,260359000,125911000,231,31,2032117,14,0.44535905023,0.55464094977,0.268227319303,1.1656,0.3329,0,1.32701427111,83.4,54.5,Tương tác rất cao,Cần theo dõi,,12,Monitoring,35–44,True,False,True,2. Monitoring + spend above income
KH00106125,2025-12-01,48,Nữ,Giáo viên mầm non,Quảng Trị,523010000,1274700000,1519666000,1277506000,765170000,419944000,345226000,118261000,534,31,1432903,14,0.548824444241,0.451175555759,0.154555196884,1.463,0.6003,0,1.97493457809,77.7,45.6,Tương tác cao,Cần theo dõi,,12,Monitoring,45–54,True,False,False,2. Monitoring + spend above income
KH00106165,2025-12-01,68,Nữ,Nhà báo tạp chí,Thành phố Hồ Chí Minh,177500000,613400000,773604000,811852000,139252000,87413000,51839000,33156000,110,31,1265927,14,0.627732456266,0.372267543734,0.238100709505,0.7845,0.227,0,1.26796563333,80.2,64.6,Tương tác rất cao,Ổn định,,12,Stable,55+,False,False,True,4. Stable / healthy
KH00106170,2025-12-01,21,Nam,Kế toán công tài chính công,Hải Phòng,759750000,2735900000,3544845000,3282592000,1022003000,391060000,630943000,242325000,670,31,1525378,14,0.382640755458,0.617359244542,0.237107914556,1.3452,0.3736,0,2.37205764737,81.9,49.5,Tương tác rất cao,Cần theo dõi,,12,Monitoring,<25,True,False,True,2. Monitoring + spend above income
KH00106210,2025-12-01,68,Nữ,Thư ký pháp lý,Huế,150430000,550400000,75215000,98181000,127464000,36957000,90507000,89957000,12,2,10622000,5,0.289940689136,0.710059310864,0.705744367037,0.8473,0.2316,7,0.890234907744,53.8,54.5,Tương tác trung bình,Cần theo dõi,,12,Monitoring,55+,True,False,False,3. Monitoring without overspend
KH00106245,2025-12-01,36,Nam,Bác sĩ đo mắt,Nghệ An,449320000,1524000000,2999474000,3092524000,356270000,188479000,167791000,79229000,239,31,1490669,14,0.529034159486,0.470965840514,0.222384708227,0.7929,0.2338,0,1.73605264763,81.1,60.9,Tương tác rất cao,Ổn định,,12,Stable,35–44,False,False,True,4. Stable / healthy
KH00106250,2025-12-01,64,Nữ,Luật sư tranh tụng,Phú Thọ,957570000,2834100000,7299567000,7611939000,645198000,393089000,252109000,113395000,469,31,1375689,14,0.609253283488,0.390746716512,0.175752249697,0.6738,0.2277,0,1.19490622297,78.8,67.6,Tương tác cao,Ổn định,,12,Stable,55+,False,False,False,4. Stable / healthy
KH00106290,2025-12-01,54,Nam,Nhà thiết kế trang sức,Ninh Bình,400750000,1254400000,1367370000,1249138000,518982000,270000000,248982000,79249000,342,31,1517491,14,0.5202492572,0.4797507428,0.152700864385,1.295,0.4137,0,1.43272432846,77.6,52.7,Tương tác cao,Cần theo dõi,,12,Monitoring,45–54,True,False,False,2. Monitoring + spend above income
KH00106325,2025-12-01,58,Nam,Nhà tâm lý học lâm sàng,Hưng Yên,432370000,1838400000,1791131000,1690734000,532767000,327340000,205427000,92256000,346,31,1539789,14,0.614414931856,0.385585068144,0.173163878393,1.2322,0.2898,0,1.25742631581,78.7,57.6,Tương tác cao,Cần theo dõi,,12,Monitoring,55+,True,False,False,2. Monitoring + spend above income
KH00106365,2025-12-01,87,Nam,Chuyên viên trang điểm,Thành phố Hồ Chí Minh,450980000,1427500000,1861868000,1754533000,558315000,269741000,288574000,134533000,310,31,1801016,14,0.483134073059,0.516865926941,0.240962539068,1.238,0.3911,0,2.24279830653,82,50.1,Tương tác rất cao,Cần theo dõi,,12,Monitoring,55+,True,False,True,2. Monitoring + spend above income
KH00106405,2025-12-01,37,Nam,Bác sĩ ung bướu,Cà Mau,271910000,1102300000,1547662000,1539323000,280249000,94841000,185408000,43307000,106,29,2643858,14,0.338416907821,0.661583092179,0.154530435434,1.0307,0.2542,0,1.02460689191,75.3,56.9,Tương tác cao,Cần theo dõi,,12,Monitoring,35–44,True,False,False,2. Monitoring + spend above income
KH00106410,2025-12-01,44,Nữ,Chuyên viên giám định tổn thất công chứng,Đồng Tháp,1036930000,5280200000,4951495000,4591027000,1397398000,560999000,836399000,359674000,675,31,2070219,14,0.401459712981,0.598540287019,0.257388374679,1.3476,0.2646,0,1.37332101422,82.9,55.5,Tương tác rất cao,Cần theo dõi,,12,Monitoring,35–44,True,False,True,2. Monitoring + spend above income
KH00106445,2025-12-01,73,Nữ,Nhân viên cứu trợ quốc tế,Đà Nẵng,87710000,329000000,231232000,181716000,137226000,81110000,56116000,24703000,113,30,1214389,14,0.591068747905,0.408931252095,0.180016906417,1.5645,0.4171,0,1.02831873366,77.1,55.3,Tương tác cao,Cần theo dõi,,12,Monitoring,55+,True,False,False,2. Monitoring + spend above income
KH00106450,2025-12-01,55,Nam,Chuyên viên thu mua bán lẻ,Hưng Yên,418950000,1831400000,1595696000,1507013000,507633000,245132000,262501000,60442000,341,31,1488660,14,0.482892168161,0.517107831839,0.119066333355,1.2117,0.2772,0,1.29618395565,76,56.4,Tương tác cao,Cần theo dõi,,12,Monitoring,55+,True,False,False,2. Monitoring + spend above income
KH00106485,2025-12-01,36,Nữ,Chuyên viên nghiên cứu chính trị,Gia Lai,647940000,2595200000,2201363000,2034621000,814682000,421318000,393364000,138508000,666,31,1223246,14,0.5171563874,0.4828436126,0.170014803322,1.2573,0.3139,0,1.59707866783,78.5,54.3,Tương tác cao,Cần theo dõi,,12,Monitoring,35–44,True,False,False,2. Monitoring + spend above income
KH00106490,2025-12-01,74,Nữ,Cán bộ thông tin,Cần Thơ,45470000,132900000,22735000,34492000,33713000,24691000,9022000,0,8,2,4214125,5,0.732388099546,0.267611900454,0,0.7414,0.2537,26,0.852900679503,17.4,63.4,Tương tác thấp,Ổn định,,12,Stable,55+,False,False,False,4. Stable / healthy
KH00106525,2025-12-01,50,Nam,Nghệ nhân thổi thủy tinh,Thành phố Hồ Chí Minh,187750000,695600000,618678000,548676000,257752000,120622000,137130000,41092000,113,31,2280991,14,0.467976970111,0.532023029889,0.159424563146,1.3728,0.3705,0,0.820287882814,76.4,56.3,Tương tác cao,Cần theo dõi,,12,Monitoring,45–54,True,False,False,2. Monitoring + spend above income
KH00106530,2025-12-01,72,Nam,Tiếp viên hàng không,Đồng Nai,269820000,1238000000,868394000,583139000,555075000,170509000,384566000,46831000,231,31,2402922,14,0.307181912354,0.692818087646,0.0843687789938,2.0572,0.4484,0,4.20636677544,74.2,46.9,Tương tác cao,Cần theo dõi,,12,Monitoring,55+,True,False,False,2. Monitoring + spend above income
KH00106565,2025-12-01,21,Nam,Nhà giao dịch hợp đồng tương lai,Gia Lai,652220000,2738800000,3264625000,3216211000,700634000,307963000,392671000,214427000,582,31,1203838,14,0.439549037015,0.560450962985,0.306047094489,1.0742,0.2558,0,2.61471859008,85.3,53,Tương tác rất cao,Cần theo dõi,,12,Monitoring,<25,True,False,True,2. Monitoring + spend above income
KH00106570,2025-12-01,16,Nữ,Giảng viên đại học,Thành phố Hồ Chí Minh,257970000,739100000,2031970000,2009384000,280556000,76750000,203806000,127327000,104,30,2697654,14,0.273563923067,0.726436076933,0.45383809293,1.0876,0.3796,0,1.4459550926,90.5,51,Tương tác rất cao,Cần theo dõi,,12,Monitoring,<25,True,False,True,2. Monitoring + spend above income
KH00106605,2025-12-01,89,Nữ,Chuyên viên chăm sóc bàn chân,Hải Phòng,506940000,2194600000,2459930000,2449853000,517017000,268118000,248899000,75053000,317,31,1630968,14,0.51858642946,0.48141357054,0.145165439434,1.0199,0.2356,0,1.05629826017,77.3,59,Tương tác cao,Cần theo dõi,,12,Monitoring,55+,True,False,False,2. Monitoring + spend above income
KH00106610,2025-12-01,63,Nam,Nhà địa chất công trình,Thành phố Hồ Chí Minh,350680000,1470000000,1930377000,1993875000,287182000,155826000,131356000,67888000,220,31,1305373,14,0.542603645075,0.457396354925,0.236393645841,0.8189,0.1954,0,1.27189718341,81.8,63.7,Tương tác rất cao,Ổn định,,12,Stable,55+,False,False,True,4. Stable / healthy
KH00106645,2025-12-01,46,Nam,Nhà độc chất học,Bắc Ninh,807850000,3579500000,3552559000,3222571000,1137838000,444026000,693812000,181840000,466,31,2441712,14,0.390236571463,0.609763428537,0.159811853709,1.4085,0.3179,0,1.00575819,78,55.9,Tương tác cao,Cần theo dõi,,12,Monitoring,45–54,True,False,False,2. Monitoring + spend above income
KH00106650,2025-12-01,29,Nữ,Quản lý công viên giải trí,Thành phố Hồ Chí Minh,750620000,3369400000,3538620000,3643044000,646196000,273320000,372876000,138599000,310,31,2084503,14,0.422967644492,0.577032355508,0.214484459823,0.8609,0.1918,0,1.29737514587,80.7,61.4,Tương tác rất cao,Ổn định,,12,Stable,25–34,False,False,True,4. Stable / healthy
KH00106685,2025-12-01,35,Nam,Quản lý hoạt động ngoài trời,Cần Thơ,494080000,2289800000,3134495000,3086115000,542460000,212886000,329574000,78981000,226,31,2400265,14,0.392445525937,0.607554474063,0.145597832098,1.0979,0.2369,0,0.973964242998,77.3,58.1,Tương tác cao,Cần theo dõi,,12,Monitoring,35–44,True,False,False,2. Monitoring + spend above income
KH00106690,2025-12-01,90,Nữ,Nhà thiết kế dệt may,Lào Cai,123500000,452900000,433816000,378519000,178797000,94327000,84470000,58860000,109,30,1640339,14,0.52756478017,0.47243521983,0.329200154365,1.4477,0.3948,1,1.17497087368,83.8,54.5,Tương tác rất cao,Cần theo dõi,,12,Monitoring,55+,True,False,True,2. Monitoring + spend above income
KH00106725,2025-12-01,65,Nam,Thủ thư học thuật,Đắk Lắk,484140000,1659100000,1669482000,1421291000,732331000,366124000,366207000,166300000,449,31,1631027,14,0.499943331636,0.500056668364,0.227083108594,1.5126,0.4414,0,1.86090783281,81.4,49.7,Tương tác rất cao,Cần theo dõi,,12,Monitoring,55+,True,False,True,2. Monitoring + spend above income
KH00106730,2025-12-01,67,Nam,Chuyên viên phôi học lâm sàng,Tuyên Quang,139620000,465700000,657583000,653542000,143661000,72834000,70827000,19014000,111,28,1294243,14,0.506985194312,0.493014805688,0.132353248272,1.0289,0.3085,0,1.36692225696,74,55.5,Tương tác cao,Cần theo dõi,,12,Monitoring,55+,True,False,False,2. Monitoring + spend above income
KH00106765,2025-12-01,65,Nam,Người hướng dẫn học tập,Thành phố Hồ Chí Minh,393340000,1164700000,1560776000,1456542000,497574000,279625000,217949000,95754000,352,31,1413562,14,0.561976711002,0.438023288998,0.192441727261,1.265,0.4272,0,1.39776213865,79.6,53,Tương tác cao,Cần theo dõi,,12,Monitoring,55+,True,False,False,2. Monitoring + spend above income
KH00106770,2025-12-01,51,Nữ,Nhà di truyền tế bào học,Hà Nội,491620000,1345200000,2297328000,2041161000,747787000,431352000,316435000,178278000,479,31,1561142,14,0.576838056826,0.423161943174,0.238407460948,1.5211,0.5559,0,1.54099623484,81.9,49.2,Tương tác rất cao,Cần theo dõi,,12,Monitoring,45–54,True,False,True,2. Monitoring + spend above income
KH00106805,2025-12-01,31,Nữ,Chuyên viên dựng phim,Đồng Tháp,739810000,2764500000,3150394000,3082733000,807471000,418821000,388650000,194256000,631,31,1279669,14,0.518682404693,0.481317595307,0.240573345668,1.0915,0.2921,0,2.56391684352,82,52.9,Tương tác rất cao,Cần theo dõi,,12,Monitoring,25–34,True,False,True,2. Monitoring + spend above income
KH00106810,2025-12-01,43,Nam,Chuyên viên khảo sát khoáng sản,Lào Cai,118690000,336900000,196000000,64678000,250012000,72936000,177076000,24411000,104,31,2403962,14,0.29172999696,0.70827000304,0.097639313313,2.1064,0.7421,0,3.40909393414,73,30.3,Tương tác cao,Có dấu hiệu căng thẳng tài chính,,12,Stressed,35–44,True,True,False,1. Stressed
KH00106845,2025-12-01,36,Nam,Nhà hóa sinh lâm sàng,Cà Mau,410010000,1137000000,930882000,602045000,738847000,259939000,478908000,139551000,333,31,2218760,14,0.351817087976,0.648182912024,0.188876722786,1.802,0.6498,0,0.871755788733,79.4,47.9,Tương tác cao,Cần theo dõi,,12,Monitoring,35–44,True,False,False,2. Monitoring + spend above income
KH00106850,2025-12-01,53,Nam,Chuyên viên nghiên cứu chính trị,Đồng Nai,122510000,287900000,135948000,115553000,142905000,97151000,45754000,17768000,112,29,1275938,14,0.679829257199,0.320170742801,0.124334347993,1.1665,0.4964,0,1.06220228213,73.9,52.9,Tương tác cao,Cần theo dõi,,12,Monitoring,45–54,True,False,False,2. Monitoring + spend above income
KH00106885,2025-12-01,58,Nữ,Kỹ sư bảo trì,Lâm Đồng,395300000,1410400000,2344933000,2415082000,325151000,171386000,153765000,69801000,201,31,1617667,14,0.527096641253,0.472903358747,0.214672567515,0.8225,0.2305,0,1.65516207923,80.7,60.7,Tương tác rất cao,Ổn định,,12,Stable,55+,False,False,True,4. Stable / healthy
KH00106925,2025-12-01,43,Nam,Nhà khoa học nghiên cứu khoa học tự nhiên,Đồng Nai,243340000,824300000,1112577000,953800000,402117000,148399000,253718000,184046000,245,31,1641294,14,0.369044332868,0.630955667132,0.457692661589,1.6525,0.4878,0,4.88138968495,92.9,46.5,Tương tác rất cao,Cần theo dõi,,12,Monitoring,35–44,True,False,True,2. Monitoring + spend above income
KH00106930,2025-12-01,58,Nữ,Nhà khoa học nghiên cứu y học,Cà Mau,331950000,1402200000,1748445000,1576434000,503961000,238186000,265775000,149353000,219,31,2301192,14,0.472627842234,0.527372157766,0.296358249944,1.5182,0.3594,0,1.70634110296,84.8,52.2,Tương tác rất cao,Cần theo dõi,,12,Monitoring,55+,True,False,True,2. Monitoring + spend above income
KH00106965,2025-12-01,61,Nam,Sĩ quan huấn luyện quân đội,Phú Thọ,402250000,2010000000,812666000,512800000,702116000,417527000,284589000,99873000,474,31,1481257,14,0.594669541785,0.405330458215,0.142245725778,1.7455,0.3493,0,1.29590329236,77.1,55.7,Tương tác cao,Cần theo dõi,,12,Monitoring,55+,True,False,False,2. Monitoring + spend above income
KH00106970,2025-12-01,70,Nữ,Chuyên viên ngân hàng đầu tư doanh nghiệp,Lâm Đồng,320440000,1494700000,1227692000,1254303000,293829000,176809000,117020000,43301000,200,31,1469145,13,0.601741148763,0.398258851237,0.147368026982,0.917,0.1966,0,0.984366118771,75.9,63.3,Tương tác cao,Ổn định,,12,Stable,55+,False,False,False,4. Stable / healthy
KH00107005,2025-12-01,53,Nam,Kỹ sư vật liệu,Tuyên Quang,197200000,960900000,1350043000,1393749000,153494000,77998000,75496000,32433000,102,29,1504843,14,0.508150155706,0.491849844294,0.211298161492,0.7784,0.1597,0,1.29746073243,78,65.1,Tương tác cao,Ổn định,,12,Stable,45–54,False,False,False,4. Stable / healthy
KH00107010,2025-12-01,82,Nam,Kỹ sư năng lượng,Đắk Lắk,356320000,934400000,2088182000,2082744000,361758000,140820000,220938000,71639000,206,31,1756107,14,0.389265752243,0.610734247757,0.198030174868,1.0153,0.3872,0,1.58182180341,79.9,51.3,Tương tác cao,Cần theo dõi,,12,Monitoring,55+,True,False,False,2. Monitoring + spend above income
KH00107045,2025-12-01,57,Nam,Thư ký y khoa,Quảng Ninh,135720000,463100000,403012000,386390000,152342000,77068000,75274000,23441000,109,29,1397633,14,0.505888067637,0.494111932363,0.153870895748,1.1225,0.329,0,0.919243945742,75.3,57.2,Tương tác cao,Cần theo dõi,,12,Monitoring,55+,True,False,False,2. Monitoring + spend above income
KH00107050,2025-12-01,47,Nam,Chuyên viên nghiên cứu thị trường,Khánh Hòa,98220000,474200000,184703000,167266000,115657000,58650000,57007000,22402000,101,29,1145119,14,0.50710289909,0.49289710091,0.193693421064,1.1775,0.2439,0,1.30278096831,77.1,57.5,Tương tác cao,Cần theo dõi,,12,Monitoring,45–54,True,False,False,2. Monitoring + spend above income
KH00107085,2025-12-01,49,Nữ,Nhà vật lý y tế,Lâm Đồng,1192010000,3850900000,4651371000,4086141000,1757240000,641891000,1115349000,485054000,690,31,2546725,14,0.365283626596,0.634716373404,0.276031731579,1.4742,0.4563,0,1.86807944975,83.8,47.9,Tương tác rất cao,Cần theo dõi,,12,Monitoring,45–54,True,False,True,2. Monitoring + spend above income
KH00107090,2025-12-01,56,Nam,Chuyên viên quan hệ công chúng,Quảng Trị,112020000,373100000,378049000,315999000,174070000,67163000,106907000,67559000,100,29,1740700,13,0.385839030275,0.614160969725,0.388113977136,1.5539,0.4666,0,2.21611593292,85.4,47.2,Tương tác rất cao,Cần theo dõi,,12,Monitoring,55+,True,False,True,2. Monitoring + spend above income
KH00107125,2025-12-01,29,Nam,Chuyên viên quy hoạch giao thông,Quảng Ngãi,378660000,1343400000,1080587000,961565000,497682000,209028000,288654000,102138000,215,31,2314800,14,0.420003134532,0.579996865468,0.205227434386,1.3143,0.3705,0,0.92865834674,80.3,55.3,Tương tác rất cao,Cần theo dõi,,12,Monitoring,25–34,True,False,True,2. Monitoring + spend above income
KH00107130,2025-12-01,58,Nữ,Nhà khoa học y sinh,Thành phố Hồ Chí Minh,356380000,1349500000,2108152000,2103328000,361204000,177136000,184068000,79112000,222,31,1627045,14,0.490404314459,0.509595685541,0.219023045149,1.0135,0.2677,0,1.89125234178,81,53.8,Tương tác rất cao,Cần theo dõi,,12,Monitoring,55+,True,False,True,2. Monitoring + spend above income
KH00107165,2025-12-01,22,Nam,Quản lý công ty du lịch,Đồng Nai,677120000,2440200000,3618550000,3730498000,565172000,285522000,279650000,91626000,535,31,1056396,14,0.505194878727,0.494805121273,0.162120557989,0.8347,0.2316,0,1.91521816298,78.1,58.8,Tương tác cao,Cần theo dõi,,12,Monitoring,<25,True,False,False,3. Monitoring without overspend
KH00107170,2025-12-01,62,Nữ,Nhà sản xuất phát thanh,Đà Nẵng,444430000,1823700000,1421023000,1204171000,661282000,361275000,300007000,170044000,432,31,1530745,14,0.546325168385,0.453674831615,0.257142943555,1.4879,0.3626,0,1.69245646206,82.9,52.9,Tương tác rất cao,Cần theo dõi,,12,Monitoring,55+,True,False,True,2. Monitoring + spend above income
KH00107205,2025-12-01,26,Nam,Kỹ sư y sinh,Lâm Đồng,629240000,2043200000,4054846000,4131174000,552912000,303420000,249492000,119739000,440,31,1256618,14,0.548767254102,0.451232745898,0.216560682351,0.8787,0.2706,0,1.75794809908,80.8,58,Tương tác rất cao,Cần theo dõi,,12,Monitoring,25–34,True,False,True,3. Monitoring without overspend
KH00107210,2025-12-01,46,Nam,Cán bộ quản lý thị trường,Đồng Tháp,897000000,2924100000,5009630000,5097058000,809572000,315437000,494135000,143301000,340,31,2381094,14,0.389634275889,0.610365724111,0.17700834515,0.9025,0.2769,0,0.901944769628,78.9,59.9,Tương tác cao,Cần theo dõi,,12,Monitoring,45–54,True,False,False,3. Monitoring without overspend
KH00107245,2025-12-01,53,Nam,Phó giáo sư,Sơn La,160690000,470400000,878458000,859155000,179993000,92494000,87499000,37063000,98,31,1836663,13,0.513875539604,0.486124460396,0.205913563305,1.1201,0.3826,0,1.70124461346,76.9,52.1,Tương tác cao,Cần theo dõi,,12,Monitoring,45–54,True,False,False,2. Monitoring + spend above income
KH00107250,2025-12-01,30,Nữ,Chuyên viên kinh doanh công nghệ thông tin,Sơn La,389880000,1991500000,1063037000,881148000,571769000,304642000,267127000,111212000,436,31,1311397,14,0.532806080777,0.467193919223,0.194505123573,1.4665,0.2871,0,1.5439516403,79.7,55.4,Tương tác cao,Cần theo dõi,,12,Monitoring,25–34,True,False,False,2. Monitoring + spend above income
KH00107285,2025-12-01,51,Nữ,Lập trình viên hệ thống,Cao Bằng,261860000,856800000,1357910000,1327740000,292030000,156588000,135442000,57079000,230,31,1269696,14,0.536205184399,0.463794815601,0.195455946307,1.1152,0.3408,0,1.51376861691,79.8,54.3,Tương tác cao,Cần theo dõi,,12,Monitoring,45–54,True,False,False,2. Monitoring + spend above income
KH00107290,2025-12-01,19,Nữ,Người phụ trách bảo tàng,Thành phố Hồ Chí Minh,389980000,1926400000,2212644000,2239250000,363374000,166177000,197197000,72545000,324,31,1121525,14,0.457316704002,0.542683295998,0.199642792275,0.9318,0.1886,0,1.79253057296,80,57.6,Tương tác rất cao,Cần theo dõi,,12,Monitoring,<25,True,False,True,3. Monitoring without overspend
KH00107325,2025-12-01,31,Nữ,Kỹ sư điện tử,Nghệ An,908410000,2807000000,5264357000,5186374000,986393000,487911000,498482000,280341000,657,31,1501359,14,0.494641588089,0.505358411911,0.284208221267,1.0858,0.3514,0,3.07861335375,84.2,51.2,Tương tác rất cao,Cần theo dõi,,12,Monitoring,25–34,True,False,True,2. Monitoring + spend above income
KH00107330,2025-12-01,16,Nữ,Giáo viên trung học,Đồng Nai,613810000,2119700000,2758601000,2752143000,620268000,262319000,357949000,216881000,557,31,1113587,14,0.422912354015,0.577087645985,0.349656922492,1.0105,0.2926,0,2.72833447596,87.5,51.9,Tương tác rất cao,Cần theo dõi,,12,Monitoring,<25,True,False,True,2. Monitoring + spend above income
KH00107365,2025-12-01,55,Nam,Kỹ sư xây dựng tư vấn,Thành phố Hồ Chí Minh,152900000,510500000,942605000,878553000,216952000,119738000,97214000,26999000,122,30,1778295,14,0.55191009993,0.44808990007,0.12444688226,1.4189,0.425,0,1.34472656135,74.5,53.2,Tương tác cao,Cần theo dõi,,12,Monitoring,55+,True,False,False,2. Monitoring + spend above income
KH00107405,2025-12-01,30,Nam,Chuyên viên tư vấn tài chính,Vĩnh Long,215780000,809900000,778006000,680205000,313581000,88923000,224658000,50583000,113,31,2775053,14,0.283572665436,0.716427334564,0.161307604734,1.4532,0.3872,0,1.08574462235,76.5,52.7,Tương tác cao,Cần theo dõi,,12,Monitoring,25–34,True,False,False,2. Monitoring + spend above income
KH00107410,2025-12-01,39,Nữ,Nhà thầu,Thành phố Hồ Chí Minh,927640000,4513500000,3876572000,3446761000,1357451000,643047000,714404000,330984000,656,31,2069285,14,0.473716546675,0.526283453325,0.243827585673,1.4633,0.3008,0,1.28770345117,82.2,55.8,Tương tác rất cao,Cần theo dõi,,12,Monitoring,35–44,True,False,True,2. Monitoring + spend above income
KH00107445,2025-12-01,28,Nữ,Kỹ sư vật liệu,Hải Phòng,147880000,559400000,977816000,1013805000,111891000,67606000,44285000,16935000,112,31,999027,14,0.604213028751,0.395786971249,0.15135265571,0.7566,0.2,0,1.1551262812,75.9,66.4,Tương tác cao,Ổn định,,12,Stable,25–34,False,False,False,4. Stable / healthy
KH00107450,2025-12-01,37,Nữ,Kỹ sư y sinh,Ninh Bình,927120000,3104200000,5026855000,5011080000,942895000,432966000,509929000,210329000,457,31,2063228,14,0.459187926545,0.540812073455,0.223067255633,1.017,0.3037,0,1.19253063302,81.2,56,Tương tác rất cao,Cần theo dõi,,12,Monitoring,35–44,True,False,True,2. Monitoring + spend above income
KH00107485,2025-12-01,91,Nam,Chuyên viên thu mua công nghiệp,Hưng Yên,154050000,487500000,599577000,591194000,162433000,86272000,76161000,31593000,109,30,1490211,14,0.531123601731,0.468876398269,0.19449865483,1.0544,0.3332,0,0.999516462699,77.7,57,Tương tác cao,Cần theo dõi,,12,Monitoring,55+,True,False,False,2. Monitoring + spend above income
KH00107490,2025-12-01,52,Nam,Nhà tâm lý học tư vấn,Thái Nguyên,135140000,594100000,512511000,514017000,133634000,84922000,48712000,25706000,97,26,1377670,14,0.635481988117,0.364518011883,0.192361225437,0.9889,0.2249,0,1.14911923944,76,60.3,Tương tác cao,Ổn định,,12,Stable,45–54,False,False,False,4. Stable / healthy
KH00107525,2025-12-01,26,Nữ,Chuyên viên trưng bày sản phẩm,Thái Nguyên,217820000,1175800000,762671000,671030000,309461000,126909000,182552000,82749000,215,31,1439353,14,0.410096910435,0.589903089565,0.267397184136,1.4207,0.2632,0,1.6921058147,83.4,54.1,Tương tác rất cao,Cần theo dõi,,12,Monitoring,25–34,True,False,True,2. Monitoring + spend above income
KH00107530,2025-12-01,45,Nam,Giảng viên công nghệ thông tin,Đồng Tháp,299710000,1284400000,1891775000,1940151000,251334000,92155000,159179000,27956000,116,31,2166672,14,0.366663483651,0.633336516349,0.11123047419,0.8386,0.1957,0,0.850002976281,74,63.6,Tương tác cao,Ổn định,,12,Stable,45–54,False,False,False,4. Stable / healthy
KH00107565,2025-12-01,56,Nam,Quản lý tổng đài,Nghệ An,126530000,456000000,251183000,203210000,174503000,84189000,90314000,39039000,114,29,1530728,14,0.48245015845,0.51754984155,0.223715351599,1.3791,0.3827,0,1.15771410893,79,54.5,Tương tác cao,Cần theo dõi,,12,Monitoring,55+,True,False,False,2. Monitoring + spend above income
KH00107570,2025-12-01,63,Nữ,Quản lý sản xuất,Thanh Hóa,158120000,667800000,793859000,755552000,196427000,109880000,86547000,42172000,117,29,1678863,14,0.559393566058,0.440606433942,0.214695535746,1.2423,0.2941,0,1.41514496112,78.6,56.2,Tương tác cao,Cần theo dõi,,12,Monitoring,55+,True,False,False,2. Monitoring + spend above income
KH00107605,2025-12-01,54,Nam,Biên tập viên chuyên đề tạp chí,Thành phố Hồ Chí Minh,558020000,1950000000,2093459000,1627960000,1023519000,328921000,694598000,109420000,456,31,2244559,14,0.321362866737,0.678637133263,0.10690568519,1.8342,0.5249,0,5.08699414888,75.3,45.1,Tương tác cao,Cần theo dõi,,12,Monitoring,45–54,True,False,False,2. Monitoring + spend above income
KH00107610,2025-12-01,59,Nữ,Cán bộ giáo dục bảo tàng,Khánh Hòa,129820000,447700000,216326000,137152000,208994000,87924000,121070000,67907000,118,29,1771136,13,0.420701072758,0.579298927242,0.324923203537,1.6099,0.4668,0,1.65797831558,82.7,49.2,Tương tác rất cao,Cần theo dõi,,12,Monitoring,55+,True,False,True,2. Monitoring + spend above income
KH00107645,2025-12-01,42,Nữ,Chuyên viên trắc địa,Đồng Tháp,267420000,732100000,988553000,995169000,260804000,161989000,98815000,36706000,216,31,1207426,14,0.62111393997,0.37888606003,0.140741706416,0.9753,0.3562,0,1.32875444583,77,56.3,Tương tác cao,Cần theo dõi,,12,Monitoring,35–44,True,False,False,3. Monitoring without overspend
KH00107650,2025-12-01,35,Nữ,Kỹ sư kết cấu,Đồng Nai,1678130000,7436500000,10162952000,10367670000,1473412000,667536000,805876000,435639000,684,31,2154111,14,0.453054542789,0.546945457211,0.295666792452,0.878,0.1981,0,1.26543897749,84.8,61.3,Tương tác rất cao,Ổn định,,12,Stable,35–44,False,False,True,4. Stable / healthy
KH00107685,2025-12-01,50,Nữ,Chuyên viên cây xanh cảnh quan,Đà Nẵng,452590000,1537200000,1501684000,1354456000,599818000,320316000,279502000,104713000,450,31,1332929,14,0.534021986669,0.465978013331,0.174574620968,1.3253,0.3902,0,1.50300272635,78.7,53.1,Tương tác cao,Cần theo dõi,,12,Monitoring,45–54,True,False,False,2. Monitoring + spend above income
KH00107690,2025-12-01,57,Nam,Nhà văn khoa học,Thanh Hóa,320730000,1378100000,938296000,855839000,403187000,192254000,210933000,125181000,217,31,1858005,13,0.476835810678,0.523164189322,0.310478760476,1.2571,0.2926,0,1.82477830643,84.1,53.3,Tương tác rất cao,Cần theo dõi,,12,Monitoring,55+,True,False,True,2. Monitoring + spend above income
KH00107725,2025-12-01,22,Nam,Thủ thư thư viện công cộng,An Giang,372500000,1246000000,1300572000,1332087000,340985000,183715000,157270000,69196000,329,31,1036429,14,0.538777365573,0.461222634427,0.202929747643,0.9154,0.2737,0,1.32256310212,80.1,59,Tương tác rất cao,Cần theo dõi,,12,Monitoring,<25,True,False,True,3. Monitoring without overspend
KH00107730,2025-12-01,36,Nữ,Chuyên viên nắn chỉnh xương,Thành phố Hồ Chí Minh,1152140000,5265200000,5500630000,5482085000,1170685000,464905000,705780000,255904000,571,31,2050236,14,0.397122197688,0.602877802312,0.218593387632,1.0161,0.2223,0,1.67540352309,80.9,55,Tương tác rất cao,Cần theo dõi,,12,Monitoring,35–44,True,False,True,2. Monitoring + spend above income
KH00107765,2025-12-01,26,Nam,Cán bộ hành chính địa phương,Cà Mau,287120000,1558800000,519012000,177842000,628290000,220566000,407724000,93849000,243,31,2585556,14,0.351057632622,0.648942367378,0.149372105238,2.1882,0.4031,0,0.985875216841,77.5,45.9,Tương tác cao,Cần theo dõi,,12,Monitoring,25–34,True,False,False,2. Monitoring + spend above income
KH00107770,2025-12-01,46,Nam,Chuyên viên công nghệ dệt may,Sơn La,635700000,2952800000,2727188000,2520376000,842512000,331965000,510547000,135493000,352,31,2393500,14,0.394018126745,0.605981873255,0.160820261314,1.3253,0.2853,0,0.939557780317,78,57.1,Tương tác cao,Cần theo dõi,,12,Monitoring,45–54,True,False,False,2. Monitoring + spend above income
KH00107805,2025-12-01,23,Nữ,Giáo viên mầm non,Cần Thơ,574040000,2701800000,1548765000,1325311000,797494000,217069000,580425000,172442000,464,31,1718737,14,0.272188881672,0.727811118328,0.216229839974,1.3893,0.2952,0,1.04017769315,80.8,55.1,Tương tác rất cao,Cần theo dõi,,12,Monitoring,<25,True,False,True,2. Monitoring + spend above income
KH00107810,2025-12-01,23,Nam,Biên tập viên đặt bài,Thành phố Hồ Chí Minh,561360000,1386400000,280680000,551010000,291030000,16034000,274996000,184470000,14,2,20787857,5,0.055093976566,0.944906023434,0.633852180188,0.5184,0.2099,28,0.448307701936,48.8,69.7,Tương tác trung bình,Ổn định,,12,Stable,<25,False,False,False,4. Stable / healthy
KH00107845,2025-12-01,36,Nam,Phóng viên ảnh,Sơn La,756400000,3103300000,3439619000,3385334000,810685000,342880000,467805000,128552000,534,31,1518137,14,0.422950961224,0.577049038776,0.158572071766,1.0718,0.2612,0,2.53246598465,77.9,52.7,Tương tác cao,Cần theo dõi,,12,Monitoring,35–44,True,False,False,2. Monitoring + spend above income
KH00107850,2025-12-01,48,Nữ,Nhân viên cứu trợ quốc tế,Lâm Đồng,539100000,1430700000,1574310000,1371240000,742170000,433592000,308578000,142009000,567,31,1308942,14,0.58422194376,0.41577805624,0.191342953771,1.3767,0.5187,0,1.39148076986,79.6,50.9,Tương tác cao,Cần theo dõi,,12,Monitoring,45–54,True,False,False,2. Monitoring + spend above income
KH00107885,2025-12-01,45,Nữ,Nhà khoa học thính học,Thành phố Hồ Chí Minh,1746340000,6467900000,11802687000,12107215000,1441812000,688305000,753507000,343187000,643,31,2242320,14,0.477388869007,0.522611130993,0.238024791027,0.8256,0.2229,0,1.34180018019,81.9,61.9,Tương tác rất cao,Ổn định,,12,Stable,45–54,False,False,True,4. Stable / healthy
KH00107925,2025-12-01,33,Nam,Nhà thiết kế bối cảnh,Hà Tĩnh,367840000,893300000,1312639000,1132461000,548018000,271471000,276547000,221775000,356,31,1539376,14,0.49536876526,0.50463123474,0.404685612516,1.4898,0.6135,0,2.13930995012,90.2,44.6,Tương tác rất cao,Cần theo dõi,,12,Monitoring,25–34,True,False,True,2. Monitoring + spend above income
KH00107930,2025-12-01,85,Nữ,Quản lý thu mua,Tây Ninh,163020000,681800000,597996000,575633000,185383000,88213000,97170000,38054000,121,31,1532091,14,0.475841905676,0.524158094324,0.205272328099,1.1372,0.2719,0,1.2008006119,78.9,57,Tương tác cao,Cần theo dõi,,12,Monitoring,55+,True,False,False,2. Monitoring + spend above income
KH00107965,2025-12-01,85,Nam,Thư ký luật sư tranh tụng,Hải Phòng,404240000,1689600000,2490352000,2571012000,323580000,174285000,149295000,52697000,200,31,1617900,14,0.538614871129,0.461385128871,0.16285617158,0.8005,0.1915,0,1.33304203815,78.1,63.9,Tương tác cao,Ổn định,,12,Stable,55+,False,False,False,4. Stable / healthy
KH00107970,2025-12-01,61,Nữ,Chuyên viên trang điểm,Quảng Trị,398440000,1919400000,1005347000,819943000,583844000,322512000,261332000,123247000,401,31,1455970,14,0.552394132679,0.447605867321,0.211095772158,1.4653,0.3042,0,1.41694011659,80.6,55.8,Tương tác rất cao,Cần theo dõi,,12,Monitoring,55+,True,False,True,2. Monitoring + spend above income
KH00108005,2025-12-01,56,Nam,Giáo viên tiếng anh,Hà Tĩnh,100760000,415500000,188493000,122056000,167197000,101418000,65779000,13112000,117,30,1429034,14,0.60657786922,0.39342213078,0.0784224597331,1.6594,0.4024,0,1.23231669624,72.1,54.8,Tương tác cao,Cần theo dõi,,12,Monitoring,55+,True,False,False,2. Monitoring + spend above income
KH00108010,2025-12-01,63,Nam,Quản lý trường quay,Hưng Yên,146490000,379600000,729613000,672130000,203973000,103255000,100718000,25610000,115,31,1773678,13,0.506218960353,0.493781039647,0.12555583337,1.3924,0.5373,0,2.03317137966,73.3,46.6,Tương tác cao,Cần theo dõi,,12,Monitoring,55+,True,False,False,2. Monitoring + spend above income
KH00108045,2025-12-01,27,Nam,Nhà khoa học nghiên cứu toán học,Đồng Tháp,857900000,3918900000,5915153000,6011644000,761409000,421058000,340351000,146516000,590,31,1290524,14,0.552998454182,0.447001545818,0.192427460143,0.8875,0.1943,0,1.48860323279,79.6,61,Tương tác cao,Ổn định,,12,Stable,25–34,False,False,False,4. Stable / healthy
KH00108050,2025-12-01,32,Nữ,Người quay phim,Đồng Nai,838230000,2297100000,4037664000,3819454000,1056440000,498637000,557803000,148120000,643,31,1642986,14,0.471997463178,0.528002536822,0.140206732043,1.2603,0.4599,0,2.02745363629,77,48.2,Tương tác cao,Cần theo dõi,,12,Monitoring,25–34,True,False,False,2. Monitoring + spend above income
KH00108085,2025-12-01,47,Nam,Nhân viên tư vấn hỗ trợ,Điện Biên,426350000,1629500000,882340000,497635000,811055000,377997000,433058000,142394000,414,31,1959070,14,0.466055939486,0.533944060514,0.175566391922,1.9023,0.4977,0,5.84483357173,78.8,47.2,Tương tác cao,Cần theo dõi,,12,Monitoring,45–54,True,False,False,2. Monitoring + spend above income
KH00108090,2025-12-01,68,Nữ,Chuyên viên xử lý bồi thường bảo hiểm,An Giang,278060000,947100000,1101365000,1094151000,285274000,158077000,127197000,27167000,227,31,1256714,14,0.554123404166,0.445876595834,0.0952312513583,1.0259,0.3012,0,1.02433279333,74.8,57.9,Tương tác cao,Cần theo dõi,,12,Monitoring,55+,True,False,False,2. Monitoring + spend above income
KH00108125,2025-12-01,27,Nam,Chuyên viên phục chế đồ gỗ,Vĩnh Long,277260000,933600000,1589675000,1560850000,306085000,169436000,136649000,67652000,218,31,1404060,14,0.553558652008,0.446441347992,0.221023571884,1.104,0.3279,0,1.5908902831,81.1,54.4,Tương tác rất cao,Cần theo dõi,,12,Monitoring,25–34,True,False,True,2. Monitoring + spend above income
KH00108130,2025-12-01,63,Nam,Nhà khoa học y sinh,Hải Phòng,191970000,924700000,1329723000,1412278000,109415000,82440000,26975000,14573000,101,29,1083317,14,0.75346159119,0.24653840881,0.133190147603,0.57,0.1183,0,0.908560983614,74.1,75.8,Tương tác cao,Ổn định,,12,Stable,55+,False,False,False,4. Stable / healthy
KH00108165,2025-12-01,27,Nữ,Kỹ sư hệ thống sản xuất,Cần Thơ,581720000,2569500000,2959904000,2900106000,641518000,243454000,398064000,161911000,229,31,2801389,14,0.379496756132,0.620503243868,0.252387306358,1.1028,0.2497,0,1.58714079836,82.6,54.6,Tương tác rất cao,Cần theo dõi,,12,Monitoring,25–34,True,False,True,2. Monitoring + spend above income
KH00108170,2025-12-01,50,Nữ,Thủ thư thư viện công cộng,Điện Biên,693690000,2183900000,1774693000,1184363000,1284020000,498906000,785114000,289833000,543,31,2364678,14,0.388550022585,0.611449977415,0.225723119578,1.851,0.5879,0,1.38972505656,81.3,47.2,Tương tác rất cao,Cần theo dõi,,12,Monitoring,45–54,True,False,True,2. Monitoring + spend above income
KH00108205,2025-12-01,35,Nam,Quản lý di sản,An Giang,683460000,2762400000,3760496000,3714073000,729883000,355093000,374790000,244141000,449,31,1625575,14,0.486506741491,0.513493258509,0.334493336603,1.0679,0.2642,0,2.21643461589,86.7,53.3,Tương tác rất cao,Cần theo dõi,,12,Monitoring,35–44,True,False,True,2. Monitoring + spend above income
KH00108210,2025-12-01,25,Nam,Chuyên viên trắc địa,Thành phố Hồ Chí Minh,127920000,335600000,307894000,336592000,99222000,35096000,64126000,28255000,113,29,878071,14,0.353711878414,0.646288121586,0.284765475399,0.7757,0.2957,0,1.42247550935,82,59.6,Tương tác rất cao,Cần theo dõi,,12,Monitoring,25–34,True,False,True,3. Monitoring without overspend
KH00108245,2025-12-01,50,Nam,Chuyên viên biên tập nội dung,Thành phố Hồ Chí Minh,157010000,478000000,239877000,275417000,121470000,58684000,62786000,9034000,104,29,1167981,14,0.483115172471,0.516884827529,0.0743722729892,0.7736,0.2541,0,1.01999449842,71.2,64,Tương tác cao,Ổn định,,12,Stable,45–54,False,False,False,4. Stable / healthy
KH00108250,2025-12-01,88,Nữ,Chuyên viên giám định rủi ro bảo hiểm,Cao Bằng,185240000,656200000,574972000,351642000,408570000,191762000,216808000,74556000,233,31,1753519,13,0.469349193529,0.530650806471,0.182480358323,2.2056,0.6226,0,3.90143540744,77.7,44.1,Tương tác cao,Cần theo dõi,,12,Monitoring,55+,True,False,False,2. Monitoring + spend above income
KH00108285,2025-12-01,94,Nam,Quản lý cơ sở vật chất,Vĩnh Long,657760000,2639900000,3826956000,3842859000,641857000,347751000,294106000,132551000,453,31,1416903,14,0.541788903136,0.458211096864,0.206511730806,0.9758,0.2431,0,1.38287773629,80.3,58,Tương tác rất cao,Cần theo dõi,,12,Monitoring,55+,True,False,True,3. Monitoring without overspend
KH00108290,2025-12-01,71,Nam,Nhà chọn giống cây trồng,Hà Nội,306150000,1276200000,919830000,875674000,350306000,166593000,183713000,57826000,208,30,1684163,14,0.475564220995,0.524435779005,0.165072822047,1.1442,0.2745,0,1.11351048563,77.9,57.3,Tương tác cao,Cần theo dõi,,12,Monitoring,55+,True,False,False,2. Monitoring + spend above income
KH00108325,2025-12-01,44,Nữ,Công chức hành chính,Phú Thọ,171840000,766600000,592558000,451442000,312956000,108968000,203988000,108162000,109,29,2871156,14,0.34818952185,0.65181047815,0.345614079935,1.8212,0.4082,0,1.43243910964,84.9,51.1,Tương tác rất cao,Cần theo dõi,,12,Monitoring,35–44,True,False,True,2. Monitoring + spend above income
KH00108330,2025-12-01,66,Nam,Nhà địa chất công trình,Lào Cai,123900000,417300000,319183000,297616000,145467000,98667000,46800000,20894000,108,30,1346917,14,0.678277547485,0.321722452515,0.143633951343,1.1741,0.3486,0,0.892126217527,75.1,58.6,Tương tác cao,Cần theo dõi,,12,Monitoring,55+,True,False,False,2. Monitoring + spend above income
KH00108365,2025-12-01,15,Nam,Quản lý cơ sở vật chất,Đồng Nai,670180000,2193800000,3009364000,2827916000,851628000,191505000,660123000,226426000,431,31,1975935,14,0.224869309135,0.775130690865,0.265874301925,1.2707,0.3882,0,0.95040481719,83.3,52.8,Tương tác rất cao,Cần theo dõi,,12,Monitoring,<25,True,False,True,2. Monitoring + spend above income
KH00108370,2025-12-01,29,Nam,Chuyên viên trị liệu nghề nghiệp,Bắc Ninh,120730000,412400000,389358000,341300000,168788000,89177000,79611000,21863000,117,31,1442632,14,0.528337322558,0.471662677442,0.129529350428,1.3981,0.4093,0,1.81010664855,75,51,Tương tác cao,Cần theo dõi,,12,Monitoring,25–34,True,False,False,2. Monitoring + spend above income
KH00108405,2025-12-01,52,Nam,Kỹ thuật viên chẩn đoán hình ảnh,Đồng Tháp,441620000,1451600000,1608198000,1624605000,425213000,261943000,163270000,85105000,310,31,1371655,14,0.616027731984,0.383972268016,0.200146749982,0.9628,0.2929,0,1.25750837189,80,58.5,Tương tác rất cao,Cần theo dõi,,12,Monitoring,45–54,True,False,True,3. Monitoring without overspend
KH00108410,2025-12-01,33,Nữ,Kỹ sư dầu khí,Thành phố Hồ Chí Minh,1383150000,5030500000,8699954000,8634650000,1448454000,593387000,855067000,377643000,661,31,2191307,14,0.409669205926,0.590330794074,0.260721431264,1.0472,0.2879,0,1.30660782498,83,55.4,Tương tác rất cao,Cần theo dõi,,12,Monitoring,25–34,True,False,True,2. Monitoring + spend above income
KH00108445,2025-12-01,70,Nữ,Chuyên viên phục chế bảo tàng,Hà Nội,178990000,737100000,793289000,830122000,142157000,83689000,58468000,13965000,110,30,1292336,13,0.588708259178,0.411291740822,0.0982364568751,0.7942,0.1929,0,1.36048087986,71.5,64.4,Tương tác cao,Ổn định,,12,Stable,55+,False,False,False,4. Stable / healthy
KH00108450,2025-12-01,49,Nữ,Chuyên viên phân tích tình báo,Hà Nội,1138550000,4817600000,7704399000,7730840000,1112109000,539022000,573087000,211213000,547,31,2033106,14,0.484684504846,0.515315495154,0.189921131832,0.9768,0.2308,0,1.38326189211,79.5,57.7,Tương tác cao,Cần theo dõi,,12,Monitoring,45–54,True,False,False,3. Monitoring without overspend
KH00108485,2025-12-01,69,Nam,Kế toán viên tài chính công,Hà Nội,415500000,1641800000,2469695000,2508611000,376584000,146929000,229655000,151228000,199,31,1892382,14,0.390162619761,0.609837380239,0.401578399507,0.9063,0.2294,0,4.20853111339,90.1,55.5,Tương tác rất cao,Cần theo dõi,,12,Monitoring,55+,True,False,True,3. Monitoring without overspend
KH00108490,2025-12-01,35,Nữ,Quản trị viên tổ chức từ thiện,Đắk Lắk,546130000,1500400000,1394746000,1230160000,710716000,353960000,356756000,208471000,333,31,2134282,14,0.498032969569,0.501967030431,0.293325322632,1.3014,0.4737,0,1.27455508029,84.7,51.8,Tương tác rất cao,Cần theo dõi,,12,Monitoring,35–44,True,False,True,2. Monitoring + spend above income
KH00108525,2025-12-01,44,Nam,Bác sĩ đa khoa,Đồng Nai,406950000,1232600000,2677354000,2802967000,281337000,145909000,135428000,36627000,223,31,1261601,14,0.518627126898,0.481372873102,0.130189061517,0.6913,0.2282,0,1.15839030143,76.5,66.4,Tương tác cao,Ổn định,,12,Stable,35–44,False,False,False,4. Stable / healthy
KH00108530,2025-12-01,36,Nữ,Chuyên viên kính thuốc,Phú Thọ,1027470000,2799100000,4217620000,4027145000,1217945000,561926000,656019000,262557000,569,31,2140501,14,0.461372229452,0.538627770548,0.215573773857,1.1854,0.4351,0,1.44259169768,80.8,51.5,Tương tác rất cao,Cần theo dõi,,12,Monitoring,35–44,True,False,True,2. Monitoring + spend above income
KH00108565,2025-12-01,17,Nam,Chuyên viên khảo sát nông thôn,Cần Thơ,329380000,1112200000,942733000,736823000,535290000,183397000,351893000,214793000,297,31,1802323,14,0.3426124157,0.6573875843,0.401264735003,1.6251,0.4813,0,2.17502051152,90.1,46.4,Tương tác rất cao,Cần theo dõi,,12,Monitoring,<25,True,False,True,2. Monitoring + spend above income
KH00108570,2025-12-01,54,Nam,Quản trị viên giáo dục,Hà Nội,343710000,1040500000,1613047000,1596073000,360684000,160558000,200126000,89655000,223,31,1617417,13,0.445148661987,0.554851338013,0.248569384835,1.0494,0.3466,0,1.57987523118,81,52.9,Tương tác rất cao,Cần theo dõi,,12,Monitoring,45–54,True,False,True,2. Monitoring + spend above income
KH00108605,2025-12-01,46,Nữ,Cán bộ quan hệ sắc tộc,Đồng Nai,531610000,2346400000,1978644000,1646597000,863657000,370906000,492751000,208616000,526,31,1641933,14,0.429459843433,0.570540156567,0.241549596657,1.6246,0.3681,0,2.43644815314,82.1,50.1,Tương tác rất cao,Cần theo dõi,,12,Monitoring,45–54,True,False,True,2. Monitoring + spend above income
KH00108610,2025-12-01,44,Nữ,Giáo viên mầm non,Đồng Tháp,253650000,1019600000,1064942000,1054210000,264382000,170203000,94179000,43638000,232,31,1139578,14,0.643776807801,0.356223192199,0.165056622614,1.0423,0.2593,0,1.08477116507,78.3,59.5,Tương tác cao,Cần theo dõi,,12,Monitoring,35–44,True,False,False,2. Monitoring + spend above income
KH00108645,2025-12-01,68,Nam,Bác sĩ đa khoa,Thành phố Hồ Chí Minh,501350000,2095500000,3542620000,3634963000,409007000,190114000,218893000,129274000,242,31,1690112,14,0.46481845054,0.53518154946,0.316067940158,0.8158,0.1952,0,2.03514303668,85.8,59.4,Tương tác rất cao,Cần theo dõi,,12,Monitoring,55+,True,False,True,3. Monitoring without overspend
KH00108650,2025-12-01,91,Nữ,Cán bộ ứng phó khẩn cấp,Thành phố Hồ Chí Minh,150220000,517600000,509751000,497651000,162320000,88844000,73476000,28106000,113,30,1436460,13,0.547338590439,0.452661409561,0.173151798916,1.0805,0.3136,1,1.24072379928,74.6,56.4,Tương tác cao,Cần theo dõi,,12,Monitoring,55+,True,False,False,2. Monitoring + spend above income
KH00108685,2025-12-01,71,Nam,Lập trình viên đa phương tiện,Cần Thơ,388740000,1528800000,2328149000,2315062000,401827000,216619000,185208000,74323000,251,31,1600904,14,0.53908522822,0.46091477178,0.184962682946,1.0337,0.2628,0,1.398202781,79.2,56.8,Tương tác cao,Cần theo dõi,,12,Monitoring,55+,True,False,False,2. Monitoring + spend above income
KH00108690,2025-12-01,50,Nam,Lập trình viên đa phương tiện,Hà Nội,547160000,1912700000,2822702000,2770226000,599636000,285153000,314483000,148540000,328,31,1828159,14,0.475543496388,0.524456503612,0.247716948282,1.0959,0.3135,0,2.06315220241,82.4,51.9,Tương tác rất cao,Cần theo dõi,,12,Monitoring,45–54,True,False,True,2. Monitoring + spend above income
KH00108725,2025-12-01,54,Nam,Quản lý di sản,Bắc Ninh,466310000,1972300000,1640917000,1552559000,554668000,283938000,270730000,136709000,336,31,1650798,14,0.511906221379,0.488093778621,0.246469960409,1.1895,0.2812,0,1.38931899391,82.3,56.1,Tương tác rất cao,Cần theo dõi,,12,Monitoring,45–54,True,False,True,2. Monitoring + spend above income
KH00108730,2025-12-01,35,Nữ,Điều dưỡng khuyết tật học tập,Sơn La,958460000,4790800000,2902574000,2416508000,1444526000,674471000,770055000,382288000,683,31,2114972,14,0.466915098794,0.533084901206,0.264645980758,1.5071,0.3015,0,1.35661738919,83.2,55.3,Tương tác rất cao,Cần theo dõi,,12,Monitoring,35–44,True,False,True,2. Monitoring + spend above income
KH00108765,2025-12-01,20,Nữ,Nhà thiết kế gốm sứ,Đà Nẵng,836390000,4200000000,3505051000,3103938000,1237503000,303869000,933634000,321765000,679,31,1822538,14,0.245550111798,0.754449888202,0.260011490881,1.4796,0.2946,0,0.900441463218,83,55.6,Tương tác rất cao,Cần theo dõi,,12,Monitoring,<25,True,False,True,2. Monitoring + spend above income
KH00108805,2025-12-01,39,Nam,Cán bộ quản lý thị trường,Đắk Lắk,558040000,2111400000,3527003000,3628076000,456967000,199085000,257882000,74163000,215,31,2125428,14,0.435666032777,0.564333967223,0.162293994971,0.8189,0.2164,0,0.751765276263,78.1,64.7,Tương tác cao,Ổn định,,12,Stable,35–44,False,False,False,4. Stable / healthy
KH00108810,2025-12-01,33,Nam,Kiểm soát viên tài chính,Cần Thơ,108210000,320100000,325904000,275668000,158446000,87746000,70700000,62517000,110,31,1440418,14,0.553791197001,0.446208802999,0.394563447484,1.4642,0.495,0,1.28547316674,88,51.7,Tương tác rất cao,Cần theo dõi,,12,Monitoring,25–34,True,False,True,2. Monitoring + spend above income
KH00108845,2025-12-01,50,Nữ,Chuyên viên trị liệu thảo dược,Thái Nguyên,806860000,2493700000,2822126000,2325165000,1303821000,563604000,740217000,318574000,605,31,2155076,14,0.432270994255,0.567729005745,0.24433875509,1.6159,0.5228,0,1.25058349394,82.2,50,Tương tác rất cao,Cần theo dõi,,12,Monitoring,45–54,True,False,True,2. Monitoring + spend above income
KH00108850,2025-12-01,50,Nam,Chuyên viên kính thuốc,Thành phố Hồ Chí Minh,498100000,2149100000,2473097000,2322126000,649071000,290311000,358760000,195711000,328,31,1978875,14,0.447271561971,0.552728438029,0.301524794668,1.3031,0.302,0,1.75349060768,85.1,53.2,Tương tác rất cao,Cần theo dõi,,12,Monitoring,45–54,True,False,True,2. Monitoring + spend above income
KH00108885,2025-12-01,78,Nam,Cán bộ giáo dục bảo tàng,Bắc Ninh,183860000,519700000,302858000,190232000,296486000,184088000,112398000,31198000,243,31,1220107,14,0.620899469115,0.379100530885,0.105225879131,1.6126,0.5705,0,1.26950846116,75.3,50.6,Tương tác cao,Cần theo dõi,,12,Monitoring,55+,True,False,False,2. Monitoring + spend above income
KH00108890,2025-12-01,72,Nữ,Nhà thiết kế gốm sứ,Hải Phòng,470530000,2287800000,1984120000,1823549000,631101000,350995000,280106000,83218000,441,31,1431068,14,0.556162959653,0.443837040347,0.131861619614,1.3413,0.2759,0,1.66779034377,76.6,55.3,Tương tác cao,Cần theo dõi,,12,Monitoring,55+,True,False,False,2. Monitoring + spend above income
KH00108925,2025-12-01,36,Nam,Kỹ thuật viên phân tích mẫu khoan,Thành phố Hồ Chí Minh,408420000,1274500000,1858093000,1898601000,367912000,197708000,170204000,58068000,305,31,1206269,14,0.537378503555,0.462621496445,0.157831220509,0.9008,0.2887,0,1.64080649004,77.9,57.4,Tương tác cao,Cần theo dõi,,12,Monitoring,35–44,True,False,False,3. Monitoring without overspend
KH00108930,2025-12-01,93,Nam,Nhà thiết kế triển lãm,An Giang,140470000,553000000,329059000,252644000,216885000,113795000,103090000,37704000,131,31,1655611,14,0.524678977338,0.475321022662,0.173843281001,1.544,0.3922,0,1.63259924578,77.5,52.3,Tương tác cao,Cần theo dõi,,12,Monitoring,55+,True,False,False,2. Monitoring + spend above income
KH00108965,2025-12-01,49,Nam,Cảnh sát,Đắk Lắk,777270000,3050600000,3597883000,3581441000,793712000,373862000,419850000,213537000,533,31,1489141,14,0.471029794182,0.528970205818,0.269035871954,1.0212,0.2602,0,2.31021221602,83.5,53.2,Tương tác rất cao,Cần theo dõi,,12,Monitoring,45–54,True,False,True,2. Monitoring + spend above income
KH00108970,2025-12-01,44,Nữ,Chuyên viên nghiên cứu công đoàn,Hà Nội,523610000,1361100000,2367842000,2332269000,559183000,315777000,243406000,101242000,448,31,1248176,14,0.564711373557,0.435288626443,0.181053429736,1.0679,0.4108,0,2.37738509293,79.1,50.4,Tương tác cao,Cần theo dõi,,12,Monitoring,35–44,True,False,False,2. Monitoring + spend above income
KH00109005,2025-12-01,92,Nam,Chuyên viên thu mua bán lẻ,Đắk Lắk,146950000,573100000,701082000,593016000,255016000,107619000,147397000,25472000,116,29,2198414,14,0.422008815133,0.577991184867,0.0998839288515,1.7354,0.445,0,1.70208546504,72.8,49.6,Tương tác cao,Cần theo dõi,,12,Monitoring,55+,True,False,False,2. Monitoring + spend above income
KH00109010,2025-12-01,53,Nam,Kỹ thuật viên kế toán,Hà Nội,562130000,2807200000,2800605000,2701566000,661169000,374707000,286462000,123777000,437,31,1512973,14,0.566734072529,0.433265927471,0.187209321671,1.1762,0.2355,0,1.55420172962,79.4,57,Tương tác cao,Cần theo dõi,,12,Monitoring,45–54,True,False,False,2. Monitoring + spend above income
KH00109045,2025-12-01,34,Nam,Nhà trị liệu tâm lý qua chuyển động,Vĩnh Long,670650000,2050200000,1507941000,1173180000,1005411000,420246000,585165000,212386000,454,31,2214562,14,0.417984287023,0.582015712977,0.21124296432,1.4992,0.4904,0,0.841409264532,80.6,52.7,Tương tác rất cao,Cần theo dõi,,12,Monitoring,25–34,True,False,True,2. Monitoring + spend above income
KH00109085,2025-12-01,58,Nam,Cán bộ quản lý chất thải,Quảng Ninh,472890000,2008100000,1699527000,1517708000,654709000,243734000,410975000,85073000,313,31,2091722,14,0.372278371001,0.627721628999,0.129940171893,1.3845,0.326,0,4.83914022168,76.5,50.6,Tương tác cao,Cần theo dõi,,12,Monitoring,55+,True,False,False,2. Monitoring + spend above income
KH00109090,2025-12-01,77,Nam,Nhà thiết kế web,Cao Bằng,369890000,1170900000,1068155000,891622000,546423000,282646000,263777000,152493000,348,31,1570181,14,0.517265927679,0.482734072321,0.279075002333,1.4773,0.4667,0,2.03903448774,84,48.5,Tương tác rất cao,Cần theo dõi,,12,Monitoring,55+,True,False,True,2. Monitoring + spend above income
KH00109125,2025-12-01,72,Nam,Điều dưỡng sức khỏe tâm thần,Quảng Ninh,247960000,754400000,729911000,639738000,338133000,219163000,118970000,37306000,224,31,1509522,14,0.648156198892,0.351843801108,0.110329367438,1.3637,0.4482,0,1.34278875558,75.5,53.6,Tương tác cao,Cần theo dõi,,12,Monitoring,55+,True,False,False,2. Monitoring + spend above income
KH00109130,2025-12-01,47,Nữ,Nhà nghiên cứu bò sát,An Giang,561580000,2634400000,2513456000,2410021000,665015000,343620000,321395000,183026000,440,31,1511398,14,0.516710149395,0.483289850605,0.27522085968,1.1842,0.2524,0,3.37820714791,83.8,53.9,Tương tác rất cao,Cần theo dõi,,12,Monitoring,45–54,True,False,True,2. Monitoring + spend above income
KH00109165,2025-12-01,51,Nam,Chuyên viên thẩm định bồi thường,Quảng Trị,272730000,1208300000,1053595000,986488000,339837000,163041000,176796000,44587000,212,30,1603005,14,0.479762356659,0.520237643341,0.131201134662,1.2461,0.2813,0,1.06431815276,76.2,57.4,Tương tác cao,Cần theo dõi,,12,Monitoring,45–54,True,False,False,2. Monitoring + spend above income
KH00109170,2025-12-01,46,Nam,Quản lý trung tâm thông tin du lịch,Đồng Nai,1210830000,4153400000,6398104000,6556377000,1052557000,353334000,699223000,149807000,415,31,2536282,14,0.335691083713,0.664308916287,0.142326733849,0.8693,0.2534,0,0.992565105833,77.1,60.3,Tương tác cao,Ổn định,,12,Stable,45–54,False,False,False,4. Stable / healthy
KH00109205,2025-12-01,59,Nam,Kỹ thuật viên xạ trị,Thành phố Hồ Chí Minh,335680000,1671000000,1785937000,1804915000,316702000,174861000,141841000,63778000,228,31,1389044,14,0.55213102538,0.44786897462,0.201381740564,0.9435,0.1895,0,1.12453073175,80.1,61.6,Tương tác rất cao,Ổn định,,12,Stable,55+,False,False,True,4. Stable / healthy
KH00109210,2025-12-01,38,Nữ,Nhà môi giới bảo hiểm,Lâm Đồng,759610000,2831200000,2946781000,2778695000,927696000,482179000,445517000,164938000,663,31,1399240,14,0.519759705766,0.480240294234,0.177793156379,1.2213,0.3277,0,2.30542328523,78.9,52,Tương tác cao,Cần theo dõi,,12,Monitoring,35–44,True,False,False,2. Monitoring + spend above income
KH00109245,2025-12-01,35,Nam,Nhà thiết kế trang sức,Lào Cai,501640000,2321800000,2142861000,2170268000,474233000,258233000,216000000,48754000,356,31,1332115,14,0.544527689975,0.455472310025,0.102806004643,0.9454,0.2043,0,1.47761930602,75.1,59.3,Tương tác cao,Cần theo dõi,,12,Monitoring,35–44,True,False,False,3. Monitoring without overspend
KH00109250,2025-12-01,63,Nữ,Nhà khoa học sinh lý,Cà Mau,148410000,577400000,624476000,601329000,171557000,90482000,81075000,23034000,107,31,1603336,14,0.527416543773,0.472583456227,0.134264413577,1.156,0.2971,0,1.16193287399,75,57,Tương tác cao,Cần theo dõi,,12,Monitoring,55+,True,False,False,2. Monitoring + spend above income
KH00109285,2025-12-01,46,Nữ,Chuyên viên phân tích đầu tư,Hưng Yên,833060000,2540900000,5221412000,5162931000,891541000,404278000,487263000,276075000,556,31,1603491,14,0.453459796016,0.546540203984,0.309660464297,1.0702,0.3509,0,3.24173219594,85.5,50.8,Tương tác rất cao,Cần theo dõi,,12,Monitoring,45–54,True,False,True,2. Monitoring + spend above income
KH00109290,2025-12-01,55,Nam,Chuyên viên giám định rủi ro bảo hiểm,Lâm Đồng,508840000,1519800000,2123807000,2004850000,627797000,371503000,256294000,66236000,430,31,1459993,14,0.591756570993,0.408243429007,0.105505442046,1.2338,0.4131,0,1.63453357954,75.3,52.4,Tương tác cao,Cần theo dõi,,12,Monitoring,55+,True,False,False,2. Monitoring + spend above income
KH00109325,2025-12-01,54,Nữ,Lập trình viên hệ thống,Thành phố Hồ Chí Minh,457950000,2381800000,1894250000,1785343000,566857000,313396000,253461000,99907000,420,31,1349660,14,0.552866066751,0.447133933249,0.17624727224,1.2378,0.238,0,1.62146757754,78.8,56.5,Tương tác cao,Cần theo dõi,,12,Monitoring,45–54,True,False,False,2. Monitoring + spend above income
KH00109330,2025-12-01,59,Nữ,Luật sư,Thành phố Hồ Chí Minh,252310000,1024600000,2078751000,2136781000,194280000,119594000,74686000,50043000,106,28,1832830,14,0.615575458102,0.384424541898,0.257581840642,0.77,0.1896,0,1.19633184289,80.1,66.2,Tương tác rất cao,Ổn định,,12,Stable,55+,False,False,True,4. Stable / healthy
KH00109365,2025-12-01,62,Nam,Quản lý trung tâm thông tin du lịch,Cà Mau,323320000,1445500000,1821265000,1649101000,495484000,213358000,282126000,145032000,219,31,2262484,14,0.430605226405,0.569394773595,0.292707736274,1.5325,0.3428,0,1.80448992976,84.6,51.7,Tương tác rất cao,Cần theo dõi,,12,Monitoring,55+,True,False,True,2. Monitoring + spend above income
KH00109370,2025-12-01,51,Nam,Giáo viên giáo dục đặc biệt,Thái Nguyên,360670000,1095100000,1139921000,948211000,552380000,231282000,321098000,157832000,307,31,1799283,14,0.418700894312,0.581299105688,0.285730837467,1.5315,0.5044,0,1.75870997644,84.3,47.8,Tương tác rất cao,Cần theo dõi,,12,Monitoring,45–54,True,False,True,2. Monitoring + spend above income
KH00109405,2025-12-01,53,Nam,Nhà thiết kế sản phẩm,Đà Nẵng,107500000,455700000,114961000,0,281962000,116496000,165466000,93831000,134,29,2104194,14,0.413162057299,0.586837942701,0.332778885098,2.6229,0.6187,0,1.90976841354,84.9,14.1,Tương tác rất cao,Có dấu hiệu căng thẳng tài chính,,12,Stressed,45–54,True,True,True,1. Stressed
KH00109410,2025-12-01,56,Nữ,Thủ thư học thuật,Thanh Hóa,280710000,1335000000,1206284000,1144639000,342355000,158581000,183774000,64496000,195,31,1755667,14,0.463206320924,0.536793679076,0.188389245082,1.2196,0.2564,0,1.94218485584,79.3,53.5,Tương tác cao,Cần theo dõi,,12,Monitoring,55+,True,False,False,2. Monitoring + spend above income
KH00109445,2025-12-01,45,Nam,Kỹ sư khai thác mỏ,Huế,610070000,2697300000,3394834000,3071203000,933701000,366992000,566709000,473604000,468,31,1995088,14,0.393050880314,0.606949119686,0.507233043555,1.5305,0.3462,0,3.39472674833,95.4,50.3,Tương tác rất cao,Cần theo dõi,,12,Monitoring,45–54,True,False,True,2. Monitoring + spend above income
KH00109450,2025-12-01,38,Nam,Chuyên viên thuế cấp cao,Sơn La,178770000,769000000,661412000,571595000,268587000,97603000,170984000,45622000,115,29,2335539,14,0.363394356391,0.636605643609,0.169859300711,1.5024,0.3493,0,0.904446466316,76.3,55.4,Tương tác cao,Cần theo dõi,,12,Monitoring,35–44,True,False,False,2. Monitoring + spend above income
KH00109490,2025-12-01,56,Nữ,Nhà khoa học sinh lý,Hải Phòng,565840000,1898500000,2774964000,2792334000,548470000,244208000,304262000,95457000,345,31,1589768,14,0.445253158787,0.554746841213,0.174042335953,0.9693,0.2889,0,1.71337046869,78.7,54.4,Tương tác cao,Cần theo dõi,,12,Monitoring,55+,True,False,False,3. Monitoring without overspend
KH00109525,2025-12-01,85,Nữ,Chuyên viên khảo sát công trình,Hưng Yên,245020000,990500000,991588000,887195000,349413000,195186000,154227000,67400000,234,31,1493218,14,0.558611156425,0.441388843575,0.192894940944,1.4261,0.3528,0,1.06470373389,79.6,56.4,Tương tác cao,Cần theo dõi,,12,Monitoring,55+,True,False,False,2. Monitoring + spend above income
KH00109530,2025-12-01,34,Nữ,Luật sư tranh tụng,Nghệ An,514210000,2310300000,2987912000,2954900000,547222000,233713000,313509000,86375000,319,31,1715429,14,0.42708991963,0.57291008037,0.157842703692,1.0642,0.2369,0,5.00395252354,77.9,53.3,Tương tác cao,Cần theo dõi,,12,Monitoring,25–34,True,False,False,2. Monitoring + spend above income
KH00109565,2025-12-01,54,Nam,Giám đốc chiến lược,Đắk Lắk,220480000,738800000,1754455000,1725844000,249091000,106981000,142110000,31890000,114,31,2185009,14,0.429485609677,0.570514390323,0.128025500721,1.1298,0.3372,0,3.66738459492,74.8,50.9,Tương tác cao,Cần theo dõi,,12,Monitoring,45–54,True,False,False,2. Monitoring + spend above income
KH00109570,2025-12-01,90,Nam,Quản lý sân khấu,Thành phố Hồ Chí Minh,327940000,1088200000,2116995000,2040284000,404651000,198331000,206320000,41850000,211,30,1917777,14,0.490128530511,0.509871469489,0.1034224554,1.2339,0.3719,0,1.95760632276,74.8,50.8,Tương tác cao,Cần theo dõi,,12,Monitoring,55+,True,False,False,2. Monitoring + spend above income
KH00109605,2025-12-01,74,Nữ,Nhà tâm lý học thể thao,Nghệ An,125720000,365000000,328059000,269337000,184442000,113525000,70917000,37088000,123,30,1499528,13,0.615505145249,0.384494854751,0.201082183017,1.4671,0.5053,0,1.13154018434,76.9,52.9,Tương tác cao,Cần theo dõi,,12,Monitoring,55+,True,False,False,2. Monitoring + spend above income
KH00109610,2025-12-01,25,Nữ,Chuyên viên khảo sát công trình,Nghệ An,494260000,1992100000,1890069000,1796585000,587744000,263612000,324132000,120014000,519,31,1132455,14,0.448514999728,0.551485000272,0.204194343115,1.1891,0.295,0,2.18924048787,80.2,52.1,Tương tác rất cao,Cần theo dõi,,12,Monitoring,25–34,True,False,True,2. Monitoring + spend above income
KH00109645,2025-12-01,23,Nữ,Nhà khoa học địa chất,Bắc Ninh,445500000,1937900000,2702201000,2795399000,352302000,218714000,133588000,64200000,346,31,1018214,14,0.62081396075,0.37918603925,0.182230018564,0.7908,0.1818,0,1.54324327542,79.1,64.2,Tương tác cao,Ổn định,,12,Stable,<25,False,False,False,4. Stable / healthy
KH00109650,2025-12-01,32,Nam,Kỹ sư đóng tàu,Lâm Đồng,1131820000,3108900000,7137144000,7321297000,947667000,389465000,558202000,178129000,430,31,2203877,14,0.410972419637,0.589027580363,0.187965814996,0.8373,0.3048,0,0.803598502639,79.4,61.5,Tương tác cao,Ổn định,,12,Stable,25–34,False,False,False,4. Stable / healthy
KH00109685,2025-12-01,37,Nữ,Kiểm lâm,Hưng Yên,431400000,1561100000,1226804000,1052246000,605958000,385716000,220242000,80512000,461,31,1314443,14,0.636539166081,0.363460833919,0.132867294433,1.4046,0.3882,0,1.81739321507,76.6,52.6,Tương tác cao,Cần theo dõi,,12,Monitoring,35–44,True,False,False,2. Monitoring + spend above income
KH00109690,2025-12-01,31,Nữ,Chuyên viên công nghệ chăn nuôi,Hà Nội,497760000,1609500000,2204987000,1952711000,750036000,325004000,425032000,104837000,469,31,1599224,14,0.433317867409,0.566682132591,0.139775957421,1.5068,0.466,0,2.62903210102,77,47.7,Tương tác cao,Cần theo dõi,,12,Monitoring,25–34,True,False,False,2. Monitoring + spend above income
KH00109730,2025-12-01,29,Nữ,Chuyên viên thẩm định bồi thường,Huế,147740000,658500000,515754000,494038000,169456000,82451000,87005000,46576000,98,27,1729143,14,0.48656288358,0.51343711642,0.27485600982,1.147,0.2573,0,1.26950632117,80.4,57.1,Tương tác rất cao,Cần theo dõi,,12,Monitoring,25–34,True,False,True,2. Monitoring + spend above income
KH00109765,2025-12-01,52,Nữ,Nhà thiết kế sản phẩm công nghiệp,Phú Thọ,416820000,1812100000,1361731000,1056515000,722036000,423678000,298358000,152297000,470,31,1536247,14,0.586782376502,0.413217623498,0.210927155987,1.7322,0.3985,0,1.41391259736,80.5,53.8,Tương tác rất cao,Cần theo dõi,,12,Monitoring,45–54,True,False,True,2. Monitoring + spend above income
KH00109770,2025-12-01,30,Nữ,Nhà biên soạn từ điển,Lâm Đồng,510180000,1344900000,1805562000,1652764000,662978000,315895000,347083000,72954000,431,31,1538232,14,0.476478857519,0.523521142481,0.110039850493,1.2995,0.493,0,2.2834596115,75.5,47.4,Tương tác cao,Cần theo dõi,,12,Monitoring,25–34,True,False,False,2. Monitoring + spend above income
KH00109805,2025-12-01,49,Nam,Nghệ nhân thổi thủy tinh,Khánh Hòa,531430000,2208200000,1900551000,1685730000,746251000,325936000,420315000,114292000,311,31,2399521,14,0.43676457385,0.56323542615,0.153154903645,1.4042,0.3379,0,0.91405194287,77.7,56.3,Tương tác cao,Cần theo dõi,,12,Monitoring,45–54,True,False,False,2. Monitoring + spend above income
KH00109845,2025-12-01,58,Nam,Cán bộ bảo tồn thiên nhiên,Thành phố Hồ Chí Minh,156720000,465600000,885963000,857821000,184862000,86747000,98115000,23062000,109,29,1695982,14,0.469252739882,0.530747260118,0.124752518095,1.1796,0.397,0,1.19097055834,73.9,53.8,Tương tác cao,Cần theo dõi,,12,Monitoring,55+,True,False,False,2. Monitoring + spend above income
KH00109850,2025-12-01,41,Nữ,Chuyên viên viết nội dung quảng cáo,Thành phố Hồ Chí Minh,348750000,1485500000,1444659000,1434477000,358932000,218958000,139974000,63181000,327,31,1097651,14,0.610026411688,0.389973588312,0.176024985234,1.0292,0.2416,0,1.26921397163,78.8,58.7,Tương tác cao,Cần theo dõi,,12,Monitoring,35–44,True,False,False,2. Monitoring + spend above income
KH00109885,2025-12-01,62,Nữ,Giảng viên giáo dục thường xuyên,Hưng Yên,434930000,2014300000,2662314000,2668922000,428322000,196838000,231484000,115749000,220,31,1946918,14,0.459556128333,0.540443871667,0.270238278678,0.9848,0.2126,0,1.73987416403,83.5,56,Tương tác rất cao,Cần theo dõi,,12,Monitoring,55+,True,False,True,3. Monitoring without overspend
KH00109890,2025-12-01,31,Nam,Trợ lý phát thanh,Đồng Nai,531700000,2397000000,917279000,610958000,838021000,417497000,420524000,226937000,572,31,1465072,14,0.49819395934,0.50180604066,0.27080108971,1.5761,0.3496,0,2.00416410182,83.5,51.2,Tương tác rất cao,Cần theo dõi,,12,Monitoring,25–34,True,False,True,2. Monitoring + spend above income
KH00109925,2025-12-01,26,Nam,Thầy thuốc đông y,Gia Lai,570530000,1759700000,1637618000,1465426000,742722000,370069000,372653000,153795000,515,31,1442179,14,0.498260452767,0.501739547233,0.207069401472,1.3018,0.4221,0,2.02697802266,80.4,49.4,Tương tác rất cao,Cần theo dõi,,12,Monitoring,25–34,True,False,True,2. Monitoring + spend above income
KH00109930,2025-12-01,52,Nam,Nhà thiết kế sản phẩm công nghiệp,Nghệ An,244450000,764000000,738013000,638957000,343506000,167451000,176055000,107046000,211,31,1627991,14,0.487476201289,0.512523798711,0.311627744494,1.4052,0.4496,0,1.57660543507,85.6,50.8,Tương tác rất cao,Cần theo dõi,,12,Monitoring,45–54,True,False,True,2. Monitoring + spend above income
KH00109965,2025-12-01,37,Nữ,Chuyên viên hoạt hình,Đắk Lắk,544360000,2521100000,1823156000,1639751000,727765000,350384000,377381000,186431000,323,31,2253142,14,0.481452117098,0.518547882902,0.256169230452,1.3369,0.2887,0,1.2616301361,82.8,56.3,Tương tác rất cao,Cần theo dõi,,12,Monitoring,35–44,True,False,True,2. Monitoring + spend above income
KH00109970,2025-12-01,85,Nữ,Quản trị viên tổ chức từ thiện,Ninh Bình,214630000,642800000,284915000,183733000,315812000,178202000,137610000,50758000,214,31,1475757,14,0.564266082353,0.435733917647,0.160722201816,1.4714,0.4913,0,1.05932207394,78,50.2,Tương tác cao,Cần theo dõi,,12,Monitoring,55+,True,False,False,2. Monitoring + spend above income
KH00110005,2025-12-01,71,Nữ,Kỹ sư bảo trì,Quảng Ngãi,524490000,2336300000,3056383000,3082270000,498603000,264354000,234249000,102033000,342,31,1457904,14,0.530189349041,0.469810650959,0.204637757896,0.9506,0.2134,0,1.45938859014,80.2,58.9,Tương tác rất cao,Cần theo dõi,,12,Monitoring,55+,True,False,True,3. Monitoring without overspend
KH00110010,2025-12-01,43,Nữ,Người dẫn chương trình phát sóng,Thành phố Hồ Chí Minh,202090000,538900000,998437000,994234000,206293000,90093000,116200000,45468000,107,31,1927972,14,0.436723495223,0.563276504777,0.220404957997,1.0208,0.3828,0,1.08754955661,79.3,54.4,Tương tác cao,Cần theo dõi,,12,Monitoring,35–44,True,False,False,2. Monitoring + spend above income
KH00110045,2025-12-01,37,Nam,Quản trị viên,Vĩnh Long,671370000,2242600000,3141128000,2914472000,898026000,319254000,578772000,141550000,342,31,2625807,14,0.355506410728,0.644493589272,0.157623498651,1.3376,0.4004,0,1.0200425193,77.9,53.4,Tương tác cao,Cần theo dõi,,12,Monitoring,35–44,True,False,False,2. Monitoring + spend above income
KH00110050,2025-12-01,50,Nữ,Quản lý môi trường,Đồng Tháp,229900000,994400000,941226000,960908000,210218000,114938000,95280000,45508000,114,30,1844018,14,0.546756224491,0.453243775509,0.216480035011,0.9144,0.2114,0,0.947794759401,78.9,62.6,Tương tác cao,Ổn định,,12,Stable,45–54,False,False,False,4. Stable / healthy
KH00110085,2025-12-01,92,Nữ,Quản lý sản phẩm,Đà Nẵng,304160000,1240400000,1345599000,1340122000,309637000,193253000,116384000,29573000,220,31,1407441,14,0.624127607489,0.375872392511,0.0955086116969,1.018,0.2496,0,0.856565677376,74.8,60.7,Tương tác cao,Ổn định,,12,Stable,55+,False,False,False,4. Stable / healthy
KH00110090,2025-12-01,47,Nữ,Chuyên viên khảo sát mỏ,Quảng Ngãi,352770000,1588100000,957280000,665058000,644992000,246491000,398501000,110413000,326,31,1978503,14,0.382161329133,0.617838670867,0.171185068962,1.8284,0.4061,0,2.24936320634,78.6,48.7,Tương tác cao,Cần theo dõi,,12,Monitoring,45–54,True,False,False,2. Monitoring + spend above income
KH00110125,2025-12-01,72,Nam,Đạo diễn sân khấu,Đồng Nai,469660000,1386200000,2605444000,2537482000,537622000,266619000,271003000,66544000,333,31,1614480,14,0.495922785898,0.504077214102,0.12377469672,1.1447,0.3878,0,2.22213674114,76.2,50.3,Tương tác cao,Cần theo dõi,,12,Monitoring,55+,True,False,False,2. Monitoring + spend above income
KH00110130,2025-12-01,57,Nữ,Nhà khoa học thính học,Hưng Yên,285570000,1296600000,1705247000,1649650000,341167000,198557000,142610000,42639000,231,31,1476913,14,0.581993569132,0.418006430868,0.124979848579,1.1947,0.2631,0,1.14307369506,76.2,58.5,Tương tác cao,Cần theo dõi,,12,Monitoring,55+,True,False,False,2. Monitoring + spend above income
KH00110165,2025-12-01,89,Nữ,Quản lý mỏ đá,Cần Thơ,454540000,1919600000,2196218000,2178853000,471905000,248227000,223678000,83420000,332,31,1421401,14,0.526010531781,0.473989468219,0.17677286742,1.0382,0.2458,0,1.07466968498,78.8,58.7,Tương tác cao,Cần theo dõi,,12,Monitoring,55+,True,False,False,2. Monitoring + spend above income
KH00110170,2025-12-01,34,Nữ,Trợ lý chính trị gia,Đà Nẵng,269040000,1183300000,359957000,104307000,524690000,245556000,279134000,153084000,335,31,1566239,14,0.468002058358,0.531997941642,0.291760849263,1.9502,0.4434,0,2.96345351987,84.6,36.3,Tương tác rất cao,Có dấu hiệu căng thẳng tài chính,,12,Stressed,25–34,True,True,True,1. Stressed
KH00110205,2025-12-01,40,Nữ,Biên tập viên hiệu đính,Lai Châu,705510000,3409500000,2712689000,2465588000,952611000,408226000,544385000,212864000,450,31,2116913,14,0.428533787664,0.571466212336,0.223453224874,1.3502,0.2794,0,1.52753832228,81.2,54.7,Tương tác rất cao,Cần theo dõi,,12,Monitoring,35–44,True,False,True,2. Monitoring + spend above income
KH00110210,2025-12-01,53,Nữ,Kỹ sư khai thác mỏ,Hà Nội,425910000,1199800000,2413081000,2389697000,449294000,192411000,256883000,159833000,245,31,1833853,14,0.428251879616,0.571748120384,0.355742565002,1.0549,0.3745,0,1.7531834204,87.8,51.2,Tương tác rất cao,Cần theo dõi,,12,Monitoring,45–54,True,False,True,2. Monitoring + spend above income
KH00110250,2025-12-01,55,Nam,Chuyên viên vẽ bản đồ,Hà Nội,588780000,2705700000,2561639000,2556559000,593860000,328989000,264871000,139797000,424,31,1400613,14,0.553984103998,0.446015896002,0.235403967265,1.0086,0.2195,0,1.22045238693,81.8,59,Tương tác rất cao,Cần theo dõi,,12,Monitoring,55+,True,False,True,2. Monitoring + spend above income
KH00110290,2025-12-01,37,Nữ,Lập trình viên đa phương tiện,Ninh Bình,775970000,3852500000,4927823000,5036352000,667441000,305137000,362304000,180655000,306,31,2181180,14,0.457174491828,0.542825508172,0.27066811898,0.8601,0.1732,0,1.16809731531,83.5,62.9,Tương tác rất cao,Ổn định,,12,Stable,35–44,False,False,True,4. Stable / healthy
KH00110325,2025-12-01,75,Nam,Kỹ sư y sinh,Quảng Ninh,787470000,1905600000,4394927000,4490215000,692182000,400057000,292125000,151643000,448,31,1545049,14,0.577965043876,0.422034956124,0.219079664019,0.879,0.3632,0,1.237176162,81,58.5,Tương tác rất cao,Cần theo dõi,,12,Monitoring,55+,True,False,True,3. Monitoring without overspend
KH00110330,2025-12-01,45,Nam,Nhà thiết kế gốm sứ,Hưng Yên,633680000,2571600000,1826892000,1642176000,818396000,335355000,483041000,212720000,520,31,1573838,14,0.409771064375,0.590228935625,0.259923069028,1.2915,0.3182,0,3.13270495367,83,51.1,Tương tác rất cao,Cần theo dõi,,12,Monitoring,45–54,True,False,True,2. Monitoring + spend above income
KH00110365,2025-12-01,33,Nam,Cán bộ quản chế,Thành phố Hồ Chí Minh,328700000,911300000,1432841000,1127154000,634387000,253812000,380575000,186053000,355,31,1787006,14,0.400090165782,0.599909834218,0.293279969482,1.93,0.6961,0,1.83934340823,84.7,42.4,Tương tác rất cao,Cần theo dõi,,12,Monitoring,25–34,True,False,True,2. Monitoring + spend above income
KH00110370,2025-12-01,38,Nam,Kỹ sư dầu khí,Hà Nội,281570000,1179700000,1326912000,1358365000,250117000,104549000,145568000,51834000,113,30,2213425,14,0.418000375824,0.581999624176,0.207239012142,0.8883,0.212,0,0.730963385741,78.4,63,Tương tác cao,Ổn định,,12,Stable,35–44,False,False,False,4. Stable / healthy
KH00110405,2025-12-01,32,Nữ,Chuyên viên trị liệu âm nhạc,Tây Ninh,270500000,1275400000,1016807000,975475000,311832000,157724000,154108000,28632000,233,31,1338335,14,0.505797993792,0.494202006208,0.0918186715924,1.1528,0.2445,0,1.81374342208,74.6,54.9,Tương tác cao,Cần theo dõi,,12,Monitoring,25–34,True,False,False,2. Monitoring + spend above income
KH00110410,2025-12-01,34,Nữ,Cán bộ giáo dục cộng đồng,Cần Thơ,90230000,237400000,204101000,144737000,149594000,83320000,66274000,22645000,115,30,1300817,14,0.556974210196,0.443025789804,0.151376392101,1.6579,0.6301,0,1.44875398956,75.7,47.6,Tương tác cao,Cần theo dõi,,12,Monitoring,25–34,True,False,False,2. Monitoring + spend above income
KH00110445,2025-12-01,86,Nữ,Giáo viên tiểu học,Thanh Hóa,158610000,619400000,772514000,667962000,263162000,103169000,159993000,53919000,112,29,2349661,14,0.392036084237,0.607963915763,0.204889003732,1.6592,0.4249,0,1.69937022612,78,49.8,Tương tác cao,Cần theo dõi,,12,Monitoring,55+,True,False,False,2. Monitoring + spend above income
KH00110450,2025-12-01,75,Nữ,Chuyên viên lưu trữ,Thái Nguyên,350900000,1438700000,1345717000,1136920000,559697000,248234000,311463000,112907000,347,31,1612960,14,0.44351497328,0.55648502672,0.201728792543,1.595,0.389,0,1.53281153636,80.1,52,Tương tác rất cao,Cần theo dõi,,12,Monitoring,55+,True,False,True,2. Monitoring + spend above income
KH00110485,2025-12-01,66,Nữ,Người dẫn chương trình phát sóng,Lâm Đồng,95960000,278200000,65196000,0,220314000,88846000,131468000,65030000,113,28,1949681,14,0.403269878446,0.596730121554,0.29516962154,2.2959,0.7919,1,2.2936584501,81.5,9.2,Tương tác rất cao,Có dấu hiệu căng thẳng tài chính,,12,Stressed,55+,True,True,True,1. Stressed
KH00110490,2025-12-01,67,Nam,Thư ký luật sư tranh tụng,Sơn La,514620000,1372800000,3107945000,3050590000,571975000,320067000,251908000,108344000,352,31,1624929,14,0.559582149569,0.440417850431,0.189420866297,1.1115,0.4166,0,1.5964269254,79.5,52.2,Tương tác cao,Cần theo dõi,,12,Monitoring,55+,True,False,False,2. Monitoring + spend above income
KH00110525,2025-12-01,71,Nữ,Kỹ sư sản xuất,Ninh Bình,729460000,3296400000,4571111000,4642915000,657656000,331302000,326354000,118585000,427,31,1540178,14,0.503761845098,0.496238154902,0.180314632574,0.9016,0.1995,0,1.56032030858,79,59.7,Tương tác cao,Cần theo dõi,,12,Monitoring,55+,True,False,False,3. Monitoring without overspend
KH00110530,2025-12-01,48,Nữ,Nhà khoa học thính học,Cà Mau,399940000,1255900000,2390778000,2548847000,241871000,153871000,88000000,24225000,218,31,1109500,14,0.636169693762,0.363830306238,0.100156695098,0.6048,0.1926,0,1.02062823941,75,71.3,Tương tác cao,Ổn định,,12,Stable,45–54,False,False,False,4. Stable / healthy
KH00110565,2025-12-01,59,Nam,Quản lý sản xuất,An Giang,172600000,746900000,748638000,738442000,182796000,99701000,83095000,51396000,105,30,1740914,14,0.545422219305,0.454577780695,0.281165889844,1.0591,0.2447,0,1.78445778645,81.9,55.4,Tương tác rất cao,Cần theo dõi,,12,Monitoring,55+,True,False,True,2. Monitoring + spend above income
KH00110570,2025-12-01,76,Nam,Chuyên viên an toàn lao động,Thành phố Hồ Chí Minh,540260000,1734300000,2057893000,1959361000,638792000,347593000,291199000,197834000,413,31,1546712,14,0.544141128881,0.455858871119,0.309700184097,1.1824,0.3683,0,1.54992272452,85.5,53.5,Tương tác rất cao,Cần theo dõi,,12,Monitoring,55+,True,False,True,2. Monitoring + spend above income
KH00110605,2025-12-01,31,Nam,Nhân viên giao dịch,Hưng Yên,707720000,2667900000,1640245000,1343319000,1004646000,415047000,589599000,209365000,431,31,2330965,14,0.413127609128,0.586872390872,0.208396788521,1.4196,0.3766,0,0.823930118219,80.4,55.6,Tương tác rất cao,Cần theo dõi,,12,Monitoring,25–34,True,False,True,2. Monitoring + spend above income
KH00110610,2025-12-01,43,Nam,Nhân viên cứu trợ,Thành phố Hồ Chí Minh,578910000,2595000000,2424307000,2378878000,624339000,299311000,325028000,191325000,423,31,1475979,14,0.479404618324,0.520595381676,0.306444095275,1.0785,0.2406,0,1.79955049938,85.3,54.8,Tương tác rất cao,Cần theo dõi,,12,Monitoring,35–44,True,False,True,2. Monitoring + spend above income
KH00110645,2025-12-01,37,Nữ,Nhà khoa học nghiên cứu khoa học sự sống,Thành phố Hồ Chí Minh,932200000,3042300000,6441779000,6771228000,602751000,323697000,279054000,137458000,447,31,1348436,14,0.537032705047,0.462967294953,0.228051052591,0.6466,0.1981,0,1.51692262628,81.4,66.7,Tương tác rất cao,Ổn định,,12,Stable,35–44,False,False,True,4. Stable / healthy
KH00110685,2025-12-01,41,Nữ,Luật sư tranh tụng,Thành phố Hồ Chí Minh,161800000,809600000,1202342000,1092014000,272128000,75046000,197082000,97676000,123,31,2212423,14,0.275774635466,0.724225364534,0.358934031044,1.6819,0.3361,0,2.38332667139,86.6,49.4,Tương tác rất cao,Cần theo dõi,,12,Monitoring,35–44,True,False,True,2. Monitoring + spend above income
KH00110690,2025-12-01,25,Nữ,Nhà khoa học dữ liệu,Hà Nội,167120000,869000000,1000838000,1043092000,124866000,91775000,33091000,19683000,103,29,1212291,14,0.734987907036,0.265012092964,0.157632982557,0.7472,0.1437,0,1.09591347807,75.4,69.6,Tương tác cao,Ổn định,,12,Stable,25–34,False,False,False,4. Stable / healthy
KH00110725,2025-12-01,47,Nam,Nhà khoa học biển,Bắc Ninh,575290000,1776100000,3247900000,3289881000,533309000,313003000,220306000,122157000,423,31,1260778,14,0.58690740265,0.41309259735,0.229054825626,0.927,0.3003,0,1.50838471971,81.5,57.6,Tương tác rất cao,Cần theo dõi,,12,Monitoring,45–54,True,False,True,3. Monitoring without overspend
KH00110770,2025-12-01,58,Nữ,Quản trị viên cơ sở dữ liệu,Lạng Sơn,345340000,1557200000,979955000,880649000,444646000,246262000,198384000,94759000,319,31,1393875,14,0.553838334315,0.446161665685,0.213111104114,1.2876,0.2855,0,1.48944736548,80.7,56,Tương tác rất cao,Cần theo dõi,,12,Monitoring,55+,True,False,True,2. Monitoring + spend above income
KH00110805,2025-12-01,48,Nữ,Giáo viên giáo dục đặc biệt,Tây Ninh,504720000,1572400000,2449930000,2366136000,588514000,299901000,288613000,85594000,421,31,1397895,14,0.509590256137,0.490409743863,0.145440890106,1.166,0.3743,0,2.32684932571,77.3,50.7,Tương tác cao,Cần theo dõi,,12,Monitoring,45–54,True,False,False,2. Monitoring + spend above income
KH00110810,2025-12-01,27,Nam,Chuyên viên mua quảng cáo,An Giang,660810000,3105600000,2198005000,2114619000,744196000,400228000,343968000,132333000,558,31,1333685,14,0.537799181936,0.462200818064,0.177820090406,1.1262,0.2396,0,1.56518294531,78.9,56.6,Tương tác cao,Cần theo dõi,,12,Monitoring,25–34,True,False,False,2. Monitoring + spend above income
KH00110845,2025-12-01,86,Nữ,Cán bộ triển lãm bảo tàng,Khánh Hòa,139700000,645500000,341760000,307793000,173667000,71540000,102127000,32647000,96,30,1809031,14,0.411937788987,0.588062211013,0.187986203481,1.2431,0.269,0,2.05724358217,77,52.4,Tương tác cao,Cần theo dõi,,12,Monitoring,55+,True,False,False,2. Monitoring + spend above income
KH00110850,2025-12-01,42,Nam,Chuyên viên truyền thông sức khỏe,Cần Thơ,504340000,2326600000,1321795000,1025361000,800774000,315333000,485441000,202955000,417,31,1920321,14,0.393785262758,0.606214737242,0.253448538539,1.5878,0.3442,0,2.86247023185,82.7,50.3,Tương tác rất cao,Cần theo dõi,,12,Monitoring,35–44,True,False,True,2. Monitoring + spend above income
KH00110885,2025-12-01,39,Nữ,Chuyên viên làm vườn thương mại,An Giang,750210000,2336900000,4232626000,4389877000,592959000,237283000,355676000,176288000,294,31,2016867,14,0.40016763385,0.59983236615,0.297302174349,0.7904,0.2537,0,1.48385076414,84.9,60.5,Tương tác rất cao,Ổn định,,12,Stable,35–44,False,False,True,4. Stable / healthy
KH00110890,2025-12-01,38,Nữ,Nhà khoa học thính học,Lào Cai,161690000,729700000,798973000,759338000,201325000,66404000,134921000,40002000,105,30,1917381,14,0.329834844157,0.670165155843,0.198693654539,1.2451,0.2759,0,1.98811194863,77.8,51.5,Tương tác cao,Cần theo dõi,,12,Monitoring,35–44,True,False,False,2. Monitoring + spend above income
KH00110930,2025-12-01,32,Nữ,Chuyên viên trắc địa,Thanh Hóa,698480000,2816300000,2684071000,2522492000,860059000,382463000,477596000,268957000,540,31,1592702,14,0.444693910534,0.555306089466,0.31271924368,1.2313,0.3054,0,3.33796213035,85.6,51.8,Tương tác rất cao,Cần theo dõi,,12,Monitoring,25–34,True,False,True,2. Monitoring + spend above income
KH00110965,2025-12-01,54,Nữ,Kỹ thuật viên sản xuất bia,Hà Nội,508950000,1898000000,2551832000,2514813000,545969000,260433000,285536000,136670000,333,31,1639547,14,0.477010599503,0.522989400497,0.250325567935,1.0727,0.2877,0,2.34255025223,82.5,52.6,Tương tác rất cao,Cần theo dõi,,12,Monitoring,45–54,True,False,True,2. Monitoring + spend above income
KH00110970,2025-12-01,22,Nam,Nhà tâm lý học giáo dục,Thành phố Hồ Chí Minh,120480000,370100000,364638000,329190000,155928000,54730000,101198000,47277000,109,31,1430532,14,0.350995331178,0.649004668822,0.303197629675,1.2942,0.4213,0,2.53231608938,83.5,48,Tương tác rất cao,Cần theo dõi,,12,Monitoring,<25,True,False,True,2. Monitoring + spend above income
KH00111005,2025-12-01,28,Nữ,Quản lý nông trại,Nghệ An,687550000,2718800000,3688216000,3652381000,723385000,393409000,329976000,132209000,342,31,2115161,14,0.543844564098,0.456155435902,0.182764364757,1.0521,0.2661,0,1.22218991644,79.1,57.7,Tương tác cao,Cần theo dõi,,12,Monitoring,25–34,True,False,False,2. Monitoring + spend above income
KH00111010,2025-12-01,57,Nam,Kỹ sư cơ điện công trình,Huế,322030000,1273500000,1549592000,1541062000,330560000,185333000,145227000,28724000,226,31,1462655,14,0.560663722168,0.439336277832,0.0868949661181,1.0265,0.2596,0,1.16201662927,74.3,58.3,Tương tác cao,Cần theo dõi,,12,Monitoring,55+,True,False,False,2. Monitoring + spend above income
KH00111045,2025-12-01,91,Nữ,Chuyên viên sinh lý vận động,Thái Nguyên,130330000,367200000,469441000,466430000,133341000,97210000,36131000,19698000,101,30,1320208,14,0.729033080598,0.270966919402,0.147726505726,1.0231,0.3631,0,0.976744004341,75.1,58.3,Tương tác cao,Cần theo dõi,,12,Monitoring,55+,True,False,False,2. Monitoring + spend above income
KH00111050,2025-12-01,49,Nữ,Nhà địa chất công trình,Quảng Ninh,404750000,1752200000,1419625000,1211312000,613063000,328788000,284275000,120765000,463,31,1324110,14,0.536303773022,0.463696226978,0.196986280366,1.5147,0.3499,0,1.67305040515,79.8,53.3,Tương tác cao,Cần theo dõi,,12,Monitoring,45–54,True,False,False,2. Monitoring + spend above income
KH00111090,2025-12-01,38,Nam,Nhà khoa học thính học,Hà Nội,613090000,2555500000,3298293000,3418580000,492803000,219669000,273134000,100018000,229,31,2151978,14,0.44575418575,0.55424581425,0.20295736836,0.8038,0.1928,0,0.771751285022,80.1,65.7,Tương tác rất cao,Ổn định,,12,Stable,35–44,False,False,True,4. Stable / healthy
KH00111125,2025-12-01,49,Nữ,Quản lý nhà hàng thức ăn nhanh,Phú Thọ,140630000,688200000,700436000,648562000,192504000,90301000,102203000,31964000,117,27,1645333,14,0.469086356647,0.530913643353,0.166043302996,1.3689,0.2797,0,1.86450378764,75.5,53.4,Tương tác cao,Cần theo dõi,,12,Monitoring,45–54,True,False,False,2. Monitoring + spend above income
KH00111130,2025-12-01,55,Nữ,Chuyên viên phân tích hệ thống,Hải Phòng,413580000,1455500000,1986235000,1828791000,571024000,279735000,291289000,92400000,315,31,1812775,14,0.489883087226,0.510116912774,0.161814564712,1.3807,0.3923,0,1.93412386816,78.1,50.4,Tương tác cao,Cần theo dõi,,12,Monitoring,55+,True,False,False,2. Monitoring + spend above income
KH00111165,2025-12-01,60,Nam,Chuyên viên tư vấn nông nghiệp,Đà Nẵng,451640000,1561700000,2199264000,2019098000,631806000,301673000,330133000,128380000,347,31,1820767,14,0.47747726359,0.52252273641,0.203195284629,1.3989,0.4046,0,3.55810802777,80.2,49.7,Tương tác rất cao,Cần theo dõi,,12,Monitoring,55+,True,False,True,2. Monitoring + spend above income
KH00111170,2025-12-01,54,Nữ,Nhà địa chất hiện trường,Lâm Đồng,274840000,812500000,907748000,788680000,393908000,185982000,207926000,58658000,242,31,1627719,14,0.472145780233,0.527854219767,0.148912944139,1.4332,0.4848,0,1.931756486,77.4,47.9,Tương tác cao,Cần theo dõi,,12,Monitoring,45–54,True,False,False,2. Monitoring + spend above income
KH00111205,2025-12-01,46,Nam,Nhà thiết kế triển lãm,Đà Nẵng,849630000,2372400000,2805186000,2636352000,1018464000,412412000,606052000,205494000,447,31,2278443,14,0.404935275081,0.595064724919,0.201768545575,1.1987,0.4293,0,0.795384955286,80.1,54.3,Tương tác rất cao,Cần theo dõi,,12,Monitoring,45–54,True,False,True,2. Monitoring + spend above income
KH00111245,2025-12-01,54,Nam,Chuyên viên vật lý trị liệu,Phú Thọ,263920000,1138900000,936888000,867099000,333709000,173889000,159820000,37354000,226,31,1476588,14,0.521079743129,0.478920256871,0.111935848299,1.2644,0.293,0,1.04663063537,75.6,57.7,Tương tác cao,Cần theo dõi,,12,Monitoring,45–54,True,False,False,2. Monitoring + spend above income
KH00111250,2025-12-01,35,Nữ,Cán bộ thử nghiệm hiện trường,Cần Thơ,154440000,526400000,648448000,443987000,358901000,126705000,232196000,62297000,111,30,3233342,14,0.353036074015,0.646963925985,0.17357711458,2.3239,0.6818,0,2.43005756834,76.7,41.5,Tương tác cao,Cần theo dõi,,12,Monitoring,35–44,True,False,False,2. Monitoring + spend above income
KH00111285,2025-12-01,25,Nam,Chuyên viên hoạch định quảng cáo,Thành phố Hồ Chí Minh,128480000,439900000,417453000,409108000,136825000,79338000,57487000,21641000,116,31,1179526,14,0.579850173579,0.420149826421,0.158165539923,1.065,0.311,0,1.18615408638,76.4,57.1,Tương tác cao,Cần theo dõi,,12,Monitoring,25–34,True,False,False,2. Monitoring + spend above income
KH00111290,2025-12-01,30,Nam,Bác sĩ phẫu thuật,Thành phố Hồ Chí Minh,714440000,2546800000,5315146000,5628278000,401308000,237540000,163768000,76054000,333,31,1205129,14,0.591914439782,0.408085560218,0.189515285018,0.5617,0.1576,0,1.45670967702,79.5,70.7,Tương tác cao,Ổn định,,12,Stable,25–34,False,False,False,4. Stable / healthy
KH00111325,2025-12-01,29,Nam,Nhà khoa học y sinh,Thành phố Hồ Chí Minh,423530000,1778900000,2732561000,2889183000,266908000,169201000,97707000,38351000,217,31,1229991,14,0.633930043311,0.366069956689,0.143686213976,0.6302,0.15,0,1.07209777128,77.2,71.5,Tương tác cao,Ổn định,,12,Stable,25–34,False,False,False,4. Stable / healthy
KH00111330,2025-12-01,84,Nam,Giáo viên trung học,Thành phố Hồ Chí Minh,376250000,1911900000,1434880000,1321540000,489590000,248580000,241010000,93364000,319,31,1534765,14,0.507730958557,0.492269041443,0.190698339427,1.3012,0.2561,0,1.23471746631,79.5,57.5,Tương tác cao,Cần theo dõi,,12,Monitoring,55+,True,False,False,2. Monitoring + spend above income
KH00111370,2025-12-01,29,Nam,Chuyên viên pháp lý nhà đất,Ninh Bình,184010000,638800000,558535000,512825000,229720000,101032000,128688000,70998000,106,28,2167170,14,0.439804979976,0.560195020024,0.309063207383,1.2484,0.3596,0,0.706917839124,82.7,56.9,Tương tác rất cao,Cần theo dõi,,12,Monitoring,25–34,True,False,True,2. Monitoring + spend above income
KH00111405,2025-12-01,81,Nữ,Quản lý trường quay,Gia Lai,494000000,1906900000,2064689000,2030519000,528170000,227384000,300786000,88266000,328,31,1610274,14,0.430512903043,0.569487096957,0.167116648049,1.0692,0.277,0,1.26491870562,78.4,56.1,Tương tác cao,Cần theo dõi,,12,Monitoring,55+,True,False,False,2. Monitoring + spend above income
KH00111410,2025-12-01,64,Nam,Nhà sản xuất phát thanh,Ninh Bình,257610000,740900000,964819000,921461000,300968000,173200000,127768000,65230000,211,30,1426389,14,0.575476462614,0.424523537386,0.216734004944,1.1683,0.4062,0,1.40868612126,80.5,53.6,Tương tác rất cao,Cần theo dõi,,12,Monitoring,55+,True,False,True,2. Monitoring + spend above income
KH00111445,2025-12-01,68,Nam,Nhà thiết kế nội thất,Cần Thơ,292870000,1028300000,999822000,956303000,336389000,150366000,186023000,53417000,218,31,1543069,14,0.447000347812,0.552999652188,0.158795323272,1.1486,0.3271,0,1.41986268489,77.9,54.2,Tương tác cao,Cần theo dõi,,12,Monitoring,55+,True,False,False,2. Monitoring + spend above income
KH00111485,2025-12-01,52,Nữ,Cán bộ quản chế,Thành phố Hồ Chí Minh,283770000,1282700000,1317986000,1309878000,291878000,165425000,126453000,35857000,218,31,1338890,14,0.566760769911,0.433239230089,0.122849272641,1.0286,0.2275,0,1.30312973168,76.1,58.5,Tương tác cao,Cần theo dõi,,12,Monitoring,45–54,True,False,False,2. Monitoring + spend above income
KH00111490,2025-12-01,75,Nam,Kỹ sư mạng,Cần Thơ,253170000,772600000,1383316000,1487474000,149012000,99038000,49974000,25546000,114,30,1307123,14,0.664631036427,0.335368963573,0.171435857515,0.5886,0.1929,0,1.05455801199,76.7,71.8,Tương tác cao,Ổn định,,12,Stable,55+,False,False,False,4. Stable / healthy
KH00111525,2025-12-01,23,Nữ,Cán bộ bảo tồn công trình di tích,Đà Nẵng,395050000,1819600000,714880000,520855000,589075000,146081000,442994000,168971000,338,31,1742825,14,0.247983703264,0.752016296736,0.286841234138,1.4911,0.3237,0,0.892155363814,84.3,54.9,Tương tác rất cao,Cần theo dõi,,12,Monitoring,<25,True,False,True,2. Monitoring + spend above income
KH00111530,2025-12-01,66,Nữ,Nhà vật lý y khoa,Đồng Tháp,431520000,1347300000,1457028000,1201360000,687188000,385266000,301922000,118730000,457,31,1503694,14,0.560641338324,0.439358661676,0.172776590977,1.5925,0.51,0,1.42817169422,78.6,50.7,Tương tác cao,Cần theo dõi,,12,Monitoring,55+,True,False,False,2. Monitoring + spend above income
KH00111565,2025-12-01,64,Nam,Nhà sản xuất truyền hình,Lâm Đồng,235950000,973100000,353331000,256860000,332421000,152252000,180169000,76792000,230,31,1445309,14,0.458009572199,0.541990427801,0.231008269634,1.4089,0.3416,0,1.29919014656,81.6,54.5,Tương tác rất cao,Cần theo dõi,,12,Monitoring,55+,True,False,True,2. Monitoring + spend above income
KH00111570,2025-12-01,65,Nữ,Họa sĩ minh họa,Cần Thơ,351900000,1580600000,1533349000,1429559000,455690000,257073000,198617000,77165000,318,31,1432987,14,0.56414009524,0.43585990476,0.169336610415,1.2949,0.2883,0,1.27816017623,78.5,57,Tương tác cao,Cần theo dõi,,12,Monitoring,55+,True,False,False,2. Monitoring + spend above income
KH00111605,2025-12-01,33,Nữ,Chuyên viên vật lý trị liệu,Ninh Bình,194670000,1067300000,706897000,483554000,418013000,164067000,253946000,119583000,210,31,1990538,14,0.392492577982,0.607507422018,0.286074834993,2.1473,0.3917,0,2.23518909334,84.3,49.1,Tương tác rất cao,Cần theo dõi,,12,Monitoring,25–34,True,False,True,2. Monitoring + spend above income
KH00111610,2025-12-01,47,Nam,Chuyên viên trị liệu nghệ thuật,Đà Nẵng,296670000,1111300000,905069000,498811000,702928000,236764000,466164000,174114000,340,31,2067435,14,0.336825393212,0.663174606788,0.247698199531,2.3694,0.6325,0,3.2904773716,82.4,42.6,Tương tác rất cao,Cần theo dõi,,12,Monitoring,45–54,True,False,True,2. Monitoring + spend above income
KH00111645,2025-12-01,25,Nam,Chuyên viên trị liệu bằng làm vườn,Gia Lai,419300000,1342200000,1672778000,1539632000,552446000,163597000,388849000,133914000,332,31,1663994,14,0.29613211065,0.70386788935,0.242401972319,1.3175,0.4116,0,0.9316769294,82.1,53,Tương tác rất cao,Cần theo dõi,,12,Monitoring,25–34,True,False,True,2. Monitoring + spend above income
KH00111650,2025-12-01,34,Nữ,Nhà khoa học y sinh,Tuyên Quang,419440000,1551500000,2343266000,2359070000,403636000,219840000,183796000,74238000,315,31,1281384,14,0.544649139324,0.455350860676,0.183923138669,0.9623,0.2602,0,1.22149305259,79.2,58.8,Tương tác cao,Cần theo dõi,,12,Monitoring,25–34,True,False,False,3. Monitoring without overspend
KH00111685,2025-12-01,80,Nữ,Cán bộ bình đẳng và đa dạng,Thanh Hóa,429850000,2030100000,993027000,841751000,581126000,332278000,248848000,100068000,445,31,1305901,14,0.571783055654,0.428216944346,0.172196735304,1.3519,0.2863,0,1.21075072822,78.6,57.5,Tương tác cao,Cần theo dõi,,12,Monitoring,55+,True,False,False,2. Monitoring + spend above income
KH00111725,2025-12-01,42,Nam,Thư ký hành chính,Thành phố Hồ Chí Minh,772480000,2195400000,2960288000,2679169000,1053599000,418398000,635201000,191319000,439,31,2399998,14,0.397113133175,0.602886866825,0.181586163237,1.3639,0.4799,0,0.937182655,79.1,52.3,Tương tác cao,Cần theo dõi,,12,Monitoring,35–44,True,False,False,2. Monitoring + spend above income
KH00111730,2025-12-01,56,Nam,Dược sĩ cộng đồng,Quảng Ninh,571750000,2784900000,3799030000,3794229000,576551000,238078000,338473000,89932000,311,31,1853862,14,0.412934848782,0.587065151218,0.155982731796,1.0084,0.207,0,2.93272861753,77.8,54,Tương tác cao,Cần theo dõi,,12,Monitoring,55+,True,False,False,2. Monitoring + spend above income
KH00111765,2025-12-01,25,Nam,Thanh tra công trình di tích,Ninh Bình,547740000,1409400000,1263792000,973976000,837556000,372134000,465422000,205418000,537,31,1559695,14,0.444309395431,0.555690604569,0.245258824485,1.5291,0.5943,0,2.19594625693,82.3,44.6,Tương tác rất cao,Cần theo dõi,,12,Monitoring,25–34,True,False,True,2. Monitoring + spend above income
KH00111770,2025-12-01,61,Nữ,Nhân viên phát triển cộng đồng,Bắc Ninh,319780000,1486100000,1431733000,1353440000,398073000,169802000,228271000,73012000,240,31,1658638,14,0.426559952572,0.573440047428,0.183413594994,1.2448,0.2679,0,1.18448197225,79.2,56.6,Tương tác cao,Cần theo dõi,,12,Monitoring,55+,True,False,False,2. Monitoring + spend above income
KH00111805,2025-12-01,60,Nữ,Chuyên viên vệ sinh lao động,Hà Nội,345220000,1589600000,1558822000,1552741000,351301000,171645000,179656000,41034000,227,31,1547581,14,0.488598096789,0.511401903211,0.116805816095,1.0176,0.221,0,1.39774368616,75.8,57.4,Tương tác cao,Cần theo dõi,,12,Monitoring,55+,True,False,False,2. Monitoring + spend above income
KH00111810,2025-12-01,39,Nam,Quản lý nông trại,Đồng Tháp,270920000,912600000,1402218000,1452224000,220914000,97025000,123889000,41293000,105,30,2103943,14,0.439198058973,0.560801941027,0.186918891514,0.8154,0.2421,0,0.736728599454,77.2,64.3,Tương tác cao,Ổn định,,12,Stable,35–44,False,False,False,4. Stable / healthy
KH00111845,2025-12-01,51,Nam,Nhân viên nghệ thuật cộng đồng,Hà Tĩnh,208190000,768900000,384863000,157835000,435218000,234905000,200313000,146808000,247,31,1762016,14,0.539741003359,0.460258996641,0.337320607144,2.0905,0.566,0,1.48660174735,86.9,44,Tương tác rất cao,Cần theo dõi,,12,Monitoring,45–54,True,False,True,2. Monitoring + spend above income
KH00111850,2025-12-01,43,Nam,Thư ký công ty,Hưng Yên,212350000,898500000,200964000,62810000,350504000,165844000,184660000,72738000,223,31,1571767,14,0.473158651542,0.526841348458,0.20752402255,1.6506,0.3901,0,1.66754067182,80.4,37.6,Tương tác rất cao,Có dấu hiệu căng thẳng tài chính,,12,Stressed,35–44,True,True,True,1. Stressed
KH00111890,2025-12-01,60,Nữ,Giám đốc tài chính,Hà Nội,1062690000,4026200000,7710299000,7984885000,788104000,380221000,407883000,169670000,481,31,1638470,14,0.482450285749,0.517549714251,0.215288845127,0.7416,0.1957,0,1.57155225985,80.8,63.5,Tương tác rất cao,Ổn định,,12,Stable,55+,False,False,True,4. Stable / healthy
KH00111925,2025-12-01,39,Nữ,Quản lý hậu cần và phân phối,Hải Phòng,785380000,2110200000,4180403000,4338676000,627107000,260861000,366246000,130317000,342,31,1833646,14,0.415975264189,0.584024735811,0.207806642248,0.7985,0.2972,0,1.19939928832,80.4,60.8,Tương tác rất cao,Ổn định,,12,Stable,35–44,False,False,True,4. Stable / healthy
KH00111930,2025-12-01,53,Nam,Cán bộ giáo dục bảo tàng,Thành phố Hồ Chí Minh,432770000,1920700000,845028000,439039000,838759000,371109000,467650000,205646000,446,31,1880626,14,0.442450095916,0.557549904084,0.245178889288,1.9381,0.4367,0,2.31337039374,82.3,48.5,Tương tác rất cao,Cần theo dõi,,12,Monitoring,45–54,True,False,True,2. Monitoring + spend above income
KH00111965,2025-12-01,22,Nữ,Kỹ sư đóng tàu,Thành phố Hồ Chí Minh,116660000,430200000,444015000,451591000,109084000,49518000,59566000,11037000,105,30,1038895,14,0.453943749771,0.546056250229,0.101178907998,0.9351,0.2536,0,1.52363198532,72.9,57.2,Tương tác cao,Cần theo dõi,,12,Monitoring,<25,True,False,False,3. Monitoring without overspend
KH00111970,2025-12-01,26,Nam,Giảng viên giáo dục thường xuyên,An Giang,604180000,2376700000,4199080000,4348348000,454912000,238928000,215984000,76152000,348,31,1307218,14,0.525218064153,0.474781935847,0.167399409116,0.7529,0.1914,0,1.39407300105,78.4,64.7,Tương tác cao,Ổn định,,12,Stable,25–34,False,False,False,4. Stable / healthy
KH00112005,2025-12-01,44,Nam,Kỹ sư viễn thông,Đắk Lắk,933870000,4177900000,6012720000,6274832000,671758000,319154000,352604000,128373000,313,31,2146192,14,0.47510264113,0.52489735887,0.191100068775,0.7193,0.1608,0,0.731889643123,79.6,69.1,Tương tác cao,Ổn định,,12,Stable,35–44,False,False,False,4. Stable / healthy
KH00112010,2025-12-01,41,Nam,Quản lý hệ thống thông tin,Huế,206850000,1011500000,1118821000,1053122000,272549000,123708000,148841000,62868000,116,31,2349560,14,0.453892694525,0.546107305475,0.230666779185,1.3176,0.2695,0,0.949569186413,80,58.1,Tương tác rất cao,Cần theo dõi,,12,Monitoring,35–44,True,False,True,2. Monitoring + spend above income
KH00112050,2025-12-01,51,Nam,Nhà thiết kế triển lãm,Vĩnh Long,365900000,1232100000,1185012000,1105756000,445156000,292246000,152910000,61807000,331,31,1344882,14,0.656502439594,0.343497560406,0.138843461618,1.2166,0.3613,0,0.953233974003,76.9,57.8,Tương tác cao,Cần theo dõi,,12,Monitoring,45–54,True,False,False,2. Monitoring + spend above income
KH00112085,2025-12-01,48,Nữ,Cán bộ quản lý thể thao,Thành phố Hồ Chí Minh,261130000,1350600000,1291528000,1283219000,269439000,143619000,125820000,69957000,216,31,1247403,14,0.53302973957,0.46697026043,0.259639473127,1.0318,0.1995,0,1.64736537201,83,57.1,Tương tác rất cao,Cần theo dõi,,12,Monitoring,45–54,True,False,True,2. Monitoring + spend above income
KH00112090,2025-12-01,23,Nam,Nhà miễn dịch học,An Giang,551680000,2777100000,2047269000,1848005000,750944000,377474000,373470000,120390000,693,31,1083613,14,0.502665977756,0.497334022244,0.160318212809,1.3612,0.2704,0,2.34847468095,78,53.3,Tương tác cao,Cần theo dõi,,12,Monitoring,<25,True,False,False,2. Monitoring + spend above income
KH00112125,2025-12-01,44,Nam,Chuyên viên trị liệu bằng làm vườn,Đồng Nai,407510000,1099400000,1854896000,1756282000,506124000,199086000,307038000,104657000,227,31,2229621,14,0.393354197786,0.606645802214,0.206781342122,1.242,0.4604,0,0.854082397628,80.3,53.2,Tương tác rất cao,Cần theo dõi,,12,Monitoring,35–44,True,False,True,2. Monitoring + spend above income
KH00112130,2025-12-01,48,Nữ,Nhà sản xuất truyền hình,Cần Thơ,93580000,302000000,201373000,177915000,117038000,68893000,48145000,16383000,110,30,1063982,14,0.588637878296,0.411362121704,0.139980177378,1.2507,0.3875,0,1.11350105421,75,55.6,Tương tác cao,Cần theo dõi,,12,Monitoring,45–54,True,False,False,2. Monitoring + spend above income
KH00112165,2025-12-01,38,Nam,Nhà địa chất hiện trường,Lai Châu,430460000,1646200000,1459801000,1308722000,581539000,310896000,270643000,195705000,447,31,1300982,14,0.534609028801,0.465390971199,0.336529450303,1.351,0.3533,0,2.1566780278,86.8,51.5,Tương tác rất cao,Cần theo dõi,,12,Monitoring,35–44,True,False,True,2. Monitoring + spend above income
KH00112170,2025-12-01,21,Nam,Bác sĩ phẫu thuật,Thành phố Hồ Chí Minh,461940000,1928700000,2588238000,2156003000,894175000,199005000,695170000,159858000,335,31,2669179,14,0.222557105712,0.777442894288,0.178777085023,1.9357,0.4636,0,8.41523698671,78.9,45.6,Tương tác cao,Cần theo dõi,,12,Monitoring,<25,True,False,False,2. Monitoring + spend above income
KH00112205,2025-12-01,46,Nam,Nhân viên pha chế cà phê,Nghệ An,292860000,763300000,198559000,32607000,458812000,220200000,238612000,89955000,311,31,1475280,14,0.479935136832,0.520064863168,0.196060695884,1.5667,0.6011,0,1.83942143832,79.8,27.8,Tương tác cao,Có dấu hiệu căng thẳng tài chính,,12,Stressed,45–54,True,True,False,1. Stressed
KH00112210,2025-12-01,33,Nam,Thủ thư học thuật,Khánh Hòa,253780000,1082600000,851865000,815493000,290152000,162035000,128117000,34492000,219,31,1324895,14,0.558448675177,0.441551324823,0.118875623811,1.1433,0.268,0,1.48069508482,75.9,56.5,Tương tác cao,Cần theo dõi,,12,Monitoring,25–34,True,False,False,2. Monitoring + spend above income
KH00112245,2025-12-01,71,Nữ,Kỹ sư đóng tàu,Thành phố Hồ Chí Minh,709660000,2083900000,4868061000,4942259000,635462000,264512000,370950000,74103000,352,31,1805290,14,0.416251483173,0.583748516827,0.1166127951,0.8954,0.3049,0,1.6467105599,75.8,55.9,Tương tác cao,Cần theo dõi,,12,Monitoring,55+,True,False,False,3. Monitoring without overspend
KH00112250,2025-12-01,54,Nam,Chuyên viên viết nội dung quảng cáo,An Giang,311280000,1510800000,1592922000,1591247000,312955000,168648000,144307000,45285000,210,31,1490262,14,0.538888977649,0.461111022351,0.144701314886,1.0054,0.2071,0,1.23890048689,77.2,59,Tương tác cao,Cần theo dõi,,12,Monitoring,45–54,True,False,False,2. Monitoring + spend above income
KH00112285,2025-12-01,38,Nam,Nhà môi giới hàng không,An Giang,386000000,1233400000,1622882000,1435900000,572982000,212780000,360202000,86041000,232,31,2469750,14,0.371355470154,0.628644529846,0.150163530442,1.4844,0.4646,0,1.04370152585,77.5,51.9,Tương tác cao,Cần theo dõi,,12,Monitoring,35–44,True,False,False,2. Monitoring + spend above income
KH00112290,2025-12-01,60,Nam,Quản lý dịch vụ ăn uống,Hải Phòng,163580000,413000000,845063000,745212000,263431000,100912000,162519000,105735000,114,30,2310798,14,0.383068051976,0.616931948024,0.401376451519,1.6104,0.6378,0,1.86573353239,88.2,43.6,Tương tác rất cao,Cần theo dõi,,12,Monitoring,55+,True,False,True,2. Monitoring + spend above income
KH00112325,2025-12-01,40,Nữ,Điều dưỡng nhi khoa,Thành phố Hồ Chí Minh,661430000,1884000000,3736556000,3796187000,601799000,320209000,281590000,99928000,450,31,1337331,14,0.532086294593,0.467913705407,0.166048797024,0.9098,0.3194,0,1.92207941107,78.3,55,Tương tác cao,Cần theo dõi,,12,Monitoring,35–44,True,False,False,3. Monitoring without overspend
KH00112330,2025-12-01,51,Nam,Chuyên viên trị liệu nghề nghiệp,Thành phố Hồ Chí Minh,294970000,1445600000,1679853000,1686940000,287883000,151144000,136739000,43724000,217,31,1326650,14,0.525018844461,0.474981155539,0.15188114616,0.976,0.1991,0,0.964088869943,77.6,61.1,Tương tác cao,Ổn định,,12,Stable,45–54,False,False,False,4. Stable / healthy
KH00112365,2025-12-01,71,Nam,Bác sĩ tâm thần,Ninh Bình,235810000,696200000,1403824000,1376384000,263250000,73492000,189758000,108004000,102,30,2580882,13,0.279171889839,0.720828110161,0.410271604938,1.1164,0.3781,0,2.20494222904,86.9,48.3,Tương tác rất cao,Cần theo dõi,,12,Monitoring,55+,True,False,True,2. Monitoring + spend above income
KH00112405,2025-12-01,63,Nam,Chuyên viên tư vấn nông nghiệp,Hà Nội,398330000,1874700000,2432439000,2209678000,621091000,315806000,305285000,156124000,352,31,1764463,14,0.50846977335,0.49153022665,0.251370572106,1.5592,0.3313,0,1.70322473294,82.6,53.3,Tương tác rất cao,Cần theo dõi,,12,Monitoring,55+,True,False,True,2. Monitoring + spend above income
KH00112410,2025-12-01,63,Nữ,Giáo viên dạy nhạc,Đồng Nai,600690000,2258300000,3081286000,2775704000,906272000,370999000,535273000,284542000,442,31,2050389,14,0.409368269129,0.590631730871,0.313969757424,1.5087,0.4013,0,2.05969015307,85.7,49.1,Tương tác rất cao,Cần theo dõi,,12,Monitoring,55+,True,False,True,2. Monitoring + spend above income
KH00112445,2025-12-01,58,Nữ,Kỹ sư khoan,Đà Nẵng,174700000,451800000,964257000,938062000,200895000,75649000,125246000,36747000,107,30,1877523,14,0.376559894472,0.623440105528,0.182916448891,1.1499,0.4447,0,1.86798801016,77.1,48.3,Tương tác cao,Cần theo dõi,,12,Monitoring,55+,True,False,False,2. Monitoring + spend above income
KH00112450,2025-12-01,45,Nam,Chuyên viên di truyền tế bào lâm sàng,An Giang,104650000,477800000,312653000,271097000,146206000,82735000,63471000,28315000,126,31,1160365,14,0.565879649262,0.434120350738,0.193665102663,1.3971,0.306,0,1.41909389302,78.4,55.9,Tương tác cao,Cần theo dõi,,12,Monitoring,45–54,True,False,False,2. Monitoring + spend above income
KH00112485,2025-12-01,20,Nữ,Chuyên viên pháp lý nhà đất,Quảng Trị,253090000,655100000,751211000,581470000,422831000,199430000,223401000,85528000,332,31,1273587,14,0.4716541597,0.5283458403,0.202274667657,1.6707,0.6454,0,3.86040560249,80.1,43.6,Tương tác rất cao,Cần theo dõi,,12,Monitoring,<25,True,False,True,2. Monitoring + spend above income
KH00112490,2025-12-01,77,Nữ,Giám đốc tiếp thị,An Giang,551930000,2241100000,4793259000,4986553000,358636000,183100000,175536000,103004000,232,31,1545845,14,0.510545511326,0.489454488674,0.287210430632,0.6498,0.16,0,1.65039450766,84.4,66.6,Tương tác rất cao,Ổn định,,12,Stable,55+,False,False,True,4. Stable / healthy
KH00112525,2025-12-01,74,Nam,Chuyên viên trị liệu nghề nghiệp,Nghệ An,316730000,975100000,1683058000,1680268000,319520000,152366000,167154000,38850000,209,31,1528804,14,0.476859038558,0.523140961442,0.121588632949,1.0088,0.3277,0,1.5480522998,76.1,53.8,Tương tác cao,Cần theo dõi,,12,Monitoring,55+,True,False,False,2. Monitoring + spend above income
KH00112530,2025-12-01,81,Nữ,Chuyên viên quan hệ công chúng,Đồng Nai,603900000,2000100000,3311512000,3108474000,806938000,353017000,453921000,202057000,444,31,1817428,14,0.437477228734,0.562522771266,0.250399658958,1.3362,0.4034,0,2.13251167823,82.5,49.3,Tương tác rất cao,Cần theo dõi,,12,Monitoring,55+,True,False,True,2. Monitoring + spend above income
KH00112565,2025-12-01,84,Nữ,Nhà hóa sinh lâm sàng,Hà Nội,143680000,573700000,376479000,334464000,185695000,99085000,86610000,13261000,111,31,1672928,14,0.533590026657,0.466409973343,0.0714128005601,1.2924,0.3237,0,0.885506804618,71.9,57.8,Tương tác cao,Cần theo dõi,,12,Monitoring,55+,True,False,False,2. Monitoring + spend above income
KH00112570,2025-12-01,60,Nữ,Dược sĩ bệnh viện,Khánh Hòa,171390000,739100000,840349000,854771000,156968000,77441000,79527000,17533000,106,30,1480830,13,0.493355333571,0.506644666429,0.111697925692,0.9159,0.2124,0,1.99441205586,72.1,56.8,Tương tác cao,Cần theo dõi,,12,Monitoring,55+,True,False,False,3. Monitoring without overspend
KH00112605,2025-12-01,34,Nam,Nhà địa chất công trình,Đồng Nai,786850000,2492100000,3709586000,3272390000,1224046000,449631000,774415000,286645000,476,31,2571525,14,0.367331783283,0.632668216717,0.234178290685,1.5556,0.4912,0,1.18465121322,81.7,50.5,Tương tác rất cao,Cần theo dõi,,12,Monitoring,25–34,True,False,True,2. Monitoring + spend above income
KH00112610,2025-12-01,66,Nữ,Nhà tâm lý học nghề nghiệp,Đồng Tháp,588900000,1863900000,2248971000,2131691000,706180000,347068000,359112000,110805000,435,31,1623402,14,0.491472429126,0.508527570874,0.156907587301,1.1992,0.3789,0,1.4979933714,77.8,53,Tương tác cao,Cần theo dõi,,12,Monitoring,55+,True,False,False,2. Monitoring + spend above income
KH00112645,2025-12-01,48,Nữ,Nhà tâm lý học nghề nghiệp,Tây Ninh,598090000,2785600000,2886023000,2767169000,716944000,332756000,384188000,122667000,443,31,1618384,14,0.464131089736,0.535868910264,0.171097045236,1.1987,0.2574,0,2.13741893928,78.6,53.2,Tương tác cao,Cần theo dõi,,12,Monitoring,45–54,True,False,False,2. Monitoring + spend above income
KH00112650,2025-12-01,21,Nữ,Kỹ sư sản xuất,Hà Nội,497100000,2115000000,3210499000,3304401000,403198000,111495000,291703000,118549000,214,30,1884103,14,0.276526669279,0.723473330721,0.294021795743,0.8111,0.1906,0,0.930384068604,84.4,63.1,Tương tác rất cao,Ổn định,,12,Stable,<25,False,False,True,4. Stable / healthy
KH00112685,2025-12-01,40,Nam,Kỹ sư dầu khí,Thanh Hóa,1126980000,3025800000,7519895000,7515192000,1131683000,422144000,709539000,163374000,461,31,2454844,14,0.373023187589,0.626976812411,0.144363748506,1.0042,0.374,0,0.992675053941,77.2,54.4,Tương tác cao,Cần theo dõi,,12,Monitoring,35–44,True,False,False,2. Monitoring + spend above income
KH00112690,2025-12-01,42,Nữ,Chuyên viên tư vấn tài chính,Hà Nội,743960000,2181400000,3632142000,3564717000,811385000,420606000,390779000,104634000,547,31,1483336,14,0.518380300351,0.481619699649,0.128957276755,1.0906,0.372,0,1.94754177413,76.4,51.1,Tương tác cao,Cần theo dõi,,12,Monitoring,35–44,True,False,False,2. Monitoring + spend above income
KH00112765,2025-12-01,33,Nam,Cán bộ xuất nhập cảnh,Thành phố Hồ Chí Minh,967400000,2495100000,4347460000,4341085000,973775000,441881000,531894000,182048000,443,31,2198138,14,0.453781417679,0.546218582321,0.186950784319,1.0066,0.3903,0,0.812840991683,79.3,55.7,Tương tác cao,Cần theo dõi,,12,Monitoring,25–34,True,False,False,2. Monitoring + spend above income
KH00112770,2025-12-01,75,Nữ,Nhà địa chất thủy văn,Đồng Nai,124620000,589000000,444427000,382689000,186358000,114133000,72225000,44806000,123,30,1515106,14,0.61243949817,0.38756050183,0.240429710557,1.4954,0.3164,0,1.02338224325,80.3,58.1,Tương tác rất cao,Cần theo dõi,,12,Monitoring,55+,True,False,True,2. Monitoring + spend above income
KH00112805,2025-12-01,30,Nữ,Trợ lý sản xuất truyền hình,Cần Thơ,468950000,1975500000,1174035000,800758000,842227000,374469000,467758000,181330000,545,31,1545371,14,0.444617662459,0.555382337541,0.215298250947,1.796,0.4263,0,2.67618152113,80.8,48.8,Tương tác rất cao,Cần theo dõi,,12,Monitoring,25–34,True,False,True,2. Monitoring + spend above income
KH00112810,2025-12-01,54,Nữ,Cán bộ quản lý chất thải,Thành phố Hồ Chí Minh,446120000,1427700000,2569944000,2677380000,338684000,157373000,181311000,70180000,216,31,1567981,14,0.464660273293,0.535339726707,0.207213804018,0.7592,0.2372,0,1.5530202927,80.4,62,Tương tác rất cao,Ổn định,,12,Stable,45–54,False,False,True,4. Stable / healthy
KH00112845,2025-12-01,40,Nam,Chuyên viên nghiên cứu thị trường,Đồng Nai,393660000,1892700000,1054703000,810982000,637381000,315891000,321490000,136813000,448,31,1422725,14,0.495607807575,0.504392192425,0.214648695207,1.6191,0.3368,0,2.60665545606,80.7,51.5,Tương tác rất cao,Cần theo dõi,,12,Monitoring,35–44,True,False,True,2. Monitoring + spend above income
KH00112850,2025-12-01,93,Nam,Chuyên viên thẩm định bảo hiểm,Hà Nội,324930000,1062500000,1350175000,1338870000,336235000,166253000,169982000,47089000,223,31,1507780,14,0.494454771217,0.505545228783,0.140047883177,1.0348,0.3165,0,1.34892998053,77,55.3,Tương tác cao,Cần theo dõi,,12,Monitoring,55+,True,False,False,2. Monitoring + spend above income
KH00112885,2025-12-01,93,Nam,Quản lý dịch vụ y tế,Phú Thọ,418000000,1999400000,1849776000,1792317000,475459000,258098000,217361000,102352000,326,31,1458463,14,0.542839655996,0.457160344004,0.215269876057,1.1375,0.2378,0,1.37024707012,80.8,57.6,Tương tác rất cao,Cần theo dõi,,12,Monitoring,55+,True,False,True,2. Monitoring + spend above income
KH00112890,2025-12-01,41,Nam,Biên tập viên đặt bài,Đắk Lắk,412670000,1679900000,1707946000,1506845000,613771000,312974000,300797000,77247000,460,31,1334285,14,0.509919823517,0.490080176483,0.125856386177,1.4873,0.3654,0,2.03878432524,76.3,51,Tương tác cao,Cần theo dõi,,12,Monitoring,35–44,True,False,False,2. Monitoring + spend above income
KH00112925,2025-12-01,28,Nữ,Nhà giao dịch hợp đồng tương lai,Cần Thơ,591290000,2494500000,3418272000,3516187000,493375000,198322000,295053000,143876000,202,31,2442450,14,0.401970103876,0.598029896124,0.291615910818,0.8344,0.1978,0,1.22058442614,84.6,62.1,Tương tác rất cao,Ổn định,,12,Stable,25–34,False,False,True,4. Stable / healthy
KH00112930,2025-12-01,45,Nam,Giáo viên tiếng anh,Hà Nội,283010000,1019700000,1514197000,1477989000,319218000,137256000,181962000,94966000,209,31,1527359,14,0.429975753247,0.570024246753,0.297495755252,1.1279,0.3131,0,2.42990824758,84.9,51.5,Tương tác rất cao,Cần theo dõi,,12,Monitoring,45–54,True,False,True,2. Monitoring + spend above income
KH00112970,2025-12-01,74,Nữ,Kỹ sư cơ điện công trình,Thành phố Hồ Chí Minh,555190000,1687700000,3017770000,3056308000,516652000,283122000,233530000,118150000,334,31,1546862,14,0.547993620464,0.452006379536,0.228683911027,0.9306,0.3061,0,1.41767030376,81.4,57.5,Tương tác rất cao,Cần theo dõi,,12,Monitoring,55+,True,False,True,3. Monitoring without overspend
KH00113005,2025-12-01,91,Nữ,Kỹ sư hóa học,Hà Nội,543030000,2289200000,3024132000,3118411000,448751000,251588000,197163000,71903000,345,31,1300728,14,0.560640533392,0.439359466608,0.160229169406,0.8264,0.196,0,1.12402539914,78,64.4,Tương tác cao,Ổn định,,12,Stable,55+,False,False,False,4. Stable / healthy
KH00113010,2025-12-01,34,Nữ,Giáo viên dạy nhạc,Thanh Hóa,382970000,1015300000,1182521000,1099351000,466140000,203344000,262796000,129424000,223,30,2090314,14,0.436229458961,0.563770541039,0.277650491269,1.2172,0.4591,0,1.38771414084,83.6,50.9,Tương tác rất cao,Cần theo dõi,,12,Monitoring,25–34,True,False,True,2. Monitoring + spend above income
KH00113045,2025-12-01,34,Nam,Nhân viên tư vấn hỗ trợ,Vĩnh Long,208390000,690600000,670358000,636123000,242625000,91684000,150941000,40696000,105,29,2310714,14,0.377883565173,0.622116434827,0.167732096857,1.1643,0.3513,0,0.998440937602,75.9,55,Tương tác cao,Cần theo dõi,,12,Monitoring,25–34,True,False,False,2. Monitoring + spend above income
KH00113085,2025-12-01,28,Nữ,Kỹ thuật viên chẩn đoán hình ảnh,Phú Thọ,377760000,1245700000,1462191000,1391827000,448124000,228674000,219450000,110212000,237,31,1890819,14,0.510291794236,0.489708205764,0.245940855656,1.1863,0.3597,0,1.06827462046,82.3,55.8,Tương tác rất cao,Cần theo dõi,,12,Monitoring,25–34,True,False,True,2. Monitoring + spend above income
KH00113090,2025-12-01,65,Nam,Bác sĩ bệnh viện,Cần Thơ,426600000,1134700000,2580942000,2655530000,352012000,186860000,165152000,78860000,220,31,1600055,14,0.530834176108,0.469165823892,0.224026453644,0.8252,0.3102,0,1.27926353396,81.2,60.5,Tương tác rất cao,Ổn định,,12,Stable,55+,False,False,True,4. Stable / healthy
KH00113125,2025-12-01,55,Nam,Giáo viên dạy nhạc,Ninh Bình,422400000,1465900000,1531328000,1324406000,629322000,324242000,305080000,126721000,392,31,1605413,14,0.515224320777,0.484775679223,0.201361147394,1.4899,0.4293,0,1.65901807809,80.1,51.1,Tương tác rất cao,Cần theo dõi,,12,Monitoring,55+,True,False,True,2. Monitoring + spend above income
KH00113130,2025-12-01,30,Nam,Người bán sách,Cần Thơ,189030000,799900000,434667000,300483000,323214000,115390000,207824000,51641000,121,31,2671190,14,0.357008050394,0.642991949606,0.159773400905,1.7099,0.4041,0,1.01088192378,76.6,53.4,Tương tác cao,Cần theo dõi,,12,Monitoring,25–34,True,False,False,2. Monitoring + spend above income
KH00113165,2025-12-01,94,Nữ,Nhà thủy văn học,Hưng Yên,391080000,1024800000,717425000,601061000,507444000,204550000,302894000,93154000,321,31,1580822,14,0.403098667045,0.596901332955,0.183574936348,1.2975,0.4952,0,1.61470626921,79.2,48.6,Tương tác cao,Cần theo dõi,,12,Monitoring,55+,True,False,False,2. Monitoring + spend above income
KH00113170,2025-12-01,41,Nữ,Chuyên viên công nghệ dệt may,Lâm Đồng,482040000,1930600000,1211580000,926265000,767355000,357278000,410077000,192942000,322,30,2383090,14,0.465596757694,0.534403242306,0.251437730907,1.5919,0.3975,0,1.93640067178,82.2,50,Tương tác rất cao,Cần theo dõi,,12,Monitoring,35–44,True,False,True,2. Monitoring + spend above income
KH00113205,2025-12-01,87,Nữ,Chuyên viên dự toán xây dựng,Thanh Hóa,304050000,916300000,1301934000,1295824000,310160000,176381000,133779000,48689000,226,31,1372389,14,0.568677456796,0.431322543204,0.156980268249,1.0201,0.3385,0,0.958475454463,77.8,57.4,Tương tác cao,Cần theo dõi,,12,Monitoring,55+,True,False,False,2. Monitoring + spend above income
KH00113210,2025-12-01,94,Nữ,Kỹ sư kinh doanh kỹ thuật,Hải Phòng,668720000,3356000000,4310337000,4297064000,681993000,335226000,346767000,95747000,419,31,1627668,14,0.49153876946,0.50846123054,0.140392936584,1.0198,0.2032,0,2.54777802402,77,54.8,Tương tác cao,Cần theo dõi,,12,Monitoring,55+,True,False,False,2. Monitoring + spend above income
KH00113245,2025-12-01,48,Nữ,Bác sĩ phẫu thuật thần kinh,Vĩnh Long,384000000,1151100000,2841158000,2861570000,363588000,159295000,204293000,40699000,236,31,1540627,14,0.438119519896,0.561880480104,0.111937137639,0.9468,0.3159,0,2.28488975491,75.6,52.8,Tương tác cao,Cần theo dõi,,12,Monitoring,45–54,True,False,False,3. Monitoring without overspend
KH00113250,2025-12-01,37,Nữ,Chuyên viên cắt tỉa cây,Bắc Ninh,670910000,2323400000,2642167000,2378191000,934886000,440375000,494511000,213142000,675,31,1385016,14,0.471046737249,0.528953262751,0.227987155653,1.3935,0.4024,0,2.20873828753,81.4,49.7,Tương tác rất cao,Cần theo dõi,,12,Monitoring,35–44,True,False,True,2. Monitoring + spend above income
KH00113285,2025-12-01,32,Nữ,Phi công hàng không,Hà Nội,1252290000,3395900000,8993679000,9255329000,990640000,435827000,554813000,259716000,444,31,2231171,14,0.439944884115,0.560055115885,0.262169910361,0.7911,0.2917,0,1.36652731173,83.1,60.5,Tương tác rất cao,Ổn định,,12,Stable,25–34,False,False,True,4. Stable / healthy
KH00113290,2025-12-01,27,Nam,Kỹ thuật viên phòng thí nghiệm giảng dạy,Ninh Bình,203580000,959200000,487583000,298246000,392917000,144069000,248848000,159777000,200,31,1964585,14,0.366665224462,0.633334775538,0.406643133283,1.93,0.4096,0,2.74330394869,90.3,48.4,Tương tác rất cao,Cần theo dõi,,12,Monitoring,25–34,True,False,True,2. Monitoring + spend above income
KH00113325,2025-12-01,48,Nam,Thanh tra công trình di tích,Thành phố Hồ Chí Minh,613650000,2469100000,2975179000,2807063000,781766000,383720000,398046000,216740000,544,31,1437070,14,0.490837411706,0.509162588294,0.277244085826,1.274,0.3166,0,1.67455281977,83.9,53.6,Tương tác rất cao,Cần theo dõi,,12,Monitoring,45–54,True,False,True,2. Monitoring + spend above income
KH00113330,2025-12-01,53,Nam,Lập trình viên đa phương tiện,Tây Ninh,622450000,2453900000,3304777000,3425246000,501981000,250054000,251927000,76007000,351,31,1430145,14,0.498134391541,0.501865608459,0.151414097346,0.8065,0.2046,0,1.33067913443,77.6,63.1,Tương tác cao,Ổn định,,12,Stable,45–54,False,False,False,4. Stable / healthy
KH00113365,2025-12-01,52,Nữ,Phóng viên ảnh,An Giang,382320000,1152400000,1504647000,1316972000,569995000,276673000,293322000,58977000,333,31,1711697,14,0.485395485925,0.514604514075,0.103469328678,1.4909,0.4946,0,2.74917853972,75.2,47.5,Tương tác cao,Cần theo dõi,,12,Monitoring,45–54,True,False,False,2. Monitoring + spend above income
KH00113370,2025-12-01,38,Nam,Chuyên viên an toàn lao động,Hải Phòng,173600000,635300000,310955000,215131000,269424000,127229000,142195000,33969000,105,29,2565943,14,0.472225933844,0.527774066156,0.126080081953,1.552,0.4241,0,0.969204976604,73.8,54.3,Tương tác cao,Cần theo dõi,,12,Monitoring,35–44,True,False,False,2. Monitoring + spend above income
KH00113405,2025-12-01,28,Nữ,Cán bộ triển lãm bảo tàng,Nghệ An,512800000,1839300000,2074919000,1843317000,744402000,310523000,433879000,185117000,331,31,2248949,14,0.417144231208,0.582855768792,0.248678805269,1.4516,0.4047,0,1.55650453448,82.4,51.3,Tương tác rất cao,Cần theo dõi,,12,Monitoring,25–34,True,False,True,2. Monitoring + spend above income
KH00113410,2025-12-01,48,Nữ,Bác sĩ chuyên khoa bàn chân,Lào Cai,1179890000,4829700000,8684264000,9091303000,772851000,383462000,389389000,167483000,401,31,1927309,14,0.496165496325,0.503834503675,0.216708007106,0.655,0.16,0,1.33375429334,80.8,67.9,Tương tác rất cao,Ổn định,,12,Stable,45–54,False,False,True,4. Stable / healthy
KH00113445,2025-12-01,32,Nữ,Chuyên viên phục chế bảo tàng,Lâm Đồng,247510000,1243500000,1266656000,1239132000,275034000,130008000,145026000,68375000,219,31,1255863,14,0.472697920984,0.527302079016,0.248605626941,1.1112,0.2212,0,1.56147772312,82.4,56.4,Tương tác rất cao,Cần theo dõi,,12,Monitoring,25–34,True,False,True,2. Monitoring + spend above income
KH00113450,2025-12-01,32,Nam,Chuyên viên trị liệu nghệ thuật,An Giang,753790000,2752400000,3202636000,3088064000,868362000,437197000,431165000,181509000,544,31,1596254,14,0.503473205875,0.496526794125,0.209024577308,1.152,0.3155,0,4.00707953621,80.5,52.1,Tương tác rất cao,Cần theo dõi,,12,Monitoring,25–34,True,False,True,2. Monitoring + spend above income
KH00113485,2025-12-01,52,Nữ,Chuyên viên tư vấn tài chính,Thành phố Hồ Chí Minh,277910000,694400000,1139665000,1018841000,398734000,183303000,215431000,38136000,216,31,1845991,14,0.459712490031,0.540287509969,0.0956427091745,1.4348,0.5742,0,3.20518623051,74.8,45.2,Tương tác cao,Cần theo dõi,,12,Monitoring,45–54,True,False,False,2. Monitoring + spend above income
KH00113490,2025-12-01,49,Nam,Chuyên viên hoạch định truyền thông,Lâm Đồng,240450000,960600000,841424000,785924000,295950000,149671000,146279000,46679000,210,31,1409286,14,0.505730697753,0.494269302247,0.157725967224,1.2308,0.3081,0,1.70077139621,77.9,53.9,Tương tác cao,Cần theo dõi,,12,Monitoring,45–54,True,False,False,2. Monitoring + spend above income
KH00113525,2025-12-01,32,Nữ,Chuyên viên làm vườn thương mại,Thanh Hóa,367430000,1196400000,1397082000,1261644000,502868000,200642000,302226000,143741000,236,31,2130797,14,0.3989953626,0.6010046374,0.285842407948,1.3686,0.4203,0,1.31739217494,84.3,51.9,Tương tác rất cao,Cần theo dõi,,12,Monitoring,25–34,True,False,True,2. Monitoring + spend above income
KH00113565,2025-12-01,45,Nữ,Nhà thiết kế gốm sứ,Đà Nẵng,426390000,1229200000,1384916000,801664000,1009642000,373770000,635872000,172305000,350,31,2884691,14,0.370200526523,0.629799473477,0.17065950109,2.3679,0.8214,0,4.34417749988,78.5,38.2,Tương tác cao,Có dấu hiệu căng thẳng tài chính,,12,Stressed,45–54,True,True,False,1. Stressed
KH00113570,2025-12-01,48,Nữ,Chuyên viên trắc địa,Lào Cai,330200000,1700200000,1506668000,1327789000,509079000,256623000,252456000,135895000,320,31,1590872,14,0.504092685025,0.495907314975,0.266942851699,1.5417,0.2994,0,2.41301819937,83.3,52.6,Tương tác rất cao,Cần theo dõi,,12,Monitoring,45–54,True,False,True,2. Monitoring + spend above income
KH00113605,2025-12-01,67,Nữ,Kiến trúc sư,Ninh Bình,802320000,3314400000,5932051000,6014581000,719790000,356940000,362850000,123136000,420,31,1713786,14,0.495894635935,0.504105364065,0.171072118257,0.8971,0.2172,0,2.52799684499,78.6,57.1,Tương tác cao,Cần theo dõi,,12,Monitoring,55+,True,False,False,3. Monitoring without overspend
KH00113610,2025-12-01,23,Nữ,Chuyên viên kinh doanh công nghệ thông tin,Hà Nội,1124270000,5264000000,6232548000,6206882000,1149936000,279773000,870163000,286521000,648,31,1774593,14,0.243294409428,0.756705590572,0.24916256209,1.0228,0.2185,0,0.982937080521,82.5,57.1,Tương tác rất cao,Cần theo dõi,,12,Monitoring,<25,True,False,True,2. Monitoring + spend above income
KH00113645,2025-12-01,44,Nữ,Nhà giao dịch tài chính,Bắc Ninh,707930000,2984300000,4656936000,4733201000,631665000,317201000,314464000,169676000,426,31,1482782,14,0.502166496482,0.497833503518,0.268617067591,0.8923,0.2117,0,3.09855861715,83.4,57.4,Tương tác rất cao,Cần theo dõi,,12,Monitoring,35–44,True,False,True,3. Monitoring without overspend
KH00113650,2025-12-01,16,Nữ,Nhà trị liệu tâm lý trẻ em,Hà Nội,963390000,4542300000,3740265000,3250103000,1453552000,319690000,1133862000,309557000,668,31,2175976,14,0.219937092034,0.780062907966,0.212965893205,1.5088,0.32,0,4.94429253973,80.6,49.2,Tương tác rất cao,Cần theo dõi,,12,Monitoring,<25,True,False,True,2. Monitoring + spend above income
KH00113725,2025-12-01,23,Nữ,Chủ nhiệm ánh sáng trường quay,Ninh Bình,236410000,1236700000,558963000,379814000,415559000,124869000,290690000,106240000,233,31,1783515,14,0.30048440775,0.69951559225,0.25565563494,1.7578,0.336,0,0.986965925289,82.8,54.7,Tương tác rất cao,Cần theo dõi,,12,Monitoring,<25,True,False,True,2. Monitoring + spend above income
KH00113730,2025-12-01,56,Nữ,Nhà địa hóa học,Nghệ An,324520000,1457100000,1420269000,1427093000,317696000,178337000,139359000,48514000,221,31,1437538,14,0.561344807615,0.438655192385,0.152705731265,0.979,0.218,0,1.38014324721,77.6,58.8,Tương tác cao,Cần theo dõi,,12,Monitoring,55+,True,False,False,3. Monitoring without overspend
KH00113765,2025-12-01,51,Nam,Quản trị viên nghệ thuật,Cà Mau,125090000,349500000,198636000,133346000,190380000,99352000,91028000,65102000,110,31,1730727,14,0.521861540078,0.478138459922,0.341958188885,1.5219,0.5447,0,1.44611939184,85.4,49.4,Tương tác rất cao,Cần theo dõi,,12,Monitoring,45–54,True,False,True,2. Monitoring + spend above income
KH00113770,2025-12-01,30,Nam,Chuyên viên tư vấn thuế,Thành phố Hồ Chí Minh,262640000,816300000,945020000,726085000,481575000,176250000,305325000,193198000,241,31,1998237,14,0.365986606448,0.634013393552,0.40117946322,1.8336,0.5899,0,2.27521333826,90.1,43.9,Tương tác rất cao,Cần theo dõi,,12,Monitoring,25–34,True,False,True,2. Monitoring + spend above income
KH00113805,2025-12-01,61,Nam,Kỹ sư khoan,Gia Lai,218240000,996400000,1243534000,1234162000,227612000,75609000,152003000,41763000,103,30,2209825,13,0.332183716149,0.667816283851,0.183483296136,1.0429,0.2284,0,3.03975170866,75.6,52.6,Tương tác cao,Cần theo dõi,,12,Monitoring,55+,True,False,False,2. Monitoring + spend above income
KH00113810,2025-12-01,35,Nữ,Chuyên viên cây xanh cảnh quan,Hải Phòng,362100000,1577900000,1555152000,1397597000,519655000,256045000,263610000,132400000,332,31,1565226,14,0.49272113229,0.50727886771,0.254784424281,1.4351,0.3293,0,1.86768569701,82.7,52.4,Tương tác rất cao,Cần theo dõi,,12,Monitoring,35–44,True,False,True,2. Monitoring + spend above income
KH00113845,2025-12-01,31,Nam,Chuyên viên công nghệ dệt may,Vĩnh Long,524040000,2774600000,2080429000,1800378000,804091000,328145000,475946000,128568000,345,31,2330699,14,0.408094357479,0.591905642521,0.159892350493,1.5344,0.2898,0,0.957090713806,78,57.1,Tương tác cao,Cần theo dõi,,12,Monitoring,25–34,True,False,False,2. Monitoring + spend above income
KH00113850,2025-12-01,24,Nữ,Chuyên viên phân tích hệ thống,Phú Thọ,169840000,758800000,836120000,859040000,146920000,54229000,92691000,22425000,101,28,1454653,14,0.36910563572,0.63089436428,0.152634086578,0.865,0.1936,0,0.896127515922,74.7,62.7,Tương tác cao,Ổn định,,12,Stable,<25,False,False,False,4. Stable / healthy
KH00113885,2025-12-01,32,Nam,Nhà khoa học thổ nhưỡng,Hưng Yên,810200000,3048800000,4062725000,4070057000,802868000,338930000,463938000,131048000,347,31,2313741,14,0.422149095493,0.577850904507,0.163224838952,0.991,0.2633,0,0.952688690199,78.2,58.1,Tương tác cao,Cần theo dõi,,12,Monitoring,25–34,True,False,False,3. Monitoring without overspend
KH00113890,2025-12-01,66,Nam,Quản trị viên,Đồng Tháp,451220000,1639600000,1408899000,1163281000,696838000,357826000,339012000,148718000,428,31,1628126,14,0.513499550828,0.486500449172,0.213418326785,1.5443,0.425,0,1.6994356067,80.7,51,Tương tác rất cao,Cần theo dõi,,12,Monitoring,55+,True,False,True,2. Monitoring + spend above income
KH00113925,2025-12-01,63,Nữ,Vũ công,Gia Lai,286820000,1021100000,143410000,217433000,212797000,15213000,197584000,146174000,12,2,17733083,6,0.0714906695113,0.928509330489,0.686917578725,0.7419,0.2084,1,0.613452622718,59.2,59.1,Tương tác trung bình,Cần theo dõi,,12,Monitoring,55+,True,False,False,3. Monitoring without overspend
KH00113930,2025-12-01,23,Nữ,Giáo viên giáo dục đặc biệt,Thành phố Hồ Chí Minh,316650000,1072500000,1643257000,1522227000,437680000,192168000,245512000,72921000,346,31,1264971,14,0.439060500823,0.560939499177,0.166608024127,1.3822,0.4081,0,2.15804978592,78.3,49.2,Tương tác cao,Cần theo dõi,,12,Monitoring,<25,True,False,False,2. Monitoring + spend above income
KH00113965,2025-12-01,25,Nữ,Điều dưỡng nhi khoa,Lâm Đồng,87570000,414400000,55982000,0,144533000,48984000,95549000,44606000,115,29,1256809,14,0.338912220739,0.661087779261,0.308621560474,1.6505,0.3488,0,2.81467446377,83.2,19.7,Tương tác rất cao,Có dấu hiệu căng thẳng tài chính,,12,Stressed,25–34,True,True,True,1. Stressed
KH00113970,2025-12-01,47,Nữ,Kỹ sư ô tô,Thành phố Hồ Chí Minh,693600000,1760500000,4224278000,4308717000,609161000,343017000,266144000,117663000,415,31,1467858,14,0.563097440578,0.436902559422,0.193155832366,0.8783,0.346,0,1.82697365112,79.7,55.9,Tương tác cao,Cần theo dõi,,12,Monitoring,45–54,True,False,False,3. Monitoring without overspend
KH00114005,2025-12-01,37,Nữ,Kế toán công chứng,Hưng Yên,481690000,1842500000,3002321000,3107903000,376108000,190415000,185693000,92427000,203,31,1852749,14,0.506277452221,0.493722547779,0.245745902773,0.7808,0.2041,0,0.922996938555,82.3,65.8,Tương tác rất cao,Ổn định,,12,Stable,35–44,False,False,True,4. Stable / healthy
KH00114010,2025-12-01,69,Nữ,Cán bộ giáo dục cộng đồng,Phú Thọ,460970000,1252600000,1606903000,1419222000,648651000,356227000,292424000,76060000,447,31,1451121,14,0.549181300884,0.450818699116,0.117258741604,1.4071,0.5178,0,1.92249445424,75.9,47.9,Tương tác cao,Cần theo dõi,,12,Monitoring,55+,True,False,False,2. Monitoring + spend above income
KH00114045,2025-12-01,33,Nữ,Chuyên viên khảo sát khoáng sản,Hưng Yên,716830000,2767700000,2525015000,2223055000,1018790000,509650000,509140000,188425000,679,31,1500427,14,0.500250296921,0.499749703079,0.184949793382,1.4212,0.3681,0,2.43711647872,79.2,50.8,Tương tác cao,Cần theo dõi,,12,Monitoring,25–34,True,False,False,2. Monitoring + spend above income
KH00114050,2025-12-01,30,Nam,Giảng viên công nghệ thông tin,Thái Nguyên,643030000,2442900000,3570804000,3539099000,674735000,318094000,356641000,135498000,483,31,1396967,14,0.471435452437,0.528564547563,0.200816616894,1.0493,0.2762,0,2.43163365215,80,52.8,Tương tác rất cao,Cần theo dõi,,12,Monitoring,25–34,True,False,True,2. Monitoring + spend above income
KH00114085,2025-12-01,30,Nữ,Chuyên viên dựng phim,Cần Thơ,832520000,2942700000,2674516000,2258054000,1248982000,598006000,650976000,302822000,540,31,2312930,14,0.478794730428,0.521205269572,0.242455055397,1.5002,0.4244,0,1.7125539665,82.1,50.6,Tương tác rất cao,Cần theo dõi,,12,Monitoring,25–34,True,False,True,2. Monitoring + spend above income
KH00114090,2025-12-01,64,Nữ,Chuyên viên dựng phim,Hải Phòng,261490000,645100000,910894000,898482000,273902000,172249000,101653000,49132000,200,31,1369510,14,0.628870910034,0.371129089966,0.179378025717,1.0475,0.4246,0,0.982488188026,79,55.8,Tương tác cao,Cần theo dõi,,12,Monitoring,55+,True,False,False,2. Monitoring + spend above income
KH00114125,2025-12-01,33,Nam,Nhà tâm lý học lâm sàng,Khánh Hòa,241050000,913700000,1165019000,1081952000,324117000,165217000,158900000,69611000,231,30,1403104,14,0.509744937785,0.490255062215,0.214771209162,1.3446,0.3547,0,1.3916884976,80.4,54.3,Tương tác rất cao,Cần theo dõi,,12,Monitoring,25–34,True,False,True,2. Monitoring + spend above income
KH00114130,2025-12-01,21,Nữ,Chuyên viên trị liệu thể thao,Đồng Nai,491740000,2655900000,2257018000,2000832000,747926000,304930000,442996000,138091000,579,31,1291755,14,0.40770076184,0.59229923816,0.184631902087,1.521,0.2816,0,2.61519363467,79.2,52,Tương tác cao,Cần theo dõi,,12,Monitoring,<25,True,False,False,2. Monitoring + spend above income
KH00114165,2025-12-01,72,Nữ,Quản lý phòng tranh,Đồng Nai,338270000,838700000,1546117000,1598610000,285777000,155179000,130598000,55596000,213,31,1341676,14,0.543007309895,0.456992690105,0.194543297746,0.8448,0.3407,0,1.0434320842,79.7,60.6,Tương tác cao,Ổn định,,12,Stable,55+,False,False,False,4. Stable / healthy
KH00114170,2025-12-01,31,Nam,Chuyên viên tư vấn công nghệ thông tin,Nghệ An,226550000,1180900000,806218000,522764000,510004000,202400000,307604000,191196000,232,31,2198293,14,0.396859632473,0.603140367527,0.374891177324,2.2512,0.4319,0,2.14304437955,88.7,48.2,Tương tác rất cao,Cần theo dõi,,12,Monitoring,25–34,True,False,True,2. Monitoring + spend above income
KH00114205,2025-12-01,75,Nữ,Lập trình viên hệ thống,Huế,564710000,1747200000,2796704000,2753393000,608021000,360945000,247076000,113773000,428,31,1420610,14,0.593639035494,0.406360964506,0.187120181704,1.0767,0.348,0,1.19976022222,79.4,56.2,Tương tác cao,Cần theo dõi,,12,Monitoring,55+,True,False,False,2. Monitoring + spend above income
KH00114245,2025-12-01,57,Nữ,Nhà địa chất hiện trường,Thành phố Hồ Chí Minh,278330000,1055600000,1366007000,1159841000,484496000,157175000,327321000,56155000,206,31,2351922,14,0.324409283049,0.675590716951,0.115903949671,1.7407,0.459,0,5.6305686255,75.8,46.8,Tương tác cao,Cần theo dõi,,12,Monitoring,55+,True,False,False,2. Monitoring + spend above income
KH00114250,2025-12-01,46,Nam,Luật sư tư vấn (Scotland),Tây Ninh,335420000,946300000,2124871000,2144567000,315724000,133089000,182635000,50362000,138,30,2287855,13,0.421535898443,0.578464101557,0.159512738975,0.9413,0.3336,0,0.824841036832,75.2,58.2,Tương tác cao,Cần theo dõi,,12,Monitoring,45–54,True,False,False,3. Monitoring without overspend
KH00114290,2025-12-01,73,Nữ,Quản lý trung tâm thể hình,Đồng Nai,289590000,908500000,1533424000,1465104000,357910000,191560000,166350000,100005000,214,30,1672477,14,0.535218350982,0.464781649018,0.279413819117,1.2359,0.394,0,1.41634830424,83.6,53.4,Tương tác rất cao,Cần theo dõi,,12,Monitoring,55+,True,False,True,2. Monitoring + spend above income
KH00114325,2025-12-01,65,Nam,Chuyên viên ngân hàng bán lẻ,Bắc Ninh,575600000,1707300000,3290639000,3169059000,697180000,360453000,336727000,91771000,436,31,1599037,14,0.517015691787,0.482984308213,0.131631716343,1.2112,0.4084,0,1.50238284146,76.6,52.4,Tương tác cao,Cần theo dõi,,12,Monitoring,55+,True,False,False,2. Monitoring + spend above income
KH00114330,2025-12-01,43,Nữ,Chuyên viên vật lý trị liệu,Khánh Hòa,1032450000,4876100000,4206136000,4023782000,1214804000,530250000,684554000,300412000,539,31,2253811,14,0.436490166315,0.563509833685,0.247292567361,1.1766,0.2491,0,1.44412508616,82.4,55.9,Tương tác rất cao,Cần theo dõi,,12,Monitoring,35–44,True,False,True,2. Monitoring + spend above income
KH00114365,2025-12-01,42,Nam,Nhà báo,Tuyên Quang,642990000,2626100000,2124277000,2090694000,676573000,390959000,285614000,115443000,542,31,1248290,14,0.57785190955,0.42214809045,0.170629037813,1.0522,0.2576,0,1.46324370721,78.5,57,Tương tác cao,Cần theo dõi,,12,Monitoring,35–44,True,False,False,2. Monitoring + spend above income
KH00114370,2025-12-01,59,Nam,Kỹ thuật viên chẩn đoán hình ảnh,Thành phố Hồ Chí Minh,132680000,585700000,490849000,432902000,190627000,101805000,88822000,20704000,119,31,1601908,14,0.53405341321,0.46594658679,0.108610008026,1.4367,0.3255,0,1.28444923352,74,55.8,Tương tác cao,Cần theo dõi,,12,Monitoring,55+,True,False,False,2. Monitoring + spend above income
KH00114405,2025-12-01,25,Nam,Biên tập viên chuyên đề tạp chí,Cà Mau,363290000,1449600000,816376000,619272000,560394000,271968000,288426000,86648000,308,31,1819461,14,0.485315688605,0.514684311395,0.154619785365,1.5426,0.3866,0,3.09447767796,77.7,50.2,Tương tác cao,Cần theo dõi,,12,Monitoring,25–34,True,False,False,2. Monitoring + spend above income
KH00114410,2025-12-01,48,Nam,Người dẫn chương trình phát sóng,Quảng Ngãi,761130000,2117400000,2622575000,2410251000,973454000,395697000,577757000,162915000,423,31,2301310,14,0.40648762037,0.59351237963,0.167357676891,1.279,0.4597,0,0.920904352041,78.4,53,Tương tác cao,Cần theo dõi,,12,Monitoring,45–54,True,False,False,2. Monitoring + spend above income
KH00114445,2025-12-01,43,Nữ,Nhà kinh tế học,Nghệ An,111940000,447200000,355953000,229515000,238378000,99790000,138588000,19033000,126,31,1891889,14,0.418620845883,0.581379154117,0.0798437775298,2.1295,0.533,0,4.05037895762,72.7,45.9,Tương tác cao,Cần theo dõi,,12,Monitoring,35–44,True,False,False,2. Monitoring + spend above income
KH00114450,2025-12-01,53,Nam,Chuyên viên nhân sự,Hà Nội,399440000,1239600000,1331826000,1244406000,486860000,273933000,212927000,97961000,302,31,1612119,14,0.562652507908,0.437347492092,0.20120979337,1.2189,0.3928,0,1.70000042595,80.1,52.3,Tương tác rất cao,Cần theo dõi,,12,Monitoring,45–54,True,False,True,2. Monitoring + spend above income
KH00114485,2025-12-01,31,Nữ,Giáo viên giáo dục người lớn,Cà Mau,123630000,525200000,478012000,475004000,126638000,76392000,50246000,25715000,108,31,1172574,14,0.6032312576,0.3967687424,0.203059113378,1.0243,0.2411,0,1.31412095318,78.4,58.4,Tương tác cao,Cần theo dõi,,12,Monitoring,25–34,True,False,False,2. Monitoring + spend above income
KH00114490,2025-12-01,53,Nữ,Nhà tâm lý học tư vấn,Tuyên Quang,349380000,1744300000,1620443000,1472512000,497311000,252686000,244625000,107980000,343,31,1449886,14,0.508104586466,0.491895413534,0.21712771284,1.4234,0.2851,0,1.74200942298,80.9,54.2,Tương tác rất cao,Cần theo dõi,,12,Monitoring,45–54,True,False,True,2. Monitoring + spend above income
KH00114525,2025-12-01,82,Nam,Nhà thiết kế gốm sứ,Hà Nội,543640000,1882200000,2268861000,2313019000,499482000,294795000,204687000,65524000,400,31,1248705,14,0.590201448701,0.409798551299,0.131183906527,0.9188,0.2654,0,1.17756450471,76.6,60.4,Tương tác cao,Ổn định,,12,Stable,55+,False,False,False,4. Stable / healthy
KH00114530,2025-12-01,34,Nam,Chuyên viên nghiên cứu công đoàn,Phú Thọ,241180000,965900000,939894000,901487000,279587000,146211000,133376000,68499000,222,31,1259401,14,0.522953499269,0.477046500731,0.24500066169,1.1592,0.2895,0,1.83581742691,82.3,53.8,Tương tác rất cao,Cần theo dõi,,12,Monitoring,25–34,True,False,True,2. Monitoring + spend above income
KH00114565,2025-12-01,56,Nam,Giảng viên giáo dục thường xuyên,Hà Nội,485740000,2020500000,2976618000,2939802000,522556000,268909000,253647000,137143000,321,31,1627900,14,0.514603219559,0.485396780441,0.26244651291,1.0758,0.2586,0,1.58144609565,83.1,55.8,Tương tác rất cao,Cần theo dõi,,12,Monitoring,55+,True,False,True,2. Monitoring + spend above income
KH00114570,2025-12-01,39,Nam,Nhà thiết kế sản phẩm công nghiệp,Quảng Trị,184920000,725800000,617261000,630343000,171838000,108287000,63551000,36744000,90,29,1909311,13,0.630169112769,0.369830887231,0.213829304345,0.9293,0.2368,0,0.320839405617,76.4,65.5,Tương tác cao,Ổn định,,12,Stable,35–44,False,False,False,4. Stable / healthy
KH00114610,2025-12-01,79,Nam,Biên tập viên hiệu đính,Hưng Yên,333470000,1537600000,1032202000,833987000,531685000,245902000,285783000,130118000,326,31,1630936,14,0.46249565062,0.53750434938,0.244727611274,1.5944,0.3458,0,1.74094726929,82.2,52.3,Tương tác rất cao,Cần theo dõi,,12,Monitoring,55+,True,False,True,2. Monitoring + spend above income
KH00114645,2025-12-01,48,Nữ,Kỹ sư cấp thoát nước,Hà Nội,781770000,2716500000,4974534000,4855937000,900367000,527799000,372568000,154878000,636,31,1415671,14,0.58620429225,0.41379570775,0.172016522152,1.1517,0.3314,0,1.73230533957,78.6,53.9,Tương tác cao,Cần theo dõi,,12,Monitoring,45–54,True,False,False,2. Monitoring + spend above income
KH00114650,2025-12-01,52,Nam,Chuyên viên dựng phim,Điện Biên,117930000,340500000,404295000,357150000,165075000,81335000,83740000,33563000,110,30,1500682,14,0.492715432379,0.507284567621,0.203319703165,1.3998,0.4848,0,1.09208875784,78.2,52.3,Tương tác cao,Cần theo dõi,,12,Monitoring,45–54,True,False,False,2. Monitoring + spend above income
KH00114685,2025-12-01,26,Nữ,Chuyên viên tư vấn hướng nghiệp bậc đại học,Thanh Hóa,168510000,828300000,693997000,8401000,854106000,150518000,703588000,91382000,132,30,6470500,14,0.176228711659,0.823771288341,0.106991403877,5.0686,1.0312,0,7.19531537118,73.9,12.8,Tương tác cao,Có dấu hiệu căng thẳng tài chính,,12,Stressed,25–34,True,True,False,1. Stressed
KH00114690,2025-12-01,91,Nữ,Nhà văn khoa học,Hà Nội,441410000,1766700000,1825331000,1705674000,561067000,304984000,256083000,89116000,348,31,1612261,14,0.543578574395,0.456421425605,0.158833080541,1.2711,0.3176,0,1.12847458825,77.9,56.9,Tương tác cao,Cần theo dõi,,12,Monitoring,55+,True,False,False,2. Monitoring + spend above income
KH00114730,2025-12-01,67,Nữ,Chuyên viên trắc địa,Bắc Ninh,470840000,2020600000,1910959000,1537857000,843942000,349827000,494115000,184771000,462,31,1826714,14,0.414515452484,0.585484547516,0.218938031287,1.7924,0.4177,0,4.04405539992,80.9,48.7,Tương tác rất cao,Cần theo dõi,,12,Monitoring,55+,True,False,True,2. Monitoring + spend above income
KH00114765,2025-12-01,58,Nữ,Chuyên viên tư vấn hưu trí,Hưng Yên,258700000,790700000,889146000,850699000,297147000,171155000,125992000,46700000,199,31,1493201,14,0.575994373155,0.424005626845,0.157161270348,1.1486,0.3758,0,1.15726805225,77.8,55.6,Tương tác cao,Cần theo dõi,,12,Monitoring,55+,True,False,False,2. Monitoring + spend above income
KH00114770,2025-12-01,29,Nữ,Nhà khoa học nghiên cứu toán học,Thanh Hóa,399210000,1804900000,2510048000,2384926000,524332000,242546000,281786000,135160000,337,31,1555881,14,0.462580960155,0.537419039845,0.257775607821,1.3134,0.2905,0,1.96281480729,82.9,52.5,Tương tác rất cao,Cần theo dõi,,12,Monitoring,25–34,True,False,True,2. Monitoring + spend above income
KH00114805,2025-12-01,22,Nữ,Nhà tâm lý học pháp y,Nghệ An,1114250000,4151400000,5516623000,5499486000,1131387000,289799000,841588000,278717000,640,31,1767792,14,0.256144891182,0.743855108818,0.246349834318,1.0154,0.2725,0,0.973973399655,82.3,55.9,Tương tác rất cao,Cần theo dõi,,12,Monitoring,<25,True,False,True,2. Monitoring + spend above income
KH00114845,2025-12-01,35,Nam,Kỹ sư công trường,Lai Châu,823040000,2452800000,5378145000,5458805000,742380000,362693000,379687000,203199000,515,31,1441515,14,0.488554379159,0.511445620841,0.273712923301,0.902,0.3027,0,2.61222848144,83.7,54.8,Tương tác rất cao,Cần theo dõi,,12,Monitoring,35–44,True,False,True,3. Monitoring without overspend
KH00114850,2025-12-01,66,Nam,Kỹ sư sản xuất,Cần Thơ,195610000,904000000,1176688000,1199007000,173291000,77420000,95871000,21492000,105,30,1650390,14,0.446762959415,0.553237040585,0.124022597827,0.8859,0.1917,0,1.54763824306,74.1,59.8,Tương tác cao,Cần theo dõi,,12,Monitoring,55+,True,False,False,3. Monitoring without overspend
KH00114885,2025-12-01,87,Nam,Người phụ trách bảo tàng,Hà Nội,113880000,340100000,357233000,304921000,166192000,99108000,67084000,22637000,112,30,1483857,14,0.596346394532,0.403653605468,0.136209925869,1.4594,0.4887,0,1.33644977684,74.9,52.1,Tương tác cao,Cần theo dõi,,12,Monitoring,55+,True,False,False,2. Monitoring + spend above income
KH00114890,2025-12-01,34,Nữ,Điều dưỡng tâm thần,Đà Nẵng,321910000,1561400000,1500261000,1390396000,431775000,246461000,185314000,73978000,324,31,1332639,14,0.570808870361,0.429191129639,0.171334607145,1.3413,0.2765,0,1.3253172128,78.6,57.2,Tương tác cao,Cần theo dõi,,12,Monitoring,25–34,True,False,False,2. Monitoring + spend above income
KH00114925,2025-12-01,39,Nam,Tiếp viên hàng không,Đà Nẵng,98420000,303300000,190366000,122433000,166353000,100813000,65540000,50505000,124,30,1341556,14,0.606018526868,0.393981473132,0.303601377793,1.6902,0.5485,0,1.16135620021,83.5,51.5,Tương tác rất cao,Cần theo dõi,,12,Monitoring,35–44,True,False,True,2. Monitoring + spend above income
KH00114930,2025-12-01,59,Nữ,Chuyên viên quy hoạch giao thông,Ninh Bình,159630000,648000000,773375000,775942000,157063000,79834000,77229000,34676000,109,30,1440945,13,0.50829285064,0.49170714936,0.220777649733,0.9839,0.2424,0,1.73769739818,77.6,55.7,Tương tác cao,Cần theo dõi,,12,Monitoring,55+,True,False,False,3. Monitoring without overspend
KH00114965,2025-12-01,66,Nữ,Kỹ sư khai thác mỏ,Nghệ An,628330000,2577200000,3060281000,2963415000,725196000,392419000,332777000,91051000,468,31,1549564,13,0.541121296863,0.458878703137,0.125553643429,1.1542,0.2814,0,1.37705513553,74.8,56.5,Tương tác cao,Cần theo dõi,,12,Monitoring,55+,True,False,False,2. Monitoring + spend above income
KH00114970,2025-12-01,33,Nam,Nhà hải dương học,Đồng Nai,550450000,1741800000,1738631000,1506058000,783023000,261349000,521674000,146689000,312,31,2509689,14,0.333769250712,0.666230749288,0.18733677044,1.4225,0.4495,0,1.03522439539,79.4,51.9,Tương tác cao,Cần theo dõi,,12,Monitoring,25–34,True,False,False,2. Monitoring + spend above income
KH00115005,2025-12-01,59,Nữ,Chuyên viên dựng phim,Cần Thơ,311560000,1581200000,1112213000,899016000,524757000,265733000,259024000,120479000,354,31,1482364,14,0.506392482616,0.493607517384,0.229590076931,1.6843,0.3319,0,1.39945470851,81.5,54.8,Tương tác rất cao,Cần theo dõi,,12,Monitoring,55+,True,False,True,2. Monitoring + spend above income
KH00115010,2025-12-01,79,Nữ,Chuyên viên ngân hàng đầu tư doanh nghiệp,Hải Phòng,410640000,2165000000,2636838000,2589384000,458094000,206279000,251815000,83827000,240,31,1908725,14,0.45029841037,0.54970158963,0.18299082721,1.1156,0.2116,0,2.18644966815,79.1,54.2,Tương tác cao,Cần theo dõi,,12,Monitoring,55+,True,False,False,2. Monitoring + spend above income
KH00115045,2025-12-01,32,Nữ,Chuyên viên nghiên cứu công đoàn,Hưng Yên,187750000,784300000,867819000,805922000,249647000,98165000,151482000,80161000,121,30,2063198,14,0.39321521989,0.60678478011,0.321097389514,1.3297,0.3183,0,1.66282265476,84.3,52.7,Tương tác rất cao,Cần theo dõi,,12,Monitoring,25–34,True,False,True,2. Monitoring + spend above income
KH00115050,2025-12-01,42,Nữ,Tổng giám đốc điều hành,Phú Thọ,2070000000,8785800000,14372807000,15166997000,1275810000,670637000,605173000,327767000,589,31,2166061,14,0.525655857847,0.474344142153,0.256908944122,0.6163,0.1452,0,1.20109575404,82.8,70.2,Tương tác rất cao,Ổn định,,12,Stable,35–44,False,False,True,4. Stable / healthy
KH00115085,2025-12-01,29,Nữ,Chuyên viên tư vấn tâm lý,Đà Nẵng,531900000,2055500000,1961956000,1865239000,628617000,369848000,258769000,94491000,554,31,1134688,14,0.588351889943,0.411648110057,0.150315693021,1.1818,0.3058,0,1.46085281373,77.5,55.9,Tương tác cao,Cần theo dõi,,12,Monitoring,25–34,True,False,False,2. Monitoring + spend above income
KH00115090,2025-12-01,25,Nam,Nhà khoa học chất lượng nước,Thành phố Hồ Chí Minh,193030000,507000000,1165540000,1147163000,211407000,112998000,98409000,60417000,133,31,1589526,14,0.534504533909,0.465495466091,0.285785238899,1.0952,0.417,0,1.48652122074,83.1,52.5,Tương tác rất cao,Cần theo dõi,,12,Monitoring,25–34,True,False,True,2. Monitoring + spend above income
KH00115125,2025-12-01,92,Nam,Nhà khoa học nghiên cứu toán học,Phú Thọ,486940000,2140800000,2920225000,2767634000,639531000,251060000,388471000,75985000,335,31,1909048,14,0.392568929419,0.607431070581,0.118813630614,1.3134,0.2987,0,4.43876508605,75.9,51.5,Tương tác cao,Cần theo dõi,,12,Monitoring,55+,True,False,False,2. Monitoring + spend above income
KH00115130,2025-12-01,19,Nam,Nhà địa hóa học,Ninh Bình,89460000,440100000,221331000,65096000,245695000,72046000,173649000,39384000,116,29,2118060,14,0.293233480535,0.706766519465,0.160296302326,2.7464,0.5583,0,4.76443167914,75.8,38.5,Tương tác cao,Có dấu hiệu căng thẳng tài chính,,12,Stressed,<25,True,True,False,1. Stressed
KH00115165,2025-12-01,66,Nữ,Giáo sư danh dự,Đồng Tháp,178460000,735600000,1025323000,1067018000,136765000,87275000,49490000,29397000,104,29,1315048,14,0.638138412606,0.361861587394,0.214945344204,0.7664,0.1859,0,0.960475748769,78.3,67.8,Tương tác cao,Ổn định,,12,Stable,55+,False,False,False,4. Stable / healthy
KH00115170,2025-12-01,36,Nữ,Kỹ sư hóa học,Hà Nội,1080380000,5358300000,7318592000,7500812000,898160000,362411000,535749000,189221000,439,31,2045923,14,0.403503830053,0.596496169947,0.210676271488,0.8313,0.1676,0,1.32214571916,80.5,62.5,Tương tác rất cao,Ổn định,,12,Stable,35–44,False,False,True,4. Stable / healthy
KH00115205,2025-12-01,32,Nữ,Chuyên viên dự toán xây dựng,Quảng Trị,330940000,1325200000,1088323000,895602000,523661000,239302000,284359000,82962000,320,31,1636441,14,0.456978847002,0.543021152998,0.158426921233,1.5823,0.3952,0,2.06059860687,77.9,49.7,Tương tác cao,Cần theo dõi,,12,Monitoring,25–34,True,False,False,2. Monitoring + spend above income
KH00115210,2025-12-01,35,Nữ,Quản lý sản xuất,Thành phố Hồ Chí Minh,655900000,2047600000,3501896000,3646250000,511546000,296070000,215476000,80422000,421,31,1215074,14,0.578774929332,0.421225070668,0.157213623017,0.7799,0.2498,0,1.44950788673,77.9,62.8,Tương tác cao,Ổn định,,12,Stable,35–44,False,False,False,4. Stable / healthy
KH00115245,2025-12-01,29,Nam,Chuyên viên sinh lý vận động,Thái Nguyên,206390000,615400000,568670000,485821000,289239000,171665000,117574000,78149000,218,31,1326784,14,0.593505716726,0.406494283274,0.270188321769,1.4014,0.47,0,1.39392578159,83.5,52.2,Tương tác rất cao,Cần theo dõi,,12,Monitoring,25–34,True,False,True,2. Monitoring + spend above income
KH00115250,2025-12-01,74,Nữ,Chuyên viên khảo sát bất động sản,Hà Nội,116400000,317000000,305208000,218612000,202996000,114734000,88262000,36266000,115,30,1765183,12,0.565203255237,0.434796744763,0.178653766577,1.744,0.6404,0,2.03489376069,74.2,44.6,Tương tác cao,Cần theo dõi,,12,Monitoring,55+,True,False,False,2. Monitoring + spend above income
KH00115285,2025-12-01,57,Nữ,Nhà tâm lý học tư vấn,Lào Cai,590080000,2939100000,3535275000,3391352000,734003000,334859000,399144000,140094000,435,31,1687363,14,0.456209307046,0.543790692954,0.190862980124,1.2439,0.2497,0,1.83649625134,79.5,54.1,Tương tác cao,Cần theo dõi,,12,Monitoring,55+,True,False,False,2. Monitoring + spend above income
KH00115290,2025-12-01,41,Nữ,Luật sư sở hữu trí tuệ,Đồng Tháp,1679480000,5084300000,12682034000,12583456000,1778058000,761563000,1016495000,473730000,675,31,2634160,14,0.428311674872,0.571688325128,0.266431128793,1.0587,0.3497,0,2.12191244645,83.3,50.5,Tương tác rất cao,Cần theo dõi,,12,Monitoring,35–44,True,False,True,2. Monitoring + spend above income
KH00115325,2025-12-01,21,Nữ,Nhà địa hóa học,Hà Nội,350790000,1460700000,1975366000,1967309000,358847000,88136000,270711000,71793000,226,31,1587819,14,0.245608852798,0.754391147202,0.20006576619,1.023,0.2457,0,0.986955374495,80,56.4,Tương tác rất cao,Cần theo dõi,,12,Monitoring,<25,True,False,True,2. Monitoring + spend above income
KH00115330,2025-12-01,65,Nam,Chuyên viên nghiên cứu xã hội,Bắc Ninh,454500000,1989700000,1934364000,1784076000,604788000,313475000,291313000,97699000,420,31,1439971,14,0.518322122793,0.481677877207,0.161542557061,1.3307,0.304,0,1.64153730767,78.1,54.4,Tương tác cao,Cần theo dõi,,12,Monitoring,55+,True,False,False,2. Monitoring + spend above income
KH00115365,2025-12-01,31,Nam,Nhân viên phát triển cộng đồng,Hà Nội,687860000,2712100000,2622776000,2323035000,987601000,405487000,582114000,185245000,430,31,2296747,14,0.410577753566,0.589422246434,0.187570688973,1.4358,0.3641,0,0.933033082163,79.4,55.3,Tương tác cao,Cần theo dõi,,12,Monitoring,25–34,True,False,False,2. Monitoring + spend above income
KH00115405,2025-12-01,27,Nam,Chuyên viên tư vấn nông nghiệp,Đắk Lắk,691780000,3472000000,2155497000,1917822000,929455000,457150000,472305000,180441000,438,31,2122043,14,0.491847372923,0.508152627077,0.19413634872,1.3436,0.2677,0,0.778773283872,79.7,59.3,Tương tác cao,Cần theo dõi,,12,Monitoring,25–34,True,False,False,2. Monitoring + spend above income
KH00115410,2025-12-01,66,Nam,Chuyên viên thuế cấp cao,Phú Thọ,118160000,548300000,218433000,175703000,160890000,98007000,62883000,15613000,107,31,1503645,14,0.609155323513,0.390844676487,0.097041456896,1.3616,0.2934,0,1.01198397423,73.1,58.7,Tương tác cao,Cần theo dõi,,12,Monitoring,55+,True,False,False,2. Monitoring + spend above income
KH00115445,2025-12-01,30,Nữ,Nhà trị liệu tâm lý trẻ em,Lâm Đồng,203370000,1038500000,482243000,410665000,274948000,143091000,131857000,49630000,208,31,1321865,14,0.520429317544,0.479570682456,0.180506859479,1.352,0.2648,0,2.11004159392,79,53.6,Tương tác cao,Cần theo dõi,,12,Monitoring,25–34,True,False,False,2. Monitoring + spend above income
KH00115450,2025-12-01,43,Nữ,Chuyên viên khảo sát nông thôn,Lâm Đồng,1145860000,4832700000,5886004000,5917318000,1114546000,543158000,571388000,272452000,568,31,1962229,14,0.48733565057,0.51266434943,0.244451103858,0.9727,0.2306,0,1.30717547726,82.2,58.3,Tương tác rất cao,Cần theo dõi,,12,Monitoring,35–44,True,False,True,3. Monitoring without overspend
KH00115485,2025-12-01,64,Nữ,Quản lý quỹ hưu trí,Cần Thơ,658630000,2671800000,3265519000,3324213000,599936000,357556000,242380000,109405000,452,31,1327292,14,0.595990238959,0.404009761041,0.182361118519,0.9109,0.2245,0,1.23245527177,79.1,61.4,Tương tác cao,Ổn định,,12,Stable,55+,False,False,False,4. Stable / healthy
KH00115490,2025-12-01,46,Nữ,Quản lý quán bar,Hà Nội,929420000,3508300000,4417730000,4325305000,1021845000,420210000,601635000,217523000,445,31,2296281,14,0.411226751611,0.588773248389,0.212872793819,1.0994,0.2913,0,1.51011641615,80.6,54.3,Tương tác rất cao,Cần theo dõi,,12,Monitoring,45–54,True,False,True,2. Monitoring + spend above income
KH00115525,2025-12-01,30,Nữ,Giám đốc công nghệ,Cần Thơ,221180000,859300000,1600703000,1697865000,124018000,68343000,55675000,18689000,95,30,1305453,14,0.551073231305,0.448926768695,0.150695866729,0.5607,0.1443,0,1.0429529279,75.1,72.7,Tương tác cao,Ổn định,,12,Stable,25–34,False,False,False,4. Stable / healthy
KH00115530,2025-12-01,38,Nữ,Chuyên viên quy hoạch và phát triển,Đắk Lắk,545070000,1974800000,2281094000,1998794000,827370000,337567000,489803000,263572000,320,31,2585531,14,0.408000048346,0.591999951654,0.318566058716,1.5179,0.419,0,1.6199442229,85.9,50.5,Tương tác rất cao,Cần theo dõi,,12,Monitoring,35–44,True,False,True,2. Monitoring + spend above income
KH00115565,2025-12-01,71,Nữ,Phi công hàng không,Lạng Sơn,175230000,741600000,1192597000,1196730000,171097000,89683000,81414000,56165000,111,30,1541414,14,0.524164655137,0.475835344863,0.328264084116,0.9764,0.2307,0,1.66776534465,84.4,56.7,Tương tác rất cao,Cần theo dõi,,12,Monitoring,55+,True,False,True,3. Monitoring without overspend
KH00115570,2025-12-01,30,Nam,Chuyên viên quản lý khách hàng quảng cáo,Đồng Nai,215400000,676500000,1106074000,875412000,446062000,148845000,297217000,194261000,126,29,3540175,14,0.333686796903,0.666313203097,0.435502239599,2.0709,0.6594,0,1.49005638437,89.8,44.4,Tương tác rất cao,Cần theo dõi,,12,Monitoring,25–34,True,False,True,2. Monitoring + spend above income
KH00115610,2025-12-01,41,Nam,Biên tập viên chuyên đề tạp chí,Phú Thọ,376430000,1485400000,1396003000,1360985000,411448000,231885000,179563000,94297000,320,31,1285775,14,0.56358276137,0.43641723863,0.229183274679,1.093,0.277,0,1.39704239146,81.5,56.7,Tương tác rất cao,Cần theo dõi,,12,Monitoring,35–44,True,False,True,2. Monitoring + spend above income
KH00115650,2025-12-01,45,Nam,Cán bộ giáo dục môi trường,Hà Tĩnh,180810000,614900000,187507000,0,394989000,165804000,229185000,44553000,246,31,1605646,14,0.419768651785,0.580231348215,0.112795546205,2.1846,0.6424,0,2.24499765542,75.6,13.1,Tương tác cao,Có dấu hiệu căng thẳng tài chính,,12,Stressed,45–54,True,True,False,1. Stressed
KH00115685,2025-12-01,47,Nam,Lính cứu hỏa,Đắk Lắk,533420000,2403700000,2142680000,1869785000,806315000,425882000,380433000,163171000,549,31,1468698,14,0.528183154226,0.471816845774,0.202366320855,1.5116,0.3354,0,2.69820877275,80.1,51.9,Tương tác rất cao,Cần theo dõi,,12,Monitoring,45–54,True,False,True,2. Monitoring + spend above income
KH00115690,2025-12-01,30,Nữ,Kiểm soát viên tài chính,An Giang,631950000,2681400000,2237437000,1951427000,917960000,464767000,453193000,87406000,700,31,1311371,14,0.506304196261,0.493695803739,0.0952176565428,1.4526,0.3423,0,2.28116013095,74.8,51.5,Tương tác cao,Cần theo dõi,,12,Monitoring,25–34,True,False,False,2. Monitoring + spend above income
KH00115725,2025-12-01,33,Nam,Chuyên viên quy hoạch đô thị,Ninh Bình,680370000,1905500000,2951498000,2980879000,650989000,376134000,274855000,78573000,552,31,1179328,14,0.577788564784,0.422211435216,0.120697891977,0.9568,0.3416,0,1.39446975635,76,56.3,Tương tác cao,Cần theo dõi,,12,Monitoring,25–34,True,False,False,3. Monitoring without overspend
KH00115730,2025-12-01,28,Nữ,Kỹ thuật viên xạ trị,Tây Ninh,1034500000,3070300000,3896718000,3064924000,1866294000,692530000,1173764000,386491000,713,31,2617523,14,0.371072296219,0.628927703781,0.207090094058,1.8041,0.6079,0,3.33142192754,80.4,43.5,Tương tác rất cao,Cần theo dõi,,12,Monitoring,25–34,True,False,True,2. Monitoring + spend above income
KH00115770,2025-12-01,64,Nam,Người bán sách,Đồng Nai,138750000,356400000,480944000,426056000,193638000,104930000,88708000,53413000,115,31,1683809,14,0.541887439449,0.458112560551,0.275839453,1.3956,0.5433,0,1.43456055408,82.2,49.7,Tương tác rất cao,Cần theo dõi,,12,Monitoring,55+,True,False,True,2. Monitoring + spend above income
KH00115805,2025-12-01,76,Nam,Nhà trị liệu tâm lý trẻ em,Lâm Đồng,243110000,634100000,747733000,694367000,296476000,195018000,101458000,29180000,229,31,1294655,14,0.657786802304,0.342213197696,0.0984228065678,1.2195,0.4676,0,0.987876421997,74.9,54.9,Tương tác cao,Cần theo dõi,,12,Monitoring,55+,True,False,False,2. Monitoring + spend above income
KH00115810,2025-12-01,88,Nam,Điều dưỡng khuyết tật học tập,Bắc Ninh,139780000,546600000,451728000,475901000,115607000,55733000,59874000,27495000,97,29,1191825,14,0.48209018485,0.51790981515,0.237831619193,0.8271,0.2115,0,1.15974632871,79.2,63.1,Tương tác cao,Ổn định,,12,Stable,55+,False,False,False,4. Stable / healthy
KH00115845,2025-12-01,79,Nữ,Chuyên viên tư vấn quan hệ công chúng,Nghệ An,336070000,1466300000,1507079000,1479616000,363533000,197724000,165809000,92286000,218,31,1667583,14,0.543895602325,0.456104397675,0.253858659324,1.0817,0.2479,0,1.50534729813,82.7,56.7,Tương tác rất cao,Cần theo dõi,,12,Monitoring,55+,True,False,True,2. Monitoring + spend above income
KH00115850,2025-12-01,43,Nữ,Nhà dược lý học,Hưng Yên,586710000,1920900000,3042805000,2853848000,775667000,349035000,426632000,166940000,341,31,2274683,14,0.449980468423,0.550019531577,0.215221222509,1.3221,0.4038,0,2.00718563463,80.8,49.4,Tương tác rất cao,Cần theo dõi,,12,Monitoring,35–44,True,False,True,2. Monitoring + spend above income
KH00115885,2025-12-01,44,Nam,Kỹ sư hóa học,Hà Nội,380880000,1093100000,2275779000,2343826000,312833000,139887000,172946000,42325000,234,31,1336893,14,0.447161904275,0.552838095725,0.135295828765,0.8213,0.2862,0,2.10240733901,76.8,56.8,Tương tác cao,Cần theo dõi,,12,Monitoring,35–44,True,False,False,3. Monitoring without overspend
KH00115890,2025-12-01,45,Nam,Chuyên viên dựng phim,Hà Nội,740730000,2429000000,3448751000,3476495000,712986000,268579000,444407000,140326000,307,31,2322430,14,0.376696036107,0.623303963893,0.196814523707,0.9625,0.2935,0,0.942175966023,79.8,57.7,Tương tác cao,Cần theo dõi,,12,Monitoring,45–54,True,False,False,3. Monitoring without overspend
KH00115925,2025-12-01,30,Nữ,Giảng viên công nghệ thông tin,Ninh Bình,1509390000,5858000000,9786496000,9783209000,1512677000,692119000,820558000,419442000,692,31,2185949,14,0.457545794641,0.542454205359,0.277284575623,1.0022,0.2582,0,1.27191677653,83.9,56.8,Tương tác rất cao,Cần theo dõi,,12,Monitoring,25–34,True,False,True,2. Monitoring + spend above income
KH00115930,2025-12-01,44,Nữ,Nhà khoa học nghiên cứu khoa học tự nhiên,Hà Nội,603280000,2976900000,3437177000,3395743000,644714000,292213000,352501000,121708000,452,31,1426358,14,0.453244384332,0.546755615668,0.188778279982,1.0687,0.2166,0,1.76967703633,79.4,55.3,Tương tác cao,Cần theo dõi,,12,Monitoring,35–44,True,False,False,2. Monitoring + spend above income
KH00115965,2025-12-01,63,Nữ,Biên tập viên chuyên đề tạp chí,Lạng Sơn,249930000,995900000,526923000,443252000,333601000,150298000,183303000,46940000,223,30,1495969,14,0.450532222625,0.549467777375,0.140707012269,1.3348,0.335,0,1.19678550083,76.7,55.1,Tương tác cao,Cần theo dõi,,12,Monitoring,55+,True,False,False,2. Monitoring + spend above income
KH00115970,2025-12-01,40,Nam,Chuyên viên nghiên cứu vận hành,Thành phố Hồ Chí Minh,727720000,3309900000,4062065000,4014811000,774974000,419057000,355917000,191678000,563,31,1376508,14,0.540736850527,0.459263149473,0.247334749295,1.0649,0.2341,0,1.5875897641,82.4,56.6,Tương tác rất cao,Cần theo dõi,,12,Monitoring,35–44,True,False,True,2. Monitoring + spend above income
KH00116005,2025-12-01,65,Nam,Kỹ sư mạng,Thành phố Hồ Chí Minh,485540000,2198900000,3500685000,3618668000,367557000,176063000,191494000,70747000,241,31,1525133,14,0.479008697971,0.520991302029,0.192478989653,0.757,0.1672,0,1.426863895,79.6,64.6,Tương tác cao,Ổn định,,12,Stable,55+,False,False,False,4. Stable / healthy
KH00116010,2025-12-01,70,Nam,Nhân viên y tế cộng đồng,Thành phố Hồ Chí Minh,395090000,1297600000,1728337000,1550778000,572649000,274907000,297742000,57653000,348,31,1645543,14,0.480061957674,0.519938042326,0.100677727543,1.4494,0.4413,0,1.86274154481,75,49.5,Tương tác cao,Cần theo dõi,,12,Monitoring,55+,True,False,False,2. Monitoring + spend above income
KH00116045,2025-12-01,54,Nữ,Nhà sinh thái học,Hưng Yên,204190000,542900000,330982000,195699000,339473000,188394000,151079000,102895000,217,31,1564392,14,0.554960188292,0.445039811708,0.303102161291,1.6625,0.6253,0,2.01872630502,85.2,44.1,Tương tác rất cao,Cần theo dõi,,12,Monitoring,45–54,True,False,True,2. Monitoring + spend above income
KH00116050,2025-12-01,69,Nữ,Chuyên viên hoạch định quảng cáo,Vĩnh Long,285660000,855800000,901670000,803060000,384270000,182603000,201667000,84308000,236,31,1628263,14,0.475194524683,0.524805475317,0.219397819242,1.3452,0.449,0,1.75314018546,81,49.8,Tương tác rất cao,Cần theo dõi,,12,Monitoring,55+,True,False,True,2. Monitoring + spend above income
KH00116085,2025-12-01,60,Nam,Chuyên viên dự toán xây dựng,Lâm Đồng,122590000,522100000,328356000,207725000,243221000,101909000,141312000,88725000,109,29,2231385,14,0.418997537219,0.581002462781,0.364791691507,1.984,0.4659,0,2.41601608246,85.9,47.5,Tương tác rất cao,Cần theo dõi,,12,Monitoring,55+,True,False,True,2. Monitoring + spend above income
KH00116090,2025-12-01,55,Nữ,Nhạc sĩ,Sơn La,230970000,969700000,352131000,0,673790000,216006000,457784000,108014000,236,31,2855042,14,0.320583564612,0.679416435388,0.160308107867,2.9172,0.6948,0,5.05034703328,78,10.8,Tương tác cao,Có dấu hiệu căng thẳng tài chính,,12,Stressed,55+,True,True,False,1. Stressed
KH00116130,2025-12-01,85,Nữ,Nhà thiết kế sản phẩm,Thành phố Hồ Chí Minh,449030000,1968900000,1673198000,648693000,1473535000,345951000,1127584000,194743000,420,31,3508417,14,0.23477623538,0.76522376462,0.132160416957,3.2816,0.7484,0,10.1052642233,76.6,38.6,Tương tác cao,Có dấu hiệu căng thẳng tài chính,,12,Stressed,55+,True,True,False,1. Stressed
KH00116165,2025-12-01,73,Nam,Kỹ sư kết cấu,Quảng Ninh,175070000,510000000,1098756000,1029555000,244271000,98532000,145739000,77678000,119,31,2052697,14,0.403371665077,0.596628334923,0.317999271301,1.3953,0.479,0,1.91421179823,84.4,47.5,Tương tác rất cao,Cần theo dõi,,12,Monitoring,55+,True,False,True,2. Monitoring + spend above income
KH00116170,2025-12-01,74,Nam,Nhà trị liệu tâm lý trẻ em,Đà Nẵng,426680000,1322300000,1943891000,1907332000,463239000,244570000,218669000,61463000,340,31,1362468,14,0.527956411269,0.472043588731,0.132680970298,1.0857,0.3503,0,2.00944876515,76.6,51.5,Tương tác cao,Cần theo dõi,,12,Monitoring,55+,True,False,False,2. Monitoring + spend above income
KH00116205,2025-12-01,61,Nữ,Biên tập viên chuyên đề tạp chí,An Giang,128530000,507200000,383793000,238859000,273464000,123871000,149593000,68822000,126,30,2170349,14,0.452970043589,0.547029956411,0.251667495539,2.1276,0.5392,0,1.93587537096,81,46.4,Tương tác rất cao,Cần theo dõi,,12,Monitoring,55+,True,False,True,2. Monitoring + spend above income
KH00116210,2025-12-01,83,Nam,Chuyên viên khảo sát công trình,Hà Nội,537460000,2656900000,2494063000,2336219000,695304000,322352000,372952000,165644000,434,31,1602083,14,0.463613038326,0.536386961674,0.238232485359,1.2937,0.2617,0,1.60832494049,81.9,55.1,Tương tác rất cao,Cần theo dõi,,12,Monitoring,55+,True,False,True,2. Monitoring + spend above income
KH00116245,2025-12-01,26,Nữ,Nhà khảo cổ học,Hà Nội,430170000,1893800000,2568125000,2433052000,565243000,237702000,327541000,158729000,217,31,2604806,14,0.420530639035,0.579469360965,0.280815507667,1.314,0.2985,0,1.32099654751,84,55.1,Tương tác rất cao,Cần theo dõi,,12,Monitoring,25–34,True,False,True,2. Monitoring + spend above income
KH00116250,2025-12-01,60,Nam,Kỹ sư năng lượng,An Giang,664110000,2686000000,3368450000,3324841000,707719000,339147000,368572000,160084000,410,31,1726144,14,0.479211381919,0.520788618081,0.226197120609,1.0657,0.2635,0,1.63332884816,81.3,55,Tương tác rất cao,Cần theo dõi,,12,Monitoring,55+,True,False,True,2. Monitoring + spend above income
KH00116285,2025-12-01,64,Nam,Nhà khoa học thính học,Lâm Đồng,806490000,3190200000,4280867000,4411374000,675983000,336638000,339345000,136547000,416,31,1624959,14,0.497997730712,0.502002269288,0.201997683374,0.8382,0.2119,0,1.57713817811,80.1,60.8,Tương tác rất cao,Ổn định,,12,Stable,55+,False,False,True,4. Stable / healthy
KH00116290,2025-12-01,37,Nữ,Nhà thiết kế web,Sơn La,201190000,884300000,520993000,445701000,276482000,166511000,109971000,38609000,226,31,1223372,14,0.602248971,0.397751029,0.139643810447,1.3742,0.3127,0,1.23570519815,77,57,Tương tác cao,Cần theo dõi,,12,Monitoring,35–44,True,False,False,2. Monitoring + spend above income
KH00116325,2025-12-01,49,Nữ,Cán bộ thủy sản,Vĩnh Long,620960000,1948300000,1929968000,1527032000,1023896000,417005000,606891000,272288000,448,31,2285482,14,0.407272808957,0.592727191043,0.265933258847,1.6489,0.5255,0,1.62991520564,83.3,47.8,Tương tác rất cao,Cần theo dõi,,12,Monitoring,45–54,True,False,True,2. Monitoring + spend above income
KH00116330,2025-12-01,33,Nữ,Chuyên viên tư vấn tâm lý,Vĩnh Long,729050000,2838600000,2652268000,2364285000,1017033000,425934000,591099000,253468000,445,31,2285467,14,0.418800569893,0.581199430107,0.249222984898,1.395,0.3583,0,1.47820301011,82.5,52.8,Tương tác rất cao,Cần theo dõi,,12,Monitoring,25–34,True,False,True,2. Monitoring + spend above income
KH00116365,2025-12-01,62,Nam,Quản lý tổng đài,Gia Lai,417670000,1968400000,2063539000,1763429000,717780000,270168000,447612000,89153000,351,31,2044957,14,0.376393881133,0.623606118867,0.124206581404,1.7185,0.3647,0,4.39182196381,76.2,49.6,Tương tác cao,Cần theo dõi,,12,Monitoring,55+,True,False,False,2. Monitoring + spend above income
KH00116405,2025-12-01,62,Nữ,Chuyên viên thu mua công nghiệp,Hải Phòng,145390000,622000000,548998000,552061000,142327000,77391000,64936000,29601000,101,31,1409178,13,0.543754874339,0.456245125661,0.207978809362,0.9789,0.2288,0,1.54994553622,77.1,57.5,Tương tác cao,Cần theo dõi,,12,Monitoring,55+,True,False,False,3. Monitoring without overspend
KH00116410,2025-12-01,58,Nam,Sĩ quan hậu cần quân đội,Hà Nội,226910000,977300000,687699000,608205000,306404000,173271000,133133000,50503000,216,31,1418537,14,0.565498492187,0.434501507813,0.164824871738,1.3503,0.3135,0,1.10275730839,78.2,57.3,Tương tác cao,Cần theo dõi,,12,Monitoring,55+,True,False,False,2. Monitoring + spend above income
KH00116450,2025-12-01,59,Nữ,Chuyên viên trị liệu bằng làm vườn,Hải Phòng,125170000,485100000,207007000,154669000,177508000,92046000,85462000,20808000,109,29,1628514,13,0.518545643013,0.481454356987,0.117222885729,1.4181,0.3659,0,1.29094985044,72.1,54.6,Tương tác cao,Cần theo dõi,,12,Monitoring,55+,True,False,False,2. Monitoring + spend above income
KH00116490,2025-12-01,50,Nữ,Nhà thiết kế gốm sứ,Tây Ninh,422020000,1307200000,1805917000,1572850000,655087000,256999000,398088000,84170000,319,31,2053564,14,0.392312776776,0.607687223224,0.128486750615,1.5523,0.5011,0,3.58681252273,76.4,46.4,Tương tác cao,Cần theo dõi,,12,Monitoring,45–54,True,False,False,2. Monitoring + spend above income
KH00116525,2025-12-01,75,Nữ,Kỹ sư đóng tàu,Hà Nội,597410000,1717800000,3255456000,3162016000,690850000,344815000,346035000,121999000,454,31,1521696,13,0.499117029746,0.500882970254,0.176592603315,1.1564,0.4022,0,1.47709847678,77.4,52.6,Tương tác cao,Cần theo dõi,,12,Monitoring,55+,True,False,False,2. Monitoring + spend above income
KH00116530,2025-12-01,40,Nam,Kỹ sư nông nghiệp,Lâm Đồng,848520000,4315600000,5848967000,5961449000,736038000,286584000,449454000,149037000,308,31,2389734,14,0.389360331939,0.610639668061,0.2024854695,0.8674,0.1706,0,0.910255512582,80.1,63.4,Tương tác rất cao,Ổn định,,12,Stable,35–44,False,False,True,4. Stable / healthy
KH00116565,2025-12-01,58,Nam,Quản lý dịch vụ y tế,Phú Thọ,235220000,895200000,841755000,787874000,289101000,170087000,119014000,21654000,200,31,1445505,14,0.588330721789,0.411669278211,0.0749011591105,1.2291,0.3229,0,1.18365191277,73.7,56.9,Tương tác cao,Cần theo dõi,,12,Monitoring,55+,True,False,False,2. Monitoring + spend above income
KH00116570,2025-12-01,44,Nam,Nhà tâm lý học thể thao,Cần Thơ,432130000,1987900000,2153016000,2208530000,376616000,201241000,175375000,73710000,305,31,1234807,14,0.534340017418,0.465659982582,0.195716591966,0.8715,0.1895,0,1.12479330621,79.8,63.2,Tương tác cao,Ổn định,,12,Stable,35–44,False,False,False,4. Stable / healthy
KH00116610,2025-12-01,45,Nam,Nhà thiết kế triển lãm,Đắk Lắk,598690000,1988400000,2394581000,2100027000,893244000,414647000,478597000,134707000,564,31,1583766,14,0.464203509903,0.535796490097,0.15080649856,1.492,0.4492,0,1.96520668606,77.5,48.6,Tương tác cao,Cần theo dõi,,12,Monitoring,45–54,True,False,False,2. Monitoring + spend above income
KH00116650,2025-12-01,42,Nữ,Nhà giao dịch tài chính,Thanh Hóa,521170000,1420500000,2594930000,2637164000,478936000,212143000,266793000,116395000,193,31,2481534,14,0.44294644796,0.55705355204,0.243028296056,0.919,0.3372,0,1.50684469624,82.1,55.5,Tương tác rất cao,Cần theo dõi,,12,Monitoring,35–44,True,False,True,3. Monitoring without overspend
KH00116685,2025-12-01,29,Nam,Nhà trị liệu tâm lý trẻ em,Thành phố Hồ Chí Minh,113810000,428200000,438167000,422827000,129150000,71250000,57900000,18372000,107,31,1207009,14,0.551684088269,0.448315911731,0.142253193961,1.1348,0.3016,0,1.18176148767,75.4,57.1,Tương tác cao,Cần theo dõi,,12,Monitoring,25–34,True,False,False,2. Monitoring + spend above income
KH00116690,2025-12-01,42,Nam,Chuyên viên phục chế bảo tàng,Thành phố Hồ Chí Minh,441930000,2039900000,1677207000,1418878000,700259000,242001000,458258000,227698000,244,31,2869914,14,0.345587846782,0.654412153218,0.325162547,1.5845,0.3433,0,1.36515750224,86.3,53,Tương tác rất cao,Cần theo dõi,,12,Monitoring,35–44,True,False,True,2. Monitoring + spend above income
KH00116730,2025-12-01,48,Nam,Nhà khoa học y sinh,Thành phố Hồ Chí Minh,464300000,1924700000,2765717000,2750367000,479650000,236071000,243579000,92762000,322,31,1489596,14,0.492173459814,0.507826540186,0.193395183988,1.0331,0.2492,0,2.86922741933,79.7,53.7,Tương tác cao,Cần theo dõi,,12,Monitoring,45–54,True,False,False,2. Monitoring + spend above income
KH00116765,2025-12-01,27,Nữ,Nhân viên phát triển cộng đồng,An Giang,138840000,496900000,271707000,153376000,257171000,111266000,145905000,91975000,117,30,2198043,14,0.432653759561,0.567346240439,0.35764141369,1.8523,0.5176,0,1.62486147808,86.1,48.3,Tương tác rất cao,Cần theo dõi,,12,Monitoring,25–34,True,False,True,2. Monitoring + spend above income
KH00116770,2025-12-01,34,Nữ,Chuyên viên công nghệ màu sắc,Nghệ An,123780000,498200000,364681000,263602000,224859000,85748000,139111000,16613000,115,31,1955296,14,0.381341196038,0.618658803962,0.0738818548513,1.8166,0.4513,0,2.83426093003,72.1,47.5,Tương tác cao,Cần theo dõi,,12,Monitoring,25–34,True,False,False,2. Monitoring + spend above income
KH00116810,2025-12-01,45,Nam,Kỹ sư khoan,Hà Nội,676510000,3450200000,4188446000,3719037000,1145919000,297701000,848218000,173847000,449,31,2552158,14,0.259792358797,0.740207641203,0.151709675815,1.6939,0.3321,0,7.03345135936,77.6,49.3,Tương tác cao,Cần theo dõi,,12,Monitoring,45–54,True,False,False,2. Monitoring + spend above income
KH00116845,2025-12-01,58,Nam,Chuyên viên dự toán xây dựng,Đồng Nai,394330000,1069200000,1346702000,1265447000,475585000,286640000,188945000,96207000,361,31,1317410,14,0.602710346205,0.397289653795,0.202291914169,1.2061,0.4448,0,1.13013581548,80.1,54.3,Tương tác rất cao,Cần theo dõi,,12,Monitoring,55+,True,False,True,2. Monitoring + spend above income
KH00116850,2025-12-01,31,Nam,Chuyên viên trị liệu nghệ thuật,Quảng Ngãi,95250000,409100000,165209000,117260000,143199000,76182000,67017000,21532000,108,30,1325917,14,0.532000921794,0.467999078206,0.150364178521,1.5034,0.35,1,1.38802485515,74.8,54.6,Tương tác cao,Cần theo dõi,,12,Monitoring,25–34,True,False,False,2. Monitoring + spend above income
KH00116885,2025-12-01,59,Nữ,Chuyên viên công nghệ kiến trúc,Nghệ An,259760000,723600000,824770000,741702000,342828000,171089000,171739000,90384000,227,31,1510256,14,0.499052002754,0.500947997246,0.263642409605,1.3198,0.4738,0,1.50335575869,83.2,50.6,Tương tác rất cao,Cần theo dõi,,12,Monitoring,55+,True,False,True,2. Monitoring + spend above income
KH00116890,2025-12-01,66,Nữ,Luật sư sáng chế,Tuyên Quang,731590000,1999500000,5293870000,5378799000,646661000,350663000,295998000,104636000,463,31,1396676,14,0.542267122959,0.457732877041,0.161809665342,0.8839,0.3234,0,1.25493406695,78.1,59,Tương tác cao,Cần theo dõi,,12,Monitoring,55+,True,False,False,3. Monitoring without overspend
KH00116925,2025-12-01,54,Nam,Nhà giao dịch cổ phiếu,Vĩnh Long,591350000,2932900000,3952212000,4061207000,482355000,242846000,239509000,89821000,305,31,1581492,14,0.503459070602,0.496540929398,0.186213473479,0.8157,0.1645,0,1.06570677672,79.3,65.2,Tương tác cao,Ổn định,,12,Stable,45–54,False,False,False,4. Stable / healthy
KH00116930,2025-12-01,35,Nam,Nhà khoa học địa chất,Thanh Hóa,833280000,2224800000,4717091000,4388621000,1161750000,402022000,759728000,318797000,581,31,1999570,14,0.346048633527,0.653951366473,0.274411017861,1.3942,0.5222,0,4.37348793948,83.7,45.4,Tương tác rất cao,Cần theo dõi,,12,Monitoring,35–44,True,False,True,2. Monitoring + spend above income
KH00116965,2025-12-01,75,Nam,Chuyên viên phân tích hệ thống,Thành phố Hồ Chí Minh,544280000,1986800000,3156410000,2933566000,767124000,279020000,488104000,76934000,351,31,2185538,14,0.363722162258,0.636277837742,0.10028887116,1.4094,0.3861,0,6.97573644621,75,49,Tương tác cao,Cần theo dõi,,12,Monitoring,55+,True,False,False,2. Monitoring + spend above income
KH00116970,2025-12-01,30,Nam,Chuyên viên gây quỹ từ thiện,Thái Nguyên,385390000,1346900000,908637000,747493000,546534000,176669000,369865000,101665000,224,31,2439884,14,0.323253448093,0.676746551907,0.186017704297,1.4181,0.4058,0,1.02407117034,79.3,53,Tương tác cao,Cần theo dõi,,12,Monitoring,25–34,True,False,False,2. Monitoring + spend above income
KH00117005,2025-12-01,79,Nam,Kỹ sư dầu khí,Cà Mau,497520000,2200700000,3223288000,3153555000,567253000,255457000,311796000,82785000,331,31,1713755,14,0.450340500623,0.549659499377,0.145940171317,1.1402,0.2578,0,1.57760213428,77.3,55.2,Tương tác cao,Cần theo dõi,,12,Monitoring,55+,True,False,False,2. Monitoring + spend above income
KH00117010,2025-12-01,67,Nữ,Nhà khoa học thổ nhưỡng,Quảng Ninh,177370000,778700000,930322000,958138000,149554000,77100000,72454000,29061000,93,28,1608108,13,0.51553285101,0.48446714899,0.194317771507,0.8432,0.1921,0,1.41327608194,75.2,62.2,Tương tác cao,Ổn định,,12,Stable,55+,False,False,False,4. Stable / healthy
KH00117045,2025-12-01,34,Nữ,Cán bộ trại giam,Bắc Ninh,481070000,2477000000,1661314000,1421476000,720908000,355425000,365483000,165035000,320,31,2252838,14,0.493024075194,0.506975924806,0.228926575929,1.4986,0.291,0,1.28679307428,81.4,56.2,Tương tác rất cao,Cần theo dõi,,12,Monitoring,25–34,True,False,True,2. Monitoring + spend above income
KH00117050,2025-12-01,27,Nam,Nhà kinh tế học,Cần Thơ,200560000,625600000,613681000,529618000,284623000,126611000,158012000,48261000,117,31,2432675,14,0.444837557049,0.555162442951,0.16956113877,1.4191,0.455,0,0.977956267812,77,53.2,Tương tác cao,Cần theo dõi,,12,Monitoring,25–34,True,False,False,2. Monitoring + spend above income
KH00117085,2025-12-01,36,Nữ,Chuyên viên viết nội dung quảng cáo,Đồng Tháp,984520000,3185500000,5462095000,5261611000,1185004000,534835000,650169000,294860000,569,31,2082608,14,0.451336029245,0.548663970755,0.2488261643,1.2036,0.372,0,1.48846942236,82.4,52.8,Tương tác rất cao,Cần theo dõi,,12,Monitoring,35–44,True,False,True,2. Monitoring + spend above income
KH00117090,2025-12-01,29,Nam,Quản lý trường quay,Bắc Ninh,438890000,1296100000,2555510000,2529043000,465357000,220109000,245248000,85805000,221,31,2105688,14,0.472989554256,0.527010445744,0.184385321377,1.0603,0.359,0,0.695743268379,79.2,57.3,Tương tác cao,Cần theo dõi,,12,Monitoring,25–34,True,False,False,2. Monitoring + spend above income
KH00117125,2025-12-01,55,Nam,Giảng viên đại học,Huế,178720000,531100000,982732000,1013291000,148161000,77611000,70550000,27777000,92,29,1610446,12,0.523828807851,0.476171192149,0.187478486241,0.829,0.279,0,1.1195542698,73.7,61.9,Tương tác cao,Ổn định,,12,Stable,55+,False,False,False,4. Stable / healthy
KH00117130,2025-12-01,49,Nữ,Chuyên viên kinh doanh công nghệ thông tin,Thành phố Hồ Chí Minh,128310000,453600000,446016000,391580000,182746000,81835000,100911000,11783000,111,30,1646360,14,0.447807339148,0.552192660852,0.0644774714631,1.4243,0.4029,0,2.01861538064,71.2,49.4,Tương tác cao,Cần theo dõi,,12,Monitoring,45–54,True,False,False,2. Monitoring + spend above income
KH00117165,2025-12-01,25,Nữ,Cán bộ triển lãm bảo tàng,Vĩnh Long,596190000,1543500000,873867000,371536000,1098521000,471515000,627006000,172161000,649,31,1692636,14,0.429227115367,0.570772884633,0.156720718129,1.8426,0.7117,0,2.76243446671,77.8,34,Tương tác cao,Có dấu hiệu căng thẳng tài chính,,12,Stressed,25–34,True,True,False,1. Stressed
KH00117170,2025-12-01,44,Nam,Nhân viên giao nhận vận tải,Thanh Hóa,658150000,1970500000,1678441000,1136582000,1200009000,445057000,754952000,325843000,462,31,2597422,14,0.370878051748,0.629121948252,0.27153379683,1.8233,0.609,0,1.29340135203,83.6,47,Tương tác rất cao,Cần theo dõi,,12,Monitoring,35–44,True,False,True,2. Monitoring + spend above income
KH00117205,2025-12-01,68,Nữ,Nhà địa chất công trình,Quảng Ngãi,376120000,1526400000,812764000,664940000,523944000,244987000,278957000,98159000,341,31,1536493,14,0.467582413388,0.532417586612,0.187346357626,1.393,0.3433,0,1.81428322621,79.4,52,Tương tác cao,Cần theo dõi,,12,Monitoring,55+,True,False,False,2. Monitoring + spend above income
KH00117210,2025-12-01,70,Nữ,Chuyên viên khảo sát thủy văn,Thành phố Hồ Chí Minh,169650000,443500000,699368000,701394000,167624000,75012000,92612000,39107000,96,29,1746083,14,0.447501551091,0.552498448909,0.233301913807,0.9881,0.378,0,1.93701320122,79,50.6,Tương tác cao,Cần theo dõi,,12,Monitoring,55+,True,False,False,3. Monitoring without overspend
KH00117245,2025-12-01,34,Nam,Luật sư sở hữu trí tuệ,Thành phố Hồ Chí Minh,1070930000,4396200000,7546672000,8041844000,575758000,287953000,287805000,133520000,401,31,1435805,14,0.500128526221,0.499871473779,0.231902987019,0.5376,0.131,0,1.52689669253,81.6,70.7,Tương tác rất cao,Ổn định,,12,Stable,25–34,False,False,True,4. Stable / healthy
KH00117250,2025-12-01,23,Nam,Chuyên viên quan hệ công chúng,Đồng Nai,447120000,1649400000,1756959000,1620940000,583139000,155109000,428030000,162382000,317,31,1839555,14,0.265989755444,0.734010244556,0.278461910454,1.3042,0.3535,0,0.930746217419,83.9,54.2,Tương tác rất cao,Cần theo dõi,,12,Monitoring,<25,True,False,True,2. Monitoring + spend above income
KH00117290,2025-12-01,60,Nữ,Cán bộ quan hệ sắc tộc,Tuyên Quang,280750000,951800000,976764000,930366000,327148000,160333000,166815000,50489000,215,31,1521619,14,0.490093168841,0.509906831159,0.154330761612,1.1653,0.3437,0,1.14222574349,77.7,55.6,Tương tác cao,Cần theo dõi,,12,Monitoring,55+,True,False,False,2. Monitoring + spend above income
KH00117325,2025-12-01,31,Nam,Bác sĩ chuyên khoa bàn chân,Vĩnh Long,941870000,3261700000,6023960000,6260715000,705115000,325807000,379308000,163650000,318,31,2217343,14,0.462062216802,0.537937783198,0.232089800954,0.7486,0.2162,0,0.818364769908,81.6,66.4,Tương tác rất cao,Ổn định,,12,Stable,25–34,False,False,True,4. Stable / healthy
KH00117330,2025-12-01,42,Nam,Chuyên viên công nghệ dệt may,Cần Thơ,173680000,522100000,554273000,472006000,255947000,100419000,155528000,70189000,113,29,2265018,14,0.392342946001,0.607657053999,0.274232555959,1.4737,0.4902,0,0.826419178197,81.5,52.5,Tương tác rất cao,Cần theo dõi,,12,Monitoring,35–44,True,False,True,2. Monitoring + spend above income
KH00117365,2025-12-01,47,Nam,Chuyên viên trưng bày bán lẻ,Đồng Nai,708170000,2622200000,3399083000,3332625000,774628000,411812000,362816000,150140000,576,31,1344840,14,0.531625502822,0.468374497178,0.19382206685,1.0938,0.2954,0,2.79937763586,79.7,52.9,Tương tác cao,Cần theo dõi,,12,Monitoring,45–54,True,False,False,2. Monitoring + spend above income
KH00117370,2025-12-01,84,Nữ,Kỹ sư xây dựng thi công,Tuyên Quang,547520000,2579800000,3621142000,3555909000,612753000,232125000,380628000,124608000,336,31,1823670,14,0.378823114697,0.621176885303,0.2033576335,1.1191,0.2375,0,2.34470042992,80.2,52.9,Tương tác rất cao,Cần theo dõi,,12,Monitoring,55+,True,False,True,2. Monitoring + spend above income
KH00117405,2025-12-01,90,Nữ,Chuyên viên trang điểm,Bắc Ninh,489490000,1985200000,2422362000,2087308000,824544000,410095000,414449000,169950000,458,31,1800314,14,0.497359752785,0.502640247215,0.206113924788,1.6845,0.4153,0,2.0697727342,80.3,49.6,Tương tác rất cao,Cần theo dõi,,12,Monitoring,55+,True,False,True,2. Monitoring + spend above income
KH00117450,2025-12-01,35,Nữ,Kỹ sư năng lượng,An Giang,790500000,3666000000,5153087000,5258749000,684838000,448609000,236229000,83155000,564,31,1214252,14,0.655058568596,0.344941431404,0.121422876651,0.8663,0.1868,0,1.24433489624,76.1,64,Tương tác cao,Ổn định,,12,Stable,35–44,False,False,False,4. Stable / healthy
KH00117485,2025-12-01,37,Nữ,Giáo viên tiếng anh,Thanh Hóa,1045630000,3999200000,3102864000,2693085000,1455409000,676012000,779397000,389287000,699,31,2082130,14,0.46448249255,0.53551750745,0.267476015333,1.3919,0.3639,0,1.34412217315,83.4,53.8,Tương tác rất cao,Cần theo dõi,,12,Monitoring,35–44,True,False,True,2. Monitoring + spend above income
KH00117490,2025-12-01,29,Nữ,Chuyên viên thu mua công nghiệp,Thành phố Hồ Chí Minh,720690000,2674100000,3380954000,3393499000,708145000,348782000,359363000,178336000,348,31,2034899,14,0.492529072436,0.507470927564,0.251835429185,0.9826,0.2648,0,1.24660456804,82.6,57.5,Tương tác rất cao,Cần theo dõi,,12,Monitoring,25–34,True,False,True,3. Monitoring without overspend
KH00117525,2025-12-01,41,Nam,Trợ lý sản xuất truyền hình,Vĩnh Long,194070000,468600000,601973000,570065000,225978000,97453000,128525000,38042000,102,31,2215471,14,0.431249944685,0.568750055315,0.16834382108,1.1644,0.4822,0,0.745977669505,76.5,53.5,Tương tác cao,Cần theo dõi,,12,Monitoring,35–44,True,False,False,2. Monitoring + spend above income
KH00117530,2025-12-01,34,Nam,Nhà địa chấn học hiện trường,Thanh Hóa,108740000,340800000,165301000,110365000,163676000,89014000,74662000,37561000,116,30,1411000,14,0.543842713654,0.456157286346,0.229483858354,1.5052,0.4803,0,1.47900920237,79.6,51,Tương tác cao,Cần theo dõi,,12,Monitoring,25–34,True,False,False,2. Monitoring + spend above income
KH00117565,2025-12-01,27,Nam,Nhà tâm lý học thể thao,Hưng Yên,291360000,1029300000,1495363000,1373724000,412999000,151286000,261713000,84739000,227,31,1819379,14,0.366310814312,0.633689185688,0.205179673559,1.4175,0.4012,0,4.15681010808,80.3,48.6,Tương tác rất cao,Cần theo dõi,,12,Monitoring,25–34,True,False,True,2. Monitoring + spend above income
KH00117570,2025-12-01,19,Nam,Kỹ sư trắc địa,Đắk Lắk,497170000,1547400000,2963984000,3056346000,404808000,110198000,294610000,90925000,220,30,1840036,14,0.272222880971,0.727777119029,0.224612655876,0.8142,0.2616,0,1.06523666483,80.9,60.5,Tương tác rất cao,Ổn định,,12,Stable,<25,False,False,True,4. Stable / healthy
KH00117605,2025-12-01,61,Nam,Kỹ sư ô tô,Lâm Đồng,343030000,959600000,2251228000,2296280000,297978000,181556000,116422000,61561000,219,31,1360630,14,0.609293303532,0.390706696468,0.206595788951,0.8687,0.3105,0,1.08470211723,80.3,61.2,Tương tác rất cao,Ổn định,,12,Stable,55+,False,False,True,4. Stable / healthy
KH00117610,2025-12-01,49,Nữ,Giáo viên giáo dục đặc biệt,Nghệ An,638600000,2166500000,3145230000,3114066000,669764000,315396000,354368000,170552000,339,31,1975705,14,0.470906169934,0.529093830066,0.254644919703,1.0488,0.3091,0,1.24959205918,82.7,55.7,Tương tác rất cao,Cần theo dõi,,12,Monitoring,45–54,True,False,True,2. Monitoring + spend above income
KH00117645,2025-12-01,40,Nam,Nhạc sĩ,Đắk Lắk,674820000,2976100000,2805837000,2709222000,771435000,444088000,327347000,156873000,580,31,1330060,14,0.575664832423,0.424335167577,0.203352194287,1.1432,0.2592,0,1.4653078399,80.2,57,Tương tác rất cao,Cần theo dõi,,12,Monitoring,35–44,True,False,True,2. Monitoring + spend above income
KH00117650,2025-12-01,73,Nam,Nhà thiết kế đa phương tiện,Đồng Tháp,252800000,1271500000,850290000,820447000,282643000,178360000,104283000,45769000,202,31,1399223,14,0.631043401039,0.368956598961,0.161932190077,1.118,0.2223,0,1.08771468208,78.1,60.3,Tương tác cao,Ổn định,,12,Stable,55+,False,False,False,4. Stable / healthy
KH00117685,2025-12-01,23,Nam,Chuyên viên trị liệu dinh dưỡng,Huế,355210000,1166900000,1332192000,1103078000,584324000,239911000,344413000,168484000,426,31,1371653,14,0.410578720025,0.589421279975,0.288340030531,1.645,0.5007,0,2.94390142195,84.4,46.6,Tương tác rất cao,Cần theo dõi,,12,Monitoring,<25,True,False,True,2. Monitoring + spend above income
KH00117690,2025-12-01,32,Nữ,Trình dược viên,Bắc Ninh,1056500000,3954400000,3196302000,2694001000,1558801000,664948000,893853000,358178000,686,31,2272305,14,0.426576580333,0.573423419667,0.229777886979,1.4754,0.3942,0,2.04553514582,81.5,49.4,Tương tác rất cao,Cần theo dõi,,12,Monitoring,25–34,True,False,True,2. Monitoring + spend above income
KH00117725,2025-12-01,47,Nữ,Nhà khoa học phát triển sản phẩm,Thanh Hóa,353720000,1502700000,2486483000,2517166000,323037000,157531000,165506000,59550000,237,31,1363025,14,0.487656212756,0.512343787244,0.184344208249,0.9133,0.215,0,2.04304372422,79.2,56.7,Tương tác cao,Cần theo dõi,,12,Monitoring,45–54,True,False,False,3. Monitoring without overspend
KH00117730,2025-12-01,78,Nam,Bác sĩ đa khoa,Thanh Hóa,507810000,1180800000,2978349000,3111816000,374343000,200759000,173584000,79827000,231,31,1620532,14,0.536296925547,0.463703074453,0.213245606302,0.7372,0.317,0,1.47767561872,80.7,61.6,Tương tác rất cao,Ổn định,,12,Stable,55+,False,False,True,4. Stable / healthy
KH00117765,2025-12-01,69,Nữ,Kỹ sư khai thác mỏ,Lào Cai,656450000,2454100000,4004418000,4069699000,591169000,360815000,230354000,67339000,444,31,1331462,14,0.61034154362,0.38965845638,0.113908205606,0.9006,0.2409,0,1.2760101393,75.7,61.2,Tương tác cao,Ổn định,,12,Stable,55+,False,False,False,4. Stable / healthy
KH00117770,2025-12-01,61,Nữ,Nhà báo,Lạng Sơn,177520000,701200000,679469000,686563000,170426000,103371000,67055000,30778000,109,27,1563541,14,0.606544776032,0.393455223968,0.180594510227,0.96,0.243,0,0.935164720974,76,61.3,Tương tác cao,Ổn định,,12,Stable,55+,False,False,False,4. Stable / healthy
KH00117805,2025-12-01,47,Nữ,Nhà sản xuất phát thanh,Thành phố Hồ Chí Minh,441250000,1138200000,1640770000,1464038000,617982000,314710000,303272000,144215000,435,31,1420648,14,0.509254314851,0.490745685149,0.233364402199,1.4005,0.5429,0,1.6956464413,81.7,48,Tương tác rất cao,Cần theo dõi,,12,Monitoring,45–54,True,False,True,2. Monitoring + spend above income
KH00117810,2025-12-01,27,Nữ,Kỹ sư điện,Ninh Bình,1474200000,5676900000,9002542000,8844350000,1632392000,646431000,985961000,436977000,666,31,2451039,14,0.396002308269,0.603997691731,0.267691216325,1.1073,0.2875,0,1.62125294794,83.4,53.7,Tương tác rất cao,Cần theo dõi,,12,Monitoring,25–34,True,False,True,2. Monitoring + spend above income
KH00117845,2025-12-01,77,Nam,Nhà thiết kế bối cảnh phim,Cà Mau,96970000,328500000,64269000,0,260407000,76509000,183898000,35899000,121,31,2152124,14,0.293805466059,0.706194533941,0.137857277262,2.6854,0.7927,0,3.23787308676,75.5,8.1,Tương tác cao,Có dấu hiệu căng thẳng tài chính,,12,Stressed,55+,True,True,False,1. Stressed
KH00117850,2025-12-01,34,Nam,Chuyên viên tư vấn tài chính,Phú Thọ,303620000,1109900000,1119327000,775381000,647566000,258122000,389444000,187533000,340,31,1904606,14,0.398603385601,0.601396614399,0.289596736086,2.1328,0.5834,0,2.59748022994,84.5,44.4,Tương tác rất cao,Cần theo dõi,,12,Monitoring,25–34,True,False,True,2. Monitoring + spend above income
KH00117885,2025-12-01,49,Nữ,Kỹ sư vật liệu,Tuyên Quang,905950000,2875900000,4732767000,4696327000,942390000,503991000,438399000,192561000,672,31,1402366,14,0.534800878617,0.465199121383,0.204332601152,1.0402,0.3277,0,1.87821333122,80.2,52.8,Tương tác rất cao,Cần theo dõi,,12,Monitoring,45–54,True,False,True,2. Monitoring + spend above income
KH00117925,2025-12-01,48,Nữ,Kỹ sư khai thác mỏ,Vĩnh Long,568050000,2672700000,3301333000,3266351000,603032000,279516000,323516000,129061000,441,31,1367420,14,0.463517690603,0.536482309397,0.214020151501,1.0616,0.2256,0,2.0079111225,80.7,54,Tương tác rất cao,Cần theo dõi,,12,Monitoring,45–54,True,False,True,2. Monitoring + spend above income
KH00117930,2025-12-01,39,Nam,Nhà khoa học nghiên cứu khoa học tự nhiên,Hải Phòng,535120000,1339900000,2767692000,2762503000,540309000,220121000,320188000,83517000,220,31,2455950,14,0.407398359087,0.592601640913,0.154572661199,1.0097,0.4032,0,0.883789201406,77.7,54.6,Tương tác cao,Cần theo dõi,,12,Monitoring,35–44,True,False,False,2. Monitoring + spend above income
KH00117965,2025-12-01,50,Nam,Giáo viên dạy nhạc,Bắc Ninh,137010000,400400000,616877000,407825000,346062000,118662000,227400000,141479000,116,30,2983293,14,0.342892314094,0.657107685906,0.408825586167,2.5258,0.8643,0,1.87205716776,88.6,37.5,Tương tác rất cao,Có dấu hiệu căng thẳng tài chính,,12,Stressed,45–54,True,True,True,1. Stressed
KH00117970,2025-12-01,51,Nam,Nhà địa chấn học hiện trường,Bắc Ninh,221050000,808000000,488581000,290662000,418969000,183731000,235238000,87484000,221,31,1895787,14,0.438531251716,0.561468748284,0.208807811556,1.8954,0.5185,0,1.89322941549,80.4,47,Tương tác rất cao,Cần theo dõi,,12,Monitoring,45–54,True,False,True,2. Monitoring + spend above income
KH00118005,2025-12-01,60,Nữ,Chuyên viên thuế cấp cao,Quảng Ngãi,235500000,965500000,835368000,572342000,498526000,144737000,353789000,155175000,207,31,2408338,14,0.290329892523,0.709670107477,0.311267616935,2.1169,0.5163,0,2.13493335192,85.6,45,Tương tác rất cao,Cần theo dõi,,12,Monitoring,55+,True,False,True,2. Monitoring + spend above income
KH00118010,2025-12-01,32,Nữ,Thanh tra thuế,Huế,789390000,3405400000,3777836000,3316341000,1250885000,480779000,770106000,226145000,697,31,1794670,14,0.384351079436,0.615648920564,0.180788002095,1.5846,0.3673,0,4.37533658411,79,49.7,Tương tác cao,Cần theo dõi,,12,Monitoring,25–34,True,False,False,2. Monitoring + spend above income
KH00118045,2025-12-01,46,Nữ,Thủ thư thư viện công cộng,Hải Phòng,286950000,906900000,760455000,446564000,600841000,283971000,316870000,88170000,351,31,1711798,14,0.472622540739,0.527377459261,0.146744313387,2.0939,0.6625,0,3.02161547356,77.3,43.2,Tương tác cao,Cần theo dõi,,12,Monitoring,45–54,True,False,False,2. Monitoring + spend above income
KH00118050,2025-12-01,64,Nữ,Cán bộ trại giam,Hà Nội,217610000,1060800000,630947000,474034000,374523000,182722000,191801000,94782000,231,31,1621312,14,0.487879249071,0.512120750929,0.253073910014,1.7211,0.3531,0,1.60787031549,82.7,53,Tương tác rất cao,Cần theo dõi,,12,Monitoring,55+,True,False,True,2. Monitoring + spend above income
KH00118085,2025-12-01,25,Nữ,Giảng viên giáo dục thường xuyên,Đà Nẵng,697810000,2736000000,3993004000,3937000000,753814000,274283000,479531000,100334000,527,31,1430387,14,0.363860315675,0.636139684325,0.133101799648,1.0803,0.2755,0,5.34842066882,76.7,51.8,Tương tác cao,Cần theo dõi,,12,Monitoring,25–34,True,False,False,2. Monitoring + spend above income
KH00118090,2025-12-01,68,Nam,Chuyên viên trị liệu âm nhạc,Cà Mau,160690000,595800000,845360000,805576000,200474000,112734000,87740000,39363000,109,29,1839211,14,0.562337260692,0.437662739308,0.196349651326,1.2476,0.3365,0,1.16270281668,77.5,56.4,Tương tác cao,Cần theo dõi,,12,Monitoring,55+,True,False,False,2. Monitoring + spend above income
KH00118125,2025-12-01,39,Nữ,Nhạc sĩ,Thành phố Hồ Chí Minh,896230000,2827600000,3390513000,3016095000,1270648000,612215000,658433000,339633000,586,31,2168341,14,0.481813216564,0.518186783436,0.267291177415,1.4178,0.4494,0,1.19455568127,83.4,52.6,Tương tác rất cao,Cần theo dõi,,12,Monitoring,35–44,True,False,True,2. Monitoring + spend above income
KH00118170,2025-12-01,68,Nữ,Chuyên viên nghiên cứu chương trình,Phú Thọ,479920000,1610400000,2087500000,1869899000,697521000,333772000,363749000,164802000,442,31,1578102,14,0.478511758069,0.521488241931,0.236268155367,1.4534,0.4331,0,2.23005326444,81.8,49,Tương tác rất cao,Cần theo dõi,,12,Monitoring,55+,True,False,True,2. Monitoring + spend above income
KH00118205,2025-12-01,45,Nữ,Kỹ sư cấp thoát nước,Hải Phòng,1475520000,7336500000,9783367000,9966178000,1292709000,624914000,667795000,287164000,652,31,1982683,14,0.483414287361,0.516585712639,0.222141255302,0.8761,0.1762,0,1.386929297,81.1,61.6,Tương tác rất cao,Ổn định,,12,Stable,45–54,False,False,True,4. Stable / healthy
KH00118210,2025-12-01,63,Nam,Kỹ thuật viên phòng thí nghiệm,Thành phố Hồ Chí Minh,327960000,1030600000,2016697000,1996863000,347794000,189566000,158228000,71904000,223,31,1559614,14,0.545052531096,0.454947468904,0.206743072048,1.0605,0.3375,0,1.43648527656,80.3,54.8,Tương tác rất cao,Cần theo dõi,,12,Monitoring,55+,True,False,True,2. Monitoring + spend above income
KH00118245,2025-12-01,46,Nam,Chuyên viên giám định tổn thất công chứng,Cần Thơ,433860000,1403600000,1586318000,1581374000,438804000,180886000,257918000,90092000,199,30,2205045,14,0.412225048085,0.587774951915,0.205312622492,1.0114,0.3126,0,0.938578488375,79.9,56.6,Tương tác cao,Cần theo dõi,,12,Monitoring,45–54,True,False,False,2. Monitoring + spend above income
KH00118250,2025-12-01,71,Nữ,Kiến trúc sư,Vĩnh Long,677030000,2941200000,338515000,754619000,260926000,7790000,253136000,205757000,11,2,23720545,3,0.02985520799,0.97014479201,0.788564573864,0.3854,0.0887,15,0.237724791371,45.3,77.3,Tương tác trung bình,Ổn định,,12,Stable,55+,False,False,False,4. Stable / healthy
KH00118285,2025-12-01,59,Nữ,Cán bộ hành chính địa phương,An Giang,123990000,477800000,267729000,229761000,161958000,100177000,61781000,21707000,120,31,1349650,13,0.61853690463,0.38146309537,0.13402857531,1.3062,0.339,0,1.23255192746,73.8,56.5,Tương tác cao,Cần theo dõi,,12,Monitoring,55+,True,False,False,2. Monitoring + spend above income
KH00118290,2025-12-01,77,Nữ,Kế toán viên công chứng,An Giang,168050000,457900000,791557000,786807000,172800000,92400000,80400000,32005000,105,31,1645714,14,0.534722222222,0.465277777778,0.18521412037,1.0283,0.3774,0,1.53055399633,77.5,53.3,Tương tác cao,Cần theo dõi,,12,Monitoring,55+,True,False,False,2. Monitoring + spend above income
KH00118325,2025-12-01,55,Nam,Kỹ thuật viên chẩn đoán hình ảnh,Cà Mau,524800000,1631500000,2455618000,2503472000,476946000,257732000,219214000,110781000,324,31,1472056,14,0.540379833356,0.459620166644,0.232271577914,0.9088,0.2923,0,1.42084462894,81.6,58.3,Tương tác rất cao,Cần theo dõi,,12,Monitoring,55+,True,False,True,3. Monitoring without overspend
KH00118330,2025-12-01,34,Nữ,Quản lý hệ thống thông tin,Hà Nội,441660000,1723800000,2400853000,2366430000,476083000,199947000,276136000,61534000,302,31,1576434,14,0.419983490274,0.580016509726,0.129250571854,1.0779,0.2762,0,2.15048856688,76.5,52.3,Tương tác cao,Cần theo dõi,,12,Monitoring,25–34,True,False,False,2. Monitoring + spend above income
KH00118365,2025-12-01,78,Nam,Giáo viên trung học,Lào Cai,353290000,1153700000,895439000,687995000,560734000,266329000,294405000,117219000,342,31,1639573,14,0.474964956646,0.525035043354,0.209045643746,1.5872,0.486,0,1.32839111274,80.5,51,Tương tác rất cao,Cần theo dõi,,12,Monitoring,55+,True,False,True,2. Monitoring + spend above income
KH00118370,2025-12-01,62,Nam,Thư ký luật sư tranh tụng,Hưng Yên,218330000,1077800000,1048709000,1106317000,160722000,91326000,69396000,31682000,116,31,1385534,13,0.568223391944,0.431776608056,0.197122982541,0.7361,0.1491,0,1.11087289349,76.9,68,Tương tác cao,Ổn định,,12,Stable,55+,False,False,False,4. Stable / healthy
KH00118405,2025-12-01,44,Nam,Trợ lý chính trị gia,Khánh Hòa,210330000,668000000,628082000,572006000,266406000,88909000,177497000,59881000,104,29,2561596,14,0.333734975939,0.666265024061,0.224773466063,1.2666,0.3988,1,0.899256995611,78.1,53.9,Tương tác cao,Cần theo dõi,,12,Monitoring,35–44,True,False,False,2. Monitoring + spend above income
KH00118410,2025-12-01,48,Nam,Chuyên viên làm vườn thương mại,Tuyên Quang,117440000,348000000,253001000,252316000,118125000,81629000,36496000,16831000,96,29,1230469,14,0.691039153439,0.308960846561,0.142484656085,1.0058,0.3394,0,1.55535937382,74.4,55.6,Tương tác cao,Cần theo dõi,,12,Monitoring,45–54,True,False,False,2. Monitoring + spend above income
KH00118445,2025-12-01,57,Nữ,Lập trình viên ứng dụng,Cần Thơ,332590000,853300000,1426724000,1331041000,428273000,189158000,239115000,70505000,225,31,1903436,14,0.441676220542,0.558323779458,0.164626301448,1.2877,0.5019,0,1.88282285373,78.2,47.5,Tương tác cao,Cần theo dõi,,12,Monitoring,55+,True,False,False,2. Monitoring + spend above income
KH00118450,2025-12-01,78,Nam,Người quay phim truyền hình,Đắk Lắk,132720000,463200000,412538000,419416000,125842000,90012000,35830000,9957000,99,29,1271131,14,0.715277888145,0.284722111855,0.0791230272882,0.9482,0.2717,0,0.818070275632,71.3,62.6,Tương tác cao,Ổn định,,12,Stable,55+,False,False,False,4. Stable / healthy
KH00118485,2025-12-01,56,Nữ,Sĩ quan huấn luyện quân đội,Gia Lai,79870000,334300000,111768000,27352000,164286000,70254000,94032000,24517000,108,31,1521167,13,0.42763229977,0.57236770023,0.149233653507,2.0569,0.4914,0,1.67812839016,74.3,35.4,Tương tác cao,Có dấu hiệu căng thẳng tài chính,,12,Stressed,55+,True,True,False,1. Stressed
KH00118490,2025-12-01,42,Nữ,Giáo viên giáo dục đặc biệt,Lạng Sơn,698620000,2644100000,2542229000,2357475000,883374000,445866000,437508000,173846000,658,31,1342514,14,0.504730725604,0.495269274396,0.196797732331,1.2645,0.3341,0,2.12373252059,79.8,51.7,Tương tác cao,Cần theo dõi,,12,Monitoring,35–44,True,False,False,2. Monitoring + spend above income
KH00118525,2025-12-01,39,Nữ,Nhà tâm lý học pháp y,Phú Thọ,881870000,3382900000,5327543000,5181592000,1027821000,460826000,566995000,153583000,614,31,1673976,14,0.448352388208,0.551647611792,0.149425824146,1.1655,0.3038,0,2.66725159442,77.5,51.9,Tương tác cao,Cần theo dõi,,12,Monitoring,35–44,True,False,False,2. Monitoring + spend above income
KH00118530,2025-12-01,50,Nam,Chuyên viên kỹ xảo,Thái Nguyên,347510000,1488100000,415905000,181198000,582217000,287178000,295039000,68997000,340,31,1712403,14,0.493249080669,0.506750919331,0.118507360658,1.6754,0.3912,0,3.30244021776,75.9,40.6,Tương tác cao,Cần theo dõi,,12,Monitoring,45–54,True,False,False,2. Monitoring + spend above income
KH00118565,2025-12-01,55,Nữ,Chuyên viên ngân hàng đầu tư doanh nghiệp,Cần Thơ,663640000,3344000000,3889376000,3929979000,623037000,337237000,285800000,89725000,437,31,1425714,14,0.541279249868,0.458720750132,0.144012313875,0.9388,0.1863,0,1.2854450629,77.2,60.9,Tương tác cao,Ổn định,,12,Stable,55+,False,False,False,4. Stable / healthy
KH00118570,2025-12-01,48,Nữ,Nhà miễn dịch học,Lâm Đồng,659290000,1765300000,1738676000,1382550000,1015416000,430289000,585127000,281616000,673,31,1508790,14,0.423756371773,0.576243628227,0.277340518566,1.5402,0.5752,0,3.49337805636,83.9,44.9,Tương tác rất cao,Cần theo dõi,,12,Monitoring,45–54,True,False,True,2. Monitoring + spend above income
KH00118605,2025-12-01,84,Nữ,Luật sư tranh tụng,Thành phố Hồ Chí Minh,803520000,3161700000,5439514000,5619985000,623049000,339866000,283183000,73857000,410,31,1519632,14,0.545488396579,0.454511603421,0.11854123833,0.7754,0.1971,0,1.3588567239,75.9,64.3,Tương tác cao,Ổn định,,12,Stable,55+,False,False,False,4. Stable / healthy
KH00118610,2025-12-01,46,Nam,Nhà thiết kế nội thất,Hải Phòng,220320000,568900000,930626000,825877000,325069000,132936000,192133000,66049000,106,29,3066689,14,0.408947023555,0.591052976445,0.203184554664,1.4754,0.5714,0,1.44088618441,77.7,47.6,Tương tác cao,Cần theo dõi,,12,Monitoring,45–54,True,False,False,2. Monitoring + spend above income
KH00118645,2025-12-01,47,Nam,Giáo viên mầm non,Thanh Hóa,867950000,2034800000,3811848000,3561264000,1118534000,435101000,683433000,177988000,472,31,2369775,14,0.388992198717,0.611007801283,0.159126141896,1.2887,0.5497,0,0.95566270489,78,50.4,Tương tác cao,Cần theo dõi,,12,Monitoring,45–54,True,False,False,2. Monitoring + spend above income
KH00118650,2025-12-01,29,Nữ,Tổng giám đốc điều hành,Thanh Hóa,1425910000,4696700000,10875743000,11550092000,751561000,405040000,346521000,116220000,567,31,1325504,14,0.538931636953,0.461068363047,0.154638146471,0.5271,0.16,0,1.44390613242,77.7,71,Tương tác cao,Ổn định,,12,Stable,25–34,False,False,False,4. Stable / healthy
KH00118685,2025-12-01,38,Nam,Kỹ sư cơ khí,Thành phố Hồ Chí Minh,463930000,2368900000,3090763000,3007667000,547026000,209259000,337767000,89730000,231,31,2368078,14,0.382539403977,0.617460596023,0.164032422591,1.1791,0.2309,0,0.947825289917,78.2,58.3,Tương tác cao,Cần theo dõi,,12,Monitoring,35–44,True,False,False,2. Monitoring + spend above income
KH00118690,2025-12-01,34,Nam,Quản trị viên giáo dục,Thành phố Hồ Chí Minh,389060000,1273400000,2000441000,1701691000,687810000,195925000,491885000,239508000,224,30,3070580,14,0.284853375205,0.715146624795,0.348218257949,1.7679,0.5401,0,1.46882156212,87.1,47,Tương tác rất cao,Cần theo dõi,,12,Monitoring,25–34,True,False,True,2. Monitoring + spend above income
KH00118725,2025-12-01,53,Nam,Kỹ sư điện tử,Bắc Ninh,130750000,401300000,747469000,685380000,192839000,109165000,83674000,39574000,119,30,1620496,14,0.566093995509,0.433906004491,0.205217824195,1.4749,0.4805,0,1.41468036489,78.5,51.6,Tương tác cao,Cần theo dõi,,12,Monitoring,45–54,True,False,False,2. Monitoring + spend above income
KH00118730,2025-12-01,81,Nam,Quản lý bất động sản,Cà Mau,152570000,555000000,628331000,593837000,187064000,103935000,83129000,34165000,125,30,1496512,13,0.555611983065,0.444388016935,0.182638027627,1.2261,0.3371,0,1.25412696758,76.1,55.9,Tương tác cao,Cần theo dõi,,12,Monitoring,55+,True,False,False,2. Monitoring + spend above income
KH00118770,2025-12-01,33,Nữ,Chuyên viên trưng bày bán lẻ,Vĩnh Long,186260000,643600000,819308000,766791000,238777000,115182000,123595000,56693000,117,31,2040829,14,0.482383144105,0.517616855895,0.237430740817,1.282,0.371,0,1.23187313587,80.4,54.4,Tương tác rất cao,Cần theo dõi,,12,Monitoring,25–34,True,False,True,2. Monitoring + spend above income
KH00118805,2025-12-01,35,Nam,Chuyên viên nhân sự,Tuyên Quang,222820000,631200000,829564000,746312000,306072000,115978000,190094000,64601000,114,29,2684842,14,0.378923913328,0.621076086672,0.211064716799,1.3736,0.4849,0,1.04229021649,78.3,51.5,Tương tác cao,Cần theo dõi,,12,Monitoring,35–44,True,False,False,2. Monitoring + spend above income
KH00118810,2025-12-01,36,Nữ,Cán bộ phát triển thể thao,Hải Phòng,624370000,2767100000,1187414000,806811000,1004973000,441230000,563743000,210961000,443,31,2268562,14,0.439046621153,0.560953378847,0.209917082349,1.6096,0.3632,0,1.18834414189,80.5,54.4,Tương tác rất cao,Cần theo dõi,,12,Monitoring,35–44,True,False,True,2. Monitoring + spend above income
KH00118845,2025-12-01,35,Nữ,Bác sĩ phẫu thuật,Cần Thơ,659940000,3067500000,5142286000,5413154000,389072000,203114000,185958000,82063000,208,31,1870538,14,0.522047333141,0.477952666859,0.210919829749,0.5896,0.1268,0,1.00141832584,80.5,72.3,Tương tác rất cao,Ổn định,,12,Stable,35–44,False,False,True,4. Stable / healthy
KH00118850,2025-12-01,74,Nam,Thông dịch viên,Quảng Ninh,358640000,1388300000,895824000,734063000,520401000,275256000,245145000,73117000,353,31,1474224,14,0.528930574691,0.471069425309,0.140501267292,1.451,0.3748,0,1.42040903257,77,53.8,Tương tác cao,Cần theo dõi,,12,Monitoring,55+,True,False,False,2. Monitoring + spend above income
KH00118885,2025-12-01,30,Nam,Chuyên viên trắc địa,Nghệ An,125360000,662700000,631743000,604525000,152578000,107863000,44715000,20399000,128,29,1192016,14,0.706936779877,0.293063220123,0.133695552439,1.2171,0.2302,0,0.868886650147,74.8,62,Tương tác cao,Ổn định,,12,Stable,25–34,False,False,False,4. Stable / healthy
KH00118890,2025-12-01,62,Nam,Thủ thư học thuật,Hà Tĩnh,503390000,1861600000,1718994000,1506103000,716281000,344238000,372043000,136112000,459,31,1560525,13,0.480590717889,0.519409282111,0.190025981423,1.4229,0.3848,0,3.27853867113,78.1,50.2,Tương tác cao,Cần theo dõi,,12,Monitoring,55+,True,False,False,2. Monitoring + spend above income
KH00118925,2025-12-01,54,Nam,Chuyên viên vi lượng đồng căn,Phú Thọ,272010000,802300000,136005000,231342000,176673000,23628000,153045000,116377000,11,2,16061182,6,0.133738601824,0.866261398176,0.658714121569,0.6495,0.2202,7,0.593580586082,55,63.6,Tương tác trung bình,Ổn định,,12,Stable,45–54,False,False,False,4. Stable / healthy
KH00118930,2025-12-01,67,Nam,Nhà hóa sinh lâm sàng,Thành phố Hồ Chí Minh,109650000,543800000,370894000,317329000,163215000,86280000,76935000,23351000,106,31,1539764,14,0.528627883467,0.471372116533,0.143068958123,1.4885,0.3001,0,1.29884846004,75.4,56.3,Tương tác cao,Cần theo dõi,,12,Monitoring,55+,True,False,False,2. Monitoring + spend above income
KH00118965,2025-12-01,68,Nữ,Kỹ sư hàng không,Cần Thơ,392350000,1250800000,2043851000,2107229000,328972000,182149000,146823000,36309000,194,31,1695732,14,0.553691499581,0.446308500419,0.110371095412,0.8385,0.263,0,1.05212770588,75.4,62.7,Tương tác cao,Ổn định,,12,Stable,55+,False,False,False,4. Stable / healthy
KH00118970,2025-12-01,56,Nam,Kỹ sư cơ khí,Cần Thơ,154280000,622000000,709844000,635037000,229087000,80417000,148670000,15172000,117,30,1958009,14,0.351032577143,0.648967422857,0.0662281142099,1.4849,0.3683,0,2.65276625416,71.5,49.3,Tương tác cao,Cần theo dõi,,12,Monitoring,55+,True,False,False,2. Monitoring + spend above income
KH00119005,2025-12-01,83,Nam,Kỹ sư công trường,Ninh Bình,237620000,1003400000,1367485000,1398283000,206822000,105145000,101677000,36090000,108,29,1915019,14,0.508384021042,0.491615978958,0.174497877402,0.8704,0.2061,0,1.31287047224,76.3,61.6,Tương tác cao,Ổn định,,12,Stable,55+,False,False,False,4. Stable / healthy
KH00119010,2025-12-01,70,Nữ,Kỹ thuật viên y tế,Gia Lai,144430000,368600000,452168000,442884000,153714000,85710000,68004000,22664000,115,29,1336643,13,0.557593973223,0.442406026777,0.147442653239,1.0643,0.417,0,1.26826524041,73.7,53.8,Tương tác cao,Cần theo dõi,,12,Monitoring,55+,True,False,False,2. Monitoring + spend above income
KH00119045,2025-12-01,55,Nữ,Bác sĩ phẫu thuật thần kinh,Phú Thọ,334810000,1073600000,2048695000,1968523000,414982000,200303000,214679000,55448000,230,31,1804270,14,0.48267876679,0.51732123321,0.133615433922,1.2395,0.3865,0,3.10642372895,76.7,50.2,Tương tác cao,Cần theo dõi,,12,Monitoring,55+,True,False,False,2. Monitoring + spend above income
KH00119050,2025-12-01,22,Nữ,Chuyên viên thẩm định bồi thường,Phú Thọ,683600000,3341400000,3308241000,3257921000,733920000,352500000,381420000,103467000,641,31,1144961,14,0.480297580118,0.519702419882,0.140978580772,1.0736,0.2196,0,2.19455624661,77,54.3,Tương tác cao,Cần theo dõi,,12,Monitoring,<25,True,False,False,2. Monitoring + spend above income
KH00119085,2025-12-01,53,Nữ,Nhà hóa học phân tích,Thái Nguyên,125210000,503500000,76563000,7669000,194104000,98217000,95887000,29551000,119,31,1631126,14,0.506001937106,0.493998062894,0.152243127396,1.5502,0.3855,0,1.22880924498,76.2,35.5,Tương tác cao,Có dấu hiệu căng thẳng tài chính,,12,Stressed,45–54,True,True,False,1. Stressed
KH00119090,2025-12-01,23,Nữ,Quản lý năng lượng,Đồng Tháp,1106910000,4121600000,6080818000,5849981000,1337747000,322000000,1015747000,350824000,672,31,1990695,14,0.240703212192,0.759296787808,0.262249887311,1.2085,0.3246,0,1.07995208249,83.1,53.9,Tương tác rất cao,Cần theo dõi,,12,Monitoring,<25,True,False,True,2. Monitoring + spend above income
KH00119125,2025-12-01,43,Nữ,Kỹ sư điều khiển và tự động hóa,Vĩnh Long,1196210000,4607400000,6508446000,6282917000,1421739000,663701000,758038000,277615000,666,31,2134743,14,0.466823376161,0.533176623839,0.195264391003,1.1885,0.3086,0,1.31311765798,79.8,55.4,Tương tác cao,Cần theo dõi,,12,Monitoring,35–44,True,False,False,2. Monitoring + spend above income
KH00119130,2025-12-01,54,Nam,Nhà khoa học thổ nhưỡng,Đồng Nai,170100000,494200000,768226000,766843000,171483000,89147000,82336000,32799000,117,31,1465667,14,0.519859111399,0.480140888601,0.1912667728,1.0081,0.347,0,1.18520253715,78.1,55.6,Tương tác cao,Cần theo dõi,,12,Monitoring,45–54,True,False,False,2. Monitoring + spend above income
KH00119165,2025-12-01,53,Nam,Quản lý bán lẻ,Quảng Ngãi,294870000,1463700000,1532730000,1479512000,348088000,201618000,146470000,54026000,234,31,1487556,14,0.579215600653,0.420784399347,0.155207878468,1.1805,0.2378,0,1.23702194616,77.8,58.7,Tương tác cao,Cần theo dõi,,12,Monitoring,45–54,True,False,False,2. Monitoring + spend above income
KH00119170,2025-12-01,38,Nam,Nhân viên nghệ thuật cộng đồng,Đà Nẵng,270330000,1085200000,555606000,361685000,464251000,224267000,239984000,81714000,334,31,1389973,14,0.483072734361,0.516927265639,0.176012544938,1.7173,0.4278,0,2.50525298426,78.8,49.1,Tương tác cao,Cần theo dõi,,12,Monitoring,35–44,True,False,False,2. Monitoring + spend above income
KH00119205,2025-12-01,75,Nam,Chuyên viên tư vấn quản lý,Gia Lai,374880000,1101600000,1451557000,1305503000,520934000,261946000,258988000,93252000,339,31,1536678,14,0.502839131253,0.497160868747,0.179009241094,1.3896,0.4729,0,1.54638651236,79,50.5,Tương tác cao,Cần theo dõi,,12,Monitoring,55+,True,False,False,2. Monitoring + spend above income
KH00119210,2025-12-01,36,Nam,Chuyên viên dự toán xây dựng,Gia Lai,254260000,931100000,814438000,716512000,352186000,143978000,208208000,50945000,223,31,1579309,14,0.408812388908,0.591187611092,0.144653677318,1.3851,0.3782,0,2.99209557478,77.2,49.6,Tương tác cao,Cần theo dõi,,12,Monitoring,35–44,True,False,False,2. Monitoring + spend above income
KH00119245,2025-12-01,51,Nữ,Chuyên viên kinh doanh,Nghệ An,534180000,1493500000,2767881000,2492465000,809596000,274930000,534666000,73628000,339,31,2388189,14,0.339589128405,0.660410871595,0.090944125218,1.5156,0.5421,0,5.65986124545,74.5,44.8,Tương tác cao,Cần theo dõi,,12,Monitoring,45–54,True,False,False,2. Monitoring + spend above income
KH00119250,2025-12-01,62,Nam,Chuyên viên quan hệ công chúng,Lào Cai,93660000,412000000,89777000,0,198736000,119938000,78798000,39505000,124,31,1602710,13,0.603504146204,0.396495853796,0.198781297802,2.1219,0.4824,0,1.25613734507,77.2,22.7,Tương tác cao,Có dấu hiệu căng thẳng tài chính,,12,Stressed,55+,True,True,False,1. Stressed
KH00119285,2025-12-01,51,Nam,Nhà khoa học biển,Sơn La,234480000,725400000,1158320000,1247399000,145401000,69091000,76310000,14178000,104,29,1398087,13,0.475175548999,0.524824451001,0.0975096457383,0.6201,0.2004,0,1.08232613585,71,68.8,Tương tác cao,Ổn định,,12,Stable,45–54,False,False,False,4. Stable / healthy
KH00119290,2025-12-01,52,Nữ,Người bán sách,Cà Mau,446890000,1797000000,1709147000,1666719000,489318000,273283000,216035000,86032000,352,31,1390108,14,0.558497745842,0.441502254158,0.17582022325,1.0949,0.2723,0,1.14010899701,78.8,58.1,Tương tác cao,Cần theo dõi,,12,Monitoring,45–54,True,False,False,2. Monitoring + spend above income
KH00119325,2025-12-01,21,Nữ,Nhà môi giới tàu biển,Đà Nẵng,216170000,594000000,108085000,171216000,153039000,7816000,145223000,112393000,7,2,21862714,4,0.0510719489803,0.94892805102,0.734407569312,0.708,0.2576,23,0.353463639858,49,60.4,Tương tác trung bình,Ổn định,,12,Stable,<25,False,False,False,4. Stable / healthy
KH00119330,2025-12-01,48,Nữ,Chuyên viên làm vườn thương mại,Cà Mau,212640000,553900000,945428000,929851000,228217000,135999000,92218000,47204000,122,30,1870631,14,0.595919672943,0.404080327057,0.206838228528,1.0733,0.412,0,0.94847687063,78.6,55.9,Tương tác cao,Cần theo dõi,,12,Monitoring,45–54,True,False,False,2. Monitoring + spend above income
KH00119365,2025-12-01,26,Nam,Nhà hóa học phân tích,Lạng Sơn,264660000,914100000,932518000,872570000,324608000,163795000,160813000,64197000,236,31,1375458,14,0.504593232453,0.495406767547,0.197767769125,1.2265,0.3551,0,1.58681183351,79.9,53.2,Tương tác cao,Cần theo dõi,,12,Monitoring,25–34,True,False,False,2. Monitoring + spend above income
KH00119370,2025-12-01,37,Nữ,Chuyên viên công nghệ màu sắc,Khánh Hòa,275070000,1381700000,692456000,502550000,464976000,254844000,210132000,70413000,352,31,1320955,14,0.548079900898,0.451920099102,0.151433622381,1.6904,0.3365,0,1.97232078113,77.6,52.2,Tương tác cao,Cần theo dõi,,12,Monitoring,35–44,True,False,False,2. Monitoring + spend above income
KH00119405,2025-12-01,43,Nữ,Nhân viên cấp cứu,Bắc Ninh,503100000,2460800000,1856545000,1579867000,779778000,387823000,391955000,208518000,340,31,2293465,14,0.497350527971,0.502649472029,0.267406877342,1.5499,0.3169,0,1.34993592494,83.4,55.3,Tương tác rất cao,Cần theo dõi,,12,Monitoring,35–44,True,False,True,2. Monitoring + spend above income
KH00119410,2025-12-01,37,Nữ,Công chức diện đào tạo nhanh,Phú Thọ,173510000,667100000,798649000,746423000,225736000,100816000,124920000,28939000,109,30,2070972,14,0.446610199525,0.553389800475,0.12819842648,1.301,0.3384,0,1.12186335954,74.4,55.4,Tương tác cao,Cần theo dõi,,12,Monitoring,35–44,True,False,False,2. Monitoring + spend above income
KH00119445,2025-12-01,51,Nữ,Nhà văn khoa học,Hà Nội,426390000,1374400000,2303356000,2265219000,464527000,265821000,198706000,71471000,325,31,1429314,14,0.572240149658,0.427759850342,0.153857579861,1.0894,0.338,0,1.54205774242,77.7,54.6,Tương tác cao,Cần theo dõi,,12,Monitoring,45–54,True,False,False,2. Monitoring + spend above income
KH00119450,2025-12-01,61,Nam,Chuyên viên pháp lý nhà đất,Sơn La,262830000,851200000,616654000,546010000,333474000,179721000,153753000,51532000,217,31,1536747,14,0.53893556919,0.46106443081,0.154530788007,1.2688,0.3918,0,0.93184715711,77.7,55.9,Tương tác cao,Cần theo dõi,,12,Monitoring,55+,True,False,False,2. Monitoring + spend above income
KH00119485,2025-12-01,52,Nam,Bác sĩ đo mắt,Đồng Tháp,232940000,587100000,1490034000,1559941000,163033000,90710000,72323000,19355000,125,29,1304264,14,0.556390424025,0.443609575975,0.118718296296,0.6999,0.2777,0,1.75714055723,74,62.3,Tương tác cao,Ổn định,,12,Stable,45–54,False,False,False,4. Stable / healthy
KH00119490,2025-12-01,56,Nam,Giám đốc công nghệ,Hưng Yên,1308630000,5889600000,10376929000,11063799000,621760000,340113000,281647000,84362000,434,31,1432627,14,0.547016533711,0.452983466289,0.135682578487,0.4751,0.1056,0,1.39777527071,76.8,74,Tương tác cao,Ổn định,,12,Stable,55+,False,False,False,4. Stable / healthy
KH00119525,2025-12-01,56,Nam,Nhà sản xuất truyền hình,Đắk Lắk,215970000,1060200000,680548000,0,1119576000,158446000,961130000,55511000,218,31,5135670,14,0.141523219505,0.858476780495,0.0495821632475,5.1839,1.056,0,9.10992784021,72.5,1.4,Tương tác cao,Có dấu hiệu căng thẳng tài chính,,12,Stressed,55+,True,True,False,1. Stressed
KH00119530,2025-12-01,20,Nữ,Bác sĩ chuyên khoa bàn chân,Quảng Trị,522120000,2389300000,2990092000,3023639000,488573000,175986000,312587000,48390000,328,31,1489552,14,0.360204104607,0.639795895393,0.099043541088,0.9357,0.2045,0,6.448472946,75,55.1,Tương tác cao,Cần theo dõi,,12,Monitoring,<25,True,False,False,3. Monitoring without overspend
KH00119565,2025-12-01,53,Nam,Chuyên viên chăm sóc bàn chân,Thanh Hóa,106710000,511300000,210097000,161720000,155087000,99234000,55853000,33610000,111,29,1397180,14,0.639860207496,0.360139792504,0.216717068484,1.4534,0.3033,0,1.37321647592,78.5,57,Tương tác cao,Cần theo dõi,,12,Monitoring,45–54,True,False,False,2. Monitoring + spend above income
KH00119570,2025-12-01,26,Nữ,Chuyên viên thuế cấp cao,Gia Lai,487440000,1598100000,1873923000,1769055000,592308000,346187000,246121000,76251000,451,31,1313322,14,0.58447125482,0.41552874518,0.12873538767,1.2151,0.3706,0,1.25692308876,76.4,55.3,Tương tác cao,Cần theo dõi,,12,Monitoring,25–34,True,False,False,2. Monitoring + spend above income
KH00119605,2025-12-01,35,Nữ,Phi công hàng không,Bắc Ninh,1158570000,5061700000,7727094000,7726911000,1158753000,472123000,686630000,357438000,459,31,2524516,14,0.407440584836,0.592559415164,0.308467809792,1.0002,0.2289,0,1.67258824158,85.4,55,Tương tác rất cao,Cần theo dõi,,12,Monitoring,35–44,True,False,True,2. Monitoring + spend above income
KH00119610,2025-12-01,83,Nữ,Kỹ sư dầu khí,An Giang,344230000,1274400000,2277983000,2280314000,341899000,210197000,131702000,25156000,231,31,1480082,14,0.61479267269,0.38520732731,0.0735772845197,0.9932,0.2683,0,1.12992056662,73.7,59,Tương tác cao,Cần theo dõi,,12,Monitoring,55+,True,False,False,3. Monitoring without overspend
KH00119645,2025-12-01,58,Nữ,Kỹ sư vật liệu,Tây Ninh,372660000,1208000000,2664373000,2674944000,362089000,195316000,166773000,58651000,225,31,1609284,14,0.539414342883,0.460585657117,0.161979513324,0.9716,0.2997,0,1.41699110103,78.1,56.5,Tương tác cao,Cần theo dõi,,12,Monitoring,55+,True,False,False,3. Monitoring without overspend
KH00119650,2025-12-01,59,Nữ,Kỹ sư xây dựng dân dụng,Thành phố Hồ Chí Minh,761150000,3002000000,4847180000,4915129000,693201000,283448000,409753000,94981000,352,31,1969321,14,0.408897275105,0.591102724895,0.137017978912,0.9107,0.2309,0,3.05114276609,76.9,55.5,Tương tác cao,Cần theo dõi,,12,Monitoring,55+,True,False,False,3. Monitoring without overspend
KH00119690,2025-12-01,37,Nữ,Chuyên viên dựng phim,Thái Nguyên,578120000,2590400000,2508271000,2411369000,675022000,285337000,389685000,113857000,409,31,1650421,14,0.422707704341,0.577292295659,0.168671539594,1.1676,0.2606,0,3.12962281193,78.4,52.7,Tương tác cao,Cần theo dõi,,12,Monitoring,35–44,True,False,False,2. Monitoring + spend above income
KH00119725,2025-12-01,28,Nam,Chuyên viên tiếp thị,Đồng Tháp,224790000,799200000,1162555000,1171280000,216065000,78271000,137794000,58716000,94,30,2298564,13,0.362256728299,0.637743271701,0.271751556245,0.9612,0.2704,0,0.657127315564,79.7,59.5,Tương tác cao,Cần theo dõi,,12,Monitoring,25–34,True,False,False,3. Monitoring without overspend
KH00119730,2025-12-01,60,Nữ,Thanh tra công trình di tích,Ninh Bình,238990000,760700000,730101000,611248000,357843000,173259000,184584000,48863000,222,31,1611905,14,0.484176021328,0.515823978672,0.136548709909,1.4973,0.4704,0,1.31674285398,76.8,51.5,Tương tác cao,Cần theo dõi,,12,Monitoring,55+,True,False,False,2. Monitoring + spend above income
KH00119765,2025-12-01,52,Nữ,Chuyên viên tư vấn hướng nghiệp bậc đại học,Hà Nội,242910000,905400000,1100582000,946738000,396754000,205263000,191491000,86591000,244,31,1626041,14,0.517355842663,0.482644157337,0.218248587286,1.6333,0.4382,0,1.38606186152,80.9,52.3,Tương tác rất cao,Cần theo dõi,,12,Monitoring,45–54,True,False,True,2. Monitoring + spend above income
KH00119770,2025-12-01,34,Nam,Giám đốc tài chính,Ninh Bình,452420000,1160100000,3095587000,3255079000,292928000,88183000,204745000,42762000,104,31,2816615,14,0.301039845969,0.698960154031,0.145981265021,0.6475,0.2525,0,1.07243883886,75.5,65.1,Tương tác cao,Ổn định,,12,Stable,25–34,False,False,False,4. Stable / healthy
KH00119805,2025-12-01,70,Nữ,Biên tập viên đặt bài,Đồng Nai,432420000,1329800000,1687218000,1547955000,571683000,286617000,285066000,115540000,346,31,1652263,14,0.501356521009,0.498643478991,0.202105012743,1.3221,0.4299,0,1.98528236796,80.1,49.3,Tương tác rất cao,Cần theo dõi,,12,Monitoring,55+,True,False,True,2. Monitoring + spend above income
KH00119810,2025-12-01,93,Nữ,Nhà giao dịch tài chính,Đắk Lắk,196230000,825300000,1259843000,1146778000,309295000,82487000,226808000,170755000,105,29,2945667,14,0.266693609661,0.733306390339,0.552078113128,1.5762,0.3748,0,1.84596570373,95.1,49.1,Tương tác rất cao,Cần theo dõi,,12,Monitoring,55+,True,False,True,2. Monitoring + spend above income
KH00119845,2025-12-01,49,Nữ,Tổng giám đốc điều hành,Thành phố Hồ Chí Minh,735220000,3251800000,5146904000,5364042000,518082000,262143000,255939000,94261000,319,31,1624082,14,0.505987469165,0.494012530835,0.181942240804,0.7047,0.1593,0,1.94101177435,79.1,63.8,Tương tác cao,Ổn định,,12,Stable,45–54,False,False,False,4. Stable / healthy
KH00119850,2025-12-01,31,Nam,Chuyên viên dinh dưỡng vật nuôi,Đồng Nai,125330000,579000000,421551000,372998000,173883000,83178000,90705000,27708000,104,29,1671952,14,0.478356136022,0.521643863978,0.159348527458,1.3874,0.3003,0,2.38505498461,75.5,52.3,Tương tác cao,Cần theo dõi,,12,Monitoring,25–34,True,False,False,2. Monitoring + spend above income
KH00119885,2025-12-01,32,Nam,Giảng viên giáo dục thường xuyên,Bắc Ninh,270210000,1340500000,1274656000,1241974000,302892000,168017000,134875000,40742000,225,31,1346187,14,0.554709269311,0.445290730689,0.13450999036,1.121,0.226,0,1.18554312873,76.7,59,Tương tác cao,Cần theo dõi,,12,Monitoring,25–34,True,False,False,2. Monitoring + spend above income
KH00119890,2025-12-01,48,Nữ,Nghiên cứu viên lâm sàng,Đồng Tháp,172820000,506100000,633563000,564075000,242308000,111389000,130919000,54566000,97,27,2498021,14,0.459700051175,0.540299948825,0.225192729914,1.4021,0.4788,0,1.02354422846,77.9,52.5,Tương tác cao,Cần theo dõi,,12,Monitoring,45–54,True,False,False,2. Monitoring + spend above income
KH00119925,2025-12-01,27,Nữ,Nhà văn,Nghệ An,207690000,664500000,865059000,814189000,258560000,129918000,128642000,54040000,130,31,1988923,13,0.502467512376,0.497532487624,0.209003712871,1.2449,0.3891,0,1.03147690175,77.8,55.1,Tương tác cao,Cần theo dõi,,12,Monitoring,25–34,True,False,False,2. Monitoring + spend above income
KH00119965,2025-12-01,46,Nam,Kỹ sư ô tô,Hà Nội,759950000,2215000000,4598638000,4721207000,637381000,309021000,328360000,106675000,460,31,1385611,14,0.484829325003,0.515170674997,0.167364574721,0.8387,0.2878,0,2.3338396183,78.4,56.7,Tương tác cao,Cần theo dõi,,12,Monitoring,45–54,True,False,False,3. Monitoring without overspend
KH00119970,2025-12-01,33,Nữ,Cán bộ du lịch,An Giang,529230000,1677300000,1787163000,1458144000,858249000,395127000,463122000,262288000,592,31,1449745,14,0.460387370099,0.539612629901,0.305608279182,1.6217,0.5117,0,3.00396875221,85.3,46.8,Tương tác rất cao,Cần theo dõi,,12,Monitoring,25–34,True,False,True,2. Monitoring + spend above income
