consumer_id,health_nov,health_dec,health_change,spend_ratio_dec_nov,income_ratio_dec_nov,count_ratio_dec_nov,ticket_ratio_dec_nov,income_pressure_ratio_dec_nov,log_pressure_change,log_frequency_contribution,log_ticket_contribution,log_income_contribution
KH00100010,74.8,57,-17.8,2.19016266925,1.0193308122,2.00448430493,1.09263148824,2.14862794593,0.764829473744,0.695386823153,0.0885889961115,-0.019146345521
KH00100045,74.6,59.8,-14.8,2.16595347099,1.07375,1.85714285714,1.16628263823,2.01718600325,0.701703472494,0.619039208406,0.153821458404,-0.0711571943163
KH00100050,65.6,55.7,-9.9,1.80135154988,1.1817907488,2.0380952381,0.883840713724,1.52425592407,0.421506372346,0.712015664864,-0.123478420676,-0.167030871843
KH00100085,63.8,55.8,-8,1.43743564101,1.09462381221,1.68852459016,0.851296835938,1.31317775566,0.272449967471,0.523855124056,-0.160994402841,-0.0904107537446
KH00100125,67.2,54.5,-12.7,1.90567965434,0.99122994172,1.76744186047,1.07821348864,1.92254044609,0.653647460457,0.569533224593,0.0753054942874,0.00880874157693
KH00100130,65.2,55.7,-9.5,1.80088566385,1.09608401614,2,0.900442831927,1.64301790495,0.496534736713,0.69314718056,-0.104868601193,-0.091743842654
KH00100165,38.8,74.9,36.1,0.15389916476,0.961097538057,0.25,0.61559665904,0.16012855997,-1.83177828657,-1.38629436112,-0.485163304192,0.0396793787452
KH00100170,59.5,41.3,-18.2,3.03398529499,0.926884946517,1.88333333333,1.61096564336,3.27331380921,1.18580286908,0.63304325649,0.476833777683,0.0759258349086
KH00100210,73.6,60,-13.6,1.75691289088,0.942663972645,2.12903225806,0.825216660868,1.86377430544,0.622603628159,0.755667537541,-0.192109307892,0.0590453985106
KH00100245,52.2,60.4,8.2,0.816244568607,1.01678139662,1.76666666667,0.462025227514,0.802772917874,-0.219683397215,0.56909453189,-0.772135784384,-0.0166421447218
KH00100250,69.6,52.9,-16.7,2.04162109385,0.945709691566,1.95535714286,1.0441167238,2.15882433273,0.769563783115,0.670572858521,0.0431712876146,0.0558196369794
KH00100285,74.3,56.3,-18,2.5327564647,1.0875063057,2.20720720721,1.14749374523,2.32895795769,0.845420939081,0.791728009232,0.137580212157,-0.083887282309
KH00100290,64,56.9,-7.1,1.96395842932,1.00017494752,2.82608695652,0.69493913653,1.96361489978,0.674787111162,1.03889305397,-0.36393101059,-0.000174932214213
KH00100325,72.6,61.6,-11,1.66506054119,1.0170055317,1.81491712707,0.917430617823,1.63721876557,0.492998927561,0.596039806659,-0.0861783228143,-0.0168625562832
KH00100330,68,57.2,-10.8,1.87819769217,0.976575657055,1.93832599119,0.968979263913,1.92324852519,0.654015696524,0.661824709431,-0.0315120667906,0.0237030538834
KH00100370,69.5,49.5,-20,2.47796450377,0.986576572491,2.35294117647,1.0531349141,2.51167985625,0.920951794723,0.855666110058,0.0517713484991,0.0135143361658
KH00100405,70.1,54.9,-15.2,1.85930021598,0.971413802016,1.84615384615,1.00712095032,1.91401461676,0.649202929763,0.613104472886,0.00709571608092,0.0290027407959
KH00100410,71.7,56,-15.7,1.79535252076,0.888329135181,1.7868852459,1.00473856667,2.02104428377,0.703614349994,0.580474018056,0.00472737500063,0.118412956937
KH00100445,58.6,53.1,-5.5,1.75540184239,1.08823355594,2.08720930233,0.841028180754,1.61307453975,0.478142009951,0.735827911675,-0.173130110945,-0.0845557907792
KH00100450,63.7,49.3,-14.4,2.207351915,1.03762720943,1.9606741573,1.12581272456,2.12730727852,0.754856991471,0.67328837191,0.118505196663,-0.0369365771023
KH00100485,65,49.2,-15.8,2.31008318859,1.07207999713,1.70661157025,1.35360806692,2.15476754979,0.767682852212,0.534509866804,0.302773669458,-0.0696006840505
KH00100490,71.3,50.9,-20.4,2.70307742659,1.11489714031,1.96428571429,1.37611214444,2.42450835046,0.885628761756,0.675128675057,0.319262236512,-0.108762149813
KH00100525,72.7,56.7,-16,2.31562790122,0.993337813751,2.25,1.0291679561,2.33115851341,0.846365360063,0.810930216216,0.0287506661734,0.0066844776734
KH00100530,72.7,54.6,-18.1,2.25091657664,1.02269589591,2.02469135802,1.11173318724,2.20096373285,0.788895324831,0.705417273152,0.105920227508,-0.0224421758294
KH00100565,72.7,58,-14.7,1.74640401746,0.921980235413,1.73228346457,1.00815141008,1.8941881294,0.638790318974,0.549440459894,0.00811836677908,0.0812314923011
KH00100570,60.4,34.3,-26.1,2.28370096174,0.935243189977,2.06134969325,1.1078668356,2.44182581195,0.892746043066,0.723360959156,0.102436396629,0.0669486872808
KH00100605,71.1,53.9,-17.2,2.00254928093,0.986914947157,2.01612903226,0.993264443342,2.0291001638,0.707592425717,0.701179352257,-0.00675834289562,0.0131714163555
KH00100610,61.1,50.1,-11,1.91708652134,1.04459063721,1.90684931507,1.00536864984,1.83525148805,0.607181522823,0.645452306752,0.00535429001328,-0.043625073942
KH00100645,51.5,59.8,8.3,0.973553113146,1.01333170254,2.01639344262,0.482819023593,0.96074474992,-0.0400465141167,0.701310491199,-0.728113387899,-0.0132436174172
KH00100690,77.7,60.4,-17.3,2.25637786211,0.873381821509,1.9125,1.1798054181,2.58349533565,0.949143263306,0.648411286719,0.165349524963,0.135382451625
KH00100725,65.8,50.5,-15.3,2.10248943874,1.18548598376,1.609375,1.30640120466,1.77352534535,0.572969286274,0.47584590487,0.267276184793,-0.170152803389
KH00100730,73.6,51.1,-22.5,2.74824923685,0.844680010535,1.9703264095,1.39481926629,3.25359805201,1.17976147689,0.678199219124,0.332764848666,0.168797409102
KH00100765,60.7,48.9,-11.8,2.03709509164,1.1793632272,2.20183486239,0.925180687455,1.72728388053,0.546550163498,0.789291041113,-0.0777662227569,-0.164974654858
KH00100770,65.1,55.6,-9.5,1.77058768821,1.02447899438,1.68852459016,1.04860047554,1.72828110476,0.547127333518,0.523855124056,0.0474563946556,-0.0241841851937
KH00100805,62.3,56.4,-5.9,1.75331216256,1.08248695583,2.34285714286,0.748364947434,1.61970742753,0.482245532644,0.851371185775,-0.289864522351,-0.0792611307795
KH00100810,61.5,51.6,-9.9,1.63222364471,0.938209640398,1.74015748031,0.937974673656,1.73972167246,0.553725142074,0.553975615059,-0.0640323307067,0.0637818577218
KH00100845,70.6,62,-8.6,1.64589901982,1.02777379807,1.9367816092,0.849811363348,1.60142146346,0.470891649504,0.661027631138,-0.1627408796,-0.0273951020345
KH00100850,78.5,66.3,-12.2,2.00613449858,1.04949108356,2.32214765101,0.863913411238,1.91153076953,0.647904371086,0.842492469112,-0.146282733675,-0.0483053643512
KH00100885,67.2,53.7,-13.5,1.77053956983,0.90271535004,2.16993464052,0.815941428264,1.96134869065,0.673632344078,0.774697047524,-0.203412705683,0.102348002236
KH00100890,53.9,52,-1.9,1.27446679307,1.08637923318,1.68055555556,0.758360405797,1.17313250673,0.159677527252,0.519124426581,-0.276596536951,-0.0828503623774
KH00100925,64.5,50.8,-13.7,2.14093471668,0.928840824738,1.88372093023,1.13654559034,2.30495329195,0.835060412449,0.633249038979,0.127993478189,0.0738178952813
KH00100930,71.7,51.5,-20.2,2.41275946097,0.952531760766,1.9751552795,1.22155431829,2.53299633707,0.929402924937,0.680647017796,0.20012407924,0.0486318279011
KH00100965,76.8,58.1,-18.7,2.45036303434,1.10388916906,2.28472222222,1.07249932202,2.21975457592,0.797396638387,0.826244451189,0.0699917396732,-0.0988395524755
KH00100970,73.2,57.2,-16,2.36541701487,0.944454006737,2.0380952381,1.16060180636,2.50453383436,0.91810262315,0.712015664864,0.148938669175,0.0571482891105
KH00101005,65.9,49.7,-16.2,2.70351753083,1.12800381437,1.88,1.43804123981,2.39672729507,0.874104179713,0.631271776842,0.363281937473,-0.120449534602
KH00101010,65.4,46.7,-18.7,2.64562226581,1.04016507636,1.98928571429,1.32993578892,2.54346384621,0.93352687099,0.687775636758,0.285130662059,-0.0393794278276
KH00101045,67.4,53.8,-13.6,1.93280919112,0.925015962661,2.03180212014,0.951278262761,2.08948739172,0.736918768775,0.708923143154,-0.049948659067,0.0779442846879
KH00101050,78.6,64,-14.6,2.01192822779,0.89515297353,2.09803921569,0.95895644502,2.24758034356,0.809854234694,0.741003201738,-0.0419096222103,0.110760655167
KH00101085,65.7,50.8,-14.9,2.20780160704,1.0592743384,1.94915254237,1.13269821579,2.08425855985,0.734413185221,0.667394684458,0.124602588039,-0.057584087275
KH00101090,66,52.8,-13.2,1.74964908089,0.922466543953,2.2012987013,0.794825836157,1.89670735742,0.640119413065,0.789047504967,-0.229632262345,0.0807041704427
KH00101125,65.5,57.2,-8.3,1.49477578122,1.12014159292,1.6062992126,0.930571197134,1.33445252874,0.288521116912,0.473932907386,-0.0719566909064,-0.113455099567
KH00101130,75.7,64,-11.7,1.82744711769,0.846402404659,1.96407185629,0.930438014189,2.15907599935,0.769680352093,0.675019795967,-0.0720998207132,0.166760376839
KH00101165,72.2,65,-7.2,1.71625487902,0.880660947092,1.8972972973,0.904578782389,1.94882591841,0.667227098119,0.640430398388,-0.100285877454,0.127082577186
KH00101170,69.2,53.6,-15.6,2.06976717911,1.07079668322,1.87150837989,1.10593529869,1.93292266548,0.659033191913,0.626744725984,0.100691401107,-0.0684029351779
KH00101205,68.3,63.2,-5.1,1.19963985995,0.850867615972,1.64173228346,0.730715885914,1.40990189005,0.343520120447,0.49575195478,-0.313730559742,0.161498725409
KH00101210,64.4,53.5,-10.9,1.99425890565,1.10172109033,2.2125,0.901359957357,1.81013046146,0.593398920837,0.7941230979,-0.103850592436,-0.0968735846262
KH00101245,74.1,51.4,-22.7,3.06399658465,1.02769292203,1.99134199134,1.53865915446,2.98143202017,1.09240372877,0.688808778961,0.430911358244,-0.0273164084329
KH00101250,77.3,73.1,-4.2,2.03132232571,1.05656606485,1.91150442478,1.06268251299,1.92257010071,0.653662885043,0.647890588972,0.0607963839949,-0.0550240879242
KH00101285,83.2,78.4,-4.8,1.90669371197,1.01129474826,1.84210526316,1.03506230078,1.8853986093,0.634139262366,0.610909082323,0.0344616188984,-0.0112314388552
KH00101290,77.1,64.1,-13,2.279082498,0.907635064742,2.45454545455,0.928515091779,2.51101195462,0.920685841066,0.897941593206,-0.074168644386,0.0969128922461
KH00101325,63.1,52.5,-10.6,1.59344229541,0.867473903967,1.76630434783,0.902133484173,1.83687634651,0.608066491236,0.568889424721,-0.102992782981,0.142169849496
KH00101330,75.5,62.7,-12.8,1.85748685687,0.979871594656,1.87391304348,0.991234285568,1.89564313018,0.639558163639,0.628028781181,-0.00880435930558,0.0203337417638
KH00101365,67.1,50.3,-16.8,2.16372687476,0.971050940286,2.00568181818,1.07879866844,2.22823209885,0.801208490271,0.695984061895,0.0758480779833,0.0293763503927
KH00101370,64.4,53.3,-11.1,2.17831456734,1.07268097911,2.22222222222,0.980241555304,2.03071985965,0.708390340857,0.798507696218,-0.0199562526854,-0.0701611026751
KH00101405,64.3,56.2,-8.1,1.95844721086,1.15146571233,1.8908045977,1.03577451273,1.70082981185,0.531116256586,0.637002451551,0.0351494683452,-0.14103566331
KH00101410,61.8,52.4,-9.4,2.02885401192,0.90035558429,1.95977011494,1.03525102075,2.25339193461,0.812436607533,0.672827178069,0.0346439294324,0.104965500032
KH00101445,70.5,47.6,-22.9,2.63383963849,0.97390193792,1.765625,1.49173218463,2.7044197531,0.994887380266,0.568504735353,0.399937984752,0.0264446601618
KH00101450,76.4,59.5,-16.9,2.19140558124,1.02318566274,2.34482758621,0.934570027292,2.14174774045,0.761622196857,0.85221187519,-0.0676687193222,-0.02292095901
KH00101485,70.9,46.8,-24.1,2.87120504679,0.872534675484,2.01785714286,1.42289807629,3.29064864408,1.1910847016,0.702036127977,0.352695690603,0.13635288302
KH00101490,64.5,54.7,-9.8,1.84882976797,1.10250374792,2.09467455621,0.882633420304,1.6769373995,0.516969153286,0.739398198211,-0.124845317121,-0.0975837278033
KH00101525,73.5,61.7,-11.8,2.11867475988,1.11518513183,2.19607843137,0.964753685304,1.8998412904,0.641770351316,0.786673238571,-0.0358824586141,-0.109020428641
KH00101530,63.7,59.8,-3.9,1.40251982396,1.05144862605,1.36231884058,1.02950923248,1.33389286858,0.288101635856,0.309188277673,0.0290822153711,-0.0501688571881
KH00101565,65.7,60.4,-5.3,1.63918232019,1.04480027049,1.93975903614,0.845044301713,1.56889538267,0.450371793818,0.662563757188,-0.168366224936,-0.0438257384338
KH00101570,60.5,57.9,-2.6,1.34091427702,1.11175006437,1.49275362319,0.898282379752,1.20612925512,0.187416269279,0.400622483632,-0.107270806043,-0.10593540831
KH00101605,65.3,46.7,-18.6,2.27119388645,0.992446652155,1.86283185841,1.21921572052,2.28847956867,0.827887653245,0.62209783441,0.198207799993,0.00758201884245
KH00101645,61,50.2,-10.8,1.83895490797,0.924351292337,2.07975460123,0.884217256635,1.98945457557,0.687860518539,0.732249906574,-0.123052481115,0.0786630930807
KH00101650,76.3,55.5,-20.8,2.16565048062,1.10008282717,1.96396396396,1.10269359334,1.96862493181,0.677335294876,0.674964861477,0.0977559077939,-0.0953854743944
KH00101685,69.4,52.5,-16.9,1.85616951411,0.953300725361,1.7380952381,1.0679331451,1.9470975577,0.666339831813,0.552789822865,0.0657251403598,0.0478248685881
KH00101690,65.4,51.5,-13.9,1.92872838029,0.850360156167,2.18139534884,0.884171858768,2.26813117513,0.818956221552,0.779964740319,-0.123103824869,0.162095306102
KH00101725,68.6,55.5,-13.1,1.63457683854,1.07483868942,1.67676767677,0.974837994071,1.52076479441,0.419213362538,0.516867938222,-0.0254839817173,-0.0721705939668
KH00101730,72.2,52.7,-19.5,2.21870451332,1.12741318096,1.92280701754,1.15388829616,1.96796041663,0.676997684926,0.653786106679,0.143137366312,-0.119925788065
KH00101765,62.3,55,-7.3,1.59955460685,1.02009349318,1.72,0.929973608635,1.56804706387,0.449830936704,0.542324290825,-0.0725990710488,-0.0198942830726
KH00101770,70.4,61.7,-8.7,1.21140970563,0.921243054658,1.50819672131,0.803217304821,1.3149729591,0.273816101994,0.410914712876,-0.21912998543,0.0820313745483
KH00101805,61.4,62.8,1.4,0.958791140344,0.896060324572,2.01520912548,0.475777490397,1.07000735782,0.0676655249188,0.700722974368,-0.742804991191,0.109747541742
KH00101810,68,47.6,-20.4,2.76517873058,0.960030728213,1.92,1.44019725551,2.8803023167,1.05789525972,0.65232518604,0.3647800872,0.0407899864768
KH00101845,70.8,50.2,-20.6,2.97074435933,1.02124825574,2.33928571429,1.26993652002,2.90893457358,1.06778688823,0.849845632466,0.238966914985,-0.0210256592251
KH00101850,62.1,54.6,-7.5,1.91388573911,0.972828464492,2.38311688312,0.803101917775,1.96734142654,0.67668310164,0.868409245641,-0.219273651825,0.0275475078238
KH00101885,60.6,62.7,2.1,1.26254347497,1.09905004634,2.32142857143,0.543864881527,1.14875885696,0.138682104742,0.84218275972,-0.609054442523,-0.0944462124549
KH00101890,76,59.6,-16.4,2.42941752553,0.881609361456,2.13461538462,1.13810550746,2.755662124,1.01365774912,0.758286482731,0.129365044462,0.126006221928
KH00101925,56.8,51.3,-5.5,1.44979884794,1.10479761362,1.9,0.763052025229,1.31227550645,0.271762658146,0.641853886172,-0.270429064925,-0.0996621631018
KH00101930,64.6,49.7,-14.9,2.48491928632,1.12598759664,2.72727272727,0.911137071651,2.20687980378,0.791579664432,1.00330210886,-0.0930619301964,-0.118660514236
KH00101965,71.3,21.9,-49.4,3.77343054669,0.998391031297,2.25,1.67708024297,3.77951166267,1.32959481152,0.810930216216,0.517054330816,0.00161026448321
KH00101970,73.7,55.2,-18.5,2.17373228715,0.894975895454,2.19230769231,0.991527008175,2.42881657282,0.887404131656,0.784954729813,-0.00850909168064,0.110958493524
KH00102010,62,42.4,-19.6,3.10067761489,1.09497154585,2,1.55033880745,2.83174263901,1.04089229564,0.69314718056,0.438473492493,-0.0907283774086
KH00102045,63.1,50.2,-12.9,2.36959646476,0.957523705102,2.39310344828,0.99017719709,2.47471310855,0.906124473563,0.872591037526,-0.00987136491005,0.0434048009467
KH00102050,77.9,51.8,-26.1,3.00295886273,0.925617262605,1.92771084337,1.55778491004,3.24427707223,1.17689254328,0.656333207437,0.443264882744,0.0772944530987
KH00102090,59.7,57.3,-2.4,1.27665388036,0.840625665539,1.81147540984,0.704759155672,1.51869486347,0.417851323561,0.594141656784,-0.349899157697,0.173608824473
KH00102125,72.7,60.9,-11.8,1.85422127219,0.984149641288,1.75609756098,1.05587600222,1.88408469038,0.633442127574,0.563094052312,0.0543707562499,0.0159773190125
KH00102130,50.7,57.8,7.1,1.09208858656,0.972589851345,1.9606741573,0.556996471081,1.12286652492,0.115884812881,0.67328837191,-0.585196374657,0.0277928156285
KH00102165,50.8,55.9,5.1,1.14202194207,0.848769405528,2.19607843137,0.520027848619,1.34550318924,0.296768061481,0.786673238571,-0.653872913804,0.163967736714
KH00102170,71.8,53.2,-18.6,2.30102920175,1.07243731386,2.08536585366,1.10341751195,2.14560718096,0.76342258037,0.734944309238,0.0984121926309,-0.0699339214993
KH00102205,62.2,54.1,-8.1,1.70595358835,1.1372587249,1.80487804878,0.945190501653,1.50005759552,0.405503504382,0.5904930265,-0.0563687827534,-0.128620739364
KH00102210,65.2,51.2,-14,1.98731572594,0.932883522727,1.703125,1.16686427945,2.13029352274,0.756259774332,0.532464798869,0.15432004787,0.0694749275924
KH00102245,77.4,60.8,-16.6,2.33694568963,1.01403601695,2.14220183486,1.09090826625,2.3045983087,0.834906391719,0.76183419488,0.0870106210516,-0.0139384242119
KH00102250,53.8,62,8.2,1.03907699593,1.124955891,1.82456140351,0.56949412277,0.923660211252,-0.0794110117126,0.601339631307,-0.56300681613,-0.117743826889
KH00102285,62.3,54.1,-8.2,1.94047696917,0.879952943693,2.22641509434,0.871570164117,2.20520538408,0.790820649267,0.800392710914,-0.137458907662,0.127886846016
KH00102290,55.6,56.2,0.6,1.38322503203,0.930362168568,2.04294478528,0.677074114777,1.48675975739,0.396599092485,0.714392289174,-0.389974536764,0.0721813400751
KH00102325,71.8,52.5,-19.3,2.23126891859,1.07851657235,1.78632478632,1.2490835573,2.0688313706,0.72698389259,0.580160317167,0.222410128264,-0.0755865528416
KH00102330,68.3,65.4,-2.9,1.54968690349,1.0956549589,1.86931818182,0.82901183895,1.41439318182,0.346700592343,0.625573755727,-0.187520842948,-0.0913523204366
KH00102365,68.1,55.4,-12.7,1.46456338114,1.00766917293,1.54385964912,0.948637644603,1.45341687578,0.373917250375,0.434285546644,-0.0527283819454,-0.00763991432327
KH00102370,66.9,60,-6.9,1.82888213894,1.04280175492,2.35714285714,0.775889392276,1.75381574715,0.561793841195,0.857450231851,-0.253745304685,-0.0419110859709
KH00102405,68.1,55.1,-13,1.9657940191,1.00430315744,1.87445887446,1.04872613952,1.9573711429,0.671602319336,0.628320017481,0.0475762271907,-0.00429392533512
KH00102410,75.3,59.3,-16,2.07444699331,0.946696989679,2.13907284768,0.969787913279,2.19124705785,0.78447081457,0.760372486408,-0.0306778774951,0.0547762056574
KH00102445,68.2,52.4,-15.8,2.1680328694,1.12806152143,2.03680981595,1.06442577624,1.92191013363,0.653319552757,0.71138476811,0.0624354765149,-0.120500691867
KH00102450,77.5,64.6,-12.9,1.83654949755,0.981794912814,1.84210526316,0.996984012957,1.87060400658,0.626261376886,0.610909082323,-0.00302054429764,0.0183728388608
KH00102485,67,47.9,-19.1,2.24279911785,0.936850479837,1.57746478873,1.42177444078,2.39397765825,0.872956274699,0.455818994254,0.351905697688,0.0652315827566
KH00102525,78,57.1,-20.9,2.63514656555,1.18566711439,2.38775510204,1.1036083907,2.22250118398,0.798633221132,0.870353636687,0.0985851663602,-0.170305581915
KH00102530,69.5,58.6,-10.9,1.87481396126,1.04985453753,2.04716981132,0.915807741443,1.78578450084,0.579857814948,0.716458259428,-0.0879488255919,-0.0486516188886
KH00102565,68.7,60.5,-8.2,1.65265499827,1.11008819517,1.61577608142,1.02282427452,1.48876008722,0.397943617298,0.479815387023,0.0225676975491,-0.104439467274
KH00102570,73.1,64.9,-8.2,1.5676521266,0.997310039626,1.61983471074,0.96778524142,1.57188042265,0.452272624096,0.482324113634,-0.0327450743565,0.00269358481831
KH00102605,67.8,51.5,-16.3,1.97959448726,0.90002034864,1.80869565217,1.09448733671,2.19949970049,0.788229925633,0.592605951338,0.0902860679813,0.105337906313
KH00102610,64.1,59.3,-4.8,1.52607542204,0.984453033396,2.03636363636,0.749412037609,1.55017595586,0.438368444397,0.711165686063,-0.288466329755,0.0156690880891
KH00102645,62.1,58,-4.1,1.68350783583,1.01794081015,1.90625,0.883151651585,1.65383666618,0.503097840927,0.645137961374,-0.124258347276,-0.0177817731704
KH00102650,61,46,-15,2.09116852848,0.925202047102,1.87727272727,1.11393965198,2.26022903325,0.815466150297,0.629820046609,0.107902967666,0.0777431360226
KH00102685,64.1,58.8,-5.3,1.52563277779,1.14458533427,1.99576271186,0.764435956599,1.33291309273,0.287366842317,0.691026288991,-0.268617028739,-0.135042417936
KH00102690,60.6,55.4,-5.2,1.49820302086,1.17641489016,1.60447761194,0.933763743233,1.27353286106,0.24179481884,0.472798228177,-0.0685318243212,-0.162471585016
KH00102725,74.7,51.5,-23.2,2.98790056706,1.05688086539,2.32075471698,1.28746935003,2.82709306687,1.03924899889,0.84189244182,0.252678547473,-0.0553219904048
KH00102730,55.7,24.4,-31.3,1.88761683058,0.872813774354,2.25490196078,0.837117029212,2.16267992788,0.771348160008,0.813106495639,-0.177791398419,0.136033062789
KH00102765,72,57.3,-14.7,1.89667478205,0.935675657888,1.81557377049,1.04466963165,2.02706436366,0.706588620129,0.596401544752,0.0437006934701,0.0664863819072
KH00102770,77.1,59.9,-17.2,2.31414498358,0.976401759664,2.03592814371,1.13665356546,2.37007457297,0.86292142004,0.710951805193,0.128088476577,0.0238811382694
KH00102805,70.4,53.8,-16.6,1.90622122479,0.955045752762,2.00892857143,0.94887456523,1.99594754417,0.691118897066,0.697601530909,-0.0524786648405,0.0459960309972
KH00102810,63,50.9,-12.1,2.13860404213,1.01017476979,2.42718446602,0.881104865359,2.11706340931,0.750029944141,0.886731929633,-0.12657863021,-0.0101233552821
KH00102845,70.9,59.4,-11.5,1.72972910895,0.980610443597,1.75213675214,0.987211247544,1.76393094754,0.567544811435,0.560836044341,-0.0128712325164,0.019579999611
KH00102850,66.2,52.1,-14.1,2.12601038206,1.01446229295,2.04659498208,1.0388036718,2.09570172971,0.739888451807,0.716177427835,0.038069735452,-0.0143587114796
KH00102885,73.6,58.9,-14.7,1.97561540838,0.985155010897,1.83428571429,1.07704889865,2.00538533178,0.695836227721,0.606655149207,0.0742247997914,0.0149562787226
KH00102890,74.8,42.8,-32,4.12068264106,0.974693012529,1.76963350785,2.32855143326,4.22767229076,1.44165155572,0.570772467436,0.845246371779,0.0256327165076
KH00102925,69.7,47.3,-22.4,2.95053945297,1.04661016949,1.82203389831,1.6193658393,2.81913891053,1.03643148744,0.599953403662,0.482034615384,-0.0455565316024
KH00102930,67.1,54.1,-13,1.82758550414,0.89791189546,1.96226415094,0.931365689609,2.03537286161,0.710679026491,0.674098985589,-0.0711032865513,0.107683327453
KH00102965,67.1,50.1,-17,2.23752877425,1.15238909533,1.81065088757,1.23575935571,1.94164348076,0.663534769472,0.593686387029,0.211685644056,-0.141837261613
KH00102970,69.5,59.9,-9.6,1.5723703242,0.896444450042,1.80833333333,0.869513543339,1.7540075396,0.561903192457,0.592405610758,-0.139821369301,0.109318951
KH00103005,50.9,47.9,-3,1.71748508228,0.913064178252,2.01785714286,0.851143049628,1.8810124449,0.631810166406,0.702036127977,-0.161175068615,0.0909491070441
KH00103010,75.4,67.7,-7.7,1.72868350475,0.992090099529,2.04867256637,0.843806635149,1.74246623928,0.55530148859,0.717192054814,-0.169831915908,0.00794134968406
KH00103045,63.4,53.4,-10,2.09292318623,1.04765006514,1.81355932203,1.15404175689,1.99773116604,0.692012119641,0.595291390556,0.143270351912,-0.0465496228272
KH00103050,67.9,58.8,-9.1,1.57435027926,0.896199765899,1.58706467662,0.991988733954,1.75669570465,0.563434603907,0.461886194726,-0.00804352866338,0.109591937845
KH00103085,71,53.6,-17.4,2.09991547935,0.988887325925,1.83333333333,1.14540844328,2.12351339157,0.753071977117,0.60613580357,0.135761292422,0.0111748811248
KH00103090,51,55.5,4.5,1.03522880859,1.0230560087,1.97076023392,0.525294143231,1.01189846869,0.0118282384521,0.67841937385,-0.643796900464,-0.0227942349335
KH00103125,72.9,48.9,-24,2.66765813679,1.02282496821,2.16334661355,1.23311637631,2.60812770483,0.958632609441,0.771656380802,0.209544604405,-0.0225683757664
KH00103130,69.9,54.1,-15.8,2.11109430991,1.13278772089,1.96296296296,1.07546313901,1.86362746611,0.62252483905,0.674455047548,0.0727513957894,-0.124681604287
KH00103165,55.5,54.2,-1.3,1.31739139103,0.932096698587,1.76033057851,0.748377269084,1.41336343432,0.345972278216,0.565501620113,-0.289848057727,0.0703187158299
KH00103170,83.6,73.5,-10.1,2.22677302634,1.09689922481,2.2380952381,0.994941139428,2.03006162825,0.708066151338,0.805625163987,-0.00507169992726,-0.0924873127216
KH00103205,74.9,58.4,-16.5,1.8427702913,0.962042264881,1.82065217391,1.01214845851,1.91547747804,0.649966927345,0.599194774216,0.0120752582357,0.0386968948933
KH00103210,78.9,50.9,-28,3.34550079428,0.859650750932,1.86390532544,1.79488772773,3.89169763495,1.35884547244,0.622673923903,0.584942472757,0.151229075785
KH00103245,65.4,47.5,-17.9,2.36510386376,1.12210721322,1.98538011696,1.19125997262,2.10773430194,0.745613580013,0.685810390496,0.175011547507,-0.115208357991
KH00103250,64.3,48.2,-16.1,2.16382629123,1.01805259417,1.82729805014,1.18416713194,2.12545629137,0.753986504677,0.602838400456,0.169039685231,-0.0178915810099
KH00103285,66.1,63.6,-2.5,1.5288719181,1.0005598093,2.44055944056,0.626443221457,1.52801652024,0.423970502359,0.892227291943,-0.467697136914,-0.000559652668895
KH00103290,57.5,56.6,-0.9,1.42482235907,1.05273754943,1.7868852459,0.79737765049,1.35344498717,0.302653184374,0.580474018056,-0.226426872407,-0.0513939612754
KH00103325,72.6,54.5,-18.1,2.13353906827,0.933898876696,1.86982248521,1.14103829917,2.28455041708,0.826169250975,0.625843498664,0.131938636635,0.0683871156769
KH00103330,67.6,51.2,-16.4,2.1918417109,1.15222362403,2.2427184466,0.977314702265,1.90227110882,0.643048492779,0.807688722292,-0.0229465679927,-0.14169366152
KH00103365,76.8,50.5,-26.3,3.16820108917,0.916127339514,2.09615384615,1.51143538199,3.45825405762,1.24076385409,0.740104163648,0.413059783408,0.0875999070336
KH00103370,70.6,60.3,-10.3,1.39221397127,0.965504533058,1.64516129032,0.84624770803,1.4419548781,0.365999747183,0.497838428239,-0.166943163144,0.0351044820877
KH00103405,68.2,46.1,-22.1,2.81056609943,0.995248875992,2.07100591716,1.35710191658,2.82398319378,1.0381483684,0.72803443956,0.305351482367,0.00476244647439
KH00103410,61.1,54,-7.1,1.86588224959,0.958387843414,1.89915966387,0.982477821687,1.94689682513,0.666236733273,0.641411506161,-0.0176775088405,0.0425027359527
KH00103445,63.3,54.9,-8.4,1.64705828286,1.10827538248,1.77586206897,0.927469712677,1.48614532895,0.396185740269,0.574285977683,-0.0752951398296,-0.102805097585
KH00103450,73,52.5,-20.5,2.54555542909,1.16408525755,2.06542056075,1.23246348829,2.1867431209,0.782413277505,0.725333867056,0.209015002393,-0.151935591944
KH00103485,62.7,50.9,-11.8,2.26907460068,0.954021850348,2.125,1.06779981209,2.37843043097,0.866440787345,0.753771802376,0.0656002811012,0.0470687038672
KH00103490,64.9,49.2,-15.7,2.3195624761,1.01747976879,1.97767857143,1.17287131974,2.27971360931,0.824049825125,0.68192371819,0.159454861815,-0.0173287548801
KH00103525,79.1,61.3,-17.8,2.43631786062,1.03994464945,2.3125,1.05354285865,2.34273801198,0.851320335939,0.838329190404,0.0521586355854,-0.0391674900509
KH00103530,74.5,51.3,-23.2,2.55973719818,0.918120755,2.06603773585,1.23895955711,2.78801800769,1.02533095188,0.725632635704,0.214271960555,0.0854263556179
KH00103565,69.8,55.8,-14,2.05049954621,0.962129720623,2.07423580786,0.988556623328,2.13120902749,0.756689437225,0.72959280048,-0.0115093559398,0.0386059926844
KH00103570,70.6,59.5,-11.1,1.81918554037,0.935335252982,1.76923076923,1.02823530543,1.94495560236,0.665239150259,0.570544858468,0.0278440371698,0.0668502546211
KH00103605,64.7,49.3,-15.4,2.13741400305,1.13665898135,1.99382716049,1.07201569193,1.88043559073,0.631503447202,0.69005598799,0.0695407005372,-0.128093241325
KH00103610,71.1,50.5,-20.6,3.12833868434,1.11716331269,1.98214285714,1.57826095786,2.80025189584,1.02970937594,0.684178510577,0.456323581288,-0.110792715929
KH00103645,52.4,57.4,5,1.00462825059,0.927245193574,1.47142857143,0.682757063505,1.08345479443,0.0801548193197,0.38623374618,-0.381616173014,0.0755372461536
KH00103650,47.1,45.5,-1.6,1.24962823238,1.01127940703,2.06896551724,0.603986978985,1.23569037766,0.211629824139,0.727048732236,-0.504202639252,-0.0112162688446
KH00103690,53.7,53.8,0.1,1.18547668341,1.05109939883,1.90717299578,0.621588437984,1.12784450712,0.12030829528,0.645622038697,-0.475477080513,-0.0498366629039
KH00103725,72.3,58.1,-14.2,1.54095870803,1.01673316263,1.34848484848,1.14273342393,1.51559796087,0.415810054735,0.298981627706,0.133423132704,-0.0165947056752
KH00103730,56.2,50.8,-5.4,1.98274999342,1.13693495039,2.10526315789,0.941806246873,1.7439432157,0.556148765151,0.744440474947,-0.0599557082868,-0.12833600151
KH00103765,65.5,52.1,-13.4,1.57993488978,1.03006835891,1.73655913978,0.909807707426,1.53381557264,0.427758469277,0.551905649509,-0.0945220123212,-0.0296251679113
KH00103770,74.2,57.1,-17.1,2.17505113835,0.990302674111,1.94736842105,1.11691815212,2.19634985869,0.786796827303,0.666478933478,0.110573242671,0.0097446511545
KH00103805,52.7,64,11.3,0.829441727178,1.07593538177,1.59712230216,0.519335135485,0.770902919668,-0.260192828175,0.468203448742,-0.6552058711,-0.0731904058165
KH00103810,64.5,53.5,-11,1.99704507893,1.09855511081,1.99657534247,1.00023527109,1.81788338089,0.597672846771,0.691433384082,0.00023524341978,-0.0939957807306
KH00103845,71.6,53.5,-18.1,2.66041830252,0.973738710234,2.46621621622,1.07874495554,2.73216857311,1.00509564299,0.902685079818,0.0757982871981,0.0266122759757
KH00103850,71.8,53.3,-18.5,1.99834204162,0.943842941632,1.77075098814,1.12852798332,2.11724001258,0.750113359642,0.571403743687,0.120914113887,0.0577955020682
KH00103885,71.8,63.8,-8,1.40679710665,0.953569259648,1.59677419355,0.881024450629,1.47529620153,0.388858784225,0.467985465089,-0.126669900163,0.0475432192983
KH00103890,74,49.2,-24.8,2.75580348285,0.988757993941,1.83636363636,1.50068506492,2.78713648814,1.02501472044,0.607787331609,0.405921713794,0.0113056750364
KH00103925,62.3,54.4,-7.9,1.7077938825,0.927993527508,1.82677165354,0.934869927057,1.84030796754,0.609932931278,0.602550285208,-0.0673478748175,0.0747305208883
KH00103970,70.2,57.5,-12.7,1.71245570003,0.945433812112,1.85474860335,0.923281838267,1.81129094188,0.59403981861,0.617749163076,-0.0798207408544,0.0561113963886
KH00104005,71.6,59.2,-12.4,1.78933133245,0.992621234828,2,0.894665666225,1.80263253461,0.589248115692,0.69314718056,-0.111305187788,0.00740612292064
KH00104010,78.5,59.6,-18.9,2.26399397648,1.10309065732,2.29347826087,0.987144293063,2.05240971036,0.719014571295,0.830069556427,-0.0129390566542,-0.0981159284778
KH00104045,66.3,53.9,-12.4,1.94330021955,1.00826085056,1.89166666667,1.02729527024,1.92737843432,0.656160755374,0.637458274699,0.0269293971648,-0.00822691649042
KH00104050,58.6,53.1,-5.5,1.5856182634,0.911711621378,2.01234567901,0.787945271994,1.73916644936,0.553405946355,0.699301046134,-0.23832664332,0.0924315435407
KH00104085,72.3,56.4,-15.9,2.08800466868,0.870792956132,2.22,0.940542643551,2.39781988816,0.874559944593,0.797507195884,-0.0612982899072,0.138351038616
KH00104090,68,53.7,-14.3,2.0295299717,1.0424258055,2.05625,0.987005457362,1.94692990234,0.666253722835,0.720883935532,-0.0130797103215,-0.0415505023747
KH00104125,69.1,54.7,-14.4,2.05778208378,0.928536112781,1.90229885057,1.08173438845,2.21615729905,0.795774749694,0.643063076163,0.0785656682651,0.0741460052662
KH00104130,56.9,50.4,-6.5,1.86766763654,1.09652108149,1.86440677966,1.00174900505,1.70326651085,0.532547884356,0.622942921887,0.00174747732572,-0.092142514856
KH00104165,70.1,55.8,-14.3,2.05758991832,0.961053949589,2.17515923567,0.945949098615,2.1409723348,0.761260087901,0.777101873663,-0.0555665183389,0.0397247325772
KH00104170,70.8,57.8,-13,1.85557565621,1.02295184613,2.07784431138,0.893029206303,1.81394233095,0.595502560089,0.73133096753,-0.113135992814,-0.0226924146268
KH00104205,77,55.3,-21.7,2.65888837464,1.08486542139,2.2,1.20858562484,2.4508923616,0.896452187466,0.788457360364,0.189450770811,-0.08145594371
KH00104210,70.3,57,-13.3,2.31647997228,0.95275738754,1.89940828402,1.21957979849,2.43134296577,0.888443765504,0.641542408207,0.198506371951,0.0483949853459
KH00104245,67.8,58.7,-9.1,1.75749355116,1.08764030693,1.72580645161,1.01836074927,1.61587754698,0.479878181844,0.545694449417,0.0181942259538,-0.0840104935265
KH00104250,77.3,65.2,-12.1,1.84525587869,1.08360485517,1.91089108911,0.965652040142,1.70288631496,0.532324643702,0.647569672064,-0.0349517165516,-0.0802933118098
KH00104285,71.5,57.3,-14.2,2.34515054869,1.03471435049,2.38461538462,0.983450230095,2.26647146392,0.818224200946,0.869037847024,-0.0166882473192,-0.0341253987579
KH00104290,68.2,56.7,-11.5,1.66459547256,0.921118295726,1.67024128686,0.996619761261,1.80714624852,0.591748942766,0.512968099144,-0.00338596465297,0.0821668082758
KH00104325,63.7,54.3,-9.4,1.82288070178,1.15391944106,1.87826086957,0.970515188445,1.57972960408,0.457253695738,0.630346279321,-0.0299282263717,-0.143164357211
KH00104365,72.7,64,-8.7,1.76248779138,0.946354083398,1.90178571429,0.926754143825,1.86239783005,0.62186481342,0.642793294414,-0.0760669656096,0.0551384846151
KH00104370,72,54.5,-17.5,2.38549696379,1.09844344642,2.22222222222,1.0734736337,2.17170667416,0.775513344224,0.798507696218,0.0708997769764,-0.0938941289706
KH00104405,72,50.5,-21.5,2.39521743902,0.935828429595,1.90857142857,1.25497919709,2.55946214421,0.9397971365,0.646355019053,0.227118996426,0.0663231210207
KH00104410,67.6,59.5,-8.1,1.44292791582,0.921056232043,1.796875,0.803020753151,1.5666013275,0.448908513326,0.586049045004,-0.219374720847,0.0822341891697
KH00104445,76.8,53.3,-23.5,2.49038584961,1.15960930443,1.54411764706,1.61282131213,2.1476076814,0.764354516299,0.434452644981,0.477985013174,-0.148083141857
KH00104450,70.2,53.8,-16.4,1.96381897407,1.14197748953,1.81314878893,1.08309863264,1.71966522289,0.542129634028,0.595064996209,0.0798260374112,-0.132761399592
KH00104485,66.2,56.7,-9.5,1.98236780046,0.991720529394,2.10909090909,0.939915767462,1.99891778148,0.692605924848,0.746257005874,-0.0619650168164,0.00831393579059
KH00104525,42.1,49.5,7.4,0.502663935299,1.06291863402,1.57971014493,0.318200105831,0.472909138302,-0.748852005555,0.457241377632,-1.14507483048,-0.0610185527028
KH00104530,69.5,59.6,-9.9,1.51541477323,0.887773219862,2.33333333333,0.649463474243,1.70698410284,0.534728130847,0.847297860387,-0.431608681184,0.119038951644
KH00104565,73,55.2,-17.8,2.66236210085,1.01986483719,1.97435897436,1.34846911602,2.61050484708,0.95954363063,0.680243775724,0.298969960863,-0.019670105957
KH00104570,70.1,53.7,-16.4,2.18647520049,1.03189631217,2.05963302752,1.06158484122,2.11889041049,0.75089256039,0.722527824953,0.0597629247497,-0.031398189313
KH00104605,75.5,56.4,-19.1,2.34071249821,1.03592565056,2.04516129032,1.14451242026,2.25953715593,0.815159994049,0.715476656958,0.134978712482,-0.035295375391
KH00104645,46.9,53.4,6.5,0.985179852691,0.870706575074,1.52459016393,0.646193236711,1.13147170458,0.123519178783,0.42172562898,-0.436656691893,0.138450241696
KH00104650,72.2,56.7,-15.5,2.11456692826,1.0438012553,1.98920863309,1.06301917912,2.02583290403,0.705980926628,0.687736887832,0.0611131416476,-0.0428691028518
KH00104690,74.5,45.2,-29.3,3.42301033902,1.07472794628,1.91935483871,1.78341715142,3.18500170286,1.15845282367,0.651989108066,0.578531271934,-0.0720675563269
KH00104725,71.9,46.9,-25,2.96343047555,1.07548569241,2.25118483412,1.31638701124,2.75543458779,1.01357517528,0.811456670559,0.274890871161,-0.0727723664394
KH00104730,68.6,54,-14.6,1.99332140683,1.11231231231,1.91025641026,1.04348368948,1.79205191272,0.583361283288,0.647237479256,0.0425648168233,-0.106441012792
KH00104765,66,55.9,-10.1,1.99257348199,1.007328305,2.28352490421,0.872586709393,1.97807752655,0.682125426846,0.825720259743,-0.13629324945,-0.00730158344698
KH00104770,66.1,54.9,-11.2,1.4830126576,0.892944206009,1.78106508876,0.83265494729,1.6608122295,0.507306777582,0.577211549826,-0.183135951575,0.113231179331
KH00104805,74.7,48.9,-25.8,2.51520838287,0.989138576779,1.84699453552,1.36178442031,2.54282710422,0.933276495227,0.613559742642,0.308795913489,0.0109208390972
KH00104810,71.4,56.7,-14.7,2.20862287515,1.04038022253,2.3125,0.955080162225,2.12289971234,0.752782942955,0.838329190404,-0.0459600025216,-0.0395862449282
KH00104845,73.8,50.2,-23.6,2.89323511186,0.991030266586,1.77956989247,1.62580583325,2.91942154484,1.07138549557,0.576371701664,0.486003590252,0.0090102036589
KH00104850,67.8,69.1,1.3,1.53745609261,1.14980224973,2.04545454545,0.751645200833,1.33714827308,0.290539191808,0.715620036412,-0.285490873771,-0.139589970833
KH00104885,70.3,54.4,-15.9,1.86703229156,1.03691923208,1.92372881356,0.970527799137,1.8005571059,0.588096120291,0.654265393016,-0.0299152326438,-0.036254040081
KH00104890,80,63.4,-16.6,2.64292437462,0.894302475887,2.43902439024,1.08359899359,2.95529135374,1.08359724286,0.891598119284,0.0802879024653,0.111711221114
KH00104925,61,50.3,-10.7,2.18444366427,0.923367759139,1.90301003344,1.1478886742,2.36573525841,0.861088865132,0.643436860736,0.137924319499,0.0797276848981
KH00104930,69.9,51.5,-18.4,2.60160809475,1.00234768279,2.13023255814,1.22127890911,2.59551464967,0.953784820525,0.756231155987,0.199898595829,-0.00234493129028
KH00104965,76.1,56.2,-19.9,2.18351547714,1.04640937958,2.07142857143,1.05411092,2.08667422115,0.735571516795,0.728238500371,0.0526976817703,-0.0453646653464
KH00104970,56.1,55.3,-0.8,1.15390784837,0.995317099277,1.51127819549,0.763531063848,1.15933690802,0.147848210654,0.412955779837,-0.269801469037,0.00469389985409
KH00105005,68.8,56,-12.8,1.51700537956,0.871857419463,1.89497716895,0.800540188249,1.73996957036,0.553867624774,0.639206790414,-0.222468543872,0.137129378232
KH00105010,76.9,54.6,-22.3,2.38283305288,0.972755624861,2.1308411215,1.11825937131,2.44957005848,0.895912522822,0.756516794493,0.111773343627,0.0276223847021
KH00105045,71.6,56.6,-15,2.32144331358,1.11096810729,2.11180124224,1.09927168673,2.08956791681,0.736957306234,0.747541252626,0.0946478575414,-0.105231803933
KH00105050,52.6,39.3,-13.3,1.51984526561,0.997399648403,1.65968586387,0.915742731012,1.5238077014,0.421212269116,0.506628345831,-0.088019815098,0.00260373838355
KH00105085,65.2,49.1,-16.1,2.27704914059,1.0316757378,1.65671641791,1.37443506684,2.20713646463,0.791695958001,0.504837581921,0.318042786212,-0.0311844101322
KH00105090,73,54.4,-18.6,2.15544162159,0.874058160055,1.94791666667,1.10653687526,2.46601624479,0.902603992228,0.666760425387,0.101235205987,0.134608360855
KH00105125,74.2,62.4,-11.8,2.08123347042,1.00576298701,2.18411552347,0.952895324472,2.06930807486,0.727214288044,0.781210951844,-0.0482502192707,-0.00574644452898
KH00105130,65.2,53.4,-11.8,1.89132140322,1.05623345745,2.24848484848,0.841153723804,1.79062818914,0.582566501939,0.810256588707,-0.172980848787,-0.05470923798
KH00105165,58,47.5,-10.5,1.74356054793,1.03263099012,1.91596638655,0.910016250893,1.68846428648,0.523819409588,0.650222135843,-0.0942928215068,-0.032109904748
KH00105170,79.6,68.8,-10.8,2.32737000345,1.02338092884,2.11728395062,1.0992243165,2.27419716146,0.821627094057,0.750134111934,0.0946047642395,-0.0231117821159
KH00105205,66.7,55.9,-10.8,1.82284692455,1.10281223851,2.07619047619,0.877976729716,1.65290777604,0.502536025415,0.730534712632,-0.130135189438,-0.097863497778
KH00105245,65.4,51.7,-13.7,2.07928989352,1.15430152995,1.87134502924,1.11112053685,1.80134032536,0.588531013007,0.626657439291,0.105368998785,-0.143495425069
KH00105250,68.6,54.2,-14.4,2.19483825218,1.10412706536,2.08187134503,1.05426219417,1.98784933459,0.687053317934,0.733267174349,0.0528411802515,-0.0990550366671
KH00105285,74.6,54.2,-20.4,2.14868598997,1.1354809403,1.96186440678,1.09522655212,1.89231356838,0.637800190713,0.673895249061,0.0909612387853,-0.127056297133
KH00105290,67.6,53.6,-14,1.76169395627,0.945044191919,1.74583333333,1.00908484369,1.86413923426,0.622799409967,0.55723199658,0.00904382474106,0.0565235886461
KH00105330,69,55,-14,2.00840500898,0.911630634209,1.76756756757,1.13625359835,2.2030907405,0.789861256486,0.569604345819,0.127736533372,0.0925203772947
KH00105365,50.1,40.7,-9.4,2.03035618165,1.07615667227,2.336,0.869159324338,1.88667341287,0.634815179266,0.848440064966,-0.140228828361,-0.0733960573399
KH00105370,62.7,52.4,-10.3,1.71427753568,1.05699590637,1.76,0.974021327091,1.62183933291,0.483560895862,0.56531380905,-0.0263220791819,-0.0554308340058
KH00105405,74.8,51.8,-23,2.43732961997,0.884275450959,2.29353233831,1.0626968625,2.75630135081,1.01388969072,0.830093134938,0.0608098870096,0.122986668773
KH00105410,74.3,52.3,-22,1.9784073944,0.978144056028,1.60655737705,1.23145766386,2.02261352221,0.704390498024,0.474093614497,0.208198560285,0.0220983232417
KH00105445,61.5,52.8,-8.7,1.50320432269,1.10425240055,1.93333333333,0.777519477256,1.36128689596,0.308430499364,0.659245628884,-0.25164658411,-0.0991685454099
KH00105485,48.6,47.7,-0.9,1.25483694549,1.0875520111,1.80341880342,0.695810059823,1.15381787049,0.143076331101,0.589684198678,-0.362678558446,-0.083929309132
KH00105490,72.7,59.8,-12.9,1.84070226413,1.00682131661,1.72033898305,1.06996486289,1.82823131946,0.603349007398,0.542521354576,0.0676258095173,-0.00679815669535
KH00105525,64.1,47.2,-16.9,2.58683279261,1.09102660045,2.45578231293,1.05336404574,2.37100799517,0.863315179146,0.898445371554,0.0519888958584,-0.0871190882668
KH00105530,68.6,55.2,-13.4,1.71149559558,0.872006452413,2.00952380952,0.851692121023,1.96270978368,0.674326061102,0.697897783319,-0.160530177761,0.136958455544
KH00105570,80.4,56.2,-24.2,2.96406036508,0.870499581356,2.375,1.24802541687,3.40501067267,1.22524807401,0.864997437487,0.221562635825,0.138688000697
KH00105605,72.4,57.2,-15.2,2.03604330812,1.07749921161,2.05653710247,0.990034804465,1.88960074049,0.636365558336,0.721023550088,-0.0100151804459,-0.0746428113066
KH00105610,70.4,44.7,-25.7,2.85394562906,0.922835969134,1.78260869565,1.60099388947,3.09258169871,1.12900624327,0.578077850775,0.470624617313,0.0803037751864
KH00105645,71.5,55.1,-16.4,2.04156565343,0.961403444952,1.94247787611,1.05101101976,2.12352645931,0.753078130929,0.663964413803,0.0497525768629,0.0393611402629
KH00105650,64,35,-29,2.06418613392,1.02774933443,1.97391304348,1.04573306344,2.00845290264,0.697364725522,0.680017889118,0.0447181355959,-0.0273712991922
KH00105685,71.4,59.7,-11.7,1.81030322421,0.989053818725,1.9537366548,0.926585074684,1.83033844057,0.604500889957,0.669743772176,-0.0762494137439,0.0110065315249
KH00105690,62.1,49.7,-12.4,2.1174576312,1.18612571504,2.31756756757,0.913655187805,1.78518820083,0.579523844314,0.840518173402,-0.0903020349378,-0.17069229415
KH00105725,79,63,-16,2.07290587516,0.982909589619,2.01639344262,1.02802649093,2.10894867346,0.746189564292,0.701310491199,0.0276409360899,0.0172381370026
KH00105730,69.8,57.6,-12.2,1.82425061471,1.15596456944,1.85483870968,0.983509027059,1.57811983424,0.456234160122,0.617797743318,-0.0166284626912,-0.144935120505
KH00105765,60.5,43.1,-17.4,2.73203481144,1.08498724914,1.91596638655,1.42593044983,2.5180340263,0.923478448756,0.650222135843,0.354824547892,-0.0815682349793
KH00105805,54.4,51.8,-2.6,1.43726676839,0.921134674642,1.78409090909,0.80560175553,1.56032207662,0.444892259326,0.57890899087,-0.216165758422,0.0821490268783
KH00105810,56.8,50,-6.8,1.94665281649,1.0116953679,2,0.973326408244,1.92414918389,0.654483887644,0.69314718056,-0.0270357872307,-0.0116275056857
KH00105845,72.2,50.3,-21.9,3.05541547981,1.01591244275,2.20833333333,1.38358436822,3.0075578871,1.10112841626,0.792238083204,0.32467750011,-0.015787167051
KH00105850,72.9,52.1,-20.8,1.93962905039,0.909701598077,1.47945205479,1.31104556184,2.13215966036,0.7571353911,0.391671785976,0.270824957676,0.0946386474483
KH00105885,65.4,59.1,-6.3,1.86032832698,1.15376518219,1.84357541899,1.00908718342,1.61239770077,0.477722326292,0.61170684862,0.00904614341158,-0.14303066574
KH00105890,69.9,62.1,-7.8,1.5276973108,0.974606380194,1.81355932203,0.842375152686,1.56750185701,0.449483178217,0.595291390556,-0.171529814459,0.02572160212
KH00105925,75.2,59,-16.2,2.59697020975,0.971693882685,2.2358490566,1.16151410225,2.67262175468,0.983059921226,0.804621047023,0.149724414569,0.0287144596336
KH00105930,59.2,54,-5.2,1.58367216774,0.936044781671,1.84239130435,0.859574273937,1.6918764986,0.525838267147,0.611064349771,-0.151318042608,0.0660919599837
KH00105970,58.5,65.2,6.7,1.08200934909,1.01988366572,1.61538461538,0.669815311344,1.06091448022,0.0591312533815,0.479573080262,-0.400753259307,-0.019688567573
KH00106005,67.8,52.5,-15.3,2.00280062686,0.987302777225,1.80471380471,1.10976079511,2.02855767558,0.707325035885,0.590402022268,0.104144492198,0.0127785214196
KH00106010,63.8,61.2,-2.6,1.14252338144,0.913810184268,1.41176470588,0.809287395186,1.2502852355,0.223371713682,0.344840486292,-0.211601177561,0.0901324049513
KH00106045,63.8,47.2,-16.6,2.09381310813,0.878594934898,2.3829787234,0.87865371502,2.38313815043,0.868418169762,0.868351269585,-0.12936441225,0.129431312427
KH00106050,49.3,54,4.7,0.917672779145,1.17126348228,1.83076923077,0.501249837348,0.783489618713,-0.243997467161,0.604736223216,-0.690650624854,-0.158083065523
KH00106090,62.3,54.5,-7.8,1.64472965018,1.07512012814,1.97435897436,0.833044887756,1.52981011809,0.425143621879,0.680243775724,-0.182667751405,-0.0724324024403
KH00106125,57.6,45.6,-12,1.86442206011,0.973005655604,1.91397849462,0.974108154999,1.91614719747,0.650316501999,0.649184057139,-0.0262329394105,0.0273653842709
KH00106165,78.2,64.6,-13.6,2.08202383266,1.13818531581,1.89655172414,1.0977943845,1.82924854481,0.60390525127,0.640037355246,0.0933030618856,-0.129435165862
KH00106170,70.4,49.5,-20.9,2.74844291216,1.10700703764,2.06790123457,1.32909776648,2.48276914122,0.909374526457,0.726534196593,0.284500340965,-0.101660011101
KH00106245,79,60.9,-18.1,2.18952039136,0.998111824422,1.97520661157,1.10850195546,2.19366241115,0.785572480893,0.680673006335,0.103009514129,0.00188996042872
KH00106250,82.3,67.6,-14.7,2.27668996764,0.912692890571,2.26570048309,1.00485036951,2.49447540478,0.914078448489,0.817883975181,0.00483864437037,0.0913558289378
KH00106290,55.2,52.7,-2.5,1.60568661727,1.03342015008,2.46043165468,0.652603625147,1.55375973377,0.440677628521,0.900336803932,-0.426785339909,-0.0328738355015
KH00106325,60.9,57.6,-3.3,1.69365190881,1.12549458559,1.96590909091,0.861510797547,1.50480680272,0.408664519672,0.67595478002,-0.149067689666,-0.118222570682
KH00106365,72.9,50.1,-22.8,2.32901998573,0.983341328333,1.89024390244,1.23212670213,2.36847564384,0.862246559958,0.636705869655,0.208741702461,0.0167989878415
KH00106405,80.3,56.9,-23.4,2.872021644,1.07436089928,2.16326530612,1.32763264676,2.67323731338,0.983290214876,0.771618796001,0.283397391368,-0.0717259724939
KH00106410,69.2,55.5,-13.7,2.00832996791,0.909627615246,2.12264150943,0.946146562659,2.20785949574,0.792023492214,0.752661308092,-0.0553577931159,0.0947199772372
KH00106445,68.9,55.3,-13.6,1.94928833205,0.886407276402,2.01785714286,0.966018996417,2.19908882062,0.788043102127,0.702036127977,-0.0345717799355,0.120578754085
KH00106450,57.9,56.4,-1.5,1.37058086603,0.916198307346,1.9375,0.707396576018,1.49594346011,0.402757084791,0.661398482245,-0.346163842458,0.0875224450036
KH00106485,64.4,54.3,-10.1,1.83949295978,1.06813273767,2.13461538462,0.861744449628,1.72215764474,0.543577949284,0.758286482731,-0.148796514421,-0.0659120190261
KH00106525,70.7,56.3,-14.4,2.06679442872,0.932131863767,1.94827586207,1.06083253863,2.21727687794,0.796279811396,0.666944808166,0.0590540136542,0.0702809895758
KH00106530,74.1,46.9,-27.2,3.61294626875,1.02251023192,2.13888888889,1.68916968409,3.53340842561,1.26226296476,0.760286483398,0.524237097014,-0.022260615656
KH00106565,70.7,53,-17.7,2.44126747411,1.11627986582,2.01384083045,1.21224450175,2.1869672193,0.782515752695,0.700043759619,0.192473601418,-0.110001608342
KH00106570,73.1,51,-22.1,2.42771105188,0.881165459762,1.85714285714,1.30722902794,2.75511372466,1.01345872112,0.619039208406,0.267909651072,0.126509861642
KH00106605,75.4,59,-16.4,2.31460075569,0.982937138868,2.00632911392,1.15364958801,2.35478004052,0.856447322052,0.69630674085,0.14293047207,0.0172101091316
KH00106610,60.2,63.7,3.5,1.02421975028,0.968114181597,2,0.512109875139,1.05795346225,0.0563363459405,0.69314718056,-0.669216077086,0.0324052424663
KH00106645,69,55.9,-13.1,2.14233291472,0.948648394749,2.21904761905,0.965428995905,2.25830025812,0.814612432138,0.797078103408,-0.0351827210869,0.0527170498164
KH00106650,69.6,61.4,-8.2,1.5664142418,1.14778965396,1.64893617021,0.949954443417,1.36472239177,0.310951031963,0.500130334649,-0.0513412498355,-0.137838052851
KH00106685,75.3,58.1,-17.2,2.17111661657,0.995105838755,1.9652173913,1.10477172967,2.1817946715,0.780147781928,0.675602870909,0.0996387341458,0.00490617687295
KH00106690,52.3,54.5,2.2,1.0325238934,1.03054072096,1.7868852459,0.577834472451,1.00192439988,0.00192255059026,0.580474018056,-0.548467831166,-0.0300836362991
KH00106725,64.4,49.7,-14.7,2.02393632457,1.00803697843,1.65682656827,1.22157404,2.00779968183,0.697039436811,0.504904066863,0.200140223874,-0.00800485392595
KH00106730,51.7,55.5,3.8,1.05442361611,1.0671048609,2.01818181818,0.522462152125,0.98811621495,-0.011954961684,0.70219701608,-0.649202733892,-0.0649492438721
KH00106765,61.8,53,-8.8,1.72942292787,0.904022063893,2.08284023669,0.83031953071,1.91303176874,0.648689297084,0.733732460675,-0.185944675517,0.100901511926
KH00106770,65.7,49.2,-16.5,2.33249011217,1.02731167067,2.44387755102,0.954421841304,2.27047952316,0.819991052868,0.89358593818,-0.0466495236071,-0.0269453617049
KH00106805,71.8,52.9,-18.9,1.77716910454,1.05879238046,1.70080862534,1.04489657335,1.67848686611,0.517892712627,0.531103799934,0.0439179076478,-0.0571289949544
KH00106810,71.2,30.3,-40.9,3.87934271572,1.0250453407,2.12244897959,1.82776724106,3.78455719145,1.33092888968,0.752570601031,0.603095135089,-0.0247368464442
KH00106845,64.8,47.9,-16.9,2.15677042131,0.88597173603,2.05555555556,1.04923966442,2.43435578541,0.889682157018,0.720546154748,0.0480657727404,0.121070229529
KH00106850,34.8,52.9,18.1,0.503004192142,1.09169488505,1.69696969697,0.296413184655,0.460755288892,-0.774888203623,0.528844129269,-1.21600090391,-0.0877314289833
KH00106885,72.4,60.7,-11.7,1.82150279821,1.1093960485,1.77876106195,1.02402893631,1.64188686329,0.495846106883,0.575917089347,0.0237447843303,-0.103815766794
KH00106925,68.8,46.5,-22.3,2.88582767579,1.03575380948,2.42574257426,1.18966773573,2.7862100524,1.02468226821,0.886137693703,0.173674054467,-0.0351294799636
KH00106930,76.4,52.2,-24.2,3.20170389571,1.05585419384,1.752,1.82745656148,3.03233525462,1.10933303377,0.560757992514,0.60292514299,-0.0543501017317
KH00106965,54.2,55.7,1.5,1.72781344666,1.08449489094,2.20465116279,0.78371285028,1.59319648354,0.465742365152,0.790569293567,-0.24371258812,-0.0811143402953
KH00106970,68.7,63.3,-5.4,1.65698962933,1.10668278363,1.8018018018,0.919629244278,1.49725798019,0.403635422047,0.588787165236,-0.083784685514,-0.101367057675
KH00107005,76.6,65.1,-11.5,1.73580766273,0.90160936357,1.85454545455,0.9359747201,1.92523251518,0.65504674755,0.617639628052,-0.0661668113092,0.103573930807
KH00107010,72.7,51.3,-21.4,1.85465563382,0.886103650652,1.76068376068,1.05337237455,2.09304592353,0.738620384711,0.565702233992,0.0519968026908,0.120921348028
KH00107045,67.4,57.2,-10.2,1.46451712138,0.979927797834,1.81666666667,0.806156213603,1.49451533533,0.401801963866,0.597003320007,-0.215477741852,0.0202763857114
KH00107050,74.1,57.5,-16.6,1.79664150123,0.909444444444,1.87037037037,0.960580604617,1.97553738681,0.68084045593,0.626136470277,-0.0402173808604,0.0949213665131
KH00107085,67.6,47.9,-19.7,2.25722708559,0.939270967945,1.91666666667,1.17768369683,2.40316922659,0.876788377325,0.650587566141,0.163549540543,0.0626512706407
KH00107090,68,47.2,-20.8,2.48476197274,1.09298468143,1.6393442623,1.51570480337,2.27337309932,0.821264675403,0.494296321815,0.415880547527,-0.0889121939382
KH00107125,67.8,55.3,-12.5,2.00407514044,1.05520412429,1.95454545455,1.02534076953,1.89922982133,0.641448446799,0.670157662335,0.0250250154116,-0.0537342309481
KH00107130,77.8,53.8,-24,2.28947752065,0.95549359215,1.91379310345,1.19630356935,2.39612022462,0.873850856216,0.649087190766,0.179236443846,0.045527221604
KH00107165,70,58.8,-11.2,1.72163142712,0.962720732505,1.74267100977,0.987926818926,1.78829786146,0.581264252058,0.555418999309,-0.0121466538909,0.0379919066402
KH00107170,56.9,52.9,-4,1.65820864459,0.985869565217,1.86206896552,0.890519457277,1.68197569241,0.519969109849,0.621688216578,-0.115950326657,0.0142312199279
KH00107205,70.2,58,-12.2,1.84221714301,0.957019011407,1.82572614108,1.00903257151,1.92495354957,0.654901837353,0.601977793422,0.0089920218336,0.0439320220976
KH00107210,74.4,59.9,-14.5,2.2042065426,1.12339849963,2.17948717949,1.01134182543,1.96208784623,0.674009133961,0.779089610361,0.0112779891541,-0.116358465554
KH00107245,70.9,52.1,-18.8,1.85808815939,1.05384312697,1.48484848485,1.2513654951,1.76315441249,0.567104484659,0.395312736644,0.224235351163,-0.0524436031478
KH00107250,62.7,55.4,-7.3,1.87002950084,0.968501589825,1.95515695067,0.956460042861,1.93084814778,0.657959361196,0.670470471889,-0.0445162652963,0.032005154603
KH00107285,73.7,54.3,-19.4,2.0788160508,0.904743806793,2.23300970874,0.930948057531,2.29768475362,0.831901987082,0.803350320694,-0.0715517953871,0.100103461776
KH00107290,52.8,57.6,4.8,0.811921849723,0.822308908803,1.85142857143,0.438538036116,0.987368422051,-0.0127120345776,0.615957541869,-0.824308729504,0.195639153058
KH00107325,71.9,51.2,-20.7,2.31823555264,0.987982076436,2.00304878049,1.15735351791,2.34643482704,0.852897081326,0.6946704101,0.146135948568,0.0120907226578
KH00107330,63.7,51.9,-11.8,1.58226385349,0.955822355103,2.11787072243,0.747101245007,1.65539532011,0.504039844421,0.75041120775,-0.291554567548,0.0451832042196
KH00107365,75,53.2,-21.8,2.87186275548,0.973079615605,2.48979591837,1.15345307392,2.95131324244,1.08225023822,0.912200746623,0.142760116332,0.027289375267
KH00107405,76.4,52.7,-23.7,2.98038302523,1.14259994705,1.91525423729,1.55612919017,2.60842216292,0.958745503251,0.649850374807,0.442201449409,-0.133306320965
KH00107410,67,55.8,-11.2,1.92120306328,0.88765130855,1.92375366569,0.998674153321,2.16436684628,0.772127868926,0.654278311661,-0.00132672639174,0.119176283657
KH00107445,79.2,66.4,-12.8,1.54094364568,0.862626144782,2.33333333333,0.660404419576,1.78634006748,0.580168871652,0.847297860387,-0.414902874687,0.147773885951
KH00107450,69.8,56,-13.8,1.84220346599,0.983963575772,2.12558139535,0.866682155774,1.87222729718,0.62712879012,0.754045362767,-0.143082971753,0.0161663991065
KH00107485,75.4,57,-18.4,2.0905686118,1.04653532609,2.01851851852,1.03569454163,1.99760921556,0.691951073291,0.702363835665,0.0350722563738,-0.0454850187479
KH00107490,81.2,60.3,-20.9,2.5115396181,1.00956222919,1.90196078431,1.32050021158,2.48775117122,0.91137915831,0.642885345779,0.278010612982,-0.00951680045153
KH00107525,74.7,54.1,-20.6,2.55962316275,0.940622705877,1.95454545455,1.30957464141,2.7212006969,1.00107321559,0.670157662335,0.269702383271,0.0612131699823
KH00107530,82.6,63.6,-19,2.39726445508,0.975777307504,2.07142857143,1.15730008177,2.4567741396,0.898849164039,0.728238500371,0.146089776523,0.0245208871439
KH00107565,65.3,54.5,-10.8,1.96971544027,1.06292002688,1.9,1.03669233699,1.8531172529,0.616869222638,0.641853886172,0.0360351995816,-0.0610198631164
KH00107570,51.2,56.2,5,1.1342557037,0.950697450697,1.88709677419,0.60105857803,1.1930774642,0.176536073282,0.635039549753,-0.509062881592,0.0505594051213
KH00107605,67.2,45.1,-22.1,2.90722888144,1.13112926439,1.84615384615,1.57474897745,2.5702003944,0.943983870341,0.613104472886,0.454095880177,-0.123216482722
KH00107610,64.2,49.2,-15,2.14418795527,0.975796752856,1.73529411765,1.23563373693,2.19737148027,0.787261864349,0.55117691929,0.21158398578,0.0245009592793
KH00107645,67.7,56.3,-11.4,1.55366248868,1.03751697381,1.74193548387,0.891917354613,1.49748151394,0.403784706316,0.554996842079,-0.114381802473,-0.0368303332895
KH00107650,70.8,61.3,-9.5,1.92190357429,1.09225522166,2.05405405405,0.93566358222,1.75957371151,0.565071570345,0.719815427642,-0.0664992878172,-0.0882445694797
KH00107685,72.7,53.1,-19.6,2.25389572569,0.923200881201,2.12264150943,1.06183531966,2.44139251986,0.892568581376,0.752661308092,0.059998844562,0.0799084287216
KH00107690,72.1,53.3,-18.8,2.3644141846,1.07411252512,1.88695652174,1.25303055866,2.20127233349,0.789035526599,0.634965225177,0.22556506401,-0.0714947625884
KH00107725,54,59,5,1.07970539528,1.0814655673,1.99393939394,0.541493587299,0.998372419733,-0.0016289062142,0.690112276865,-0.613424055087,-0.0783171279916
KH00107730,69,55,-14,1.76597346254,1.10479934794,1.95547945205,0.903089756676,1.59845628605,0.469038342288,0.670635407388,-0.101933332193,-0.0996637329071
KH00107765,70.3,45.9,-24.4,2.97402714204,0.967907227616,2.38235294118,1.24835707197,3.07263656804,1.12253600998,0.868088630056,0.221828344382,0.0326190355381
KH00107770,60.4,57.1,-3.3,1.53208234757,1.01321305048,1.81443298969,0.844386293832,1.51210285621,0.413501302034,0.595773016535,-0.169145194983,-0.0131265195178
KH00107805,65.6,55.1,-10.5,2.05961167957,1.10987799927,1.97446808511,1.04312229461,1.85570997978,0.618267361258,0.680299038082,0.0422184218875,-0.104250098712
KH00107845,71,52.7,-18.3,2.13120550596,1.05149021352,1.89361702128,1.12546807618,2.02684293068,0.706479375902,0.638488768022,0.118199016839,-0.0502084089591
KH00107850,58.3,50.9,-7.4,1.7163293765,0.952406190375,1.95517241379,0.877840421845,1.80209808992,0.588951591623,0.670478380747,-0.13029045375,0.0487636646265
KH00107885,70.9,61.9,-9,1.74946186719,1.02516627824,1.86376811594,0.938669275555,1.70651523009,0.534453414075,0.622600307206,-0.0632920710209,-0.0248548221106
KH00107925,64.8,44.6,-20.2,2.46749364011,1.03256231754,2.40540540541,1.02581196274,2.38968011731,0.871159514857,0.877718457088,0.0254844577708,-0.0320434000014
KH00107930,51.9,57,5.1,1.11628761193,1.17432646593,2.01666666667,0.553531047236,0.950576900303,-0.0506862152203,0.701445983375,-0.59143743584,-0.160694762755
KH00107965,79.1,63.9,-15.2,1.91942200235,0.950213906257,1.75438596491,1.09407054134,2.01998938314,0.703092255527,0.562118918154,0.0899051821212,0.0510681552519
KH00107970,54.1,55.8,1.7,1.24105679564,0.903021100107,1.56031128405,0.795390514915,1.37433864557,0.317972630371,0.444885342411,-0.228922071205,0.102009359164
KH00108005,74.1,54.8,-19.3,2.87502364371,1.00729781066,1.98305084746,1.44979824768,2.85419427432,1.04878958763,0.684636490892,0.371424407223,-0.00727131048732
KH00108010,60.2,46.6,-13.6,1.77375538067,0.987528650398,1.69117647059,1.04882926857,1.79615586844,0.585648752553,0.525424423187,0.0476745597993,0.0125497695667
KH00108045,75,61,-14,2.09328392061,0.975141230094,2.12230215827,0.986326999882,2.14664692253,0.763907053826,0.752501423209,-0.0137673364782,0.0251729670955
KH00108050,70,48.2,-21.8,2.42864236584,1.04475770266,2.04777070064,1.18599331706,2.32459866977,0.843547408985,0.716751738329,0.170580665707,-0.0437849950512
KH00108085,55,47.2,-7.8,2.09924266738,1.11248825801,1.73949579832,1.20681100202,1.88697961733,0.634977464701,0.553595300154,0.187981344952,-0.106599180405
KH00108090,58.3,57.9,-0.4,1.29408242419,1.10275629586,1.83064516129,0.706899650217,1.17349810566,0.15998912204,0.604668451876,-0.346866560618,-0.0978127692187
KH00108125,63.7,54.4,-9.3,1.42754870274,0.860281113283,1.86324786325,0.766161459726,1.65939793481,0.506454846707,0.622321127991,-0.266362348521,0.150496067236
KH00108130,81.2,75.8,-5.4,1.48128342246,1.01469422274,1.87037037037,0.791973314979,1.45983232117,0.378321580612,0.626136470277,-0.233227580944,-0.0145873087212
KH00108165,65,54.6,-10.4,1.80680285137,1.09617848798,1.95726495726,0.923126347645,1.64827431955,0.499728873671,0.671548068756,-0.0799891658251,-0.0918300292608
KH00108170,61.5,47.2,-14.3,2.2463375122,0.973791341457,1.8724137931,1.19970143377,2.30679552854,0.835859344375,0.627228396953,0.182072720648,0.0265582267738
KH00108205,70.8,53.3,-17.5,2.30636247294,0.942248569656,2.1380952381,1.07869959759,2.4477219146,0.895157761218,0.759915357025,0.0757562393487,0.059486164845
KH00108210,52.9,59.6,6.7,0.910627753304,1.07931150861,1.63768115942,0.556047035203,0.843711705141,-0.169944424325,0.493281314115,-0.58690239262,-0.0763233458203
KH00108245,49.5,64,14.5,0.643324718244,1.12254236076,1.65079365079,0.389706319706,0.573096161651,-0.556701754967,0.50125617275,-0.942361849921,-0.115596077796
KH00108250,71,44.1,-26.9,3.34764475981,0.963436833619,2.26213592233,1.47986012987,3.47469044465,1.24550539437,0.816309465336,0.391947576466,0.0372483525717
KH00108285,61.2,58,-3.2,1.37884018432,1.05341041944,1.97816593886,0.697029585449,1.30892970003,0.269209780387,0.682170121929,-0.36092742228,-0.0520329192618
KH00108290,72.6,57.3,-15.3,2.15297342479,0.970795281583,1.92592592593,1.11789004748,2.21774195408,0.796489540445,0.655406852577,0.111443022387,0.0296396654804
KH00108325,64.9,51.1,-13.8,2.26124277457,1.01177578898,1.7868852459,1.26546613989,2.23492477207,0.80420756847,0.580474018056,0.235440544339,-0.0117069939255
KH00108330,69.8,58.6,-11.2,2.03311017624,1.03969119745,2.11764705882,0.960079805448,1.95549426717,0.670642983567,0.7503055944,-0.0407388673004,-0.0389237435324
KH00108365,65.7,52.8,-12.9,1.97183581233,1.07935127474,1.724,1.14375627165,1.82687124986,0.602604804119,0.544647172242,0.134317821003,-0.0763601891254
KH00108370,76,51,-25,2.66260726906,1.03506515775,2.16666666667,1.22889566264,2.57240546561,0.944841439987,0.773189888233,0.206115930838,-0.0344643790839
KH00108405,63.4,58.5,-4.9,1.66296304987,1.15444136561,1.87878787879,0.885125494287,1.44049156537,0.364984420175,0.630626823579,-0.122025842573,-0.14361656083
KH00108410,76.8,55.4,-21.4,2.36836089832,0.843780311488,1.85674157303,1.27554686808,2.80684541471,1.03206122451,0.618823109,0.243375002795,0.169863112714
KH00108445,75,64.4,-10.6,1.85899045377,1.07308153477,2.34042553191,0.794295921157,1.7323850924,0.549499125151,0.850332764082,-0.230299190497,-0.0705344484338
KH00108450,69.6,57.7,-11.9,1.63506007375,0.882487443418,2.00366300366,0.816035466422,1.85278565258,0.616690264725,0.694977007237,-0.20329746121,0.125010718698
KH00108485,74.3,55.5,-18.8,2.52236466664,0.957902987827,2.05154639175,1.229494335,2.63321515716,0.968205592772,0.718593846221,0.206602975096,0.0430087714549
KH00108490,51.2,51.8,0.6,1.42320246387,1.19385725216,1.7619047619,0.807763560572,1.19210438375,0.175720135066,0.566395474921,-0.213485886338,-0.177189453517
KH00108525,80.1,66.4,-13.7,1.95956704348,0.92684537773,1.9224137931,1.01932635446,2.11423295683,0.748692078553,0.653581580354,0.0191419723057,0.0759685258938
KH00108530,66.9,51.5,-15.4,2.07049345589,1.19196055684,2.04676258993,1.01159434225,1.73704863303,0.552187485157,0.716259320436,0.011527642921,-0.1755994782
KH00108565,47.8,46.4,-1.4,1.27329037414,1.11374856293,1.89171974522,0.673086157376,1.14324760231,0.133872986298,0.637486333454,-0.395881937656,-0.107731409501
KH00108570,68.8,52.9,-15.9,2.04830511843,1.04189275213,1.9224137931,1.06548607058,1.96594622071,0.675973666677,0.653581580354,0.0634310993371,-0.0410390130144
KH00108605,62.9,50.1,-12.8,2.00950473026,0.990959251389,1.82006920415,1.10408149628,2.02783790297,0.706970153031,0.598874524625,0.0990137642284,0.00908186417693
KH00108610,59.2,59.5,0.3,1.27161141065,0.955943318007,2.05309734513,0.619362454326,1.33021632841,0.28534158195,0.719349552954,-0.47906462948,0.0450566584761
KH00108645,82.3,59.4,-22.9,2.95188296598,0.968492833134,2.54736842105,1.1587970321,3.04791410426,1.11445745641,0.935060834556,0.147382425725,0.0320141961277
KH00108650,74.6,56.4,-18.2,2.68928725273,1.17515450207,2.17307692308,1.2375481163,2.28845419728,0.827876566615,0.776144100131,0.213132096562,-0.161399630078
KH00108685,71.9,56.8,-15.1,2.37025523657,1.11787203451,2.30275229358,1.02931402704,2.120327876,0.751570735216,0.834105056903,0.0288925871998,-0.111426908886
KH00108690,75,51.9,-23.1,2.61741199066,1.00877581121,1.92941176471,1.35658548296,2.59464190316,0.953448512167,0.657215171334,0.304970868428,-0.00873752759506
KH00108725,71.5,56.1,-15.4,2.48769089319,1.19044701437,2.08695652174,1.19201855299,2.08971156478,0.737026049169,0.735706794979,0.175648133108,-0.174328878918
KH00108730,54.8,55.3,0.5,1.60264984423,1.02855609808,1.91853932584,0.835348967125,1.55815501674,0.443502439766,0.651564128719,-0.179905716737,-0.0281559722155
KH00108765,68.9,55.6,-13.3,2.06505878937,0.867156720441,1.87569060773,1.10095917784,2.38141357922,0.867694252219,0.628976915733,0.0961817797032,0.142535556782
KH00108805,75.1,64.7,-10.4,1.62962130857,0.924243929908,1.74796747967,0.932294981182,1.76319395328,0.567126910569,0.558453672755,-0.0701060109592,0.0787792487734
KH00108810,58.4,51.7,-6.7,1.76472684747,0.860448473282,2,0.882363423734,2.05093843765,0.718297462865,0.69314718056,-0.125151262792,0.150301545097
KH00108845,60.9,50,-10.9,2.01466861568,0.952474265747,2.13028169014,0.945728738602,2.11519480172,0.74914691309,0.75625421987,-0.0557994967138,0.0486921899342
KH00108850,75.8,53.2,-22.6,2.68073796897,1.0144189646,2.12987012987,1.25863916836,2.64263392396,0.971776118259,0.756061005971,0.230031112205,-0.0143159999167
KH00108885,71.6,50.6,-21,2.66573758553,0.979280958722,2.55789473684,1.04216078447,2.72213766824,1.00141747909,0.93918455174,0.0412962351374,0.0209366922086
KH00108890,68.9,55.3,-13.6,1.68485898572,0.832722767897,2.00454545455,0.840519221902,2.02331322101,0.704736376162,0.695417329094,-0.173735456791,0.183054503858
KH00108925,70.7,57.4,-13.3,1.6620002078,0.976941108932,1.78362573099,0.93180995257,1.70122865401,0.531350727669,0.578648220105,-0.0706263986416,0.0233289062057
KH00108930,51.7,52.3,0.6,1.54512812841,1.18710386208,2.72916666667,0.566153818042,1.30159472794,0.263590226472,1.00399631229,-0.568889474375,-0.171516611446
KH00108965,68.1,53.2,-14.9,1.90329024198,1.05494102797,1.84429065744,1.03199039387,1.8041674288,0.590099227093,0.612094736053,0.0314893587487,-0.0534848677095
KH00108970,60.4,50.4,-10,1.56921362945,1.04669665167,1.94782608696,0.805623068691,1.49920574117,0.404935461982,0.666713923492,-0.216139302572,-0.045639158938
KH00109005,77.9,49.6,-28.3,3.82407365753,0.895381428223,2.57777777778,1.48347684991,4.27088784399,1.45182173162,0.946927701336,0.394388555575,0.110505474709
KH00109010,74.1,57,-17.1,2.37776690894,1.05489040685,2.07109004739,1.14807509791,2.25404164594,0.812724891909,0.72807506162,0.138086712054,-0.0534368817652
KH00109045,63.9,52.7,-11.2,2.11874225553,1.10796299356,2.19323671498,0.966034464525,1.91228612133,0.648299448481,0.785378404776,-0.0345557678443,-0.10252318845
KH00109085,67.3,50.6,-16.7,2.19246328085,1.10967969025,1.6387434555,1.33789292857,1.97576228538,0.680954291168,0.493929762494,0.291095935012,-0.104071406338
KH00109090,72.5,48.5,-24,2.51677935812,1.00985584799,2.10909090909,1.19330055773,2.49221645163,0.913172455751,0.746257005874,0.176723045777,-0.00980759589984
KH00109125,63.7,53.6,-10.1,1.8755574538,0.984358872568,1.88235294118,0.996389897329,1.90535942334,0.64467066445,0.632522558744,-0.00361663481787,0.0157647405248
KH00109130,69.8,53.9,-15.9,2.06935770453,1.03326586937,1.95555555556,1.05819428072,2.00273498417,0.69451373848,0.670674324708,0.0565639467522,-0.0327245329806
KH00109165,67.6,57.4,-10.2,1.83624211118,0.981219643821,1.89285714286,0.970090171943,1.87138743373,0.626680098935,0.638087403377,-0.030366251039,0.0189589465976
KH00109170,70,60.3,-9.7,1.72337307656,1.18994643998,1.75847457627,0.980038665223,1.44827785408,0.37037516373,0.564446715205,-0.0201632537864,-0.173908297689
KH00109205,78.8,61.6,-17.2,2.48883684744,0.974567413773,2.47826086957,1.00426749984,2.5537862361,0.937577056416,0.907557051905,0.00425841989039,0.02576158462
KH00109210,61.1,52,-9.1,1.77641269173,1.09689390767,1.97321428571,0.900263445581,1.61949362587,0.482113523759,0.679663830223,-0.105067841179,-0.0924824652846
KH00109245,51.9,59.3,7.4,0.983975715625,1.05183259247,2.1975308642,0.447764230144,0.935486999235,-0.0666880304947,0.78733439562,-0.803488457096,-0.0505339690179
KH00109250,72.1,57,-15.1,1.94822730473,1.02698775171,1.72580645161,1.12887937283,1.89703071091,0.640289880022,0.545694449417,0.121225435203,-0.0266300045975
KH00109285,68.3,50.8,-17.5,2.09024814547,0.943026296426,1.92387543253,1.08647790295,2.21653219364,0.795943899634,0.654341606138,0.0829411826824,0.0586611108136
KH00109290,66.8,52.4,-14.4,1.76615868497,1.01435292241,1.73387096774,1.01862175319,1.74116783808,0.554556059401,0.550356462523,0.0184504912101,-0.0142508943322
KH00109325,73.7,56.5,-17.2,2.0232680989,0.871339688338,1.77966101695,1.13688397938,2.32201990335,0.842437454878,0.576422906252,0.12829116856,0.137723380067
KH00109330,78.2,66.2,-12,2.24551832545,0.955176982775,1.89285714286,1.18631156816,2.35089241674,0.854795007875,0.638087403377,0.170848971104,0.045858633394
KH00109365,70.1,51.7,-18.4,2.65967417268,0.908738300683,2.02777777778,1.31162013995,2.92677679667,1.07390174811,0.706940502692,0.271263121126,0.0956981242938
KH00109370,55.6,47.8,-7.8,1.69527521598,1.09280693249,1.70555555556,0.993972439339,1.55130349706,0.43909554336,0.533890896697,-0.00604579973321,-0.0887495536036
KH00109405,51.4,14.1,-37.3,2.24559978337,1.00721446641,2.48148148148,0.904943196285,2.22951502213,0.801784082957,0.908855753387,-0.099883103788,-0.00718856664184
KH00109410,70.2,53.5,-16.7,1.73677588892,0.958872758326,1.59836065574,1.08659824845,1.81126836052,0.594027351535,0.46897851383,0.0830519431822,0.0419968945219
KH00109445,60.3,50.3,-10,2.26608855623,1.14174760916,2.14678899083,1.05557116508,1.98475436958,0.685495163198,0.763973233129,0.0540820091323,-0.132560079063
KH00109450,55.6,55.4,-0.2,1.17968955885,0.928434172942,1.59722222222,0.738588245539,1.27062272504,0.239507114975,0.468266009347,-0.303014691206,0.0742557968339
KH00109490,61.1,54.4,-6.7,1.58122947677,1.20849173465,2.00581395349,0.788323101461,1.30843218156,0.268829612495,0.696049940218,-0.237847245928,-0.189373081796
KH00109525,70.1,56.4,-13.7,2.18931822881,0.948036370671,2.27184466019,0.963674263109,2.30931881575,0.836952596092,0.820592127128,-0.0370019428122,0.053362411776
KH00109530,76.2,53.3,-22.9,2.44122252508,1.17630507389,1.84393063584,1.32392318758,2.07533111883,0.730120716293,0.611899508287,0.280599440412,-0.162378232406
KH00109565,81.6,50.9,-30.7,3.695054293,0.835943127962,2.23529411765,1.65305060477,4.42022210532,1.4861899449,0.80437281567,0.502622432263,0.179194696965
KH00109570,61,50.8,-10.2,1.62232886708,0.920275010523,1.85087719298,0.876518913967,1.76287397629,0.566945418324,0.615659685082,-0.131796995884,0.0830827291262
KH00109605,68.9,52.9,-16,2.29428301324,0.965517241379,2.08474576271,1.10050973806,2.37622169228,0.865511701979,0.734646911467,0.0957734707011,0.0350913198113
KH00109610,64.6,52.1,-12.5,1.91504322128,1.04589796221,1.84042553191,1.04054371561,1.83100387464,0.604864381824,0.609996812228,0.0397433800094,-0.0448758104127
KH00109645,73.7,64.2,-9.5,2.038124219,0.935177799236,2.13580246914,0.954266252828,2.17939756554,0.779048492528,0.758842439825,-0.0468125554578,0.0670186081609
KH00109650,68.7,61.5,-7.2,1.48181789752,1.03059496276,1.82978723404,0.809830711435,1.43782761518,0.363133373935,0.604199694543,-0.210930051388,-0.0301362692209
KH00109685,55.4,52.6,-2.8,1.61983608047,1.07406946346,2.10502283105,0.76950998183,1.50812972119,0.410870287897,0.74432631318,-0.262001353948,-0.0714546713352
KH00109690,68.6,47.7,-20.9,2.40821450703,0.969290985921,2.02155172414,1.19127028919,2.48451140267,0.910076021574,0.70386539678,0.175020207692,0.0311904171028
KH00109730,56.1,57.1,1,1.05265904248,0.992742910899,1.48484848485,0.708933640856,1.06035412686,0.0586029342753,0.395312736644,-0.343993352237,0.00728354986852
KH00109765,67.5,53.8,-13.7,2.28797951695,0.990942158191,2.11711711712,1.08070521864,2.30889310545,0.836768234564,0.750055312832,0.0776138082636,0.00909911346831
KH00109770,61.8,47.4,-14.4,1.9461117569,1.01079785232,1.96803652968,0.988859570212,1.92532240986,0.655093439355,0.677036360287,-0.0112029491379,-0.0107399717939
KH00109805,65.2,56.3,-8.9,1.84113579114,1.02741420976,1.82941176471,1.00640863181,1.79200927303,0.583337489221,0.603994475129,0.00638818384695,-0.0270451697547
KH00109845,52.1,53.8,1.7,1.1525780909,0.901052147416,1.84745762712,0.623872544617,1.27914693307,0.246193397211,0.613810438323,-0.471809186896,0.104192145784
KH00109850,64,58.7,-5.3,1.47278322597,0.953807023302,1.92352941176,0.765667120532,1.54411027596,0.434447871308,0.654161733847,-0.267007772189,0.04729390965
KH00109885,74.5,56,-18.5,2.37647724625,1.04067666834,2.24489795918,1.05861259151,2.28358847521,0.825748098332,0.808660067682,0.0569591748636,-0.0398711442133
KH00109890,63.9,51.2,-12.7,2.03531103291,0.950346750554,2,1.01765551645,2.14165096237,0.761577009339,0.69314718056,0.0175014683787,0.0509283604008
KH00109925,63.4,49.4,-14,1.81474821023,1.02848232473,1.89338235294,0.958468957635,1.76449139337,0.567862486462,0.638364834368,-0.0424181034216,-0.0280842444839
KH00109930,63.6,50.8,-12.8,1.94832906051,1.05434548199,1.75833333333,1.10805444199,1.84790383587,0.614051934999,0.564366390694,0.102605722492,-0.0529201781872
KH00109965,68.7,56.3,-12.4,2.03596256871,0.984821347806,1.87790697674,1.08416582606,2.06734203442,0.726263740847,0.630157846409,0.0808108673925,0.0152950270454
KH00109970,63.5,50.2,-13.3,2.12789812351,1.08905013193,2.37777777778,0.894910425773,1.95390281964,0.669828818323,0.866166344692,-0.111031648651,-0.0853058777178
KH00110005,75.3,58.9,-16.4,2.08389442668,1.07990858178,2.1375,0.974921369208,1.9296952185,0.657362072571,0.759636921829,-0.0253984582028,-0.0768763910555
KH00110010,47.4,54.4,7,0.805583433237,0.929576816927,1.44594594595,0.557132467846,0.866613085189,-0.143162670334,0.368763741258,-0.584952243549,0.073025831957
KH00110045,71.4,53.4,-18,2.36376127229,1.11826040608,1.93220338983,1.22335013215,2.11378428444,0.748479840822,0.658661004489,0.201593105306,-0.111774268973
KH00110050,80.1,62.6,-17.5,2.56325903526,1.13598181639,2.375,1.07926696222,2.25642611377,0.813782196019,0.864997437487,0.0762820719999,-0.127497313468
KH00110085,70.4,60.7,-9.7,1.94487051449,1.06993105389,2.26804123711,0.857511090479,1.81775312289,0.597601190545,0.818916567849,-0.153721166523,-0.0675942107814
KH00110090,67.4,48.7,-18.7,2.94737611728,1.1215425701,1.90643274854,1.54601630691,2.6279663348,0.966210290343,0.645233824864,0.43568149792,-0.114705032441
KH00110125,75,50.3,-24.7,2.42786694244,0.944305935339,2.13461538462,1.13737910817,2.57105970807,0.944318151689,0.758286482731,0.128726587663,0.0573050812954
KH00110130,74.9,58.5,-16.4,2.65458294429,0.892741027885,2.15887850467,1.22961201316,2.97351960016,1.08974630176,0.76958887606,0.206698683165,0.113458742532
KH00110165,59.3,58.7,-0.6,1.29398941567,0.993464909405,1.88636363636,0.685970292643,1.30250138019,0.26428655429,0.634650973878,-0.376920957379,0.00655653779034
KH00110170,51.5,36.3,-15.2,1.49370706613,0.913486350672,1.95906432749,0.762459427788,1.6351717407,0.491747839017,0.672466975322,-0.271205981374,0.0904868450685
KH00110205,64.3,54.7,-9.6,1.75860693946,1.04459645538,1.75097276265,1.0043599632,1.68352757699,0.520891340232,0.560171497869,0.00435048609825,-0.0436306437359
KH00110210,76.3,51.2,-25.1,2.47314621647,1.11553169199,2.00819672131,1.23152587106,2.21701116538,0.796159966879,0.697237165811,0.20825394612,-0.109331145052
KH00110250,71.3,59,-12.3,1.92890598102,1.03465363934,1.84347826087,1.04634050857,1.86430116097,0.622886270259,0.611654146309,0.0452988466749,-0.0340667227247
KH00110290,70.9,62.9,-8,1.73827698735,1.08891258893,1.90062111801,0.914583643669,1.59634208017,0.467714812009,0.642180736968,-0.0892863515081,-0.0851795734507
KH00110325,75.2,58.5,-16.7,2.4054560303,1.09542754601,2.02714932127,1.18662005066,2.19590609992,0.786594763134,0.706630530897,0.171108972275,-0.0911447400384
KH00110330,70.3,51.1,-19.2,2.25724561733,0.988595765925,1.84397163121,1.2241216617,2.28328473086,0.825615077623,0.611921740637,0.202223575967,0.0114697610189
KH00110365,63.7,42.4,-21.3,2.78517207922,0.870221327968,2.36666666667,1.17683327291,3.20053300202,1.16331735907,0.861482495379,0.162827163962,0.139007699725
KH00110370,52.5,63,10.5,0.746355015248,1.10640889622,1.29885057471,0.574627312625,0.674574307741,-0.393673442255,0.261479700058,-0.554033600283,-0.10111954203
KH00110405,57.1,54.9,-2.2,1.40146693992,1.09033012213,2.06194690265,0.679681391463,1.28536019639,0.251038987547,0.723650634853,-0.386131132578,-0.0864805147292
KH00110410,66.4,47.6,-18.8,2.1973266745,0.96564640411,1.8253968254,1.20375287386,2.27549822083,0.822199026593,0.601797401972,0.185444071547,0.0349575530735
KH00110445,74.7,49.8,-24.9,2.93380156076,1.04225259561,1.69696969697,1.7288473483,2.81486615923,1.0349147149,0.528844129269,0.547454913795,-0.0413843281671
KH00110450,66.1,52,-14.1,2.41132298201,1.01536502792,1.94943820225,1.23693225014,2.37483359747,0.864927370809,0.667541229655,0.212634322417,-0.0152481812631
KH00110485,48.5,9.2,-39.3,2.62666316944,0.926970633694,2.1320754717,1.23197476089,2.83359911735,1.04154767655,0.75709590516,0.208618378609,0.0758333927811
KH00110490,70.5,52.2,-18.3,2.24240606574,0.930142606684,2.10778443114,1.06386878687,2.41081964166,0.879966789955,0.745637363181,0.0619120627041,0.07241736407
KH00110525,74.9,59.7,-15.2,2.26883549238,0.986770196418,1.88938053097,1.20083564702,2.29925417348,0.83258479795,0.636249013956,0.183017686958,0.0133180970348
KH00110530,73.3,71.3,-2,1.57729955329,0.9773227115,1.96396396396,0.803120414751,1.61389839276,0.478652614184,0.674964861477,-0.219250620174,0.0229383728816
KH00110565,52.5,55.4,2.9,1.10044488324,1.16503543706,1.52173913043,0.723149494701,0.944559150939,-0.0570369672792,0.41985384556,-0.32413930821,-0.15275150463
KH00110570,59.3,53.5,-5.8,1.51675863575,0.96970240873,1.93896713615,0.78225082183,1.56414856981,0.447341631095,0.662155427252,-0.245579845836,0.0307660496794
KH00110605,68.2,55.6,-12.6,2.08819225621,1.01511804699,1.93273542601,1.08043358036,2.05709302716,0.721293834326,0.658936318644,0.0773624238662,-0.0150049081837
KH00110610,73.6,54.8,-18.8,2.15469115607,1.03888809131,1.85526315789,1.16139381462,2.07403586016,0.729496399997,0.618026550092,0.149620848144,-0.0381509982384
KH00110645,83.3,66.7,-16.6,2.77739839646,1.04864110871,2.0599078341,1.34831197323,2.64856906084,0.974019517118,0.722661241073,0.298853419857,-0.0474951438127
KH00110685,75.1,49.4,-25.7,4.53289802445,0.838255103098,2.5625,1.76893581442,5.40754002892,1.6877942813,0.940983344465,0.570378130981,0.176432805855
KH00110690,67.7,69.6,1.9,1.42411040146,1.0363388317,1.94339622642,0.732794672596,1.37417450538,0.317853191108,0.664437074678,-0.310889735578,-0.0356941479914
KH00110725,65,57.6,-7.4,1.50030101162,0.940723419564,1.76987447699,0.847687805622,1.59483752655,0.466771866816,0.570908627115,-0.165242864723,0.0611061044241
KH00110770,61.4,56,-5.4,1.51826268076,0.933578437998,1.92168674699,0.790067727291,1.62628293345,0.486297001803,0.653203314428,-0.235636606448,0.0687302938223
KH00110805,64,50.7,-13.3,1.72264470164,0.91944474806,1.8384279476,0.937020514669,1.87357065802,0.627846052992,0.608910830128,-0.0650501029934,0.0839853258569
KH00110810,69.7,56.6,-13.1,1.95720529989,1.02688380911,1.98576512456,0.985617722707,1.90596568232,0.644988799992,0.686004293048,-0.0144867047223,-0.0265287883332
KH00110845,68.5,52.4,-16.1,1.92725638379,1.0223197951,1.68421052632,1.14430847788,1.88517956224,0.634023074848,0.521296923633,0.134800505103,-0.0220743538888
KH00110850,61.1,50.3,-10.8,2.26993485914,1.08665862277,2.07462686567,1.09414126304,2.08891257252,0.736643630345,0.72978131374,0.0899698209299,-0.0831075043242
KH00110885,57.1,60.5,3.4,1.04688534489,1.08980374497,1.5,0.697923563258,0.960618230318,-0.0401782118784,0.405465108108,-0.359645690443,-0.0859976295439
KH00110890,79.5,51.5,-28,3.07113219636,1.12919896641,1.98113207547,1.55019053721,2.7197440732,1.00053778515,0.683668436605,0.438377850608,-0.121508502066
KH00110930,71.4,51.8,-19.6,2.32582270334,1.02449470504,1.92857142857,1.20598214247,2.27021446954,0.819874307003,0.656779536389,0.187294290959,-0.0241995203446
KH00110965,75.4,52.6,-22.8,2.54011138044,1.12286546353,2.22,1.14419431551,2.26216894449,0.816324063008,0.797507195884,0.134700734751,-0.115883867628
KH00110970,55.1,48,-7.1,1.72199092224,1.12084845102,2.13725490196,0.805702174627,1.53632805637,0.429395190289,0.759522249505,-0.216041115149,-0.114085944067
KH00111005,68.1,57.7,-10.4,1.71509691186,1.0900342444,1.71,1.00298065021,1.57343397298,0.453260474763,0.536493370515,0.00297621688032,-0.0862091126316
KH00111010,72.6,58.3,-14.3,1.94941292335,1.08460476239,1.85245901639,1.05233794977,1.7973486665,0.586312615969,0.616513954539,0.0510143077602,-0.0812156463297
KH00111045,67.6,58.3,-9.3,1.53133505599,1.07293982053,1.87037037037,0.81873359429,1.42723294138,0.355737563704,0.626136470277,-0.199996529742,-0.0704023768304
KH00111050,70.7,53.3,-17.4,2.55369497936,0.975630333124,2.21531100478,1.15274784165,2.61748214734,0.96221284324,0.795392802121,0.142148519759,0.0246715213603
KH00111090,80.6,65.7,-14.9,2.4054072523,1.09347577941,2.24509803922,1.07140410364,2.19978100804,0.788357813609,0.80874919027,0.0689700346268,-0.0893614112878
KH00111125,69.6,53.4,-16.2,2.4868426152,0.966529209622,2.38775510204,1.04149818927,2.57296167611,0.945057638557,0.870353636687,0.04066024314,0.0340437587294
KH00111130,76.1,50.4,-25.7,3.14103248164,0.934559587834,2.21830985915,1.41595749966,3.36097614591,1.2122314514,0.796745581224,0.347805980457,0.0676798897172
KH00111165,70,49.7,-20.3,2.33504943177,0.978380486114,2.2101910828,1.05649210602,2.38664759253,0.869889700317,0.793078974599,0.0549540862193,0.0218566394993
KH00111170,75.1,47.9,-27.2,2.99276705668,1.10661942342,2.32692307692,1.28614782601,2.7044230323,0.9948885928,0.844546827015,0.251651569451,-0.101309803666
KH00111205,63.6,54.3,-9.3,1.7616857429,1.17480399884,1.79518072289,0.981341722555,1.49955715561,0.405169834928,0.585105698149,-0.0188345390383,-0.161101324183
KH00111245,55.6,57.7,2.1,1.38632983541,1.00159392789,2,0.693164917703,1.38412364212,0.325067190001,0.69314718056,-0.36648733162,-0.00159265893891
KH00111250,67.7,41.5,-26.2,3.04530181411,0.985703344396,1.81967213115,1.67354424019,3.08947091579,1.12799985159,0.598656337139,0.514943677045,0.0143998374016
KH00111285,67.8,57.1,-10.7,1.79459097884,1.00539948353,2.23076923077,0.804471818102,1.78495315369,0.579392170457,0.802346472525,-0.21756934349,-0.00538495857784
KH00111290,79.4,70.7,-8.7,1.69095674305,1.02094944125,1.93604651163,0.873407086498,1.65625904155,0.504561469789,0.660648013167,-0.135353524272,-0.0207330191053
KH00111325,65,71.5,6.5,1.19139932777,1.1332816012,1.8547008547,0.642367379487,1.05128268782,0.0500110260621,0.617723418743,-0.442594896769,-0.125117495911
KH00111330,71,57.5,-13.5,2.18811173184,0.839656326713,2.17006802721,1.0083148106,2.60596110841,0.957801554727,0.774758516006,0.00828043299185,0.174762605729
KH00111370,48.3,56.9,8.6,0.718272294363,0.985380743279,1.58208955224,0.454002299267,0.728928690013,-0.31617937067,0.458746474721,-0.789653016489,0.0147271710975
KH00111405,77.5,56.1,-21.4,2.75355292106,0.993703860157,2.12987012987,1.29282667635,2.77099952155,1.01920809322,0.756061005971,0.256831043125,0.00631604412189
KH00111410,60.3,53.6,-6.7,1.51521925188,0.884042553191,2.06862745098,0.732475657305,1.7139664221,0.538810229609,0.726885320192,-0.311325170992,0.123250080409
KH00111445,68.3,54.2,-14.1,1.84540143182,0.964784556595,1.84745762712,0.998887013556,1.91276012785,0.648547292033,0.613810438323,-0.00111360627336,0.0358504599832
KH00111485,73.1,58.5,-14.6,2.0147719664,0.989021329987,2.03738317757,0.988901836718,2.03713702153,0.711545401319,0.711666228327,-0.0111602073736,0.011039380365
KH00111490,50.4,71.8,21.4,0.694850129633,1.16442829546,2.23529411765,0.310854005362,0.596730715269,-0.51628933055,0.80437281567,-1.16843191316,-0.152230233062
KH00111525,57.9,54.9,-3,1.62021183842,1.14480700128,1.64077669903,0.987466386728,1.41527072827,0.34732084019,0.495169726693,-0.0126128215428,-0.13523606496
KH00111530,58.4,50.7,-7.7,1.94781179138,1.00176432352,2.16587677725,0.899317916809,1.94438127377,0.664943815289,0.772825257418,-0.106118673199,-0.00176276893074
KH00111565,47.7,54.5,6.8,0.84144646749,0.972508449427,1.94915254237,0.431698622451,0.865233066083,-0.144756367784,0.667394684458,-0.840027567412,0.0278765151704
KH00111570,73.1,57,-16.1,1.93973370111,0.834835832226,1.73770491803,1.11626184687,2.32349118981,0.843070877759,0.552565229939,0.109985466246,0.180520181573
KH00111605,66.9,49.1,-17.8,2.83556282137,0.928857715431,1.65354330709,1.71484037292,3.05274185083,1.11604015428,0.502920444259,0.539319999272,0.0737997107456
KH00111610,60,42.6,-17.4,2.86538641839,0.954076218041,2.15189873418,1.33156192384,3.00330976101,1.0997149342,0.766350584583,0.286352632017,0.0470117175999
KH00111645,65.1,53,-12.1,1.78338977251,0.920284447566,1.9880239521,0.897066542197,1.93786798987,0.661588394465,0.6871411565,-0.108625236624,0.0830724745891
KH00111650,75.3,58.8,-16.5,2.10541799461,0.959838897915,1.95652173913,1.07610253058,2.19351184785,0.785503842955,0.671168273841,0.0733457458399,0.0409898232743
KH00111685,71.8,57.5,-14.3,2.13398207991,0.97664326449,2.23618090452,0.954297604273,2.18501694272,0.781623582624,0.804769457442,-0.0467797020173,0.0236338271992
KH00111725,66.1,52.3,-13.8,2.05603560988,1.02410181625,1.92543859649,1.06782715046,2.007647655,0.696963715816,0.655153784121,0.0656258833045,-0.0238159516095
KH00111730,76.1,54,-22.1,2.34988363705,1.00270075937,1.89634146341,1.239166934,2.34355426092,0.851668691907,0.639926484355,0.214439326424,-0.00269711887203
KH00111765,57.1,44.6,-12.5,2.00966976435,1.1341546744,1.80808080808,1.11149333336,1.77195386989,0.57208281905,0.592265955706,0.105704456524,-0.12588759318
KH00111770,69.7,56.6,-13.1,2.0833010603,0.926012799351,2.06896551724,1.00692884581,2.24975406577,0.810820906142,0.727048732236,0.00690495166858,0.0768672222378
KH00111805,62.5,57.4,-5.1,1.56786007569,1.09367970854,2.14150943396,0.732128493495,1.43356419933,0.360163790361,0.761510923369,-0.311799242864,-0.0895478901449
KH00111810,72.9,64.3,-8.6,1.86230442406,0.982626672953,2.23404255319,0.833602932676,1.89523089015,0.639340672878,0.803812748447,-0.181998089904,0.0175260143347
KH00111845,68.8,44,-24.8,3.21191725522,1.16678809617,2.26605504587,1.41740478065,2.75278541644,1.01261327777,0.818040454399,0.348827580215,-0.154254756844
KH00111850,77,37.6,-39.4,3.59273875296,1.08942130105,2.50561797753,1.43387331396,3.2978414774,1.1932681567,0.918535401728,0.360379393757,-0.085646638784
KH00111890,78.2,63.5,-14.7,2.33477707006,1.02374667643,1.97942386831,1.17952355099,2.28061992661,0.824447303645,0.682805826765,0.165110586592,-0.0234691097121
KH00111925,65.9,60.8,-5.1,1.52126250522,1.18547924528,1.71859296482,0.885179060052,1.28324684828,0.249393466413,0.541505912338,-0.121965326697,-0.170147119228
KH00111930,50.2,48.5,-1.7,1.37846090636,0.927874616754,2.12380952381,0.649051099409,1.48561118224,0.395826258114,0.753211421303,-0.43224382977,0.0748586665813
KH00111965,78.8,57.2,-21.6,2.17259853811,0.851595006935,1.84210526316,1.17941063497,2.55121098693,0.93656814328,0.610909082323,0.165014851819,0.160644209138
KH00111970,80.2,64.7,-15.5,2.36848216006,1.06517868162,2.20253164557,1.07534534853,2.22355385151,0.799106749929,0.789607446748,0.0726418644365,-0.0631425612548
KH00112005,77.3,69.1,-8.2,1.70486136666,1.01075839079,1.76836158192,0.964090932587,1.68671502725,0.522782866506,0.570053457966,-0.0365696604108,-0.0107009310499
KH00112010,53.1,58.1,5,0.969169935175,0.823513018552,1.87096774194,0.518004620525,1.17687263388,0.162860609913,0.626455806061,-0.657771116831,0.194175920683
KH00112050,68,57.8,-10.2,1.83343423984,0.921917911764,2.05590062112,0.891791276782,1.98871745136,0.687489934154,0.720714010393,-0.114523168422,0.0812990921832
KH00112085,76.1,57.1,-19,2.05022865796,0.961486063552,2.18181818182,0.939688134897,2.13235400457,0.757226535941,0.78015855755,-0.0622072301528,0.0392752085444
KH00112090,51.3,53.3,2,1.05083128212,0.93934956581,1.95762711864,0.536788273985,1.11867969111,0.112149142696,0.671733086056,-0.622151537853,0.0625675944932
KH00112125,52.1,53.2,1.1,1.18571030308,1.02122594226,1.90756302521,0.62158381527,1.16106559186,0.149338197127,0.64582652437,-0.475484517478,-0.0210038097654
KH00112130,61.1,55.6,-5.5,1.52468669394,1.05644615037,1.9298245614,0.790064923222,1.44322234825,0.366878355411,0.657429097958,-0.235640155604,-0.054910586943
KH00112165,68.6,51.5,-17.1,1.99110823507,0.940690559441,2.24623115578,0.886421786977,2.11664528264,0.749832421498,0.809253769889,-0.120562384121,0.0611410357296
KH00112170,76.6,45.6,-31,5.55370951213,0.939417973278,1.90340909091,2.91776977354,5.91186209984,1.77696085791,0.643646536787,1.07081954827,0.0624947728514
KH00112205,51.8,27.8,-24,1.92710945343,1.10617563739,1.81871345029,1.05960037471,1.74213695211,0.555112493083,0.598129355677,0.0578918320523,-0.100908694646
KH00112210,55.2,56.5,1.3,1.20742217247,0.969810455518,1.93805309735,0.623007787622,1.24500840922,0.219142284289,0.661683911104,-0.473196260077,0.0306546332614
KH00112245,78.4,55.9,-22.5,2.53391178828,0.895300574024,2.33112582781,1.08699056827,2.83023585799,1.04036005023,0.846351338783,0.0834129312546,0.11059578019
KH00112250,53.6,59,5.4,0.881637884892,0.96041467403,1.640625,0.53737928222,0.917976274969,-0.0855837329563,0.495077266798,-0.621051135424,0.0403901356697
KH00112285,59.9,51.9,-8,1.7003190053,0.9761031736,2.18867924528,0.776869890351,1.74194598613,0.555002871133,0.783298277554,-0.252482393921,0.0241869875006
KH00112290,78.7,43.6,-35.1,4.25142423704,1.04171177482,2.28,1.86465975309,4.08119053639,1.40638874399,0.824175442966,0.62307859843,-0.04086529741
KH00112325,72.9,55,-17.9,2.04852402543,1.11116150926,1.98237885463,1.03336656394,1.84358800082,0.611713673282,0.684297565283,0.032821980959,-0.10540587296
KH00112330,68.9,61.1,-7.8,1.53933311232,0.964427006703,1.87068965517,0.822869313499,1.59611157882,0.467570408123,0.626307162434,-0.194957883747,0.0362211294353
KH00112365,78.3,48.3,-30,3.72142665291,1.03839887269,1.78947368421,2.07962077662,3.58381230062,1.27642712226,0.58192154545,0.732185558161,-0.0376799813485
KH00112405,72.8,53.3,-19.5,2.86040417438,0.850205972124,2.22784810127,1.28393141918,3.36436612793,1.21323957327,0.801036142571,0.24992679199,0.162276638706
KH00112410,72.8,49.1,-23.7,2.83000402827,1.00688926883,2.01826484018,1.40219656604,2.81064076842,1.03341248882,0.702238152261,0.338039982809,-0.00686564625263
KH00112445,54.7,48.3,-6.4,1.39871752026,1.01234281741,1.91071428571,0.732039076024,1.38166389509,0.323288493947,0.647477143727,-0.311921383899,-0.0122672658805
KH00112450,73.4,55.9,-17.5,2.27214943976,0.899518652226,2.57142857143,0.883613671016,2.52596145075,0.926621762827,0.944461608841,-0.123735335604,0.105895489591
KH00112485,66.1,43.6,-22.5,2.35408315518,0.954768371812,1.84444444444,1.27631014437,2.46560655409,0.902437843792,0.612178118026,0.243973215241,0.0462865105246
KH00112490,74.2,66.6,-7.6,1.98141436464,1.04591624029,2.14814814815,0.922382549057,1.89442929397,0.638917629044,0.764606144542,-0.0807952292685,-0.04489328623
KH00112525,70.1,53.8,-16.3,1.49785765852,0.881470555494,1.7131147541,0.874347532724,1.69927134739,0.530199539997,0.538313207232,-0.134277347667,0.126163680432
KH00112530,64.4,49.3,-15.1,1.89938377091,0.976426076834,1.81967213115,1.04380549572,1.94524072633,0.665385736163,0.598656337139,0.0428731653255,0.0238562336984
KH00112565,75.5,57.8,-17.7,2.85035611224,0.913762401425,2.17647058824,1.3096230786,3.11936243797,1.13762863414,0.777704568588,0.269739369549,0.0901846959998
KH00112570,49.6,56.8,7.2,0.729540806841,0.962540716612,1.63076923077,0.447359928724,0.757932411845,-0.277161063746,0.489051824216,-0.804391798704,0.038178910741
KH00112605,66.7,50.5,-16.2,2.21848742542,1.03151505617,1.89641434263,1.169832655,2.15070774987,0.765796973955,0.6399649151,0.156860708666,-0.0310286498103
KH00112610,68.1,53,-15.1,2.00804149274,1.06073705825,1.94196428571,1.03402596408,1.89306244853,0.638195860868,0.663699979234,0.0334598860963,-0.0589640044615
KH00112645,69.3,53.2,-16.1,2.18160794326,0.958723390613,2.00452488688,1.08834166018,2.275534283,0.822214874501,0.695407068527,0.0846551250381,0.0421526809357
KH00112650,76.3,63.1,-13.2,2.1468170298,0.979102243407,2.25263157895,0.953026251545,2.19263825025,0.785105499261,0.812099123421,-0.0481128294903,0.02111920533
KH00112685,76.5,54.4,-22.1,2.35450904514,1.06619615708,2.03982300885,1.15427124556,2.2083263286,0.792234911242,0.712863043724,0.143469188608,-0.06409732109
KH00112690,62.4,51.1,-11.3,1.71132057166,1.02325837288,1.95357142857,0.875995905054,1.67242273997,0.514273317613,0.669659199253,-0.132393862652,-0.0229920189874
KH00112765,76.4,55.7,-20.7,2.47616710616,1.05530707974,2.34391534392,1.05642343807,2.3463948586,0.852880047494,0.851822754985,0.0548890879296,-0.0538317954212
KH00112770,65.8,58.1,-7.7,1.97400588946,0.943661971831,1.75714285714,1.12341798587,2.09185698733,0.738052182171,0.563689113323,0.116375811198,0.0579872576503
KH00112805,60.3,48.8,-11.5,2.1276149095,0.895660644028,2.18875502008,0.972066261404,2.37546991005,0.865195274777,0.783332898199,-0.028331306676,0.110193683254
KH00112810,77.2,62,-15.2,2.00126451384,1.04526710403,1.81512605042,1.10254850531,1.91459628465,0.649506782992,0.596154914573,0.097624323118,-0.0442724546987
KH00112845,60.8,51.5,-9.3,1.76528048966,1.03055053797,1.69696969697,1.04025457427,1.7129489769,0.538216433084,0.528844129269,0.0394654661463,-0.0300931623314
KH00112850,67.9,55.3,-12.6,2.06021298498,1.18939199824,2.20792079208,0.933100948352,1.73215641943,0.549367117512,0.792051254619,-0.0692418863968,-0.17344225071
KH00112885,67.1,57.6,-9.5,1.69658334671,1.03637220142,1.91764705882,0.884721377121,1.63704057711,0.492890085563,0.651098944316,-0.122482511655,-0.035726347099
KH00112890,64.8,51,-13.8,1.86104002426,0.987059892843,1.95744680851,0.950748708044,1.88543779131,0.634160043968,0.671640975339,-0.0505054910552,0.0130245596841
KH00112925,76.5,62.1,-14.4,2.26499591417,1.03815225788,1.74137931034,1.30069072299,2.18175695999,0.780130497153,0.554677506295,0.26289544874,-0.0374424578819
KH00112930,78,51.5,-26.5,2.57687402121,1.02110694184,1.84955752212,1.39323810716,2.52360836621,0.925689768696,0.614946433252,0.331630611392,-0.0208872759488
KH00112970,74.8,57.5,-17.3,2.42778466975,1.19316154822,2.0875,1.16301062024,2.03474933749,0.710372635627,0.735967177743,0.151012005257,-0.176606547372
KH00113005,73.3,64.4,-8.9,1.89403953944,1.09709679375,2.12962962963,0.889375088084,1.726410605,0.546044458346,0.755948081799,-0.117236211098,-0.0926674123551
KH00113010,66.6,50.9,-15.7,2.079932891,1.07304567106,1.81300813008,1.14722755871,1.9383451675,0.661834602614,0.594987416088,0.137348213161,-0.0705010266349
KH00113045,67.9,55,-12.9,1.69665459224,1.10946068253,1.61538461538,1.05030998567,1.52926067499,0.424784399655,0.479573080262,0.0490853450512,-0.103874025658
KH00113085,66.2,55.8,-10.4,1.76704350535,1.02288050689,1.83720930233,0.961808490253,1.72751703981,0.546685140469,0.608247736773,-0.0389399227152,-0.0226226735891
KH00113090,41.9,60.5,18.6,0.542487497785,0.917281269486,1.94690265487,0.27864130568,0.591408018272,-0.525249113536,0.66623972764,-1.27782996703,0.0863411258549
KH00113125,65.2,51.1,-14.1,1.77212901482,0.867743128313,1.66101694915,1.06689399872,2.04222765585,0.714041200235,0.507430034765,0.0647516222268,0.141859543243
KH00113130,61.5,53.4,-8.1,1.93466016221,1.04424925423,1.92063492063,1.00730239851,1.85268043466,0.616633474071,0.652655819205,0.00727586508869,-0.043298210223
KH00113165,63.5,48.6,-14.9,1.96881365402,1.04363141462,1.99378881988,0.987473514943,1.88650286532,0.634724779277,0.690036758146,-0.0126056028773,-0.0427063759915
KH00113170,71.1,50,-21.1,2.6005334219,1.02446177714,2,1.30026671095,2.53843870012,0.931549207042,0.69314718056,0.262569405693,-0.0241673792111
KH00113205,56.3,57.4,1.1,1.14080999864,0.925852618758,2,0.57040499932,1.23217235176,0.208778751237,0.69314718056,-0.561408645335,0.0770402160122
KH00113210,76.8,54.8,-22,2.12695427625,0.952755456773,1.71020408163,1.24368448134,2.23242413479,0.803088051013,0.536612709377,0.218078329784,0.048397011852
KH00113245,63.9,52.8,-11.1,1.54885046454,1.03856764213,1.888,0.820365712152,1.49133325719,0.399670523341,0.635518067723,-0.198005047719,-0.0378424966634
KH00113250,70.4,49.7,-20.7,2.28928874022,0.917069903497,2.14968152866,1.06494320656,2.4963077858,0.914812754524,0.765319704964,0.0629214705687,0.0865715789914
KH00113285,79.9,60.5,-19.4,2.42569675363,0.949553388635,1.94736842105,1.24562806267,2.55456594927,0.937882326357,0.666478933478,0.219639870725,0.0517635221533
KH00113290,67.7,48.4,-19.3,2.79157519307,1.05783320343,1.5873015873,1.75869237164,2.63895591859,0.970383353551,0.462035459597,0.564570562249,-0.0562226682944
KH00113325,65.7,53.6,-12.1,2.07860654452,0.994425448476,2.09230769231,0.993451657307,2.0902587999,0.737287886013,0.73826761584,-0.0065698771508,0.00559014732317
KH00113330,61,63.1,2.1,1.29703814522,1.19181649338,2.08928571429,0.620804582326,1.08828678946,0.0846047069574,0.736822244063,-0.476738928816,-0.175478608289
KH00113365,51.8,47.5,-4.3,1.38640388002,0.934790581677,1.91379310345,0.724427252623,1.48311708226,0.39414600964,0.649087190766,-0.322373932722,0.0674327515962
KH00113370,65.8,54.3,-11.5,2.09771327577,0.929983393154,1.94444444444,1.0788239704,2.25564595154,0.813436384947,0.664976303593,0.0758715315358,0.0725885498183
KH00113405,58.8,51.3,-7.5,1.62634745715,0.88240355164,1.87005649718,0.869678247477,1.84308806795,0.611442462653,0.625968642803,-0.139631966224,0.125105786074
KH00113410,72.8,67.9,-4.9,1.45519470983,0.951401432073,1.72103004292,0.845537075785,1.52952755879,0.424958902615,0.542922973741,-0.167783260883,0.0498191897578
KH00113445,74.9,56.4,-18.5,2.23289005797,1.02628851018,1.93805309735,1.15213048653,2.17569429631,0.777347830296,0.661683911104,0.141612825417,-0.0259489062249
KH00113450,76.6,52.1,-24.5,3.04281644538,1.09928395386,2.16733067729,1.40394655844,2.76799860009,1.01812453201,0.773496307724,0.33928724109,-0.0946590168056
KH00113485,69.6,45.2,-24.4,2.45359670174,0.935062750244,1.92857142857,1.27223532683,2.62399149266,0.964696628949,0.656779536389,0.240775453175,0.067141639385
KH00113490,74,53.9,-20.1,2.29557406804,1.01344516564,1.90909090909,1.20244355945,2.26511916566,0.817627369322,0.646627164925,0.184355785888,-0.0133555814907
KH00113525,63.4,51.9,-11.5,1.92196971434,1.0135161228,2.18518518519,0.879545462496,1.89633856936,0.63992495823,0.781700577901,-0.128350024843,-0.0134255948284
KH00113565,62.8,38.2,-24.6,2.94740375942,0.945390448317,1.94444444444,1.5158076477,3.11765764575,1.1370819653,0.664976303593,0.415948397706,0.0561572639984
KH00113570,76.8,52.6,-24.2,2.79227389656,0.844328526133,2.03821656051,1.3699593805,3.30709411105,1.19606989173,0.712075190445,0.314781090132,0.169213611151
KH00113605,77,57.1,-19.9,2.12386325412,0.946087448705,1.81818181818,1.16812478976,2.24489105846,0.808656993717,0.597837000756,0.155399719251,0.0554202737108
KH00113610,71.6,57.1,-14.5,1.90798044792,0.988934336104,1.76566757493,1.08060003763,1.92932976262,0.657172669348,0.568528848298,0.0775164772541,0.011127343796
KH00113645,67.2,57.4,-9.8,1.71129593758,1.0445605182,1.86026200873,0.919921994615,1.63829276309,0.493654701507,0.620717342715,-0.0834664009959,-0.043596240212
KH00113650,65.5,49.2,-16.3,2.35333964754,1.13402705025,1.89772727273,1.24008316756,2.07520591949,0.730060387065,0.640656997939,0.215178447985,-0.125775058858
KH00113725,72.5,54.7,-17.8,3.30382967221,0.972440459051,2.67816091954,1.23361880464,3.39746217,1.22302873232,0.985130334911,0.209951967424,0.0279464299896
KH00113730,70.3,58.8,-11.5,1.59222970095,1.01112322792,1.75396825397,0.907787069317,1.57471380044,0.454073541759,0.561880794566,-0.0967454330384,-0.0110618197691
KH00113765,46.7,49.4,2.7,1.17081270564,1.05873889124,1.89655172414,0.617337608426,1.10585595308,0.100619653281,0.640037355246,-0.482339227371,-0.0570784745937
KH00113770,56.6,43.9,-12.7,2.15506439574,0.960643745428,2.0775862069,1.03729240625,2.24335442352,0.807972256218,0.731206742384,0.0366138627371,0.0401516510965
KH00113805,62.6,52.6,-10,1.57044192224,1.11227766169,1.51470588235,1.03679660886,1.4119153664,0.344947198464,0.415221283054,0.0361357758333,-0.106409860423
KH00113810,72.3,52.4,-19.9,2.45601058676,1.08543165468,1.95294117647,1.25759578238,2.26270403685,0.816560574559,0.669336531866,0.22920178898,-0.081977746287
KH00113845,71.7,57.1,-14.6,2.1765366667,0.911865527502,1.98275862069,1.09773153625,2.38690530682,0.869997676198,0.684489117817,0.0932458106873,0.092262747694
KH00113850,68,62.7,-5.3,1.48904902348,1.0642270819,1.60317460317,0.928812757222,1.39918354721,0.335888885939,0.47198579045,-0.0738481135269,-0.0622487909839
KH00113885,71.4,58.1,-13.3,2.00407370612,1.15450931217,2.01744186047,0.99337371024,1.73586621173,0.551506546295,0.701830303133,-0.00664834108412,-0.143675415755
KH00113890,62.2,51,-11.2,1.8496719188,0.909351068118,1.76131687243,1.05016419689,2.03405701455,0.710032327988,0.566061752241,0.0489465299315,0.0950240458151
KH00113930,70.4,49.2,-21.2,2.68441227882,0.947798497411,2.17610062893,1.23358830154,2.83226053444,1.04107516822,0.777534572837,0.209927240593,0.053613354794
KH00113965,70.9,19.7,-51.2,4.00168890858,0.950814332248,2.39583333333,1.67027015315,4.20869645404,1.43715296888,0.873731117455,0.512985381696,0.0504364697271
KH00113970,71.9,55.9,-16,2.28284421926,0.961050837594,1.93925233645,1.17717750102,2.37536260306,0.865150100805,0.662302505209,0.163119624908,0.0397279706888
KH00114005,75.8,65.8,-10,1.69243438075,1.0100863949,1.78070175439,0.950431130077,1.67553428033,0.516132087748,0.577007530647,-0.0508395761994,-0.0100358667
KH00114010,65.2,47.9,-17.3,2.01729462439,0.982040903281,2.03181818182,0.992851940416,2.05418594852,0.71987963736,0.708931048261,-0.00717372936066,0.0181223184597
KH00114045,67.1,50.8,-16.3,2.31435353983,1.04086018383,2.02686567164,1.14183863894,2.22350088493,0.799082928958,0.706490595734,0.132639804353,-0.0400474711286
KH00114050,67.3,52.8,-14.5,1.87128023651,0.988759725682,1.92430278884,0.972445837193,1.89255305198,0.637926738686,0.654563714521,-0.0279408994431,0.0113039236079
KH00114085,66.8,50.6,-16.2,2.0654640829,0.899418767961,1.94945848375,1.05950657586,2.29644316582,0.831361476306,0.667551633371,0.057803305273,0.106006537662
KH00114090,66.7,55.8,-10.9,1.51595085234,1.05214662214,1.52671755725,0.99294780828,1.44081710708,0.365210388131,0.423120043347,-0.0070771759559,-0.0508324792598
KH00114125,76.5,54.3,-22.2,2.76873990928,0.924555078245,2.22115384615,1.24653225353,2.99467276145,1.09683496398,0.79802681138,0.22036549892,0.0784426536777
KH00114130,62.1,52,-10.1,1.96183486431,0.985016625936,2.05319148936,0.955505063447,1.99167690438,0.688976949412,0.719395406635,-0.0455152160521,0.0150967588292
KH00114165,65.4,60.6,-4.8,1.61908727798,1.14656136664,1.99065420561,0.813344313352,1.41212439656,0.345095234734,0.688463331248,-0.206600749431,-0.136767347082
KH00114170,59.4,48.2,-11.2,2.50709847412,0.940470754286,2.12844036697,1.17790402448,2.66579100168,0.980500824717,0.755389489437,0.163736608634,0.0613747266457
KH00114205,62.1,56.2,-5.9,1.39297169249,0.997262741497,1.62737642586,0.855961577397,1.39679508171,0.334180384983,0.486969163404,-0.155529790066,0.00274101164566
KH00114245,60.5,46.8,-13.7,2.21964851839,0.942724563067,1.74576271186,1.27144915131,2.3545037494,0.856329983138,0.557191544324,0.240157313976,0.0589811248387
KH00114250,74.2,58.2,-16,2.2872086874,1.09908906219,2.42105263158,0.944716631752,2.08100395689,0.732850448847,0.884202417323,-0.0568702570353,-0.0944817114399
KH00114290,76.4,53.4,-23,3.07126614322,1.0380314001,2.09803921569,1.46387451686,2.95874107751,1.08476386621,0.741003201738,0.381086699339,-0.0373260348645
KH00114325,69.2,52.4,-16.8,2.07068202001,1.03793998846,2.03738317757,1.01634392725,1.99499204485,0.690640062792,0.711666228327,0.0162118029509,-0.037237968486
KH00114330,66.6,55.9,-10.7,1.95217602309,1.14300106279,2.0572519084,0.948924152225,1.70793893955,0.535287345048,0.721371067148,-0.0524264074597,-0.13365731464
KH00114365,53.5,57,3.5,1.22524511313,1.18847732062,2,0.612622556565,1.03093689032,0.0304679910551,0.69314718056,-0.490006264228,-0.172672925277
KH00114370,55.3,55.8,0.5,1.7151044572,1.12967220094,2.24528301887,0.763870052367,1.51823197542,0.417546483778,0.808831579559,-0.269357592808,-0.121927502974
KH00114405,68.3,50.2,-18.1,2.34864607738,0.99167440083,1.65591397849,1.41833821556,2.36836412779,0.862199475383,0.50435310926,0.349485915578,0.0083604505448
KH00114410,68.1,53,-15.1,2.12856855474,1.08509637318,2.08374384236,1.02151162319,1.96164009701,0.67378090752,0.734166200004,0.0212835137664,-0.0816688062508
KH00114445,67.7,45.9,-21.8,2.96353668088,1.07831615451,2.1,1.41120794328,2.74830036486,1.01098267146,0.741937344729,0.344446034994,-0.0754007082581
KH00114450,68.9,52.3,-16.6,1.85366670855,1.00891616782,1.55670103093,1.19076603132,1.83728516569,0.608289028636,0.442568858312,0.17459682382,-0.00887665349551
KH00114485,74.8,58.4,-16.4,1.95432028272,0.903067932798,2.03773584906,0.959064583187,2.16409000004,0.771999949785,0.711839313572,-0.0417968620629,0.101957498276
KH00114490,70.3,54.2,-16.1,2.04465412684,0.939825151311,1.74111675127,1.17433487751,2.1755686406,0.777290074323,0.554526718428,0.160701925632,0.0620614302632
KH00114525,66.2,60.4,-5.8,1.34772214607,1.03627456587,1.60642570281,0.83895703593,1.30054542537,0.262783734458,0.474011650643,-0.175595782492,-0.0356321336935
KH00114530,52.3,53.8,1.5,1.14297219292,1.006720374,1.8347107438,0.622971330378,1.13534226826,0.126934163412,0.606886836276,-0.473254779909,-0.00669789295455
KH00114565,68.6,55.8,-12.8,1.90449741235,0.957425000986,2.01886792453,0.943349185555,1.989187049,0.687726037179,0.70253692091,-0.0583187726784,0.0435078889476
KH00114570,69.4,65.5,-3.9,1.50568669716,1.00581996193,1.73076923077,0.869952313914,1.49697436336,0.403445979948,0.548565951749,-0.139316880429,-0.00580309137274
KH00114610,71.5,52.3,-19.2,2.38401316468,0.901343352164,1.94047619048,1.22857120143,2.64495561981,0.972654286268,0.662933401963,0.205851869322,0.103869014983
KH00114645,70.7,53.9,-16.8,2.19395154805,0.921572556878,1.94495412844,1.1280222582,2.38066067797,0.867378044946,0.665238392443,0.120465885326,0.0816737671765
KH00114650,63.8,52.3,-11.5,1.65804539976,0.866558894849,1.54929577465,1.07019293984,1.91336723864,0.648864642052,0.437800488751,0.0678389498301,0.14322520347
KH00114685,71.2,12.8,-58.4,7.87666343893,0.921121679239,2.23728813559,3.52062987043,8.55116497251,2.14606752776,0.805264478681,1.25863991406,0.0821631350158
KH00114690,72.7,56.9,-15.8,2.38080224728,1.00654444292,2.28947368421,1.03989063674,2.36532252899,0.860914388539,0.828321958928,0.0391155506447,-0.00652312103369
KH00114730,56.2,48.7,-7.5,2.01674684025,1.04053038674,2.00869565217,1.00400816723,1.93819120129,0.661755167677,0.697485582159,0.00400015592304,-0.0397305704043
KH00114765,69,55.6,-13.4,1.84972361246,0.903250584826,1.65833333333,1.11541122359,2.04785210609,0.716791490745,0.505813081942,0.109223147316,0.101755261486
KH00114770,76.8,52.5,-24.3,2.60113702884,0.835866834171,1.98235294118,1.31214627568,3.11190362209,1.13523463607,0.684284493302,0.271664174915,0.179285967855
KH00114805,71,55.9,-15.1,1.90057400884,0.991669707461,1.89910979228,1.00077100153,1.91653934222,0.65052113379,0.641385246001,0.000770704460519,0.00836518332822
KH00114845,71.4,54.8,-16.6,1.78313137257,0.901961643836,1.72818791946,1.03179252238,1.9769481161,0.681554300089,0.547073414158,0.0312976026436,0.103183283288
KH00114850,79.6,59.8,-19.8,2.29828912467,1.07430799649,1.98113207547,1.16008879626,2.13932050416,0.760488257195,0.683668436605,0.14849655069,-0.0716767301003
KH00114885,63.4,52.1,-11.3,1.8886956917,1.05317673171,1.83606557377,1.0286646178,1.79333214914,0.584075425173,0.607625007122,0.0282614735039,-0.0518110554524
KH00114890,69.7,57.2,-12.5,2.07598107565,0.943353651389,1.88372093023,1.10206402781,2.200639254,0.788747888156,0.633249038979,0.0971848105074,0.0583140386699
KH00114925,61,51.5,-9.5,1.98722987421,1.03654555029,1.87878787879,1.0577191266,1.91716598818,0.650848047783,0.630626823579,0.0561148223837,-0.0358935981795
KH00114930,75,55.7,-19.3,1.61707231694,0.947415276871,1.91228070175,0.84562497308,1.70682525015,0.534635066077,0.648296614395,-0.167679311891,0.0540177635739
KH00114965,72.2,56.5,-15.7,2.32201669479,1.08671889863,2.08,1.11635418019,2.13672247507,0.759273101301,0.732367893713,0.110068179369,-0.0831629717811
KH00114970,69.2,51.9,-17.3,2.11359924852,0.96461867377,1.89090909091,1.11776883335,2.19112412603,0.784414711694,0.637057713909,0.111334585332,0.0360224124534
KH00115005,70,54.8,-15.2,2.35466978973,0.950051838751,2.1717791411,1.08421236081,2.47846453603,0.907639229733,0.775546712327,0.0808537886356,0.05123872877
KH00115010,71.1,54.2,-16.9,2.00866442456,0.919583473295,2.08695652174,0.962485036767,2.18431983924,0.781304493699,0.735706794979,-0.0382367591574,0.0838344578778
KH00115045,72.3,52.7,-19.6,2.40280852374,0.977559096116,2.75,0.873748554089,2.45796753699,0.899334803975,1.01160091168,-0.134962640269,0.0226965325656
KH00115050,78.1,70.2,-7.9,1.91396955795,1.13281891315,1.70231213873,1.12433525815,1.68956356195,0.524470248219,0.531987408594,0.117191979374,-0.124709139749
KH00115085,58.7,55.9,-2.8,1.3282333875,0.89309401078,1.93706293706,0.685694492461,1.4872268445,0.396913207626,0.661172875927,-0.377323096719,0.113063428418
KH00115090,83.4,52.5,-30.9,3.6389878647,0.953281643538,2.41818181818,1.5048446057,3.81732711353,1.33955046921,0.883015942989,0.408689640847,0.0478448853714
KH00115125,64.1,51.5,-12.6,1.77355848161,0.934823091248,1.97058823529,0.900014751861,1.89721295742,0.640385944756,0.678332094775,-0.105344124836,0.0673979748171
KH00115130,58.1,38.5,-19.6,3.1279997963,0.965569347005,2,1.56399989815,3.23953924801,1.17543111229,0.69314718056,0.447246577002,0.0350373547267
KH00115165,72.3,67.8,-4.5,1.5397475879,1.0925676503,1.65079365079,0.932731711901,1.40929267627,0.343087930489,0.50125617275,-0.0696376737194,-0.0885305685419
KH00115170,77.1,62.5,-14.6,2.03978924419,0.982708592947,2.22842639594,0.915349615273,2.0756806838,0.730289140276,0.801295684337,-0.0884491934916,0.0174426494299
KH00115205,66.5,49.7,-16.8,2.36207853132,1.05117047295,1.97530864198,1.19580225648,2.2470936847,0.809637685569,0.680724660561,0.178817304466,-0.0499042794588
KH00115210,65.8,62.8,-3,1.3848848605,1.07304703476,1.61923076923,0.85527331052,1.29060965235,0.255114705456,0.481951202667,-0.1563341997,-0.0705022975106
KH00115245,69.5,52.2,-17.3,2.13602392733,1.04570096773,1.86324786325,1.14639816283,2.04267184717,0.714258679914,0.622321127991,0.136624994978,-0.0446874430553
KH00115250,60.8,44.6,-16.2,2.65083966675,1.043758967,2.16981132075,1.22169132467,2.53970480786,0.9320478569,0.774640214811,0.200236230374,-0.0428285882851
KH00115285,57.3,54.1,-3.2,1.29632350734,0.877833977983,1.98630136986,0.652631834728,1.47672970043,0.389829981001,0.686274301272,-0.426742114634,0.130297794363
KH00115290,69.3,50.5,-18.8,2.3401473534,0.977663940391,2.16346153846,1.08166811002,2.39361119575,0.872803186157,0.771709503063,0.0785043958638,0.0225892872304
KH00115325,70.4,56.4,-14,1.89240342782,1.07488892294,2.09259259259,0.904334381435,1.76055719567,0.565630347394,0.738403772148,-0.100556096015,-0.0722173287391
KH00115330,65.9,54.4,-11.5,1.75621059845,0.873618452667,1.88340807175,0.932464198703,2.01027186765,0.69826997046,0.633082939817,-0.0699245210134,0.135111551656
KH00115365,70,55.3,-14.7,2.18417997129,0.925999219202,2.1608040201,1.01081817276,2.35872765981,0.858122346456,0.770480383963,0.0107600749629,0.0768818875304
KH00115405,69.8,59.3,-10.5,1.99087302777,0.95963267118,2.19,0.909074441905,2.07461989109,0.729777951887,0.783901543828,-0.0953282938724,0.0412047019312
KH00115410,62.1,58.7,-3.4,1.5332640828,0.996878427402,1.671875,0.917092535504,1.53806526518,0.430525305281,0.513945751102,-0.0865469006893,0.00312645486828
KH00115445,62.8,53.6,-9.2,1.56501445778,0.919934862261,1.94392523364,0.805079552798,1.70122312131,0.531347475481,0.664709245239,-0.216814183094,0.083452413336
KH00115450,73.2,58.3,-14.9,2.13920680833,1.05507112932,2.02135231317,1.05830477666,2.02754747891,0.706826924198,0.703766749387,0.0566683606244,-0.0536081858135
KH00115485,74.7,61.4,-13.3,1.94157815362,1.07927898402,1.97379912664,0.983675657476,1.79895854766,0.587207912826,0.679960176278,-0.0164590526513,-0.0762932108009
KH00115490,71.7,54.3,-17.4,2.16960981441,1.13073628887,1.9347826087,1.12137136475,1.91875845479,0.651678338749,0.659994973243,0.114552369113,-0.122869003607
KH00115525,79.6,72.7,-6.9,1.50871643897,0.957945341938,1.41791044776,1.06404212012,1.57495044124,0.454223805906,0.34918427221,0.0620749767126,0.0429645569837
KH00115530,72.4,50.5,-21.9,3.0287843789,0.998973663472,2.22222222222,1.36295297051,3.03189612464,1.10918820751,0.798507696218,0.309653647721,0.0010268635724
KH00115565,79.7,56.7,-23,2.50493382525,1.01529636711,2.17647058824,1.15091554133,2.46719470924,0.903081759946,0.777704568588,0.140557748535,-0.015180557177
KH00115570,69.8,44.4,-25.4,3.15467796346,0.901481543484,1.96875,1.60237610843,3.4994371058,1.25260212865,0.677398823592,0.47148759539,0.103715709667
KH00115610,70.8,56.7,-14.1,1.75191606772,0.98508361029,1.83908045977,0.952604361822,1.77844403198,0.575738842683,0.609265696579,-0.0485556117662,0.0150287578696
KH00115650,52.8,13.1,-39.7,2.10289568815,0.921888543313,2.17699115044,0.965964279514,2.28107367577,0.824646242548,0.77794371722,-0.0346284231822,0.0813309485104
KH00115685,64.8,51.9,-12.9,2.04747733038,0.852776134674,1.96774193548,1.04052126626,2.40095524151,0.875866675462,0.676886659688,0.0397218051426,0.159258210631
KH00115690,72.8,51.5,-21.3,2.42732258355,0.90211557129,2.22222222222,1.0922951626,2.6907002393,0.989801471746,0.798507696218,0.0882811362165,0.103012639311
KH00115725,69.6,56.3,-13.3,1.88982236531,1.01093594449,1.97849462366,0.955181956378,1.86937894098,0.625606258581,0.682336264456,-0.0458534264107,-0.0108765794635
KH00115730,67.6,43.5,-24.1,2.93728792219,1.04046184638,2.11572700297,1.38831140221,2.82306163595,1.03782198253,0.749398490062,0.3280881901,-0.039664697635
KH00115770,58.9,49.7,-9.2,1.94162238043,1.06029344337,2.34693877551,0.827299970791,1.83121228615,0.604978198975,0.853111830253,-0.189587928093,-0.058545703185
KH00115805,67.2,54.9,-12.3,2.03842028547,1.0613839773,2.48913043478,0.818928673639,1.92053048574,0.652601442531,0.911933426505,-0.199758288496,-0.0595736954785
KH00115810,70,63.1,-6.9,1.75967304941,1.1716680637,2.06382978723,0.852625085796,1.50185287448,0.406699595466,0.724563376793,-0.159435352382,-0.158428428945
KH00115845,71.5,56.7,-14.8,1.77784135368,1.06401772994,1.51388888889,1.1743539217,1.6708756853,0.513347851454,0.414681763213,0.160718142495,-0.0620520542535
KH00115850,62.4,49.4,-13,1.56620037395,0.86530293198,1.95977011494,0.799175557382,1.81000238883,0.593328165075,0.672827178069,-0.224174635972,0.144675622978
KH00115885,68.2,56.8,-11.4,1.63514671908,0.969480998804,2.14678899083,0.761670907603,1.68662069818,0.522726940217,0.763973233129,-0.272240696368,0.0309944034562
KH00115890,70.3,57.7,-12.6,1.74748044156,1.1546483352,1.71508379888,1.01888924768,1.51343087612,0.414379176895,0.539461941746,0.0187130610764,-0.143795825928
KH00115925,73.7,56.8,-16.9,2.19752772556,0.924055980018,2.05952380952,1.06700768177,2.37813268144,0.866315592103,0.722474795654,0.0648581717077,0.0789826247409
KH00115930,74.1,55.3,-18.8,2.29407829658,1.02710433124,1.99118942731,1.15211454275,2.23353969679,0.803587635006,0.688732162351,0.141598986801,-0.0267435141459
KH00115965,64.6,55.1,-9.5,1.93137726007,1.14196289866,2.10377358491,0.918053764876,1.69127846653,0.52548473201,0.743732677348,-0.0854993226736,-0.132748622665
KH00115970,78.9,56.6,-22.3,2.5021357656,0.922764794644,2.10861423221,1.18662566504,2.71156396529,0.997525577393,0.746030969739,0.171113703662,0.0803809039913
KH00116005,75.4,64.6,-10.8,2.35976502311,1.00144377527,2.51041666667,0.9399893868,2.35636296455,0.857119313578,0.920448742023,-0.0618866944201,-0.00144273402465
KH00116010,68.4,49.5,-18.9,2.27934515233,0.976422904876,1.97727272727,1.15277226095,2.33438312533,0.847747670063,0.681718484736,0.142169703085,0.0238594822419
KH00116045,67.9,44.1,-23.8,2.30893175357,0.97066932877,1.68217054264,1.37259076595,2.37870063999,0.866554389016,0.520084949179,0.316700024051,0.0297694157862
KH00116050,62.3,49.8,-12.5,2.02217567937,0.969489224504,2.24761904762,0.899696806501,2.0858155287,0.735159919637,0.809871454868,-0.105697454081,0.0309859188494
KH00116085,47.9,47.5,-0.4,1.08664242186,0.981112444978,1.43421052632,0.757658936343,1.10756155161,0.102160798464,0.360614541943,-0.277521946653,0.0190682031741
KH00116090,64.4,10.8,-53.6,3.63139059856,1.01717532039,2.03448275862,1.78492080268,3.57007344337,1.27258616795,0.710241613919,0.579374046001,-0.0170294919689
KH00116130,68.6,38.6,-30,4.64578137759,0.982173323417,1.90909090909,2.43350453112,4.73010340112,1.55394706297,0.646627164925,0.889332412266,0.0179874857769
KH00116165,78.4,47.5,-30.9,3.43250800967,0.8635623736,2.125,1.6152978869,3.97482349232,1.37998034267,0.753771802376,0.47951938976,0.146689150535
KH00116170,62.8,51.5,-11.3,1.57671545269,1.0017373339,1.87845303867,0.839369108637,1.57398092228,0.453608029388,0.630448586344,-0.175104730479,-0.00173582647793
KH00116205,57.9,46.4,-11.5,2.62812220695,1.17766171889,1.82608695652,1.43920978,2.23164442283,0.802738723062,0.602175402354,0.364094199071,-0.163530878364
KH00116210,69.1,55.1,-14,1.80571707565,0.907457747311,1.77142857143,1.01935641368,1.98986352919,0.688066058087,0.571786323556,0.0191714611679,0.0971082733638
KH00116245,71.6,55.1,-16.5,2.21140123003,0.854987776519,1.95495495495,1.13117758771,2.58647116457,0.950294461964,0.670367152228,0.123259203119,0.156668106617
KH00116250,67.4,55,-12.4,1.69759938977,1.02026362687,1.62698412698,1.04340255176,1.66388308381,0.509154077799,0.486728072187,0.042487057226,-0.0200610516141
KH00116285,68.7,60.8,-7.9,1.57121307208,1.04563782754,1.70491803279,0.921576898046,1.50263602817,0.407220917888,0.533517034968,-0.0816690565795,-0.0446270605003
KH00116290,63.8,57,-6.8,2.05576581333,1.01110664388,2.45652173913,0.836860419584,2.0331839631,0.709603019041,0.898746422223,-0.178097985142,-0.0110454180399
KH00116325,58.6,47.8,-10.8,2.03494741194,1.03188926002,2.06451612903,0.985677652656,1.9720598816,0.679078621644,0.724895878875,-0.0144259021144,-0.0313913551159
KH00116330,59,52.8,-6.2,1.85037888781,1.11985806888,1.92640692641,0.960533759738,1.65233339763,0.502188469281,0.655656571644,-0.0402661493035,-0.113201953059
KH00116365,58.8,49.6,-9.2,1.91424845386,1.0139836372,1.91803278689,0.998026971673,1.88784945203,0.635438325155,0.651300070624,-0.00197497731176,-0.0138867681574
KH00116405,75.3,57.5,-17.8,2.20908611163,0.95057208238,2.24444444444,0.984246287359,2.32395433505,0.843270189509,0.808458027071,-0.015879121216,0.0506912836536
KH00116410,69.4,57.3,-12.1,1.97506703795,1.07463888231,1.71428571429,1.15212243881,1.83788905321,0.608617659332,0.538996500733,0.141605840312,-0.0719846817132
KH00116450,59.1,54.6,-4.5,1.84960040012,1.14467306813,1.73015873016,1.06903509365,1.61583289729,0.479850549607,0.548213155838,0.0667564599866,-0.135119066217
KH00116490,63.8,46.4,-17.4,2.29907522768,0.988893054644,1.76243093923,1.30449095991,2.32489773984,0.843676055206,0.566694071519,0.265812895642,0.0111690880453
KH00116525,76.3,52.6,-23.7,2.5623669394,0.979087795205,2.09216589862,1.22474366927,2.61709619092,0.96206537905,0.738199844501,0.202731572529,0.0211339620204
KH00116530,69,63.4,-5.6,1.47269158508,1.00166448277,1.9012345679,0.774597522024,1.47024438863,0.38542863774,0.642503447741,-0.255411710946,-0.00166309905462
KH00116565,70.8,56.9,-13.9,2.09946841731,0.942350066103,1.94174757282,1.08122623491,2.22790711523,0.801062631442,0.663588378318,0.0780957997513,0.0593784533724
KH00116570,66.9,63.2,-3.7,1.5007551275,1.02233315196,1.78362573099,0.84140697312,1.46797071446,0.383880980717,0.578648220105,-0.172679820339,-0.0220874190483
KH00116610,61,48.6,-12.4,2.05593942044,1.02052331032,2.00711743772,1.02432442756,2.01459329704,0.700417337328,0.696699582164,0.0240333002296,-0.020315545066
KH00116650,74.4,55.5,-18.9,1.92460488087,1.03212199228,1.72321428571,1.11686915367,1.86470678396,0.623103820338,0.54419131761,0.110529372372,-0.0316168696434
KH00116685,45.8,57.1,11.3,0.550044932048,0.976993733368,1.69841269841,0.323858231019,0.562997400354,-0.574480268341,0.52969410807,-1.12744941753,0.0232750411179
KH00116690,70.8,53,-17.8,2.79629348625,1.13621288083,2.1981981982,1.27208433186,2.46106476473,0.90059408749,0.787638023981,0.240656761351,-0.127700697842
KH00116730,61.1,53.7,-7.4,1.44996977025,1.01300344722,2.05095541401,0.706972838292,1.43135719254,0.35862307987,0.718305740196,-0.346763032082,-0.0129196282446
KH00116765,60.7,48.3,-12.4,2.32725512199,0.966448559098,2.54347826087,0.91498919326,2.40804862305,0.87881671954,0.933532538309,-0.0888430244215,0.0341272056531
KH00116770,75.3,47.5,-27.8,3.63749454034,1.1757218845,2.12962962963,1.70804091459,3.09383927296,1.12941280282,0.755948081799,0.535347049759,-0.161882328734
KH00116810,69.4,49.3,-20.1,3.36454121854,1.03500451326,2.06912442396,1.62607003212,3.25075028703,1.17888582724,0.727125534202,0.486166080385,-0.0344057873424
KH00116845,68.3,54.3,-14,2.07896013744,1.11056974681,2.2012195122,0.944458344985,1.87197620267,0.626994665726,0.789011530509,-0.0571436957291,-0.104873169053
KH00116850,45.7,54.6,8.9,0.686828814397,0.977725313077,1.83050847458,0.375212037494,0.702476253003,-0.3531436819,0.604593783219,-0.98026397949,0.0225265143716
KH00116885,72.9,50.6,-22.3,2.74330433948,1.12796908246,2.02678571429,1.35352460802,2.43207405427,0.888744413588,0.706451146186,0.302712010936,-0.120418743535
KH00116890,68.2,59,-9.2,1.62061490344,0.894944156972,2.06696428571,0.784055590433,1.81085589622,0.593799604348,0.726081002231,-0.243275354981,0.110993957098
KH00116925,67.7,65.2,-2.5,1.51533381922,0.9763084035,1.83734939759,0.824739062266,1.55210568074,0.439612512701,0.608323988251,-0.19268823084,0.0239767552898
KH00116930,69.2,45.4,-23.8,3.02766137103,0.964634245164,2.1204379562,1.42784718703,3.13866254097,1.14379676681,0.751622650464,0.356167846304,0.0360062700451
KH00116965,77,49,-28,3.09026381834,1.02795195286,2.10179640719,1.47029646058,3.00623371524,1.10068803789,0.742792411049,0.385464054318,-0.0275684274771
KH00116970,65.9,53,-12.9,2.13133511161,1.06001595291,2.13333333333,0.999063333567,2.01066324121,0.698464638392,0.757685701698,-0.000937105378805,-0.0582839579271
KH00117005,74.4,55.2,-19.2,2.42721807407,0.938451381684,2.09493670886,1.15861164865,2.58640790715,0.950270004629,0.73952334235,0.147222433703,0.0635242285762
KH00117010,72.7,62.2,-10.5,1.60453613999,0.991503158365,1.453125,1.10419691354,1.61828646379,0.481367851044,0.373716409794,0.0991182956648,0.00853314558563
KH00117045,69.3,56.2,-13.1,2.27346206366,1.03213971551,1.93939393939,1.17225387657,2.20266891149,0.789669766689,0.662375521893,0.158928285934,-0.0316340411377
KH00117050,67.8,53.2,-14.6,2.26049145435,1.12509817121,1.95,1.15922638685,2.00915041211,0.697711952173,0.667829372576,0.147752874745,-0.117870295147
KH00117085,68.4,52.8,-15.6,1.97341149238,0.907517168272,2.10740740741,0.936416701128,2.17451698036,0.776806561883,0.745458475128,-0.065694708061,0.0970427948159
KH00117090,71.9,57.3,-14.6,1.98294273053,0.983044393675,2.32631578947,0.85239619638,2.01714464096,0.701682967338,0.844285809917,-0.159703841015,0.0171009984359
KH00117125,83,61.9,-21.1,3.11308385687,0.939741297718,2.3,1.35351472038,3.31270304331,1.19776448553,0.832909122935,0.3027047058,0.0621506567904
KH00117130,49.6,49.4,-0.2,1.23812491955,1.15532144787,1.8813559322,0.658102434713,1.07167137062,0.0692194583963,0.631992757407,-0.418394683917,-0.144378615093
KH00117165,66.1,34,-32.1,2.98508707809,1.06155407571,2.04731861199,1.45804715525,2.81199719016,1.03389497471,0.716530942827,0.377097975483,-0.0597339435952
KH00117170,63.8,47,-16.8,2.56462047107,1.1489246561,2.29850746269,1.11577643871,2.23219203928,0.802984079921,0.832259983023,0.109550520159,-0.138826423261
KH00117205,54,52,-2,1.52326129049,1.1654324048,2.09202453988,0.728127830939,1.30703529799,0.267761441156,0.738132276477,-0.317278654251,-0.153092181069
KH00117210,71.3,50.6,-20.7,2.55930133138,1.07136090938,2.13333333333,1.19967249908,2.38883210035,0.870804585567,0.757685701698,0.182048602115,-0.0689297182456
KH00117245,71.5,70.7,-0.8,1.45844225586,1.07286115007,1.66390041494,0.87652015876,1.35939516103,0.307039866287,0.509164493816,-0.13179557573,-0.0703290517991
KH00117250,64.9,54.2,-10.7,1.83840692564,1.00100745517,1.90963855422,0.962698894816,1.83655667713,0.607892447291,0.646913985521,-0.0380145902034,-0.00100694802587
KH00117290,75.9,55.6,-20.3,2.45643490014,1.03346094383,2.00934579439,1.22250481076,2.37690153151,0.865797761987,0.697809193666,0.200901877545,-0.0329133092242
KH00117325,75.9,66.4,-9.5,1.73701454666,0.982168368145,1.79661016949,0.966828851445,1.76855069151,0.570160392816,0.585901650206,-0.0337337883918,0.0179925310015
KH00117330,63.8,52.5,-11.3,1.93736327785,0.905101881286,2.35416666667,0.822950772892,2.14049193567,0.761035679096,0.856186807804,-0.19485889432,0.0997077656116
KH00117365,66.2,52.9,-13.3,2.0052861429,1.11930013119,2.19011406844,0.91560808261,1.7915535673,0.583083158123,0.783953628518,-0.0881668632781,-0.112703607117
KH00117370,78.4,52.9,-25.5,2.55186156922,0.861124217546,2.02409638554,1.26074113241,2.96340704073,1.08633963368,0.705123371607,0.231699748367,0.149516513711
KH00117405,71.7,49.6,-22.1,2.88679601997,0.997412177032,2.37305699482,1.21648827916,2.89428591955,1.06273842069,0.864178995209,0.195968248306,0.00259117717029
KH00117450,74.4,64,-10.4,1.840952468,1.03839636397,2.04347826087,0.900891633275,1.77288031033,0.572605517947,0.714653385781,-0.104370302442,-0.0376775653925
KH00117485,67.2,53.8,-13.4,2.14107877103,1.0573881563,2.15076923077,0.995494421436,2.02487493195,0.705507936651,0.765825559904,-0.00451575927421,-0.0558018639791
KH00117490,67.8,57.5,-10.3,1.52475496951,0.992891093201,1.88108108108,0.810573762527,1.53567191805,0.428968016891,0.631846654696,-0.210012933277,0.00713429547222
KH00117525,64,53.5,-10.5,1.76414379952,1.12733081615,1.78947368421,0.98584506444,1.5648856345,0.447812744327,0.58192154545,-0.0142560721832,-0.119852728939
KH00117530,49.4,51,1.6,1.43258761335,1.10744474997,2.10909090909,0.679244127017,1.29359736761,0.257426994349,0.746257005874,-0.386774676988,-0.102055334537
KH00117565,67,48.6,-18.4,2.35055178341,0.932859475555,1.83064516129,1.28400185525,2.51972761708,0.92415080722,0.604668451876,0.249981650168,0.0695007051755
KH00117570,72.5,60.5,-12,1.72769680545,1.03769489261,1.74603174603,0.989499079483,1.66493717734,0.509787391392,0.557345639401,-0.0105564442253,-0.0370018037835
KH00117605,69.6,61.2,-8.4,1.78803607539,1.01870935171,2.00917431193,0.889935763551,1.75519746864,0.56258136833,0.697723847587,-0.116605994646,-0.0185364846111
KH00117610,69,55.7,-13.3,1.73181534929,1.03178065371,1.85245901639,0.934873772626,1.67847239921,0.51788409358,0.616513954539,-0.0673437613463,-0.0312860996127
KH00117645,72.2,57,-15.2,2.14370866448,1.02282648236,2.13235294118,1.00532544265,2.0958673846,0.739967493752,0.757226037244,0.00531131262682,-0.0225698561189
KH00117650,72.7,60.3,-12.4,1.85609871419,1.00102953987,2.12631578947,0.872917712121,1.85418975191,0.617447809214,0.754390805801,-0.135913986324,-0.00102901026217
KH00117685,55.6,46.6,-9,1.83871688447,0.974432831317,1.67058823529,1.10064038859,1.88696113819,0.634967671682,0.513175801111,0.0958921818568,0.0258996887138
KH00117690,65.1,49.4,-15.7,2.05467395846,1.02721412529,2.24918032787,0.913521220599,2.00023919831,0.693266772565,0.810565851118,-0.0904486734409,-0.0268504051129
KH00117725,69.9,56.7,-13.2,1.75019504584,0.952165603381,2.09734513274,0.834481182192,1.83812042739,0.608743542676,0.740672322423,-0.180945085935,0.0490163061876
KH00117730,52,61.6,9.6,0.878162240781,1.14891739632,1.72388059701,0.509410131016,0.764338884234,-0.268744022411,0.544577910571,-0.6745018285,-0.138820104482
KH00117765,75,61.2,-13.8,2.13554099356,0.966433566434,2.04608294931,1.04372161172,2.20971318436,0.792862726274,0.715927208892,0.0427927984563,0.0341427189263
KH00117770,78.9,61.3,-17.6,2.37236560038,1.00766305273,2.22448979592,1.06647627907,2.3543242892,0.856253760267,0.799527584119,0.0643600168341,-0.00763384068529
KH00117805,59.6,48,-11.6,2.00530870647,1.10040150627,1.94196428571,1.03261873621,1.82234274948,0.600122898315,0.663699979234,0.0320980379888,-0.0956751189077
KH00117810,67.5,53.7,-13.8,1.91175705904,1.07963616657,1.93604651163,0.98745409656,1.77074195756,0.571398643814,0.660648013167,-0.0126252677838,-0.0766241015696
KH00117845,69.1,8.1,-61,4.95994438307,0.995483009958,2.81395348837,1.76262486341,4.98245006038,1.60592175005,1.0345904299,0.56680409768,0.00452722246641
KH00117850,51.3,44.4,-6.9,2.00070442335,0.947036805989,2,1.00035221167,2.11259415758,0.747916650892,0.69314718056,0.000352149661065,0.0544173206709
KH00117885,63,52.8,-10.2,1.65663778419,1.03351700378,1.87709497207,0.882554057648,1.60291294496,0.471822564579,0.629725354122,-0.124935236926,-0.0329675526179
KH00117925,72.4,54,-18.4,1.96293089418,0.934738608876,2.04166666667,0.961435540005,2.0999784063,0.741927061963,0.713766467763,-0.0393277572772,0.0674883514779
KH00117930,69.8,54.6,-15.2,1.86102318404,0.975428363106,2.03703703704,0.913593199439,1.90790349597,0.646004993117,0.711496319228,-0.0903698838042,0.0248785576934
KH00117965,58.4,37.5,-20.9,2.73573286323,0.885249079279,1.87096774194,1.46220204759,3.09035380806,1.12828558534,0.626455806061,0.379943551224,0.12188622806
KH00117970,62.3,47,-15.3,2.29799965994,0.955354827556,2.125,1.08141160468,2.40538865106,0.877711491773,0.753771802376,0.0782672290679,0.0456724603285
KH00118005,72.9,45,-27.9,3.3549311888,0.932968861421,1.84821428571,1.8152284693,3.59597337867,1.27981471354,0.61421992197,0.596211338199,0.069383453374
KH00118010,62.2,49.7,-12.5,2.32201363636,1.0844014012,2.03801169591,1.13935245858,2.14128609,0.761406625155,0.711974673698,0.130460082237,-0.0810281307802
KH00118045,67.3,43.2,-24.1,3.02484959851,0.917799456261,1.96089385475,1.54258711719,3.29576311892,1.1926377402,0.673400417625,0.433460953121,0.0857763694589
KH00118050,71.2,53,-18.2,2.29916817582,0.884773327912,2.17924528302,1.05502955254,2.59859571179,0.954971188265,0.77897861641,0.0535687784222,0.122423793433
KH00118085,68.8,51.8,-17,2.23364870911,1.0853929788,1.73927392739,1.28424204717,2.05791704271,0.721694326936,0.553467743032,0.250168697763,-0.0819421138585
KH00118090,81.5,56.4,-25.1,3.56505966248,0.899921594982,2.31914893617,1.53722756088,3.96152251747,1.37662842548,0.841200280519,0.429980508824,0.105447636139
KH00118125,64.4,52.6,-11.8,2.11473669144,0.9778832515,2.37246963563,0.891365124209,2.16256561118,0.771295299793,0.863931452949,-0.115001143973,0.0223649908171
KH00118170,55.1,49,-6.1,1.57886623841,0.997194921769,1.93013100437,0.818009883699,1.58330753992,0.459516038667,0.657587878523,-0.200880859691,0.00280901983519
KH00118205,74.9,61.6,-13.3,1.85872387783,0.956924393945,2.04388714734,0.909406314459,1.94239366202,0.663921058913,0.714853459142,-0.0949632940711,0.0440308938421
KH00118210,69.6,54.8,-14.8,1.64440052576,0.877461472603,1.87394957983,0.8775052133,1.8740429946,0.628098126243,0.628048278349,-0.130672382577,0.130722230472
KH00118245,54.8,56.6,1.8,1.11564404466,1.03487262666,1.68644067797,0.661537674721,1.07804962265,0.0751535035672,0.522620200259,-0.413188343579,-0.0342783531129
KH00118285,72.8,56.5,-16.3,2.52447977554,1.15554520037,2.55319148936,0.988754578755,2.18466553686,0.781462744458,0.937344141072,-0.0113091290593,-0.144572267555
KH00118290,72,53.3,-18.7,1.82245799804,0.906271908537,1.66666666667,1.09347479882,2.01093952143,0.698602036459,0.510825623766,0.0893605145253,0.0984158981682
KH00118325,62.5,58.3,-4.2,1.34454762267,0.99741523491,1.73262032086,0.776019769876,1.34803196865,0.298645727821,0.549634898938,-0.25357728248,0.00258811136322
KH00118330,59.4,52.3,-7.1,1.29456919571,0.905022438065,1.48768472906,0.870190552085,1.43042773446,0.35797351455,0.397221038333,-0.139043065931,0.0997955421478
KH00118365,64.6,51,-13.6,2.24114308553,1.08919102232,2.17834394904,1.02882884336,2.05762170235,0.721550802415,0.778564931714,0.0284211100317,-0.0854352393311
KH00118370,81.5,68,-13.5,2.35745716968,0.929498914385,2.32,1.01614533176,2.53626672737,0.93069320745,0.841567185678,0.0160163819955,0.0731096397767
KH00118405,65.4,53.9,-11.5,1.69147740621,0.957089552239,1.55223880597,1.08970179054,1.7673136252,0.569460667796,0.43969827975,0.0859040721455,0.0438583159
KH00118410,76,55.6,-20.4,1.99619771863,0.949316950934,1.92,1.03968631179,2.10277264792,0.743256782422,0.65232518604,0.0389190443742,0.0520125520085
KH00118445,51,47.5,-3.5,1.33921105708,1.01541796422,1.82926829268,0.732102044539,1.31887666387,0.276780362063,0.603916046832,-0.311835369629,-0.0153003151396
KH00118450,68.8,62.6,-6.2,1.46421548665,0.980134406617,1.5,0.976143657766,1.49389254858,0.401385162154,0.405465108108,-0.0241455130668,0.0200655671125
KH00118485,72.9,35.4,-37.5,3.42212593997,0.939868204283,2.20408163265,1.5526312135,3.64107001851,1.29227759958,0.790310929014,0.439951048809,0.0620156217574
KH00118490,73.3,51.7,-21.6,2.31644504116,0.992386147334,2.06918238994,1.11949775545,2.33421742875,0.847676686659,0.727153548545,0.112880152099,0.00764298601471
KH00118525,71.4,51.9,-19.5,2.11572869494,1.04947042723,1.67302452316,1.26461307987,2.01599648741,0.701113607853,0.514633080093,0.234766209679,-0.0482856819191
KH00118530,64.3,40.6,-23.7,2.4357486508,1.16935863786,2.2972972973,1.06026705976,2.08297828564,0.733798737665,0.831733343846,0.0585208195602,-0.156455425741
KH00118565,75.5,60.9,-14.6,1.90649546966,1.03588542886,1.94222222222,0.981605218935,1.84045012754,0.610010176235,0.663832792891,-0.0185660688362,-0.0352565478196
KH00118570,55.3,44.9,-10.4,1.914690692,1.08573357706,1.93390804598,0.990062943265,1.76349956606,0.567300224625,0.65954284987,-0.00998675881873,-0.0822558664267
KH00118605,72.2,64.3,-7.9,1.60838722168,1.00492758698,1.72995780591,0.929726272047,1.60050061568,0.47031646511,0.548097018563,-0.0728650672912,-0.00491548616205
KH00118610,70.6,47.6,-23,2.59413928768,1.12730249693,1.76666666667,1.46838072888,2.30119182273,0.833427172521,0.56909453189,0.384160248662,-0.119827608031
KH00118645,62.3,50.4,-11.9,1.83080803534,1.04857805591,2.03448275862,0.899888695337,1.74599117826,0.557322404864,0.710241613919,-0.105484195153,-0.0474350139025
KH00118650,72.9,71,-1.9,1.72936436349,1.13044546802,2.33333333333,0.741156155781,1.52980786107,0.425142146517,0.847297860387,-0.299543939341,-0.122611774529
KH00118685,72.1,58.3,-13.8,2.04976917773,0.976776991747,2.2,0.931713262606,2.09850272381,0.741224101769,0.788457360364,-0.0707301697811,0.023496911186
KH00118690,66.1,47,-19.1,2.40108497581,0.965457342796,1.83606557377,1.30773378147,2.48699229823,0.911074068007,0.607625007122,0.268295701331,0.0351533595539
KH00118725,76.5,51.6,-24.9,2.92796951155,0.945545270466,2.24528301887,1.304053648,3.09659368303,1.13030269543,0.808831579559,0.265477603762,0.0559935121084
KH00118730,69,55.9,-13.1,2.25715526811,1.11446311176,2.31481481481,0.975091075824,2.0253297254,0.705732514662,0.839329690738,-0.0252244012452,-0.108372774831
KH00118770,75.6,54.4,-21.2,3.72617468516,0.886825691568,2.6,1.43314410968,4.20169907186,1.4354889844,0.955511445027,0.359870708813,0.120106830564
KH00118805,61.1,51.5,-9.6,1.97281253021,1.10811617267,2.11111111111,0.934490145891,1.78033005823,0.576798773088,0.74721440183,-0.0677541969354,-0.102661431807
KH00118810,67.1,54.4,-12.7,2.22692412522,0.986569121621,1.87711864407,1.18635235565,2.25724085258,0.814143205735,0.62973796502,0.170883352274,0.0135218884418
KH00118845,75.4,72.3,-3.1,1.4559824566,0.926686793513,1.73333333333,0.839989878808,1.57116996464,0.451820542247,0.550046336919,-0.174365436256,0.0761396415835
KH00118850,67.6,53.8,-13.8,2.56694059152,1.1142040512,2.33774834437,1.09803974311,2.30383347535,0.834574463896,0.849188220118,0.0935265383473,-0.108140294569
KH00118885,71.7,62,-9.7,2.1160529783,0.873162917044,2.20689655172,0.95883650579,2.42343431792,0.885185673776,0.791587253373,-0.0420347026889,0.135633123092
KH00118890,73.9,50.2,-23.7,2.56053321131,0.966626341763,2.26108374384,1.13243625686,2.64893796153,0.974158790436,0.815844231019,0.124371291454,0.0339432679632
KH00118930,68.8,56.3,-12.5,1.73060406527,0.882210958243,1.73770491803,0.995913660205,1.96166693363,0.673794588136,0.552565229939,-0.00409471169669,0.125324069894
KH00118965,70.7,62.7,-8,1.44210064878,0.941858511175,1.50387596899,0.958922596355,1.53112238375,0.426001050611,0.408045754702,-0.0419449202294,0.0599002161386
KH00118970,78.5,49.3,-29.2,3.41299424928,0.943147083996,2.38775510204,1.42937365995,3.61872957802,1.28612301894,0.870353636687,0.357236348289,0.0585330339668
KH00119005,72.5,61.6,-10.9,2.02160186108,1.06042484827,1.71428571429,1.1792677523,1.90640747846,0.645220569612,0.538996500733,0.164893696958,-0.0586696280783
KH00119010,72,53.8,-18.2,1.96128818231,1.01840361021,2.34693877551,0.835679312461,1.92584566928,0.65536517999,0.853111830253,-0.179510337025,-0.0182363132372
KH00119045,77.2,50.2,-27,2.80107457931,1.02993109388,2.11009174312,1.32746577889,2.71967182654,1.00051122102,0.746731426694,0.28327169519,-0.0294919008625
KH00119050,70.6,54.3,-16.3,1.86135690971,0.960314673035,1.73712737127,1.07151435208,1.93827811026,0.661800006921,0.55223281288,0.0690729302227,0.0404942638183
KH00119085,34.2,35.5,1.3,0.58153274612,1.16964035497,2.01694915254,0.28832295816,0.497189365643,-0.698784308064,0.701586049206,-1.24367404462,-0.156696312645
KH00119090,62.2,53.9,-8.3,1.68636608881,0.923456192749,2.00597014925,0.840673571057,1.82614627748,0.602207887115,0.696127808698,-0.173551838165,0.0796319165821
KH00119125,69.1,55.4,-13.7,1.98655128954,0.982368109848,1.93043478261,1.0290693617,2.02220661443,0.704189298577,0.657745253509,0.0286548614784,0.0177891835898
KH00119130,63.2,55.6,-7.6,1.42719343509,1.10018756872,1.72058823529,0.829479945181,1.29722737801,0.260229200694,0.542666229622,-0.18695634664,-0.0954806822873
KH00119165,65.4,58.7,-6.7,1.71809615945,1.00210705183,2.27184466019,0.756256001808,1.71448365353,0.539111958628,0.820592127128,-0.279375333394,-0.00210483510626
KH00119170,63.8,49.1,-14.7,1.89897903254,0.876926071301,1.79569892473,1.05751526962,2.16549501113,0.772648977875,0.585394319263,0.0559220711867,0.131332587425
KH00119205,67.6,50.5,-17.1,2.25602404421,0.955327336204,2.21568627451,1.01820554208,2.36151940671,0.859305228279,0.795562185988,0.0180418054847,0.0457012368068
KH00119210,56.9,49.6,-7.3,1.76793100679,1.13773044568,1.88983050847,0.935497124667,1.55391025484,0.440774499212,0.636487146994,-0.066677206851,-0.129035440931
KH00119245,60.8,44.8,-16,2.15573218304,0.943764244448,2.1320754717,1.01109562567,2.28418505545,0.826009311038,0.75709590516,0.0110345207995,0.057878885078
KH00119250,59,22.7,-36.3,2.16226567005,1.0960795787,1.79710144928,1.20319621962,1.97272690055,0.679416799088,0.586175061008,0.184981532274,-0.0917397941938
KH00119285,73.3,68.8,-4.5,1.30235120247,1.09019899572,1.48571428571,0.876582540125,1.19459952502,0.177811003714,0.395895657092,-0.131724408917,-0.0863602444612
KH00119290,75,58.1,-16.9,2.28303348139,1.05478191088,2.2,1.03774249154,2.16446021481,0.772171006955,0.788457360364,0.0370476726006,-0.0533340260099
KH00119330,54.6,55.9,1.3,1.21891907771,1.03123181377,2.10344827586,0.57948611891,1.18200298073,0.167210440752,0.743578034187,-0.545613570053,-0.0307540233821
KH00119365,52.2,53.2,1,1.34787194286,1.05631610457,1.96666666667,0.685358615016,1.27601192203,0.243739528163,0.676340062244,-0.377813052141,-0.0547874819392
KH00119370,67,52.2,-14.8,2.19888394968,0.959803203182,2.22784810127,0.986999045596,2.29097375628,0.828976948268,0.801036142571,-0.0130862065234,0.0410270122201
KH00119405,62.8,55.3,-7.5,2.09038390911,1.09996064542,1.88888888889,1.10667383424,1.9004169993,0.642073335409,0.63598876672,0.101358970958,-0.095274402269
KH00119410,72.9,55.4,-17.5,2.37706920517,0.883857164689,1.94642857143,1.22124656413,2.68942686685,0.989328110263,0.665996191494,0.199872110963,0.123459807806
KH00119445,74.5,54.6,-19.9,2.21206493426,0.922383022909,2.01863354037,1.09582293666,2.39820647098,0.874721154225,0.702420817345,0.0915056213365,0.0807947155428
KH00119450,72.5,55.9,-16.6,2.40488948184,1.06430451508,2.23711340206,1.07499668082,2.25958778504,0.815182400647,0.805186375037,0.0723175739698,-0.0623215483597
KH00119485,80,62.3,-17.7,2.05489103719,0.985989417989,2.08333333333,0.986347697854,2.08409035605,0.734332479979,0.73396917508,-0.0137463518006,0.0141096566993
KH00119490,77.7,74,-3.7,1.64348511041,0.997560659537,2,0.821742555205,1.64750393342,0.499261374899,0.69314718056,-0.196328126163,0.00244232050148
KH00119525,70.3,1.4,-68.9,7.22255839908,0.921334414061,1.7868852459,4.04198222334,7.83923653437,2.0591414488,0.580474018056,1.39673522099,0.0819322097596
KH00119530,71.4,55.1,-16.3,2.3570563631,1.04982506937,2.07594936709,1.13541129686,2.24518963385,0.808789987047,0.730418575357,0.126994961379,-0.0486235496891
KH00119565,73.1,57,-16.1,2.29952700799,0.85532221866,2.3125,0.99439005751,2.68849207682,0.988980470198,0.838329190404,-0.00562573731709,0.156277017111
KH00119570,68,55.3,-12.7,1.91531096301,1.0781446993,1.70833333333,1.12115763688,1.77648785386,0.574638299339,0.535518236356,0.114361755867,-0.0752416928841
KH00119605,73.2,55,-18.2,2.39564226822,1.03485328927,2.11520737327,1.1325803316,2.31495835503,0.839391698188,0.74915285652,0.124498508838,-0.0342596671704
KH00119610,72.7,59,-13.7,1.92204426505,0.949573804861,1.97435897436,0.973502939441,2.02411255998,0.70513136252,0.680243775724,-0.0268544347176,0.0517420215131
KH00119645,70.3,56.5,-13.8,1.96209534957,0.94502206218,2.12264150943,0.924364920241,2.07624290278,0.73055996365,0.752661308092,-0.0786483499811,0.0565470055389
KH00119650,77.1,55.5,-21.6,2.60197888241,1.0461536347,1.91304347826,1.3601253249,2.48718619914,0.911152030994,0.648695417989,0.307576846162,-0.0451202331572
KH00119690,58,52.7,-5.3,1.58056645656,1.19639087786,1.76293103448,0.896556034037,1.32111209288,0.278473876506,0.566977784376,-0.109194484782,-0.179309423088
KH00119725,64.7,59.5,-5.2,1.31407215492,1.06819045809,1.34285714286,0.978564370683,1.2301852586,0.207164774791,0.294799540221,-0.0216687092484,-0.0659660561817
KH00119730,63.1,51.5,-11.6,1.84714135282,0.90457986374,2.05555555556,0.89860930678,2.04198813932,0.713923911362,0.720546154748,-0.106906925423,0.100284682036
KH00119765,72.3,52.3,-20,2.83155032508,0.916537750443,2.28037383178,1.24170444583,3.08939847127,1.12797640247,0.824339390831,0.216484988876,0.0871520227598
KH00119770,57,65.1,8.1,0.835733686349,1.04564679779,1.6,0.522333553968,0.79925046212,-0.22408091285,0.470003629246,-0.649448902892,-0.0446356392032
KH00119805,69.4,49.3,-20.1,2.1680939017,0.941189273899,1.92222222222,1.12791012227,2.30356843392,0.834459413623,0.653481924168,0.120366471064,0.0606110183916
KH00119810,78.3,49.1,-29.2,3.66715278272,1.06271324127,1.98113207547,1.85103902366,3.45074535662,1.2385902531,0.683668436605,0.615747115842,-0.0608252993427
KH00119845,80.9,63.8,-17.1,2.58190263083,1.1852843025,1.67894736842,1.53781034438,2.17829817317,0.778543917423,0.518167030624,0.430359550334,-0.169982663536
KH00119850,62.4,52.3,-10.1,1.91380961291,0.8894329714,2.03921568627,0.938502790945,2.15171876291,0.766266947377,0.712565266417,-0.0634694491237,0.117171130084
KH00119885,72.6,59,-13.6,2.04735607633,1.05596154598,2.29591836735,0.891737313245,1.93885476619,0.662097472056,0.831132923534,-0.114583681652,-0.0544517698263
KH00119890,56.8,52.5,-4.3,1.34968723716,0.928191632204,1.38571428571,0.974001098981,1.45410407758,0.374389956726,0.326215736454,-0.0263428470229,0.0745170672947
KH00119925,72.9,55.1,-17.8,2.54628535413,0.947793547209,2.82608695652,0.900993279154,2.6865400821,0.988254150896,1.03889305397,-0.10425748072,0.0536185776493
KH00119965,75.6,56.7,-18.9,2.56430465201,1.12975158696,2.100456621,1.22083199737,2.26979513161,0.81968957703,0.742154759667,0.199532591372,-0.121997774008
KH00119970,68,46.8,-21.2,2.53278383738,0.867433741456,2.3967611336,1.05675271593,2.91985856249,1.0715351776,0.874118298256,0.0552007305441,0.142216148803
